2025-10-22 10:33:28.745 INFO: ===========VERIFYING SETTINGS===========
2025-10-22 10:33:28.745 INFO: MACE version: 0.3.6
2025-10-22 10:33:28.745 DEBUG: Configuration: Namespace(config=None, name='energies_forces_nacs', seed=100, work_dir='.', nacs_key='smooth_nacs', log_dir='./logs', model_dir='.', checkpoints_dir='./checkpoints', results_dir='./results', downloads_dir='./downloads', device='cuda', default_dtype='float32', distributed=False, log_level='INFO', n_energies=4, error_table='EnergyNacsDipoleMAE', model='ExcitedMACE', r_max=5.0, num_permutational_invariant=16, radial_type='bessel', num_radial_basis=8, num_cutoff_basis=5, pair_repulsion=False, distance_transform='None', interaction='RealAgnosticResidualInteractionBlock', interaction_first='RealAgnosticResidualInteractionBlock', max_ell=3, correlation=3, num_interactions=2, MLP_irreps='32x0e', radial_MLP='[64, 64, 64]', hidden_irreps='32x0e + 32x1o', num_channels=32, max_L=1, gate='silu', scaling='rms_forces_scaling', avg_num_neighbors=1, compute_avg_num_neighbors=True, compute_stress=False, compute_forces=True, compute_dipoles=True, compute_nacs=True, compute_socs=False, train_file='ENERGIES_FORCES_NACS.xyz', valid_file=None, valid_fraction=0.1, test_file=None, test_dir=None, multi_processed_test=False, num_workers=0, pin_memory=True, atomic_numbers=None, mean=None, std=None, statistics_file=None, E0s='average', keep_isolated_atoms=False, energy_key='REF_energy', forces_key='REF_forces', virials_key='REF_virials', stress_key='REF_stress', dipoles_key='REF_dipoles', charges_key='REF_charges', loss='weighted', forces_weight=1.0, nacs_weight=10.0, socs_weight=10.0, soc_num=None, nac_num=6, swa_forces_weight=100.0, energy_weight=100.0, swa_energy_weight=1000.0, virials_weight=1.0, swa_virials_weight=10.0, stress_weight=1.0, swa_stress_weight=10.0, dipoles_weight=1.0, swa_dipole_weight=1.0, config_type_weights='{"Default":1.0}', huber_delta=0.01, optimizer='adam', beta=0.9, batch_size=10, valid_batch_size=10, lr=0.0001, swa_lr=0.001, weight_decay=5e-07, amsgrad=True, scheduler='ReduceLROnPlateau', lr_factor=0.8, scheduler_patience=50, lr_scheduler_gamma=0.9993, swa=False, start_swa=None, ema=True, ema_decay=0.99, max_num_epochs=100, patience=2048, foundation_model=None, foundation_model_readout=True, eval_interval=1, keep_checkpoints=False, save_all_checkpoints=False, restart_latest=False, save_cpu=False, clip_grad=10.0, wandb=False, wandb_dir=None, wandb_project='', wandb_entity='', wandb_name='', wandb_log_hypers=['num_channels', 'max_L', 'correlation', 'lr', 'swa_lr', 'weight_decay', 'batch_size', 'max_num_epochs', 'start_swa', 'energy_weight', 'forces_weight'])
2025-10-22 10:33:28.772 INFO: CUDA version: 12.4, CUDA device: 0
2025-10-22 10:33:28.790 DEBUG: Popen(['git', 'version'], cwd=/home/rhyan/Exciton_model/X-MACE, stdin=None, shell=False, universal_newlines=False)
2025-10-22 10:33:28.791 DEBUG: Popen(['git', 'version'], cwd=/home/rhyan/Exciton_model/X-MACE, stdin=None, shell=False, universal_newlines=False)
2025-10-22 10:33:28.793 DEBUG: sys.platform='linux', git_executable='git'
2025-10-22 10:33:28.793 DEBUG: Popen(['git', 'cat-file', '--batch-check'], cwd=/home/rhyan/Exciton_model/X-MACE, stdin=<valid stream>, shell=False, universal_newlines=False)
2025-10-22 10:33:28.794 DEBUG: Current Git commit: 0861c52cf365064d060e006c179e4cc1785b61c2
2025-10-22 10:33:28.794 INFO: 
2025-10-22 10:33:28.794 INFO: ===========LOADING INPUT DATA===========
2025-10-22 10:33:30.228 INFO: Using random 10% of training set for validation with indices saved in: ./valid_indices_100.txt
2025-10-22 10:33:30.230 INFO: Atomic Numbers used: [1, 6, 7, 8]
2025-10-22 10:33:30.230 INFO: Isolated Atomic Energies (E0s) not in training file, using command line argument
2025-10-22 10:33:30.230 INFO: Computing average Atomic Energies using least squares regression
2025-10-22 10:33:30.238 INFO: Atomic Energies used (z: eV): {1: -967.8427909292559, 6: -1244.3693026233295, 7: -138.2632558470366, 8: -829.5795350822196}
2025-10-22 10:33:30.438 INFO: 
2025-10-22 10:33:30.439 INFO: ===========MODEL DETAILS===========
2025-10-22 10:33:30.639 INFO: Average number of neighbors: 15.7
2025-10-22 10:33:30.640 INFO: During training the following quantities will be reported: energy, forces, dipoles, nacs
2025-10-22 10:33:30.731 INFO: Building model
2025-10-22 10:33:30.731 INFO: Message passing with 32 channels and max_L=1 (32x0e + 32x1o)
2025-10-22 10:33:30.731 INFO: 2 layers, each with correlation order: 3 (body order: 4) and spherical harmonics up to: l=3
2025-10-22 10:33:30.731 INFO: 8 radial and 5 basis functions
2025-10-22 10:33:30.731 INFO: Radial cutoff: 5.0 Å (total receptive field for each atom: 10.0 Å)
2025-10-22 10:33:30.731 INFO: Distance transform for radial basis functions: None
2025-10-22 10:33:31.426 DEBUG: ExcitedMACE(
  (node_embedding): LinearNodeEmbeddingBlock(
    (linear): Linear(4x0e -> 32x0e | 128 weights)
  )
  (radial_embedding): RadialEmbeddingBlock(
    (bessel_fn): BesselBasis(r_max=5.0, num_basis=8, trainable=False)
    (cutoff_fn): PolynomialCutoff(p=5.0, r_max=5.0)
  )
  (spherical_harmonics): SphericalHarmonics()
  (atomic_energies_fn): AtomicEnergiesBlock(energies=[-967.8428, -1244.3693, -138.2633, -829.5795])
  (interactions): ModuleList(
    (0): RealAgnosticInteractionBlock(
      (linear_up): Linear(32x0e -> 32x0e | 1024 weights)
      (conv_tp): TensorProduct(32x0e x 1x0e+1x1o+1x2e+1x3o -> 32x0e+32x1o+32x2e+32x3o | 128 paths | 128 weights)
      (conv_tp_weights): FullyConnectedNet[8, 64, 64, 64, 128]
      (linear): Linear(32x0e+32x1o+32x2e+32x3o -> 32x0e+32x1o+32x2e+32x3o | 4096 weights)
      (skip_tp): FullyConnectedTensorProduct(32x0e+32x1o+32x2e+32x3o x 4x0e -> 32x0e+32x1o+32x2e+32x3o | 16384 paths | 16384 weights)
      (reshape): reshape_irreps()
    )
    (1): RealAgnosticResidualInteractionBlock(
      (linear_up): Linear(32x0e+32x1o -> 32x0e+32x1o | 2048 weights)
      (conv_tp): TensorProduct(32x0e+32x1o x 1x0e+1x1o+1x2e+1x3o -> 64x0e+96x1o+96x2e+64x3o | 320 paths | 320 weights)
      (conv_tp_weights): FullyConnectedNet[8, 64, 64, 64, 320]
      (linear): Linear(64x0e+96x1o+96x2e+64x3o -> 32x0e+32x1o+32x2e+32x3o | 10240 weights)
      (skip_tp): FullyConnectedTensorProduct(32x0e+32x1o x 4x0e -> 32x0e | 4096 paths | 4096 weights)
      (reshape): reshape_irreps()
    )
  )
  (products): ModuleList(
    (0): EquivariantProductBasisBlock(
      (symmetric_contractions): SymmetricContraction(
        (contractions): ModuleList(
          (0): Contraction(
            (contractions_weighting): ModuleList(
              (0-1): 2 x GraphModule()
            )
            (contractions_features): ModuleList(
              (0-1): 2 x GraphModule()
            )
            (weights): ParameterList(
                (0): Parameter containing: [torch.float32 of size 4x4x32 (cuda:0)]
                (1): Parameter containing: [torch.float32 of size 4x1x32 (cuda:0)]
            )
            (graph_opt_main): GraphModule()
          )
          (1): Contraction(
            (contractions_weighting): ModuleList(
              (0-1): 2 x GraphModule()
            )
            (contractions_features): ModuleList(
              (0-1): 2 x GraphModule()
            )
            (weights): ParameterList(
                (0): Parameter containing: [torch.float32 of size 4x6x32 (cuda:0)]
                (1): Parameter containing: [torch.float32 of size 4x1x32 (cuda:0)]
            )
            (graph_opt_main): GraphModule()
          )
        )
      )
      (linear): Linear(32x0e+32x1o -> 32x0e+32x1o | 2048 weights)
    )
    (1): EquivariantProductBasisBlock(
      (symmetric_contractions): SymmetricContraction(
        (contractions): ModuleList(
          (0): Contraction(
            (contractions_weighting): ModuleList(
              (0-1): 2 x GraphModule()
            )
            (contractions_features): ModuleList(
              (0-1): 2 x GraphModule()
            )
            (weights): ParameterList(
                (0): Parameter containing: [torch.float32 of size 4x4x32 (cuda:0)]
                (1): Parameter containing: [torch.float32 of size 4x1x32 (cuda:0)]
            )
            (graph_opt_main): GraphModule()
          )
        )
      )
      (linear): Linear(32x0e -> 32x0e | 1024 weights)
    )
  )
  (readouts): ModuleList(
    (0): LinearReadoutBlock(
      (linear): Linear(32x0e+32x1o -> 4x0e+6x1o | 320 weights)
    )
    (1): NonLinearReadoutBlock(
      (linear_1): Linear(32x0e -> 32x0e | 1024 weights)
      (non_linearity): Activation [x] (32x0e -> 32x0e)
      (linear_2): Linear(32x0e -> 4x0e+6x1o | 128 weights)
    )
  )
  (socs_readouts): ModuleList(
    (0): None
  )
)
2025-10-22 10:33:31.427 INFO: Total number of parameters: 103232
2025-10-22 10:33:31.427 INFO: 
2025-10-22 10:33:31.427 INFO: ===========OPTIMIZER INFORMATION===========
2025-10-22 10:33:31.427 INFO: Using ADAM as parameter optimizer
2025-10-22 10:33:31.427 INFO: Batch size: 10
2025-10-22 10:33:31.427 INFO: Using Exponential Moving Average with decay: 0.99
2025-10-22 10:33:31.428 INFO: Number of gradient updates: 8550
2025-10-22 10:33:31.428 INFO: Learning rate: 0.0001, weight decay: 5e-07
2025-10-22 10:33:31.428 INFO: WeightedEnergyForcesNacsDipoleLoss(energy_weight=100.000, forces_weight=1.000, dipole_weight=1.000)
2025-10-22 10:33:31.428 INFO: Using gradient clipping with tolerance=10.000
2025-10-22 10:33:31.428 INFO: 
2025-10-22 10:33:31.428 INFO: ===========TRAINING===========
2025-10-22 10:33:31.428 INFO: Started training, reporting errors on validation set
2025-10-22 10:33:31.428 INFO: Loss metrics on validation set
2025-10-22 10:33:33.663 DEBUG: Saving info: ./results/energies_forces_nacs_run-100_train.txt
2025-10-22 10:33:34.090 DEBUG: Saving info: ./results/energies_forces_nacs_run-100_train.txt
2025-10-22 10:33:34.660 DEBUG: Saving info: ./results/energies_forces_nacs_run-100_train.txt
2025-10-22 10:33:35.279 DEBUG: Saving info: ./results/energies_forces_nacs_run-100_train.txt
2025-10-22 10:33:35.333 DEBUG: Saving info: ./results/energies_forces_nacs_run-100_train.txt
2025-10-22 10:33:35.385 DEBUG: Saving info: ./results/energies_forces_nacs_run-100_train.txt
2025-10-22 10:33:35.434 DEBUG: Saving info: ./results/energies_forces_nacs_run-100_train.txt
2025-10-22 10:33:35.482 DEBUG: Saving info: ./results/energies_forces_nacs_run-100_train.txt
2025-10-22 10:33:35.530 DEBUG: Saving info: ./results/energies_forces_nacs_run-100_train.txt
2025-10-22 10:33:35.578 DEBUG: Saving info: ./results/energies_forces_nacs_run-100_train.txt
2025-10-22 10:33:35.625 DEBUG: Saving info: ./results/energies_forces_nacs_run-100_train.txt
2025-10-22 10:33:35.670 DEBUG: Saving info: ./results/energies_forces_nacs_run-100_train.txt
2025-10-22 10:33:35.716 DEBUG: Saving info: ./results/energies_forces_nacs_run-100_train.txt
2025-10-22 10:33:35.762 DEBUG: Saving info: ./results/energies_forces_nacs_run-100_train.txt
2025-10-22 10:33:35.808 DEBUG: Saving info: ./results/energies_forces_nacs_run-100_train.txt
2025-10-22 10:33:35.855 DEBUG: Saving info: ./results/energies_forces_nacs_run-100_train.txt
2025-10-22 10:33:35.900 DEBUG: Saving info: ./results/energies_forces_nacs_run-100_train.txt
2025-10-22 10:33:35.946 DEBUG: Saving info: ./results/energies_forces_nacs_run-100_train.txt
2025-10-22 10:33:35.992 DEBUG: Saving info: ./results/energies_forces_nacs_run-100_train.txt
2025-10-22 10:33:36.039 DEBUG: Saving info: ./results/energies_forces_nacs_run-100_train.txt
2025-10-22 10:33:36.086 DEBUG: Saving info: ./results/energies_forces_nacs_run-100_train.txt
2025-10-22 10:33:36.132 DEBUG: Saving info: ./results/energies_forces_nacs_run-100_train.txt
2025-10-22 10:33:36.177 DEBUG: Saving info: ./results/energies_forces_nacs_run-100_train.txt
2025-10-22 10:33:36.223 DEBUG: Saving info: ./results/energies_forces_nacs_run-100_train.txt
2025-10-22 10:33:36.270 DEBUG: Saving info: ./results/energies_forces_nacs_run-100_train.txt
2025-10-22 10:33:36.315 DEBUG: Saving info: ./results/energies_forces_nacs_run-100_train.txt
2025-10-22 10:33:36.361 DEBUG: Saving info: ./results/energies_forces_nacs_run-100_train.txt
2025-10-22 10:33:36.407 DEBUG: Saving info: ./results/energies_forces_nacs_run-100_train.txt
2025-10-22 10:33:36.453 DEBUG: Saving info: ./results/energies_forces_nacs_run-100_train.txt
2025-10-22 10:33:36.499 DEBUG: Saving info: ./results/energies_forces_nacs_run-100_train.txt
2025-10-22 10:33:36.545 DEBUG: Saving info: ./results/energies_forces_nacs_run-100_train.txt
2025-10-22 10:33:36.592 DEBUG: Saving info: ./results/energies_forces_nacs_run-100_train.txt
2025-10-22 10:33:36.638 DEBUG: Saving info: ./results/energies_forces_nacs_run-100_train.txt
2025-10-22 10:33:36.684 DEBUG: Saving info: ./results/energies_forces_nacs_run-100_train.txt
2025-10-22 10:33:36.729 DEBUG: Saving info: ./results/energies_forces_nacs_run-100_train.txt
2025-10-22 10:33:36.775 DEBUG: Saving info: ./results/energies_forces_nacs_run-100_train.txt
2025-10-22 10:33:36.821 DEBUG: Saving info: ./results/energies_forces_nacs_run-100_train.txt
2025-10-22 10:33:36.867 DEBUG: Saving info: ./results/energies_forces_nacs_run-100_train.txt
2025-10-22 10:33:36.913 DEBUG: Saving info: ./results/energies_forces_nacs_run-100_train.txt
2025-10-22 10:33:36.959 DEBUG: Saving info: ./results/energies_forces_nacs_run-100_train.txt
2025-10-22 10:33:37.005 DEBUG: Saving info: ./results/energies_forces_nacs_run-100_train.txt
2025-10-22 10:33:37.052 DEBUG: Saving info: ./results/energies_forces_nacs_run-100_train.txt
2025-10-22 10:33:37.098 DEBUG: Saving info: ./results/energies_forces_nacs_run-100_train.txt
2025-10-22 10:33:37.144 DEBUG: Saving info: ./results/energies_forces_nacs_run-100_train.txt
2025-10-22 10:33:37.190 DEBUG: Saving info: ./results/energies_forces_nacs_run-100_train.txt
2025-10-22 10:33:37.236 DEBUG: Saving info: ./results/energies_forces_nacs_run-100_train.txt
2025-10-22 10:33:37.282 DEBUG: Saving info: ./results/energies_forces_nacs_run-100_train.txt
2025-10-22 10:33:37.328 DEBUG: Saving info: ./results/energies_forces_nacs_run-100_train.txt
2025-10-22 10:33:37.374 DEBUG: Saving info: ./results/energies_forces_nacs_run-100_train.txt
2025-10-22 10:33:37.420 DEBUG: Saving info: ./results/energies_forces_nacs_run-100_train.txt
2025-10-22 10:33:37.466 DEBUG: Saving info: ./results/energies_forces_nacs_run-100_train.txt
2025-10-22 10:33:37.512 DEBUG: Saving info: ./results/energies_forces_nacs_run-100_train.txt
2025-10-22 10:33:37.559 DEBUG: Saving info: ./results/energies_forces_nacs_run-100_train.txt
2025-10-22 10:33:37.605 DEBUG: Saving info: ./results/energies_forces_nacs_run-100_train.txt
2025-10-22 10:33:37.651 DEBUG: Saving info: ./results/energies_forces_nacs_run-100_train.txt
2025-10-22 10:33:37.697 DEBUG: Saving info: ./results/energies_forces_nacs_run-100_train.txt
2025-10-22 10:33:37.743 DEBUG: Saving info: ./results/energies_forces_nacs_run-100_train.txt
2025-10-22 10:33:37.789 DEBUG: Saving info: ./results/energies_forces_nacs_run-100_train.txt
2025-10-22 10:33:37.835 DEBUG: Saving info: ./results/energies_forces_nacs_run-100_train.txt
2025-10-22 10:33:37.881 DEBUG: Saving info: ./results/energies_forces_nacs_run-100_train.txt
2025-10-22 10:33:37.927 DEBUG: Saving info: ./results/energies_forces_nacs_run-100_train.txt
2025-10-22 10:33:37.973 DEBUG: Saving info: ./results/energies_forces_nacs_run-100_train.txt
2025-10-22 10:33:38.019 DEBUG: Saving info: ./results/energies_forces_nacs_run-100_train.txt
2025-10-22 10:33:38.066 DEBUG: Saving info: ./results/energies_forces_nacs_run-100_train.txt
2025-10-22 10:33:38.112 DEBUG: Saving info: ./results/energies_forces_nacs_run-100_train.txt
2025-10-22 10:33:38.158 DEBUG: Saving info: ./results/energies_forces_nacs_run-100_train.txt
2025-10-22 10:33:38.205 DEBUG: Saving info: ./results/energies_forces_nacs_run-100_train.txt
2025-10-22 10:33:38.251 DEBUG: Saving info: ./results/energies_forces_nacs_run-100_train.txt
2025-10-22 10:33:38.296 DEBUG: Saving info: ./results/energies_forces_nacs_run-100_train.txt
2025-10-22 10:33:38.343 DEBUG: Saving info: ./results/energies_forces_nacs_run-100_train.txt
2025-10-22 10:33:38.388 DEBUG: Saving info: ./results/energies_forces_nacs_run-100_train.txt
2025-10-22 10:33:38.435 DEBUG: Saving info: ./results/energies_forces_nacs_run-100_train.txt
2025-10-22 10:33:38.481 DEBUG: Saving info: ./results/energies_forces_nacs_run-100_train.txt
2025-10-22 10:33:38.527 DEBUG: Saving info: ./results/energies_forces_nacs_run-100_train.txt
2025-10-22 10:33:38.574 DEBUG: Saving info: ./results/energies_forces_nacs_run-100_train.txt
2025-10-22 10:33:38.620 DEBUG: Saving info: ./results/energies_forces_nacs_run-100_train.txt
2025-10-22 10:33:38.666 DEBUG: Saving info: ./results/energies_forces_nacs_run-100_train.txt
2025-10-22 10:33:38.712 DEBUG: Saving info: ./results/energies_forces_nacs_run-100_train.txt
2025-10-22 10:33:38.758 DEBUG: Saving info: ./results/energies_forces_nacs_run-100_train.txt
2025-10-22 10:33:38.805 DEBUG: Saving info: ./results/energies_forces_nacs_run-100_train.txt
2025-10-22 10:33:38.851 DEBUG: Saving info: ./results/energies_forces_nacs_run-100_train.txt
2025-10-22 10:33:38.897 DEBUG: Saving info: ./results/energies_forces_nacs_run-100_train.txt
2025-10-22 10:33:38.943 DEBUG: Saving info: ./results/energies_forces_nacs_run-100_train.txt
2025-10-22 10:33:38.989 DEBUG: Saving info: ./results/energies_forces_nacs_run-100_train.txt
2025-10-22 10:33:39.036 DEBUG: Saving info: ./results/energies_forces_nacs_run-100_train.txt
2025-10-22 10:33:39.083 DEBUG: Saving info: ./results/energies_forces_nacs_run-100_train.txt
2025-10-22 10:33:39.295 DEBUG: Saving info: ./results/energies_forces_nacs_run-100_train.txt
2025-10-22 10:33:39.296 DEBUG: Saving checkpoint: ./checkpoints/energies_forces_nacs_run-100_epoch-0.pt
2025-10-22 10:33:39.373 DEBUG: Saving info: ./results/energies_forces_nacs_run-100_train.txt
2025-10-22 10:33:39.419 DEBUG: Saving info: ./results/energies_forces_nacs_run-100_train.txt
2025-10-22 10:33:39.465 DEBUG: Saving info: ./results/energies_forces_nacs_run-100_train.txt
2025-10-22 10:33:39.511 DEBUG: Saving info: ./results/energies_forces_nacs_run-100_train.txt
2025-10-22 10:33:39.557 DEBUG: Saving info: ./results/energies_forces_nacs_run-100_train.txt
2025-10-22 10:33:39.604 DEBUG: Saving info: ./results/energies_forces_nacs_run-100_train.txt
2025-10-22 10:33:39.650 DEBUG: Saving info: ./results/energies_forces_nacs_run-100_train.txt
2025-10-22 10:33:39.696 DEBUG: Saving info: ./results/energies_forces_nacs_run-100_train.txt
2025-10-22 10:33:39.742 DEBUG: Saving info: ./results/energies_forces_nacs_run-100_train.txt
2025-10-22 10:33:39.789 DEBUG: Saving info: ./results/energies_forces_nacs_run-100_train.txt
2025-10-22 10:33:39.835 DEBUG: Saving info: ./results/energies_forces_nacs_run-100_train.txt
2025-10-22 10:33:39.881 DEBUG: Saving info: ./results/energies_forces_nacs_run-100_train.txt
2025-10-22 10:33:39.928 DEBUG: Saving info: ./results/energies_forces_nacs_run-100_train.txt
2025-10-22 10:33:39.973 DEBUG: Saving info: ./results/energies_forces_nacs_run-100_train.txt
2025-10-22 10:33:40.019 DEBUG: Saving info: ./results/energies_forces_nacs_run-100_train.txt
2025-10-22 10:33:40.066 DEBUG: Saving info: ./results/energies_forces_nacs_run-100_train.txt
2025-10-22 10:33:40.112 DEBUG: Saving info: ./results/energies_forces_nacs_run-100_train.txt
2025-10-22 10:33:40.158 DEBUG: Saving info: ./results/energies_forces_nacs_run-100_train.txt
2025-10-22 10:33:40.205 DEBUG: Saving info: ./results/energies_forces_nacs_run-100_train.txt
2025-10-22 10:33:40.251 DEBUG: Saving info: ./results/energies_forces_nacs_run-100_train.txt
2025-10-22 10:33:40.298 DEBUG: Saving info: ./results/energies_forces_nacs_run-100_train.txt
2025-10-22 10:33:40.344 DEBUG: Saving info: ./results/energies_forces_nacs_run-100_train.txt
2025-10-22 10:33:40.391 DEBUG: Saving info: ./results/energies_forces_nacs_run-100_train.txt
2025-10-22 10:33:40.437 DEBUG: Saving info: ./results/energies_forces_nacs_run-100_train.txt
2025-10-22 10:33:40.483 DEBUG: Saving info: ./results/energies_forces_nacs_run-100_train.txt
2025-10-22 10:33:40.530 DEBUG: Saving info: ./results/energies_forces_nacs_run-100_train.txt
2025-10-22 10:33:40.576 DEBUG: Saving info: ./results/energies_forces_nacs_run-100_train.txt
2025-10-22 10:33:40.623 DEBUG: Saving info: ./results/energies_forces_nacs_run-100_train.txt
2025-10-22 10:33:40.671 DEBUG: Saving info: ./results/energies_forces_nacs_run-100_train.txt
2025-10-22 10:33:40.717 DEBUG: Saving info: ./results/energies_forces_nacs_run-100_train.txt
2025-10-22 10:33:40.763 DEBUG: Saving info: ./results/energies_forces_nacs_run-100_train.txt
2025-10-22 10:33:40.810 DEBUG: Saving info: ./results/energies_forces_nacs_run-100_train.txt
2025-10-22 10:33:40.856 DEBUG: Saving info: ./results/energies_forces_nacs_run-100_train.txt
2025-10-22 10:33:40.902 DEBUG: Saving info: ./results/energies_forces_nacs_run-100_train.txt
2025-10-22 10:33:40.948 DEBUG: Saving info: ./results/energies_forces_nacs_run-100_train.txt
2025-10-22 10:33:40.994 DEBUG: Saving info: ./results/energies_forces_nacs_run-100_train.txt
2025-10-22 10:33:41.041 DEBUG: Saving info: ./results/energies_forces_nacs_run-100_train.txt
2025-10-22 10:33:41.087 DEBUG: Saving info: ./results/energies_forces_nacs_run-100_train.txt
2025-10-22 10:33:41.133 DEBUG: Saving info: ./results/energies_forces_nacs_run-100_train.txt
2025-10-22 10:33:41.178 DEBUG: Saving info: ./results/energies_forces_nacs_run-100_train.txt
2025-10-22 10:33:41.224 DEBUG: Saving info: ./results/energies_forces_nacs_run-100_train.txt
2025-10-22 10:33:41.271 DEBUG: Saving info: ./results/energies_forces_nacs_run-100_train.txt
2025-10-22 10:33:41.318 DEBUG: Saving info: ./results/energies_forces_nacs_run-100_train.txt
2025-10-22 10:33:41.364 DEBUG: Saving info: ./results/energies_forces_nacs_run-100_train.txt
2025-10-22 10:33:41.410 DEBUG: Saving info: ./results/energies_forces_nacs_run-100_train.txt
2025-10-22 10:33:41.456 DEBUG: Saving info: ./results/energies_forces_nacs_run-100_train.txt
2025-10-22 10:33:41.502 DEBUG: Saving info: ./results/energies_forces_nacs_run-100_train.txt
2025-10-22 10:33:41.548 DEBUG: Saving info: ./results/energies_forces_nacs_run-100_train.txt
2025-10-22 10:33:41.594 DEBUG: Saving info: ./results/energies_forces_nacs_run-100_train.txt
2025-10-22 10:33:41.640 DEBUG: Saving info: ./results/energies_forces_nacs_run-100_train.txt
2025-10-22 10:33:41.686 DEBUG: Saving info: ./results/energies_forces_nacs_run-100_train.txt
2025-10-22 10:33:41.732 DEBUG: Saving info: ./results/energies_forces_nacs_run-100_train.txt
2025-10-22 10:33:41.778 DEBUG: Saving info: ./results/energies_forces_nacs_run-100_train.txt
2025-10-22 10:33:41.824 DEBUG: Saving info: ./results/energies_forces_nacs_run-100_train.txt
2025-10-22 10:33:41.871 DEBUG: Saving info: ./results/energies_forces_nacs_run-100_train.txt
2025-10-22 10:33:41.917 DEBUG: Saving info: ./results/energies_forces_nacs_run-100_train.txt
2025-10-22 10:33:41.963 DEBUG: Saving info: ./results/energies_forces_nacs_run-100_train.txt
2025-10-22 10:33:42.010 DEBUG: Saving info: ./results/energies_forces_nacs_run-100_train.txt
2025-10-22 10:33:42.056 DEBUG: Saving info: ./results/energies_forces_nacs_run-100_train.txt
2025-10-22 10:33:42.102 DEBUG: Saving info: ./results/energies_forces_nacs_run-100_train.txt
2025-10-22 10:33:42.148 DEBUG: Saving info: ./results/energies_forces_nacs_run-100_train.txt
2025-10-22 10:33:42.194 DEBUG: Saving info: ./results/energies_forces_nacs_run-100_train.txt
2025-10-22 10:33:42.240 DEBUG: Saving info: ./results/energies_forces_nacs_run-100_train.txt
2025-10-22 10:33:42.286 DEBUG: Saving info: ./results/energies_forces_nacs_run-100_train.txt
2025-10-22 10:33:42.332 DEBUG: Saving info: ./results/energies_forces_nacs_run-100_train.txt
2025-10-22 10:33:42.378 DEBUG: Saving info: ./results/energies_forces_nacs_run-100_train.txt
2025-10-22 10:33:42.425 DEBUG: Saving info: ./results/energies_forces_nacs_run-100_train.txt
2025-10-22 10:33:42.471 DEBUG: Saving info: ./results/energies_forces_nacs_run-100_train.txt
2025-10-22 10:33:42.516 DEBUG: Saving info: ./results/energies_forces_nacs_run-100_train.txt
2025-10-22 10:33:42.563 DEBUG: Saving info: ./results/energies_forces_nacs_run-100_train.txt
2025-10-22 10:33:42.609 DEBUG: Saving info: ./results/energies_forces_nacs_run-100_train.txt
2025-10-22 10:33:42.655 DEBUG: Saving info: ./results/energies_forces_nacs_run-100_train.txt
2025-10-22 10:33:42.701 DEBUG: Saving info: ./results/energies_forces_nacs_run-100_train.txt
2025-10-22 10:33:42.747 DEBUG: Saving info: ./results/energies_forces_nacs_run-100_train.txt
2025-10-22 10:33:42.793 DEBUG: Saving info: ./results/energies_forces_nacs_run-100_train.txt
2025-10-22 10:33:42.840 DEBUG: Saving info: ./results/energies_forces_nacs_run-100_train.txt
2025-10-22 10:33:42.886 DEBUG: Saving info: ./results/energies_forces_nacs_run-100_train.txt
2025-10-22 10:33:42.932 DEBUG: Saving info: ./results/energies_forces_nacs_run-100_train.txt
2025-10-22 10:33:42.978 DEBUG: Saving info: ./results/energies_forces_nacs_run-100_train.txt
2025-10-22 10:33:43.024 DEBUG: Saving info: ./results/energies_forces_nacs_run-100_train.txt
2025-10-22 10:33:43.071 DEBUG: Saving info: ./results/energies_forces_nacs_run-100_train.txt
2025-10-22 10:33:43.117 DEBUG: Saving info: ./results/energies_forces_nacs_run-100_train.txt
2025-10-22 10:33:43.163 DEBUG: Saving info: ./results/energies_forces_nacs_run-100_train.txt
2025-10-22 10:33:43.209 DEBUG: Saving info: ./results/energies_forces_nacs_run-100_train.txt
2025-10-22 10:33:43.255 DEBUG: Saving info: ./results/energies_forces_nacs_run-100_train.txt
2025-10-22 10:33:43.469 DEBUG: Saving info: ./results/energies_forces_nacs_run-100_train.txt
2025-10-22 10:33:43.470 DEBUG: Deleting old checkpoint file: ./checkpoints/energies_forces_nacs_run-100_epoch-0.pt
2025-10-22 10:33:43.470 DEBUG: Saving checkpoint: ./checkpoints/energies_forces_nacs_run-100_epoch-1.pt
2025-10-22 10:33:43.557 DEBUG: Saving info: ./results/energies_forces_nacs_run-100_train.txt
2025-10-22 10:33:43.603 DEBUG: Saving info: ./results/energies_forces_nacs_run-100_train.txt
2025-10-22 10:33:43.649 DEBUG: Saving info: ./results/energies_forces_nacs_run-100_train.txt
2025-10-22 10:33:43.695 DEBUG: Saving info: ./results/energies_forces_nacs_run-100_train.txt
2025-10-22 10:33:43.742 DEBUG: Saving info: ./results/energies_forces_nacs_run-100_train.txt
2025-10-22 10:33:43.788 DEBUG: Saving info: ./results/energies_forces_nacs_run-100_train.txt
2025-10-22 10:33:43.834 DEBUG: Saving info: ./results/energies_forces_nacs_run-100_train.txt
2025-10-22 10:33:43.880 DEBUG: Saving info: ./results/energies_forces_nacs_run-100_train.txt
2025-10-22 10:33:43.926 DEBUG: Saving info: ./results/energies_forces_nacs_run-100_train.txt
2025-10-22 10:33:43.973 DEBUG: Saving info: ./results/energies_forces_nacs_run-100_train.txt
2025-10-22 10:33:44.019 DEBUG: Saving info: ./results/energies_forces_nacs_run-100_train.txt
2025-10-22 10:33:44.066 DEBUG: Saving info: ./results/energies_forces_nacs_run-100_train.txt
2025-10-22 10:33:44.112 DEBUG: Saving info: ./results/energies_forces_nacs_run-100_train.txt
2025-10-22 10:33:44.158 DEBUG: Saving info: ./results/energies_forces_nacs_run-100_train.txt
2025-10-22 10:33:44.205 DEBUG: Saving info: ./results/energies_forces_nacs_run-100_train.txt
2025-10-22 10:33:44.251 DEBUG: Saving info: ./results/energies_forces_nacs_run-100_train.txt
2025-10-22 10:33:44.297 DEBUG: Saving info: ./results/energies_forces_nacs_run-100_train.txt
2025-10-22 10:33:44.343 DEBUG: Saving info: ./results/energies_forces_nacs_run-100_train.txt
2025-10-22 10:33:44.390 DEBUG: Saving info: ./results/energies_forces_nacs_run-100_train.txt
2025-10-22 10:33:44.435 DEBUG: Saving info: ./results/energies_forces_nacs_run-100_train.txt
2025-10-22 10:33:44.482 DEBUG: Saving info: ./results/energies_forces_nacs_run-100_train.txt
2025-10-22 10:33:44.528 DEBUG: Saving info: ./results/energies_forces_nacs_run-100_train.txt
2025-10-22 10:33:44.574 DEBUG: Saving info: ./results/energies_forces_nacs_run-100_train.txt
2025-10-22 10:33:44.619 DEBUG: Saving info: ./results/energies_forces_nacs_run-100_train.txt
2025-10-22 10:33:44.666 DEBUG: Saving info: ./results/energies_forces_nacs_run-100_train.txt
2025-10-22 10:33:44.712 DEBUG: Saving info: ./results/energies_forces_nacs_run-100_train.txt
2025-10-22 10:33:44.758 DEBUG: Saving info: ./results/energies_forces_nacs_run-100_train.txt
2025-10-22 10:33:44.804 DEBUG: Saving info: ./results/energies_forces_nacs_run-100_train.txt
2025-10-22 10:33:44.850 DEBUG: Saving info: ./results/energies_forces_nacs_run-100_train.txt
2025-10-22 10:33:44.896 DEBUG: Saving info: ./results/energies_forces_nacs_run-100_train.txt
2025-10-22 10:33:44.942 DEBUG: Saving info: ./results/energies_forces_nacs_run-100_train.txt
2025-10-22 10:33:44.988 DEBUG: Saving info: ./results/energies_forces_nacs_run-100_train.txt
2025-10-22 10:33:45.035 DEBUG: Saving info: ./results/energies_forces_nacs_run-100_train.txt
2025-10-22 10:33:45.081 DEBUG: Saving info: ./results/energies_forces_nacs_run-100_train.txt
2025-10-22 10:33:45.128 DEBUG: Saving info: ./results/energies_forces_nacs_run-100_train.txt
2025-10-22 10:33:45.173 DEBUG: Saving info: ./results/energies_forces_nacs_run-100_train.txt
2025-10-22 10:33:45.220 DEBUG: Saving info: ./results/energies_forces_nacs_run-100_train.txt
2025-10-22 10:33:45.266 DEBUG: Saving info: ./results/energies_forces_nacs_run-100_train.txt
2025-10-22 10:33:45.311 DEBUG: Saving info: ./results/energies_forces_nacs_run-100_train.txt
2025-10-22 10:33:45.357 DEBUG: Saving info: ./results/energies_forces_nacs_run-100_train.txt
2025-10-22 10:33:45.403 DEBUG: Saving info: ./results/energies_forces_nacs_run-100_train.txt
2025-10-22 10:33:45.449 DEBUG: Saving info: ./results/energies_forces_nacs_run-100_train.txt
2025-10-22 10:33:45.495 DEBUG: Saving info: ./results/energies_forces_nacs_run-100_train.txt
2025-10-22 10:33:45.541 DEBUG: Saving info: ./results/energies_forces_nacs_run-100_train.txt
2025-10-22 10:33:45.587 DEBUG: Saving info: ./results/energies_forces_nacs_run-100_train.txt
2025-10-22 10:33:45.633 DEBUG: Saving info: ./results/energies_forces_nacs_run-100_train.txt
2025-10-22 10:33:45.679 DEBUG: Saving info: ./results/energies_forces_nacs_run-100_train.txt
2025-10-22 10:33:45.726 DEBUG: Saving info: ./results/energies_forces_nacs_run-100_train.txt
2025-10-22 10:33:45.772 DEBUG: Saving info: ./results/energies_forces_nacs_run-100_train.txt
2025-10-22 10:33:45.818 DEBUG: Saving info: ./results/energies_forces_nacs_run-100_train.txt
2025-10-22 10:33:45.864 DEBUG: Saving info: ./results/energies_forces_nacs_run-100_train.txt
2025-10-22 10:33:45.910 DEBUG: Saving info: ./results/energies_forces_nacs_run-100_train.txt
2025-10-22 10:33:45.956 DEBUG: Saving info: ./results/energies_forces_nacs_run-100_train.txt
2025-10-22 10:33:46.003 DEBUG: Saving info: ./results/energies_forces_nacs_run-100_train.txt
2025-10-22 10:33:46.050 DEBUG: Saving info: ./results/energies_forces_nacs_run-100_train.txt
2025-10-22 10:33:46.096 DEBUG: Saving info: ./results/energies_forces_nacs_run-100_train.txt
2025-10-22 10:33:46.142 DEBUG: Saving info: ./results/energies_forces_nacs_run-100_train.txt
2025-10-22 10:33:46.189 DEBUG: Saving info: ./results/energies_forces_nacs_run-100_train.txt
2025-10-22 10:33:46.235 DEBUG: Saving info: ./results/energies_forces_nacs_run-100_train.txt
2025-10-22 10:33:46.281 DEBUG: Saving info: ./results/energies_forces_nacs_run-100_train.txt
2025-10-22 10:33:46.327 DEBUG: Saving info: ./results/energies_forces_nacs_run-100_train.txt
2025-10-22 10:33:46.373 DEBUG: Saving info: ./results/energies_forces_nacs_run-100_train.txt
2025-10-22 10:33:46.420 DEBUG: Saving info: ./results/energies_forces_nacs_run-100_train.txt
2025-10-22 10:33:46.466 DEBUG: Saving info: ./results/energies_forces_nacs_run-100_train.txt
2025-10-22 10:33:46.512 DEBUG: Saving info: ./results/energies_forces_nacs_run-100_train.txt
2025-10-22 10:33:46.559 DEBUG: Saving info: ./results/energies_forces_nacs_run-100_train.txt
2025-10-22 10:33:46.605 DEBUG: Saving info: ./results/energies_forces_nacs_run-100_train.txt
2025-10-22 10:33:46.651 DEBUG: Saving info: ./results/energies_forces_nacs_run-100_train.txt
2025-10-22 10:33:46.697 DEBUG: Saving info: ./results/energies_forces_nacs_run-100_train.txt
2025-10-22 10:33:46.744 DEBUG: Saving info: ./results/energies_forces_nacs_run-100_train.txt
2025-10-22 10:33:46.790 DEBUG: Saving info: ./results/energies_forces_nacs_run-100_train.txt
2025-10-22 10:33:46.835 DEBUG: Saving info: ./results/energies_forces_nacs_run-100_train.txt
2025-10-22 10:33:46.881 DEBUG: Saving info: ./results/energies_forces_nacs_run-100_train.txt
2025-10-22 10:33:46.927 DEBUG: Saving info: ./results/energies_forces_nacs_run-100_train.txt
2025-10-22 10:33:46.973 DEBUG: Saving info: ./results/energies_forces_nacs_run-100_train.txt
2025-10-22 10:33:47.020 DEBUG: Saving info: ./results/energies_forces_nacs_run-100_train.txt
2025-10-22 10:33:47.066 DEBUG: Saving info: ./results/energies_forces_nacs_run-100_train.txt
2025-10-22 10:33:47.112 DEBUG: Saving info: ./results/energies_forces_nacs_run-100_train.txt
2025-10-22 10:33:47.158 DEBUG: Saving info: ./results/energies_forces_nacs_run-100_train.txt
2025-10-22 10:33:47.204 DEBUG: Saving info: ./results/energies_forces_nacs_run-100_train.txt
2025-10-22 10:33:47.251 DEBUG: Saving info: ./results/energies_forces_nacs_run-100_train.txt
2025-10-22 10:33:47.301 DEBUG: Saving info: ./results/energies_forces_nacs_run-100_train.txt
2025-10-22 10:33:47.347 DEBUG: Saving info: ./results/energies_forces_nacs_run-100_train.txt
2025-10-22 10:33:47.393 DEBUG: Saving info: ./results/energies_forces_nacs_run-100_train.txt
2025-10-22 10:33:47.440 DEBUG: Saving info: ./results/energies_forces_nacs_run-100_train.txt
2025-10-22 10:33:47.652 DEBUG: Saving info: ./results/energies_forces_nacs_run-100_train.txt
2025-10-22 10:33:47.653 DEBUG: Deleting old checkpoint file: ./checkpoints/energies_forces_nacs_run-100_epoch-1.pt
2025-10-22 10:33:47.654 DEBUG: Saving checkpoint: ./checkpoints/energies_forces_nacs_run-100_epoch-2.pt
2025-10-22 10:33:47.739 DEBUG: Saving info: ./results/energies_forces_nacs_run-100_train.txt
2025-10-22 10:33:47.785 DEBUG: Saving info: ./results/energies_forces_nacs_run-100_train.txt
2025-10-22 10:33:47.831 DEBUG: Saving info: ./results/energies_forces_nacs_run-100_train.txt
2025-10-22 10:33:47.878 DEBUG: Saving info: ./results/energies_forces_nacs_run-100_train.txt
2025-10-22 10:33:47.924 DEBUG: Saving info: ./results/energies_forces_nacs_run-100_train.txt
2025-10-22 10:33:47.970 DEBUG: Saving info: ./results/energies_forces_nacs_run-100_train.txt
2025-10-22 10:33:48.016 DEBUG: Saving info: ./results/energies_forces_nacs_run-100_train.txt
2025-10-22 10:33:48.063 DEBUG: Saving info: ./results/energies_forces_nacs_run-100_train.txt
2025-10-22 10:33:48.109 DEBUG: Saving info: ./results/energies_forces_nacs_run-100_train.txt
2025-10-22 10:33:48.155 DEBUG: Saving info: ./results/energies_forces_nacs_run-100_train.txt
2025-10-22 10:33:48.201 DEBUG: Saving info: ./results/energies_forces_nacs_run-100_train.txt
2025-10-22 10:33:48.247 DEBUG: Saving info: ./results/energies_forces_nacs_run-100_train.txt
2025-10-22 10:33:48.294 DEBUG: Saving info: ./results/energies_forces_nacs_run-100_train.txt
2025-10-22 10:33:48.340 DEBUG: Saving info: ./results/energies_forces_nacs_run-100_train.txt
2025-10-22 10:33:48.387 DEBUG: Saving info: ./results/energies_forces_nacs_run-100_train.txt
2025-10-22 10:33:48.433 DEBUG: Saving info: ./results/energies_forces_nacs_run-100_train.txt
2025-10-22 10:33:48.480 DEBUG: Saving info: ./results/energies_forces_nacs_run-100_train.txt
2025-10-22 10:33:48.527 DEBUG: Saving info: ./results/energies_forces_nacs_run-100_train.txt
2025-10-22 10:33:48.574 DEBUG: Saving info: ./results/energies_forces_nacs_run-100_train.txt
2025-10-22 10:33:48.620 DEBUG: Saving info: ./results/energies_forces_nacs_run-100_train.txt
2025-10-22 10:33:48.666 DEBUG: Saving info: ./results/energies_forces_nacs_run-100_train.txt
2025-10-22 10:33:48.711 DEBUG: Saving info: ./results/energies_forces_nacs_run-100_train.txt
2025-10-22 10:33:48.757 DEBUG: Saving info: ./results/energies_forces_nacs_run-100_train.txt
2025-10-22 10:33:48.803 DEBUG: Saving info: ./results/energies_forces_nacs_run-100_train.txt
2025-10-22 10:33:48.850 DEBUG: Saving info: ./results/energies_forces_nacs_run-100_train.txt
2025-10-22 10:33:48.896 DEBUG: Saving info: ./results/energies_forces_nacs_run-100_train.txt
2025-10-22 10:33:48.942 DEBUG: Saving info: ./results/energies_forces_nacs_run-100_train.txt
2025-10-22 10:33:48.988 DEBUG: Saving info: ./results/energies_forces_nacs_run-100_train.txt
2025-10-22 10:33:49.035 DEBUG: Saving info: ./results/energies_forces_nacs_run-100_train.txt
2025-10-22 10:33:49.081 DEBUG: Saving info: ./results/energies_forces_nacs_run-100_train.txt
2025-10-22 10:33:49.127 DEBUG: Saving info: ./results/energies_forces_nacs_run-100_train.txt
2025-10-22 10:33:49.173 DEBUG: Saving info: ./results/energies_forces_nacs_run-100_train.txt
2025-10-22 10:33:49.219 DEBUG: Saving info: ./results/energies_forces_nacs_run-100_train.txt
2025-10-22 10:33:49.265 DEBUG: Saving info: ./results/energies_forces_nacs_run-100_train.txt
2025-10-22 10:33:49.311 DEBUG: Saving info: ./results/energies_forces_nacs_run-100_train.txt
2025-10-22 10:33:49.357 DEBUG: Saving info: ./results/energies_forces_nacs_run-100_train.txt
2025-10-22 10:33:49.404 DEBUG: Saving info: ./results/energies_forces_nacs_run-100_train.txt
2025-10-22 10:33:49.450 DEBUG: Saving info: ./results/energies_forces_nacs_run-100_train.txt
2025-10-22 10:33:49.496 DEBUG: Saving info: ./results/energies_forces_nacs_run-100_train.txt
2025-10-22 10:33:49.543 DEBUG: Saving info: ./results/energies_forces_nacs_run-100_train.txt
2025-10-22 10:33:49.589 DEBUG: Saving info: ./results/energies_forces_nacs_run-100_train.txt
2025-10-22 10:33:49.634 DEBUG: Saving info: ./results/energies_forces_nacs_run-100_train.txt
2025-10-22 10:33:49.680 DEBUG: Saving info: ./results/energies_forces_nacs_run-100_train.txt
2025-10-22 10:33:49.727 DEBUG: Saving info: ./results/energies_forces_nacs_run-100_train.txt
2025-10-22 10:33:49.773 DEBUG: Saving info: ./results/energies_forces_nacs_run-100_train.txt
2025-10-22 10:33:49.819 DEBUG: Saving info: ./results/energies_forces_nacs_run-100_train.txt
2025-10-22 10:33:49.866 DEBUG: Saving info: ./results/energies_forces_nacs_run-100_train.txt
2025-10-22 10:33:49.912 DEBUG: Saving info: ./results/energies_forces_nacs_run-100_train.txt
2025-10-22 10:33:49.958 DEBUG: Saving info: ./results/energies_forces_nacs_run-100_train.txt
2025-10-22 10:33:50.004 DEBUG: Saving info: ./results/energies_forces_nacs_run-100_train.txt
2025-10-22 10:33:50.051 DEBUG: Saving info: ./results/energies_forces_nacs_run-100_train.txt
2025-10-22 10:33:50.097 DEBUG: Saving info: ./results/energies_forces_nacs_run-100_train.txt
2025-10-22 10:33:50.143 DEBUG: Saving info: ./results/energies_forces_nacs_run-100_train.txt
2025-10-22 10:33:50.189 DEBUG: Saving info: ./results/energies_forces_nacs_run-100_train.txt
2025-10-22 10:33:50.235 DEBUG: Saving info: ./results/energies_forces_nacs_run-100_train.txt
2025-10-22 10:33:50.281 DEBUG: Saving info: ./results/energies_forces_nacs_run-100_train.txt
2025-10-22 10:33:50.328 DEBUG: Saving info: ./results/energies_forces_nacs_run-100_train.txt
2025-10-22 10:33:50.374 DEBUG: Saving info: ./results/energies_forces_nacs_run-100_train.txt
2025-10-22 10:33:50.420 DEBUG: Saving info: ./results/energies_forces_nacs_run-100_train.txt
2025-10-22 10:33:50.466 DEBUG: Saving info: ./results/energies_forces_nacs_run-100_train.txt
2025-10-22 10:33:50.512 DEBUG: Saving info: ./results/energies_forces_nacs_run-100_train.txt
2025-10-22 10:33:50.559 DEBUG: Saving info: ./results/energies_forces_nacs_run-100_train.txt
2025-10-22 10:33:50.605 DEBUG: Saving info: ./results/energies_forces_nacs_run-100_train.txt
2025-10-22 10:33:50.651 DEBUG: Saving info: ./results/energies_forces_nacs_run-100_train.txt
2025-10-22 10:33:50.697 DEBUG: Saving info: ./results/energies_forces_nacs_run-100_train.txt
2025-10-22 10:33:50.743 DEBUG: Saving info: ./results/energies_forces_nacs_run-100_train.txt
2025-10-22 10:33:50.789 DEBUG: Saving info: ./results/energies_forces_nacs_run-100_train.txt
2025-10-22 10:33:50.835 DEBUG: Saving info: ./results/energies_forces_nacs_run-100_train.txt
2025-10-22 10:33:50.881 DEBUG: Saving info: ./results/energies_forces_nacs_run-100_train.txt
2025-10-22 10:33:50.928 DEBUG: Saving info: ./results/energies_forces_nacs_run-100_train.txt
2025-10-22 10:33:50.974 DEBUG: Saving info: ./results/energies_forces_nacs_run-100_train.txt
2025-10-22 10:33:51.020 DEBUG: Saving info: ./results/energies_forces_nacs_run-100_train.txt
2025-10-22 10:33:51.067 DEBUG: Saving info: ./results/energies_forces_nacs_run-100_train.txt
2025-10-22 10:33:51.113 DEBUG: Saving info: ./results/energies_forces_nacs_run-100_train.txt
2025-10-22 10:33:51.159 DEBUG: Saving info: ./results/energies_forces_nacs_run-100_train.txt
2025-10-22 10:33:51.205 DEBUG: Saving info: ./results/energies_forces_nacs_run-100_train.txt
2025-10-22 10:33:51.251 DEBUG: Saving info: ./results/energies_forces_nacs_run-100_train.txt
2025-10-22 10:33:51.296 DEBUG: Saving info: ./results/energies_forces_nacs_run-100_train.txt
2025-10-22 10:33:51.343 DEBUG: Saving info: ./results/energies_forces_nacs_run-100_train.txt
2025-10-22 10:33:51.389 DEBUG: Saving info: ./results/energies_forces_nacs_run-100_train.txt
2025-10-22 10:33:51.435 DEBUG: Saving info: ./results/energies_forces_nacs_run-100_train.txt
2025-10-22 10:33:51.482 DEBUG: Saving info: ./results/energies_forces_nacs_run-100_train.txt
2025-10-22 10:33:51.528 DEBUG: Saving info: ./results/energies_forces_nacs_run-100_train.txt
2025-10-22 10:33:51.574 DEBUG: Saving info: ./results/energies_forces_nacs_run-100_train.txt
2025-10-22 10:33:51.620 DEBUG: Saving info: ./results/energies_forces_nacs_run-100_train.txt
2025-10-22 10:33:51.831 DEBUG: Saving info: ./results/energies_forces_nacs_run-100_train.txt
2025-10-22 10:33:51.831 DEBUG: Deleting old checkpoint file: ./checkpoints/energies_forces_nacs_run-100_epoch-2.pt
2025-10-22 10:33:51.832 DEBUG: Saving checkpoint: ./checkpoints/energies_forces_nacs_run-100_epoch-3.pt
2025-10-22 10:33:51.918 DEBUG: Saving info: ./results/energies_forces_nacs_run-100_train.txt
2025-10-22 10:33:51.964 DEBUG: Saving info: ./results/energies_forces_nacs_run-100_train.txt
2025-10-22 10:33:52.010 DEBUG: Saving info: ./results/energies_forces_nacs_run-100_train.txt
2025-10-22 10:33:52.056 DEBUG: Saving info: ./results/energies_forces_nacs_run-100_train.txt
2025-10-22 10:33:52.103 DEBUG: Saving info: ./results/energies_forces_nacs_run-100_train.txt
2025-10-22 10:33:52.148 DEBUG: Saving info: ./results/energies_forces_nacs_run-100_train.txt
2025-10-22 10:33:52.194 DEBUG: Saving info: ./results/energies_forces_nacs_run-100_train.txt
2025-10-22 10:33:52.240 DEBUG: Saving info: ./results/energies_forces_nacs_run-100_train.txt
2025-10-22 10:33:52.286 DEBUG: Saving info: ./results/energies_forces_nacs_run-100_train.txt
2025-10-22 10:33:52.332 DEBUG: Saving info: ./results/energies_forces_nacs_run-100_train.txt
2025-10-22 10:33:52.378 DEBUG: Saving info: ./results/energies_forces_nacs_run-100_train.txt
2025-10-22 10:33:52.424 DEBUG: Saving info: ./results/energies_forces_nacs_run-100_train.txt
2025-10-22 10:33:52.470 DEBUG: Saving info: ./results/energies_forces_nacs_run-100_train.txt
2025-10-22 10:33:52.516 DEBUG: Saving info: ./results/energies_forces_nacs_run-100_train.txt
2025-10-22 10:33:52.563 DEBUG: Saving info: ./results/energies_forces_nacs_run-100_train.txt
2025-10-22 10:33:52.610 DEBUG: Saving info: ./results/energies_forces_nacs_run-100_train.txt
2025-10-22 10:33:52.656 DEBUG: Saving info: ./results/energies_forces_nacs_run-100_train.txt
2025-10-22 10:33:52.703 DEBUG: Saving info: ./results/energies_forces_nacs_run-100_train.txt
2025-10-22 10:33:52.749 DEBUG: Saving info: ./results/energies_forces_nacs_run-100_train.txt
2025-10-22 10:33:52.795 DEBUG: Saving info: ./results/energies_forces_nacs_run-100_train.txt
2025-10-22 10:33:52.841 DEBUG: Saving info: ./results/energies_forces_nacs_run-100_train.txt
2025-10-22 10:33:52.887 DEBUG: Saving info: ./results/energies_forces_nacs_run-100_train.txt
2025-10-22 10:33:52.934 DEBUG: Saving info: ./results/energies_forces_nacs_run-100_train.txt
2025-10-22 10:33:52.980 DEBUG: Saving info: ./results/energies_forces_nacs_run-100_train.txt
2025-10-22 10:33:53.027 DEBUG: Saving info: ./results/energies_forces_nacs_run-100_train.txt
2025-10-22 10:33:53.073 DEBUG: Saving info: ./results/energies_forces_nacs_run-100_train.txt
2025-10-22 10:33:53.120 DEBUG: Saving info: ./results/energies_forces_nacs_run-100_train.txt
2025-10-22 10:33:53.166 DEBUG: Saving info: ./results/energies_forces_nacs_run-100_train.txt
2025-10-22 10:33:53.212 DEBUG: Saving info: ./results/energies_forces_nacs_run-100_train.txt
2025-10-22 10:33:53.258 DEBUG: Saving info: ./results/energies_forces_nacs_run-100_train.txt
2025-10-22 10:33:53.304 DEBUG: Saving info: ./results/energies_forces_nacs_run-100_train.txt
2025-10-22 10:33:53.350 DEBUG: Saving info: ./results/energies_forces_nacs_run-100_train.txt
2025-10-22 10:33:53.396 DEBUG: Saving info: ./results/energies_forces_nacs_run-100_train.txt
2025-10-22 10:33:53.442 DEBUG: Saving info: ./results/energies_forces_nacs_run-100_train.txt
2025-10-22 10:33:53.489 DEBUG: Saving info: ./results/energies_forces_nacs_run-100_train.txt
2025-10-22 10:33:53.535 DEBUG: Saving info: ./results/energies_forces_nacs_run-100_train.txt
2025-10-22 10:33:53.582 DEBUG: Saving info: ./results/energies_forces_nacs_run-100_train.txt
2025-10-22 10:33:53.628 DEBUG: Saving info: ./results/energies_forces_nacs_run-100_train.txt
2025-10-22 10:33:53.674 DEBUG: Saving info: ./results/energies_forces_nacs_run-100_train.txt
2025-10-22 10:33:53.720 DEBUG: Saving info: ./results/energies_forces_nacs_run-100_train.txt
2025-10-22 10:33:53.767 DEBUG: Saving info: ./results/energies_forces_nacs_run-100_train.txt
2025-10-22 10:33:53.813 DEBUG: Saving info: ./results/energies_forces_nacs_run-100_train.txt
2025-10-22 10:33:53.859 DEBUG: Saving info: ./results/energies_forces_nacs_run-100_train.txt
2025-10-22 10:33:53.905 DEBUG: Saving info: ./results/energies_forces_nacs_run-100_train.txt
2025-10-22 10:33:53.951 DEBUG: Saving info: ./results/energies_forces_nacs_run-100_train.txt
2025-10-22 10:33:53.997 DEBUG: Saving info: ./results/energies_forces_nacs_run-100_train.txt
2025-10-22 10:33:54.045 DEBUG: Saving info: ./results/energies_forces_nacs_run-100_train.txt
2025-10-22 10:33:54.091 DEBUG: Saving info: ./results/energies_forces_nacs_run-100_train.txt
2025-10-22 10:33:54.138 DEBUG: Saving info: ./results/energies_forces_nacs_run-100_train.txt
2025-10-22 10:33:54.183 DEBUG: Saving info: ./results/energies_forces_nacs_run-100_train.txt
2025-10-22 10:33:54.229 DEBUG: Saving info: ./results/energies_forces_nacs_run-100_train.txt
2025-10-22 10:33:54.275 DEBUG: Saving info: ./results/energies_forces_nacs_run-100_train.txt
2025-10-22 10:33:54.322 DEBUG: Saving info: ./results/energies_forces_nacs_run-100_train.txt
2025-10-22 10:33:54.368 DEBUG: Saving info: ./results/energies_forces_nacs_run-100_train.txt
2025-10-22 10:33:54.414 DEBUG: Saving info: ./results/energies_forces_nacs_run-100_train.txt
2025-10-22 10:33:54.460 DEBUG: Saving info: ./results/energies_forces_nacs_run-100_train.txt
2025-10-22 10:33:54.506 DEBUG: Saving info: ./results/energies_forces_nacs_run-100_train.txt
2025-10-22 10:33:54.553 DEBUG: Saving info: ./results/energies_forces_nacs_run-100_train.txt
2025-10-22 10:33:54.599 DEBUG: Saving info: ./results/energies_forces_nacs_run-100_train.txt
2025-10-22 10:33:54.645 DEBUG: Saving info: ./results/energies_forces_nacs_run-100_train.txt
2025-10-22 10:33:54.692 DEBUG: Saving info: ./results/energies_forces_nacs_run-100_train.txt
2025-10-22 10:33:54.738 DEBUG: Saving info: ./results/energies_forces_nacs_run-100_train.txt
2025-10-22 10:33:54.784 DEBUG: Saving info: ./results/energies_forces_nacs_run-100_train.txt
2025-10-22 10:33:54.830 DEBUG: Saving info: ./results/energies_forces_nacs_run-100_train.txt
2025-10-22 10:33:54.876 DEBUG: Saving info: ./results/energies_forces_nacs_run-100_train.txt
2025-10-22 10:33:54.922 DEBUG: Saving info: ./results/energies_forces_nacs_run-100_train.txt
2025-10-22 10:33:54.968 DEBUG: Saving info: ./results/energies_forces_nacs_run-100_train.txt
2025-10-22 10:33:55.015 DEBUG: Saving info: ./results/energies_forces_nacs_run-100_train.txt
2025-10-22 10:33:55.062 DEBUG: Saving info: ./results/energies_forces_nacs_run-100_train.txt
2025-10-22 10:33:55.108 DEBUG: Saving info: ./results/energies_forces_nacs_run-100_train.txt
2025-10-22 10:33:55.155 DEBUG: Saving info: ./results/energies_forces_nacs_run-100_train.txt
2025-10-22 10:33:55.201 DEBUG: Saving info: ./results/energies_forces_nacs_run-100_train.txt
2025-10-22 10:33:55.247 DEBUG: Saving info: ./results/energies_forces_nacs_run-100_train.txt
2025-10-22 10:33:55.293 DEBUG: Saving info: ./results/energies_forces_nacs_run-100_train.txt
2025-10-22 10:33:55.339 DEBUG: Saving info: ./results/energies_forces_nacs_run-100_train.txt
2025-10-22 10:33:55.385 DEBUG: Saving info: ./results/energies_forces_nacs_run-100_train.txt
2025-10-22 10:33:55.431 DEBUG: Saving info: ./results/energies_forces_nacs_run-100_train.txt
2025-10-22 10:33:55.477 DEBUG: Saving info: ./results/energies_forces_nacs_run-100_train.txt
2025-10-22 10:33:55.523 DEBUG: Saving info: ./results/energies_forces_nacs_run-100_train.txt
2025-10-22 10:33:55.569 DEBUG: Saving info: ./results/energies_forces_nacs_run-100_train.txt
2025-10-22 10:33:55.615 DEBUG: Saving info: ./results/energies_forces_nacs_run-100_train.txt
2025-10-22 10:33:55.662 DEBUG: Saving info: ./results/energies_forces_nacs_run-100_train.txt
2025-10-22 10:33:55.708 DEBUG: Saving info: ./results/energies_forces_nacs_run-100_train.txt
2025-10-22 10:33:55.753 DEBUG: Saving info: ./results/energies_forces_nacs_run-100_train.txt
2025-10-22 10:33:55.800 DEBUG: Saving info: ./results/energies_forces_nacs_run-100_train.txt
2025-10-22 10:33:56.011 DEBUG: Saving info: ./results/energies_forces_nacs_run-100_train.txt
2025-10-22 10:33:56.012 DEBUG: Deleting old checkpoint file: ./checkpoints/energies_forces_nacs_run-100_epoch-3.pt
2025-10-22 10:33:56.012 DEBUG: Saving checkpoint: ./checkpoints/energies_forces_nacs_run-100_epoch-4.pt
2025-10-22 10:33:56.098 DEBUG: Saving info: ./results/energies_forces_nacs_run-100_train.txt
2025-10-22 10:33:56.144 DEBUG: Saving info: ./results/energies_forces_nacs_run-100_train.txt
2025-10-22 10:33:56.190 DEBUG: Saving info: ./results/energies_forces_nacs_run-100_train.txt
2025-10-22 10:33:56.237 DEBUG: Saving info: ./results/energies_forces_nacs_run-100_train.txt
2025-10-22 10:33:56.283 DEBUG: Saving info: ./results/energies_forces_nacs_run-100_train.txt
2025-10-22 10:33:56.329 DEBUG: Saving info: ./results/energies_forces_nacs_run-100_train.txt
2025-10-22 10:33:56.376 DEBUG: Saving info: ./results/energies_forces_nacs_run-100_train.txt
2025-10-22 10:33:56.422 DEBUG: Saving info: ./results/energies_forces_nacs_run-100_train.txt
2025-10-22 10:33:56.468 DEBUG: Saving info: ./results/energies_forces_nacs_run-100_train.txt
2025-10-22 10:33:56.527 DEBUG: Saving info: ./results/energies_forces_nacs_run-100_train.txt
2025-10-22 10:33:56.573 DEBUG: Saving info: ./results/energies_forces_nacs_run-100_train.txt
2025-10-22 10:33:56.619 DEBUG: Saving info: ./results/energies_forces_nacs_run-100_train.txt
2025-10-22 10:33:56.666 DEBUG: Saving info: ./results/energies_forces_nacs_run-100_train.txt
2025-10-22 10:33:56.712 DEBUG: Saving info: ./results/energies_forces_nacs_run-100_train.txt
2025-10-22 10:33:56.759 DEBUG: Saving info: ./results/energies_forces_nacs_run-100_train.txt
2025-10-22 10:33:56.805 DEBUG: Saving info: ./results/energies_forces_nacs_run-100_train.txt
2025-10-22 10:33:56.852 DEBUG: Saving info: ./results/energies_forces_nacs_run-100_train.txt
2025-10-22 10:33:56.898 DEBUG: Saving info: ./results/energies_forces_nacs_run-100_train.txt
2025-10-22 10:33:56.944 DEBUG: Saving info: ./results/energies_forces_nacs_run-100_train.txt
2025-10-22 10:33:56.990 DEBUG: Saving info: ./results/energies_forces_nacs_run-100_train.txt
2025-10-22 10:33:57.043 DEBUG: Saving info: ./results/energies_forces_nacs_run-100_train.txt
2025-10-22 10:33:57.089 DEBUG: Saving info: ./results/energies_forces_nacs_run-100_train.txt
2025-10-22 10:33:57.136 DEBUG: Saving info: ./results/energies_forces_nacs_run-100_train.txt
2025-10-22 10:33:57.182 DEBUG: Saving info: ./results/energies_forces_nacs_run-100_train.txt
2025-10-22 10:33:57.229 DEBUG: Saving info: ./results/energies_forces_nacs_run-100_train.txt
2025-10-22 10:33:57.275 DEBUG: Saving info: ./results/energies_forces_nacs_run-100_train.txt
2025-10-22 10:33:57.321 DEBUG: Saving info: ./results/energies_forces_nacs_run-100_train.txt
2025-10-22 10:33:57.367 DEBUG: Saving info: ./results/energies_forces_nacs_run-100_train.txt
2025-10-22 10:33:57.414 DEBUG: Saving info: ./results/energies_forces_nacs_run-100_train.txt
2025-10-22 10:33:57.459 DEBUG: Saving info: ./results/energies_forces_nacs_run-100_train.txt
2025-10-22 10:33:57.506 DEBUG: Saving info: ./results/energies_forces_nacs_run-100_train.txt
2025-10-22 10:33:57.552 DEBUG: Saving info: ./results/energies_forces_nacs_run-100_train.txt
2025-10-22 10:33:57.598 DEBUG: Saving info: ./results/energies_forces_nacs_run-100_train.txt
2025-10-22 10:33:57.644 DEBUG: Saving info: ./results/energies_forces_nacs_run-100_train.txt
2025-10-22 10:33:57.691 DEBUG: Saving info: ./results/energies_forces_nacs_run-100_train.txt
2025-10-22 10:33:57.737 DEBUG: Saving info: ./results/energies_forces_nacs_run-100_train.txt
2025-10-22 10:33:57.783 DEBUG: Saving info: ./results/energies_forces_nacs_run-100_train.txt
2025-10-22 10:33:57.829 DEBUG: Saving info: ./results/energies_forces_nacs_run-100_train.txt
2025-10-22 10:33:57.875 DEBUG: Saving info: ./results/energies_forces_nacs_run-100_train.txt
2025-10-22 10:33:57.922 DEBUG: Saving info: ./results/energies_forces_nacs_run-100_train.txt
2025-10-22 10:33:57.968 DEBUG: Saving info: ./results/energies_forces_nacs_run-100_train.txt
2025-10-22 10:33:58.013 DEBUG: Saving info: ./results/energies_forces_nacs_run-100_train.txt
2025-10-22 10:33:58.060 DEBUG: Saving info: ./results/energies_forces_nacs_run-100_train.txt
2025-10-22 10:33:58.106 DEBUG: Saving info: ./results/energies_forces_nacs_run-100_train.txt
2025-10-22 10:33:58.152 DEBUG: Saving info: ./results/energies_forces_nacs_run-100_train.txt
2025-10-22 10:33:58.199 DEBUG: Saving info: ./results/energies_forces_nacs_run-100_train.txt
2025-10-22 10:33:58.246 DEBUG: Saving info: ./results/energies_forces_nacs_run-100_train.txt
2025-10-22 10:33:58.292 DEBUG: Saving info: ./results/energies_forces_nacs_run-100_train.txt
2025-10-22 10:33:58.338 DEBUG: Saving info: ./results/energies_forces_nacs_run-100_train.txt
2025-10-22 10:33:58.384 DEBUG: Saving info: ./results/energies_forces_nacs_run-100_train.txt
2025-10-22 10:33:58.430 DEBUG: Saving info: ./results/energies_forces_nacs_run-100_train.txt
2025-10-22 10:33:58.476 DEBUG: Saving info: ./results/energies_forces_nacs_run-100_train.txt
2025-10-22 10:33:58.522 DEBUG: Saving info: ./results/energies_forces_nacs_run-100_train.txt
2025-10-22 10:33:58.568 DEBUG: Saving info: ./results/energies_forces_nacs_run-100_train.txt
2025-10-22 10:33:58.615 DEBUG: Saving info: ./results/energies_forces_nacs_run-100_train.txt
2025-10-22 10:33:58.661 DEBUG: Saving info: ./results/energies_forces_nacs_run-100_train.txt
2025-10-22 10:33:58.707 DEBUG: Saving info: ./results/energies_forces_nacs_run-100_train.txt
2025-10-22 10:33:58.753 DEBUG: Saving info: ./results/energies_forces_nacs_run-100_train.txt
2025-10-22 10:33:58.799 DEBUG: Saving info: ./results/energies_forces_nacs_run-100_train.txt
2025-10-22 10:33:58.845 DEBUG: Saving info: ./results/energies_forces_nacs_run-100_train.txt
2025-10-22 10:33:58.892 DEBUG: Saving info: ./results/energies_forces_nacs_run-100_train.txt
2025-10-22 10:33:58.938 DEBUG: Saving info: ./results/energies_forces_nacs_run-100_train.txt
2025-10-22 10:33:58.984 DEBUG: Saving info: ./results/energies_forces_nacs_run-100_train.txt
2025-10-22 10:33:59.030 DEBUG: Saving info: ./results/energies_forces_nacs_run-100_train.txt
2025-10-22 10:33:59.076 DEBUG: Saving info: ./results/energies_forces_nacs_run-100_train.txt
2025-10-22 10:33:59.122 DEBUG: Saving info: ./results/energies_forces_nacs_run-100_train.txt
2025-10-22 10:33:59.169 DEBUG: Saving info: ./results/energies_forces_nacs_run-100_train.txt
2025-10-22 10:33:59.215 DEBUG: Saving info: ./results/energies_forces_nacs_run-100_train.txt
2025-10-22 10:33:59.261 DEBUG: Saving info: ./results/energies_forces_nacs_run-100_train.txt
2025-10-22 10:33:59.308 DEBUG: Saving info: ./results/energies_forces_nacs_run-100_train.txt
2025-10-22 10:33:59.354 DEBUG: Saving info: ./results/energies_forces_nacs_run-100_train.txt
2025-10-22 10:33:59.400 DEBUG: Saving info: ./results/energies_forces_nacs_run-100_train.txt
2025-10-22 10:33:59.446 DEBUG: Saving info: ./results/energies_forces_nacs_run-100_train.txt
2025-10-22 10:33:59.492 DEBUG: Saving info: ./results/energies_forces_nacs_run-100_train.txt
2025-10-22 10:33:59.538 DEBUG: Saving info: ./results/energies_forces_nacs_run-100_train.txt
2025-10-22 10:33:59.589 DEBUG: Saving info: ./results/energies_forces_nacs_run-100_train.txt
2025-10-22 10:33:59.634 DEBUG: Saving info: ./results/energies_forces_nacs_run-100_train.txt
2025-10-22 10:33:59.680 DEBUG: Saving info: ./results/energies_forces_nacs_run-100_train.txt
2025-10-22 10:33:59.725 DEBUG: Saving info: ./results/energies_forces_nacs_run-100_train.txt
2025-10-22 10:33:59.771 DEBUG: Saving info: ./results/energies_forces_nacs_run-100_train.txt
2025-10-22 10:33:59.816 DEBUG: Saving info: ./results/energies_forces_nacs_run-100_train.txt
2025-10-22 10:33:59.862 DEBUG: Saving info: ./results/energies_forces_nacs_run-100_train.txt
2025-10-22 10:33:59.907 DEBUG: Saving info: ./results/energies_forces_nacs_run-100_train.txt
2025-10-22 10:33:59.952 DEBUG: Saving info: ./results/energies_forces_nacs_run-100_train.txt
2025-10-22 10:33:59.998 DEBUG: Saving info: ./results/energies_forces_nacs_run-100_train.txt
2025-10-22 10:34:00.200 DEBUG: Saving info: ./results/energies_forces_nacs_run-100_train.txt
2025-10-22 10:34:00.201 DEBUG: Deleting old checkpoint file: ./checkpoints/energies_forces_nacs_run-100_epoch-4.pt
2025-10-22 10:34:00.202 DEBUG: Saving checkpoint: ./checkpoints/energies_forces_nacs_run-100_epoch-5.pt
2025-10-22 10:34:00.287 DEBUG: Saving info: ./results/energies_forces_nacs_run-100_train.txt
2025-10-22 10:34:00.332 DEBUG: Saving info: ./results/energies_forces_nacs_run-100_train.txt
2025-10-22 10:34:00.378 DEBUG: Saving info: ./results/energies_forces_nacs_run-100_train.txt
2025-10-22 10:34:00.423 DEBUG: Saving info: ./results/energies_forces_nacs_run-100_train.txt
2025-10-22 10:34:00.469 DEBUG: Saving info: ./results/energies_forces_nacs_run-100_train.txt
2025-10-22 10:34:00.514 DEBUG: Saving info: ./results/energies_forces_nacs_run-100_train.txt
2025-10-22 10:34:00.559 DEBUG: Saving info: ./results/energies_forces_nacs_run-100_train.txt
2025-10-22 10:34:00.605 DEBUG: Saving info: ./results/energies_forces_nacs_run-100_train.txt
2025-10-22 10:34:00.650 DEBUG: Saving info: ./results/energies_forces_nacs_run-100_train.txt
2025-10-22 10:34:00.696 DEBUG: Saving info: ./results/energies_forces_nacs_run-100_train.txt
2025-10-22 10:34:00.741 DEBUG: Saving info: ./results/energies_forces_nacs_run-100_train.txt
2025-10-22 10:34:00.787 DEBUG: Saving info: ./results/energies_forces_nacs_run-100_train.txt
2025-10-22 10:34:00.832 DEBUG: Saving info: ./results/energies_forces_nacs_run-100_train.txt
2025-10-22 10:34:00.878 DEBUG: Saving info: ./results/energies_forces_nacs_run-100_train.txt
2025-10-22 10:34:00.924 DEBUG: Saving info: ./results/energies_forces_nacs_run-100_train.txt
2025-10-22 10:34:00.970 DEBUG: Saving info: ./results/energies_forces_nacs_run-100_train.txt
2025-10-22 10:34:01.016 DEBUG: Saving info: ./results/energies_forces_nacs_run-100_train.txt
2025-10-22 10:34:01.061 DEBUG: Saving info: ./results/energies_forces_nacs_run-100_train.txt
2025-10-22 10:34:01.107 DEBUG: Saving info: ./results/energies_forces_nacs_run-100_train.txt
2025-10-22 10:34:01.153 DEBUG: Saving info: ./results/energies_forces_nacs_run-100_train.txt
2025-10-22 10:34:01.198 DEBUG: Saving info: ./results/energies_forces_nacs_run-100_train.txt
2025-10-22 10:34:01.244 DEBUG: Saving info: ./results/energies_forces_nacs_run-100_train.txt
2025-10-22 10:34:01.289 DEBUG: Saving info: ./results/energies_forces_nacs_run-100_train.txt
2025-10-22 10:34:01.334 DEBUG: Saving info: ./results/energies_forces_nacs_run-100_train.txt
2025-10-22 10:34:01.380 DEBUG: Saving info: ./results/energies_forces_nacs_run-100_train.txt
2025-10-22 10:34:01.426 DEBUG: Saving info: ./results/energies_forces_nacs_run-100_train.txt
2025-10-22 10:34:01.471 DEBUG: Saving info: ./results/energies_forces_nacs_run-100_train.txt
2025-10-22 10:34:01.526 DEBUG: Saving info: ./results/energies_forces_nacs_run-100_train.txt
2025-10-22 10:34:01.571 DEBUG: Saving info: ./results/energies_forces_nacs_run-100_train.txt
2025-10-22 10:34:01.617 DEBUG: Saving info: ./results/energies_forces_nacs_run-100_train.txt
2025-10-22 10:34:01.663 DEBUG: Saving info: ./results/energies_forces_nacs_run-100_train.txt
2025-10-22 10:34:01.708 DEBUG: Saving info: ./results/energies_forces_nacs_run-100_train.txt
2025-10-22 10:34:01.753 DEBUG: Saving info: ./results/energies_forces_nacs_run-100_train.txt
2025-10-22 10:34:01.799 DEBUG: Saving info: ./results/energies_forces_nacs_run-100_train.txt
2025-10-22 10:34:01.844 DEBUG: Saving info: ./results/energies_forces_nacs_run-100_train.txt
2025-10-22 10:34:01.890 DEBUG: Saving info: ./results/energies_forces_nacs_run-100_train.txt
2025-10-22 10:34:01.935 DEBUG: Saving info: ./results/energies_forces_nacs_run-100_train.txt
2025-10-22 10:34:01.981 DEBUG: Saving info: ./results/energies_forces_nacs_run-100_train.txt
2025-10-22 10:34:02.027 DEBUG: Saving info: ./results/energies_forces_nacs_run-100_train.txt
2025-10-22 10:34:02.072 DEBUG: Saving info: ./results/energies_forces_nacs_run-100_train.txt
2025-10-22 10:34:02.118 DEBUG: Saving info: ./results/energies_forces_nacs_run-100_train.txt
2025-10-22 10:34:02.163 DEBUG: Saving info: ./results/energies_forces_nacs_run-100_train.txt
2025-10-22 10:34:02.209 DEBUG: Saving info: ./results/energies_forces_nacs_run-100_train.txt
2025-10-22 10:34:02.254 DEBUG: Saving info: ./results/energies_forces_nacs_run-100_train.txt
2025-10-22 10:34:02.300 DEBUG: Saving info: ./results/energies_forces_nacs_run-100_train.txt
2025-10-22 10:34:02.345 DEBUG: Saving info: ./results/energies_forces_nacs_run-100_train.txt
2025-10-22 10:34:02.391 DEBUG: Saving info: ./results/energies_forces_nacs_run-100_train.txt
2025-10-22 10:34:02.436 DEBUG: Saving info: ./results/energies_forces_nacs_run-100_train.txt
2025-10-22 10:34:02.482 DEBUG: Saving info: ./results/energies_forces_nacs_run-100_train.txt
2025-10-22 10:34:02.527 DEBUG: Saving info: ./results/energies_forces_nacs_run-100_train.txt
2025-10-22 10:34:47.700 INFO: ===========VERIFYING SETTINGS===========
2025-10-22 10:34:47.701 INFO: MACE version: 0.3.6
2025-10-22 10:34:47.701 DEBUG: Configuration: Namespace(config=None, name='energies_forces_nacs', seed=100, work_dir='.', nacs_key='smooth_nacs', log_dir='./logs', model_dir='.', checkpoints_dir='./checkpoints', results_dir='./results', downloads_dir='./downloads', device='cuda', default_dtype='float32', distributed=False, log_level='INFO', n_energies=4, error_table='EnergyNacsDipoleMAE', model='ExcitedMACE', r_max=5.0, num_permutational_invariant=16, radial_type='bessel', num_radial_basis=8, num_cutoff_basis=5, pair_repulsion=False, distance_transform='None', interaction='RealAgnosticResidualInteractionBlock', interaction_first='RealAgnosticResidualInteractionBlock', max_ell=3, correlation=3, num_interactions=2, MLP_irreps='32x0e', radial_MLP='[64, 64, 64]', hidden_irreps='32x0e + 32x1o', num_channels=32, max_L=1, gate='silu', scaling='rms_forces_scaling', avg_num_neighbors=1, compute_avg_num_neighbors=True, compute_stress=False, compute_forces=True, compute_dipoles=True, compute_nacs=True, compute_socs=False, train_file='ENERGIES_FORCES_NACS.xyz', valid_file=None, valid_fraction=0.1, test_file=None, test_dir=None, multi_processed_test=False, num_workers=0, pin_memory=True, atomic_numbers=None, mean=None, std=None, statistics_file=None, E0s='average', keep_isolated_atoms=False, energy_key='REF_energy', forces_key='REF_forces', virials_key='REF_virials', stress_key='REF_stress', dipoles_key='REF_dipoles', charges_key='REF_charges', loss='weighted', forces_weight=1.0, nacs_weight=10.0, socs_weight=10.0, soc_num=None, nac_num=6, swa_forces_weight=100.0, energy_weight=100.0, swa_energy_weight=1000.0, virials_weight=1.0, swa_virials_weight=10.0, stress_weight=1.0, swa_stress_weight=10.0, dipoles_weight=1.0, swa_dipole_weight=1.0, config_type_weights='{"Default":1.0}', huber_delta=0.01, optimizer='adam', beta=0.9, batch_size=10, valid_batch_size=10, lr=0.0001, swa_lr=0.001, weight_decay=5e-07, amsgrad=True, scheduler='ReduceLROnPlateau', lr_factor=0.8, scheduler_patience=50, lr_scheduler_gamma=0.9993, swa=False, start_swa=None, ema=True, ema_decay=0.99, max_num_epochs=100, patience=2048, foundation_model=None, foundation_model_readout=True, eval_interval=1, keep_checkpoints=False, save_all_checkpoints=False, restart_latest=False, save_cpu=False, clip_grad=10.0, wandb=False, wandb_dir=None, wandb_project='', wandb_entity='', wandb_name='', wandb_log_hypers=['num_channels', 'max_L', 'correlation', 'lr', 'swa_lr', 'weight_decay', 'batch_size', 'max_num_epochs', 'start_swa', 'energy_weight', 'forces_weight'])
2025-10-22 10:34:47.729 INFO: CUDA version: 12.4, CUDA device: 0
2025-10-22 10:34:47.747 DEBUG: Popen(['git', 'version'], cwd=/home/rhyan/Exciton_model/X-MACE, stdin=None, shell=False, universal_newlines=False)
2025-10-22 10:34:47.748 DEBUG: Popen(['git', 'version'], cwd=/home/rhyan/Exciton_model/X-MACE, stdin=None, shell=False, universal_newlines=False)
2025-10-22 10:34:47.749 DEBUG: sys.platform='linux', git_executable='git'
2025-10-22 10:34:47.750 DEBUG: Popen(['git', 'cat-file', '--batch-check'], cwd=/home/rhyan/Exciton_model/X-MACE, stdin=<valid stream>, shell=False, universal_newlines=False)
2025-10-22 10:34:47.751 DEBUG: Current Git commit: 0861c52cf365064d060e006c179e4cc1785b61c2
2025-10-22 10:34:47.751 INFO: 
2025-10-22 10:34:47.751 INFO: ===========LOADING INPUT DATA===========
2025-10-22 10:34:49.181 INFO: Using random 10% of training set for validation with indices saved in: ./valid_indices_100.txt
2025-10-22 10:34:49.183 INFO: Atomic Numbers used: [1, 6, 7, 8]
2025-10-22 10:34:49.183 INFO: Isolated Atomic Energies (E0s) not in training file, using command line argument
2025-10-22 10:34:49.183 INFO: Computing average Atomic Energies using least squares regression
2025-10-22 10:34:49.191 INFO: Atomic Energies used (z: eV): {1: -967.8427909292559, 6: -1244.3693026233295, 7: -138.2632558470366, 8: -829.5795350822196}
2025-10-22 10:34:49.390 INFO: 
2025-10-22 10:34:49.390 INFO: ===========MODEL DETAILS===========
2025-10-22 10:34:49.607 INFO: Average number of neighbors: 15.7
2025-10-22 10:34:49.607 INFO: During training the following quantities will be reported: energy, forces, dipoles, nacs
2025-10-22 10:34:49.699 INFO: Building model
2025-10-22 10:34:49.699 INFO: Message passing with 32 channels and max_L=1 (32x0e + 32x1o)
2025-10-22 10:34:49.699 INFO: 2 layers, each with correlation order: 3 (body order: 4) and spherical harmonics up to: l=3
2025-10-22 10:34:49.699 INFO: 8 radial and 5 basis functions
2025-10-22 10:34:49.699 INFO: Radial cutoff: 5.0 Å (total receptive field for each atom: 10.0 Å)
2025-10-22 10:34:49.699 INFO: Distance transform for radial basis functions: None
2025-10-22 10:34:50.392 DEBUG: ExcitedMACE(
  (node_embedding): LinearNodeEmbeddingBlock(
    (linear): Linear(4x0e -> 32x0e | 128 weights)
  )
  (radial_embedding): RadialEmbeddingBlock(
    (bessel_fn): BesselBasis(r_max=5.0, num_basis=8, trainable=False)
    (cutoff_fn): PolynomialCutoff(p=5.0, r_max=5.0)
  )
  (spherical_harmonics): SphericalHarmonics()
  (atomic_energies_fn): AtomicEnergiesBlock(energies=[-967.8428, -1244.3693, -138.2633, -829.5795])
  (interactions): ModuleList(
    (0): RealAgnosticInteractionBlock(
      (linear_up): Linear(32x0e -> 32x0e | 1024 weights)
      (conv_tp): TensorProduct(32x0e x 1x0e+1x1o+1x2e+1x3o -> 32x0e+32x1o+32x2e+32x3o | 128 paths | 128 weights)
      (conv_tp_weights): FullyConnectedNet[8, 64, 64, 64, 128]
      (linear): Linear(32x0e+32x1o+32x2e+32x3o -> 32x0e+32x1o+32x2e+32x3o | 4096 weights)
      (skip_tp): FullyConnectedTensorProduct(32x0e+32x1o+32x2e+32x3o x 4x0e -> 32x0e+32x1o+32x2e+32x3o | 16384 paths | 16384 weights)
      (reshape): reshape_irreps()
    )
    (1): RealAgnosticResidualInteractionBlock(
      (linear_up): Linear(32x0e+32x1o -> 32x0e+32x1o | 2048 weights)
      (conv_tp): TensorProduct(32x0e+32x1o x 1x0e+1x1o+1x2e+1x3o -> 64x0e+96x1o+96x2e+64x3o | 320 paths | 320 weights)
      (conv_tp_weights): FullyConnectedNet[8, 64, 64, 64, 320]
      (linear): Linear(64x0e+96x1o+96x2e+64x3o -> 32x0e+32x1o+32x2e+32x3o | 10240 weights)
      (skip_tp): FullyConnectedTensorProduct(32x0e+32x1o x 4x0e -> 32x0e | 4096 paths | 4096 weights)
      (reshape): reshape_irreps()
    )
  )
  (products): ModuleList(
    (0): EquivariantProductBasisBlock(
      (symmetric_contractions): SymmetricContraction(
        (contractions): ModuleList(
          (0): Contraction(
            (contractions_weighting): ModuleList(
              (0-1): 2 x GraphModule()
            )
            (contractions_features): ModuleList(
              (0-1): 2 x GraphModule()
            )
            (weights): ParameterList(
                (0): Parameter containing: [torch.float32 of size 4x4x32 (cuda:0)]
                (1): Parameter containing: [torch.float32 of size 4x1x32 (cuda:0)]
            )
            (graph_opt_main): GraphModule()
          )
          (1): Contraction(
            (contractions_weighting): ModuleList(
              (0-1): 2 x GraphModule()
            )
            (contractions_features): ModuleList(
              (0-1): 2 x GraphModule()
            )
            (weights): ParameterList(
                (0): Parameter containing: [torch.float32 of size 4x6x32 (cuda:0)]
                (1): Parameter containing: [torch.float32 of size 4x1x32 (cuda:0)]
            )
            (graph_opt_main): GraphModule()
          )
        )
      )
      (linear): Linear(32x0e+32x1o -> 32x0e+32x1o | 2048 weights)
    )
    (1): EquivariantProductBasisBlock(
      (symmetric_contractions): SymmetricContraction(
        (contractions): ModuleList(
          (0): Contraction(
            (contractions_weighting): ModuleList(
              (0-1): 2 x GraphModule()
            )
            (contractions_features): ModuleList(
              (0-1): 2 x GraphModule()
            )
            (weights): ParameterList(
                (0): Parameter containing: [torch.float32 of size 4x4x32 (cuda:0)]
                (1): Parameter containing: [torch.float32 of size 4x1x32 (cuda:0)]
            )
            (graph_opt_main): GraphModule()
          )
        )
      )
      (linear): Linear(32x0e -> 32x0e | 1024 weights)
    )
  )
  (readouts): ModuleList(
    (0): LinearReadoutBlock(
      (linear): Linear(32x0e+32x1o -> 4x0e+6x1o | 320 weights)
    )
    (1): NonLinearReadoutBlock(
      (linear_1): Linear(32x0e -> 32x0e | 1024 weights)
      (non_linearity): Activation [x] (32x0e -> 32x0e)
      (linear_2): Linear(32x0e -> 4x0e+6x1o | 128 weights)
    )
  )
  (socs_readouts): ModuleList(
    (0): None
  )
)
2025-10-22 10:34:50.393 INFO: Total number of parameters: 103232
2025-10-22 10:34:50.393 INFO: 
2025-10-22 10:34:50.393 INFO: ===========OPTIMIZER INFORMATION===========
2025-10-22 10:34:50.393 INFO: Using ADAM as parameter optimizer
2025-10-22 10:34:50.393 INFO: Batch size: 10
2025-10-22 10:34:50.393 INFO: Using Exponential Moving Average with decay: 0.99
2025-10-22 10:34:50.393 INFO: Number of gradient updates: 8550
2025-10-22 10:34:50.393 INFO: Learning rate: 0.0001, weight decay: 5e-07
2025-10-22 10:34:50.393 INFO: WeightedEnergyForcesNacsDipoleLoss(energy_weight=100.000, forces_weight=1.000, dipole_weight=1.000)
2025-10-22 10:34:50.394 INFO: Using gradient clipping with tolerance=10.000
2025-10-22 10:34:50.394 INFO: 
2025-10-22 10:34:50.394 INFO: ===========TRAINING===========
2025-10-22 10:34:50.394 INFO: Started training, reporting errors on validation set
2025-10-22 10:34:50.394 INFO: Loss metrics on validation set
2025-10-22 10:34:52.716 DEBUG: Saving info: ./results/energies_forces_nacs_run-100_train.txt
2025-10-22 10:34:53.155 DEBUG: Saving info: ./results/energies_forces_nacs_run-100_train.txt
2025-10-22 10:34:53.751 DEBUG: Saving info: ./results/energies_forces_nacs_run-100_train.txt
2025-10-22 10:35:05.076 INFO: ===========VERIFYING SETTINGS===========
2025-10-22 10:35:05.076 INFO: MACE version: 0.3.6
2025-10-22 10:35:05.076 DEBUG: Configuration: Namespace(config=None, name='energies_forces_nacs', seed=100, work_dir='.', nacs_key='smooth_nacs', log_dir='./logs', model_dir='.', checkpoints_dir='./checkpoints', results_dir='./results', downloads_dir='./downloads', device='cuda', default_dtype='float32', distributed=False, log_level='INFO', n_energies=4, error_table='EnergyNacsDipoleMAE', model='ExcitedMACE', r_max=5.0, num_permutational_invariant=16, radial_type='bessel', num_radial_basis=8, num_cutoff_basis=5, pair_repulsion=False, distance_transform='None', interaction='RealAgnosticResidualInteractionBlock', interaction_first='RealAgnosticResidualInteractionBlock', max_ell=3, correlation=3, num_interactions=2, MLP_irreps='32x0e', radial_MLP='[64, 64, 64]', hidden_irreps='32x0e + 32x1o', num_channels=32, max_L=1, gate='silu', scaling='rms_forces_scaling', avg_num_neighbors=1, compute_avg_num_neighbors=True, compute_stress=False, compute_forces=True, compute_dipoles=True, compute_nacs=True, compute_socs=False, train_file='ENERGIES_FORCES_NACS.xyz', valid_file=None, valid_fraction=0.1, test_file=None, test_dir=None, multi_processed_test=False, num_workers=0, pin_memory=True, atomic_numbers=None, mean=None, std=None, statistics_file=None, E0s='average', keep_isolated_atoms=False, energy_key='REF_energy', forces_key='REF_forces', virials_key='REF_virials', stress_key='REF_stress', dipoles_key='REF_dipoles', charges_key='REF_charges', loss='weighted', forces_weight=100.0, nacs_weight=100.0, socs_weight=10.0, soc_num=None, nac_num=6, swa_forces_weight=100.0, energy_weight=100.0, swa_energy_weight=1000.0, virials_weight=1.0, swa_virials_weight=10.0, stress_weight=1.0, swa_stress_weight=10.0, dipoles_weight=1.0, swa_dipole_weight=1.0, config_type_weights='{"Default":1.0}', huber_delta=0.01, optimizer='adam', beta=0.9, batch_size=10, valid_batch_size=10, lr=0.0001, swa_lr=0.001, weight_decay=5e-07, amsgrad=True, scheduler='ReduceLROnPlateau', lr_factor=0.8, scheduler_patience=50, lr_scheduler_gamma=0.9993, swa=False, start_swa=None, ema=True, ema_decay=0.99, max_num_epochs=100, patience=2048, foundation_model=None, foundation_model_readout=True, eval_interval=1, keep_checkpoints=False, save_all_checkpoints=False, restart_latest=False, save_cpu=False, clip_grad=10.0, wandb=False, wandb_dir=None, wandb_project='', wandb_entity='', wandb_name='', wandb_log_hypers=['num_channels', 'max_L', 'correlation', 'lr', 'swa_lr', 'weight_decay', 'batch_size', 'max_num_epochs', 'start_swa', 'energy_weight', 'forces_weight'])
2025-10-22 10:35:05.105 INFO: CUDA version: 12.4, CUDA device: 0
2025-10-22 10:35:05.122 DEBUG: Popen(['git', 'version'], cwd=/home/rhyan/Exciton_model/X-MACE, stdin=None, shell=False, universal_newlines=False)
2025-10-22 10:35:05.124 DEBUG: Popen(['git', 'version'], cwd=/home/rhyan/Exciton_model/X-MACE, stdin=None, shell=False, universal_newlines=False)
2025-10-22 10:35:05.125 DEBUG: sys.platform='linux', git_executable='git'
2025-10-22 10:35:05.125 DEBUG: Popen(['git', 'cat-file', '--batch-check'], cwd=/home/rhyan/Exciton_model/X-MACE, stdin=<valid stream>, shell=False, universal_newlines=False)
2025-10-22 10:35:05.127 DEBUG: Current Git commit: 0861c52cf365064d060e006c179e4cc1785b61c2
2025-10-22 10:35:05.127 INFO: 
2025-10-22 10:35:05.127 INFO: ===========LOADING INPUT DATA===========
2025-10-22 10:35:06.555 INFO: Using random 10% of training set for validation with indices saved in: ./valid_indices_100.txt
2025-10-22 10:35:06.557 INFO: Atomic Numbers used: [1, 6, 7, 8]
2025-10-22 10:35:06.557 INFO: Isolated Atomic Energies (E0s) not in training file, using command line argument
2025-10-22 10:35:06.557 INFO: Computing average Atomic Energies using least squares regression
2025-10-22 10:35:06.565 INFO: Atomic Energies used (z: eV): {1: -967.8427909292559, 6: -1244.3693026233295, 7: -138.2632558470366, 8: -829.5795350822196}
2025-10-22 10:35:06.768 INFO: 
2025-10-22 10:35:06.768 INFO: ===========MODEL DETAILS===========
2025-10-22 10:35:06.991 INFO: Average number of neighbors: 15.7
2025-10-22 10:35:06.992 INFO: During training the following quantities will be reported: energy, forces, dipoles, nacs
2025-10-22 10:35:07.083 INFO: Building model
2025-10-22 10:35:07.083 INFO: Message passing with 32 channels and max_L=1 (32x0e + 32x1o)
2025-10-22 10:35:07.083 INFO: 2 layers, each with correlation order: 3 (body order: 4) and spherical harmonics up to: l=3
2025-10-22 10:35:07.083 INFO: 8 radial and 5 basis functions
2025-10-22 10:35:07.083 INFO: Radial cutoff: 5.0 Å (total receptive field for each atom: 10.0 Å)
2025-10-22 10:35:07.083 INFO: Distance transform for radial basis functions: None
2025-10-22 10:35:07.773 DEBUG: ExcitedMACE(
  (node_embedding): LinearNodeEmbeddingBlock(
    (linear): Linear(4x0e -> 32x0e | 128 weights)
  )
  (radial_embedding): RadialEmbeddingBlock(
    (bessel_fn): BesselBasis(r_max=5.0, num_basis=8, trainable=False)
    (cutoff_fn): PolynomialCutoff(p=5.0, r_max=5.0)
  )
  (spherical_harmonics): SphericalHarmonics()
  (atomic_energies_fn): AtomicEnergiesBlock(energies=[-967.8428, -1244.3693, -138.2633, -829.5795])
  (interactions): ModuleList(
    (0): RealAgnosticInteractionBlock(
      (linear_up): Linear(32x0e -> 32x0e | 1024 weights)
      (conv_tp): TensorProduct(32x0e x 1x0e+1x1o+1x2e+1x3o -> 32x0e+32x1o+32x2e+32x3o | 128 paths | 128 weights)
      (conv_tp_weights): FullyConnectedNet[8, 64, 64, 64, 128]
      (linear): Linear(32x0e+32x1o+32x2e+32x3o -> 32x0e+32x1o+32x2e+32x3o | 4096 weights)
      (skip_tp): FullyConnectedTensorProduct(32x0e+32x1o+32x2e+32x3o x 4x0e -> 32x0e+32x1o+32x2e+32x3o | 16384 paths | 16384 weights)
      (reshape): reshape_irreps()
    )
    (1): RealAgnosticResidualInteractionBlock(
      (linear_up): Linear(32x0e+32x1o -> 32x0e+32x1o | 2048 weights)
      (conv_tp): TensorProduct(32x0e+32x1o x 1x0e+1x1o+1x2e+1x3o -> 64x0e+96x1o+96x2e+64x3o | 320 paths | 320 weights)
      (conv_tp_weights): FullyConnectedNet[8, 64, 64, 64, 320]
      (linear): Linear(64x0e+96x1o+96x2e+64x3o -> 32x0e+32x1o+32x2e+32x3o | 10240 weights)
      (skip_tp): FullyConnectedTensorProduct(32x0e+32x1o x 4x0e -> 32x0e | 4096 paths | 4096 weights)
      (reshape): reshape_irreps()
    )
  )
  (products): ModuleList(
    (0): EquivariantProductBasisBlock(
      (symmetric_contractions): SymmetricContraction(
        (contractions): ModuleList(
          (0): Contraction(
            (contractions_weighting): ModuleList(
              (0-1): 2 x GraphModule()
            )
            (contractions_features): ModuleList(
              (0-1): 2 x GraphModule()
            )
            (weights): ParameterList(
                (0): Parameter containing: [torch.float32 of size 4x4x32 (cuda:0)]
                (1): Parameter containing: [torch.float32 of size 4x1x32 (cuda:0)]
            )
            (graph_opt_main): GraphModule()
          )
          (1): Contraction(
            (contractions_weighting): ModuleList(
              (0-1): 2 x GraphModule()
            )
            (contractions_features): ModuleList(
              (0-1): 2 x GraphModule()
            )
            (weights): ParameterList(
                (0): Parameter containing: [torch.float32 of size 4x6x32 (cuda:0)]
                (1): Parameter containing: [torch.float32 of size 4x1x32 (cuda:0)]
            )
            (graph_opt_main): GraphModule()
          )
        )
      )
      (linear): Linear(32x0e+32x1o -> 32x0e+32x1o | 2048 weights)
    )
    (1): EquivariantProductBasisBlock(
      (symmetric_contractions): SymmetricContraction(
        (contractions): ModuleList(
          (0): Contraction(
            (contractions_weighting): ModuleList(
              (0-1): 2 x GraphModule()
            )
            (contractions_features): ModuleList(
              (0-1): 2 x GraphModule()
            )
            (weights): ParameterList(
                (0): Parameter containing: [torch.float32 of size 4x4x32 (cuda:0)]
                (1): Parameter containing: [torch.float32 of size 4x1x32 (cuda:0)]
            )
            (graph_opt_main): GraphModule()
          )
        )
      )
      (linear): Linear(32x0e -> 32x0e | 1024 weights)
    )
  )
  (readouts): ModuleList(
    (0): LinearReadoutBlock(
      (linear): Linear(32x0e+32x1o -> 4x0e+6x1o | 320 weights)
    )
    (1): NonLinearReadoutBlock(
      (linear_1): Linear(32x0e -> 32x0e | 1024 weights)
      (non_linearity): Activation [x] (32x0e -> 32x0e)
      (linear_2): Linear(32x0e -> 4x0e+6x1o | 128 weights)
    )
  )
  (socs_readouts): ModuleList(
    (0): None
  )
)
2025-10-22 10:35:07.774 INFO: Total number of parameters: 103232
2025-10-22 10:35:07.774 INFO: 
2025-10-22 10:35:07.774 INFO: ===========OPTIMIZER INFORMATION===========
2025-10-22 10:35:07.774 INFO: Using ADAM as parameter optimizer
2025-10-22 10:35:07.774 INFO: Batch size: 10
2025-10-22 10:35:07.774 INFO: Using Exponential Moving Average with decay: 0.99
2025-10-22 10:35:07.774 INFO: Number of gradient updates: 8550
2025-10-22 10:35:07.774 INFO: Learning rate: 0.0001, weight decay: 5e-07
2025-10-22 10:35:07.774 INFO: WeightedEnergyForcesNacsDipoleLoss(energy_weight=100.000, forces_weight=100.000, dipole_weight=1.000)
2025-10-22 10:35:07.775 INFO: Using gradient clipping with tolerance=10.000
2025-10-22 10:35:07.775 INFO: 
2025-10-22 10:35:07.775 INFO: ===========TRAINING===========
2025-10-22 10:35:07.775 INFO: Started training, reporting errors on validation set
2025-10-22 10:35:07.775 INFO: Loss metrics on validation set
2025-10-22 10:35:10.024 DEBUG: Saving info: ./results/energies_forces_nacs_run-100_train.txt
2025-10-22 10:35:10.449 DEBUG: Saving info: ./results/energies_forces_nacs_run-100_train.txt
2025-10-22 10:35:11.014 DEBUG: Saving info: ./results/energies_forces_nacs_run-100_train.txt
2025-10-22 10:35:11.633 DEBUG: Saving info: ./results/energies_forces_nacs_run-100_train.txt
2025-10-22 10:35:11.687 DEBUG: Saving info: ./results/energies_forces_nacs_run-100_train.txt
2025-10-22 10:35:11.739 DEBUG: Saving info: ./results/energies_forces_nacs_run-100_train.txt
2025-10-22 10:35:11.790 DEBUG: Saving info: ./results/energies_forces_nacs_run-100_train.txt
2025-10-22 10:35:11.837 DEBUG: Saving info: ./results/energies_forces_nacs_run-100_train.txt
2025-10-22 10:35:11.884 DEBUG: Saving info: ./results/energies_forces_nacs_run-100_train.txt
2025-10-22 10:35:11.930 DEBUG: Saving info: ./results/energies_forces_nacs_run-100_train.txt
2025-10-22 10:35:11.977 DEBUG: Saving info: ./results/energies_forces_nacs_run-100_train.txt
2025-10-22 10:35:12.023 DEBUG: Saving info: ./results/energies_forces_nacs_run-100_train.txt
2025-10-22 10:35:12.070 DEBUG: Saving info: ./results/energies_forces_nacs_run-100_train.txt
2025-10-22 10:35:12.116 DEBUG: Saving info: ./results/energies_forces_nacs_run-100_train.txt
2025-10-22 10:35:12.162 DEBUG: Saving info: ./results/energies_forces_nacs_run-100_train.txt
2025-10-22 10:35:12.208 DEBUG: Saving info: ./results/energies_forces_nacs_run-100_train.txt
2025-10-22 10:35:12.254 DEBUG: Saving info: ./results/energies_forces_nacs_run-100_train.txt
2025-10-22 10:35:12.300 DEBUG: Saving info: ./results/energies_forces_nacs_run-100_train.txt
2025-10-22 10:35:12.346 DEBUG: Saving info: ./results/energies_forces_nacs_run-100_train.txt
2025-10-22 10:35:12.392 DEBUG: Saving info: ./results/energies_forces_nacs_run-100_train.txt
2025-10-22 10:35:12.438 DEBUG: Saving info: ./results/energies_forces_nacs_run-100_train.txt
2025-10-22 10:35:12.485 DEBUG: Saving info: ./results/energies_forces_nacs_run-100_train.txt
2025-10-22 10:35:12.530 DEBUG: Saving info: ./results/energies_forces_nacs_run-100_train.txt
2025-10-22 10:35:12.577 DEBUG: Saving info: ./results/energies_forces_nacs_run-100_train.txt
2025-10-22 10:35:12.623 DEBUG: Saving info: ./results/energies_forces_nacs_run-100_train.txt
2025-10-22 10:35:12.669 DEBUG: Saving info: ./results/energies_forces_nacs_run-100_train.txt
2025-10-22 10:35:12.715 DEBUG: Saving info: ./results/energies_forces_nacs_run-100_train.txt
2025-10-22 10:35:12.761 DEBUG: Saving info: ./results/energies_forces_nacs_run-100_train.txt
2025-10-22 10:35:12.808 DEBUG: Saving info: ./results/energies_forces_nacs_run-100_train.txt
2025-10-22 10:35:12.854 DEBUG: Saving info: ./results/energies_forces_nacs_run-100_train.txt
2025-10-22 10:35:12.900 DEBUG: Saving info: ./results/energies_forces_nacs_run-100_train.txt
2025-10-22 10:35:12.946 DEBUG: Saving info: ./results/energies_forces_nacs_run-100_train.txt
2025-10-22 10:35:12.993 DEBUG: Saving info: ./results/energies_forces_nacs_run-100_train.txt
2025-10-22 10:35:13.040 DEBUG: Saving info: ./results/energies_forces_nacs_run-100_train.txt
2025-10-22 10:35:13.086 DEBUG: Saving info: ./results/energies_forces_nacs_run-100_train.txt
2025-10-22 10:35:13.132 DEBUG: Saving info: ./results/energies_forces_nacs_run-100_train.txt
2025-10-22 10:35:13.178 DEBUG: Saving info: ./results/energies_forces_nacs_run-100_train.txt
2025-10-22 10:35:13.224 DEBUG: Saving info: ./results/energies_forces_nacs_run-100_train.txt
2025-10-22 10:35:13.270 DEBUG: Saving info: ./results/energies_forces_nacs_run-100_train.txt
2025-10-22 10:35:13.316 DEBUG: Saving info: ./results/energies_forces_nacs_run-100_train.txt
2025-10-22 10:35:13.363 DEBUG: Saving info: ./results/energies_forces_nacs_run-100_train.txt
2025-10-22 10:35:13.408 DEBUG: Saving info: ./results/energies_forces_nacs_run-100_train.txt
2025-10-22 10:35:13.455 DEBUG: Saving info: ./results/energies_forces_nacs_run-100_train.txt
2025-10-22 10:35:13.502 DEBUG: Saving info: ./results/energies_forces_nacs_run-100_train.txt
2025-10-22 10:35:13.548 DEBUG: Saving info: ./results/energies_forces_nacs_run-100_train.txt
2025-10-22 10:35:13.594 DEBUG: Saving info: ./results/energies_forces_nacs_run-100_train.txt
2025-10-22 10:35:13.640 DEBUG: Saving info: ./results/energies_forces_nacs_run-100_train.txt
2025-10-22 10:35:13.686 DEBUG: Saving info: ./results/energies_forces_nacs_run-100_train.txt
2025-10-22 10:35:13.732 DEBUG: Saving info: ./results/energies_forces_nacs_run-100_train.txt
2025-10-22 10:35:13.779 DEBUG: Saving info: ./results/energies_forces_nacs_run-100_train.txt
2025-10-22 10:35:13.825 DEBUG: Saving info: ./results/energies_forces_nacs_run-100_train.txt
2025-10-22 10:35:13.871 DEBUG: Saving info: ./results/energies_forces_nacs_run-100_train.txt
2025-10-22 10:35:13.917 DEBUG: Saving info: ./results/energies_forces_nacs_run-100_train.txt
2025-10-22 10:35:13.963 DEBUG: Saving info: ./results/energies_forces_nacs_run-100_train.txt
2025-10-22 10:35:14.010 DEBUG: Saving info: ./results/energies_forces_nacs_run-100_train.txt
2025-10-22 10:35:14.056 DEBUG: Saving info: ./results/energies_forces_nacs_run-100_train.txt
2025-10-22 10:35:14.102 DEBUG: Saving info: ./results/energies_forces_nacs_run-100_train.txt
2025-10-22 10:35:14.149 DEBUG: Saving info: ./results/energies_forces_nacs_run-100_train.txt
2025-10-22 10:35:14.195 DEBUG: Saving info: ./results/energies_forces_nacs_run-100_train.txt
2025-10-22 10:35:14.241 DEBUG: Saving info: ./results/energies_forces_nacs_run-100_train.txt
2025-10-22 10:35:14.287 DEBUG: Saving info: ./results/energies_forces_nacs_run-100_train.txt
2025-10-22 10:35:14.333 DEBUG: Saving info: ./results/energies_forces_nacs_run-100_train.txt
2025-10-22 10:35:14.379 DEBUG: Saving info: ./results/energies_forces_nacs_run-100_train.txt
2025-10-22 10:35:14.425 DEBUG: Saving info: ./results/energies_forces_nacs_run-100_train.txt
2025-10-22 10:35:14.471 DEBUG: Saving info: ./results/energies_forces_nacs_run-100_train.txt
2025-10-22 10:35:14.517 DEBUG: Saving info: ./results/energies_forces_nacs_run-100_train.txt
2025-10-22 10:35:14.563 DEBUG: Saving info: ./results/energies_forces_nacs_run-100_train.txt
2025-10-22 10:35:14.609 DEBUG: Saving info: ./results/energies_forces_nacs_run-100_train.txt
2025-10-22 10:35:14.655 DEBUG: Saving info: ./results/energies_forces_nacs_run-100_train.txt
2025-10-22 10:35:14.701 DEBUG: Saving info: ./results/energies_forces_nacs_run-100_train.txt
2025-10-22 10:35:14.747 DEBUG: Saving info: ./results/energies_forces_nacs_run-100_train.txt
2025-10-22 10:35:14.794 DEBUG: Saving info: ./results/energies_forces_nacs_run-100_train.txt
2025-10-22 10:35:14.840 DEBUG: Saving info: ./results/energies_forces_nacs_run-100_train.txt
2025-10-22 10:35:14.886 DEBUG: Saving info: ./results/energies_forces_nacs_run-100_train.txt
2025-10-22 10:35:14.933 DEBUG: Saving info: ./results/energies_forces_nacs_run-100_train.txt
2025-10-22 10:35:14.979 DEBUG: Saving info: ./results/energies_forces_nacs_run-100_train.txt
2025-10-22 10:35:15.025 DEBUG: Saving info: ./results/energies_forces_nacs_run-100_train.txt
2025-10-22 10:35:15.072 DEBUG: Saving info: ./results/energies_forces_nacs_run-100_train.txt
2025-10-22 10:35:15.118 DEBUG: Saving info: ./results/energies_forces_nacs_run-100_train.txt
2025-10-22 10:35:15.164 DEBUG: Saving info: ./results/energies_forces_nacs_run-100_train.txt
2025-10-22 10:35:15.210 DEBUG: Saving info: ./results/energies_forces_nacs_run-100_train.txt
2025-10-22 10:35:15.257 DEBUG: Saving info: ./results/energies_forces_nacs_run-100_train.txt
2025-10-22 10:35:15.303 DEBUG: Saving info: ./results/energies_forces_nacs_run-100_train.txt
2025-10-22 10:35:15.349 DEBUG: Saving info: ./results/energies_forces_nacs_run-100_train.txt
2025-10-22 10:35:15.396 DEBUG: Saving info: ./results/energies_forces_nacs_run-100_train.txt
2025-10-22 10:35:15.442 DEBUG: Saving info: ./results/energies_forces_nacs_run-100_train.txt
2025-10-22 10:35:15.655 DEBUG: Saving info: ./results/energies_forces_nacs_run-100_train.txt
2025-10-22 10:35:15.656 DEBUG: Saving checkpoint: ./checkpoints/energies_forces_nacs_run-100_epoch-0.pt
2025-10-22 10:35:15.743 DEBUG: Saving info: ./results/energies_forces_nacs_run-100_train.txt
2025-10-22 10:35:15.789 DEBUG: Saving info: ./results/energies_forces_nacs_run-100_train.txt
2025-10-22 10:35:15.835 DEBUG: Saving info: ./results/energies_forces_nacs_run-100_train.txt
2025-10-22 10:35:15.882 DEBUG: Saving info: ./results/energies_forces_nacs_run-100_train.txt
2025-10-22 10:35:15.928 DEBUG: Saving info: ./results/energies_forces_nacs_run-100_train.txt
2025-10-22 10:35:15.974 DEBUG: Saving info: ./results/energies_forces_nacs_run-100_train.txt
2025-10-22 10:35:16.021 DEBUG: Saving info: ./results/energies_forces_nacs_run-100_train.txt
2025-10-22 10:35:16.067 DEBUG: Saving info: ./results/energies_forces_nacs_run-100_train.txt
2025-10-22 10:35:16.114 DEBUG: Saving info: ./results/energies_forces_nacs_run-100_train.txt
2025-10-22 10:35:16.160 DEBUG: Saving info: ./results/energies_forces_nacs_run-100_train.txt
2025-10-22 10:35:16.206 DEBUG: Saving info: ./results/energies_forces_nacs_run-100_train.txt
2025-10-22 10:35:16.252 DEBUG: Saving info: ./results/energies_forces_nacs_run-100_train.txt
2025-10-22 10:35:16.298 DEBUG: Saving info: ./results/energies_forces_nacs_run-100_train.txt
2025-10-22 10:35:16.344 DEBUG: Saving info: ./results/energies_forces_nacs_run-100_train.txt
2025-10-22 10:35:16.391 DEBUG: Saving info: ./results/energies_forces_nacs_run-100_train.txt
2025-10-22 10:35:16.438 DEBUG: Saving info: ./results/energies_forces_nacs_run-100_train.txt
2025-10-22 10:35:16.484 DEBUG: Saving info: ./results/energies_forces_nacs_run-100_train.txt
2025-10-22 10:35:16.530 DEBUG: Saving info: ./results/energies_forces_nacs_run-100_train.txt
2025-10-22 10:35:16.576 DEBUG: Saving info: ./results/energies_forces_nacs_run-100_train.txt
2025-10-22 10:35:16.622 DEBUG: Saving info: ./results/energies_forces_nacs_run-100_train.txt
2025-10-22 10:35:16.668 DEBUG: Saving info: ./results/energies_forces_nacs_run-100_train.txt
2025-10-22 10:35:16.714 DEBUG: Saving info: ./results/energies_forces_nacs_run-100_train.txt
2025-10-22 10:35:16.760 DEBUG: Saving info: ./results/energies_forces_nacs_run-100_train.txt
2025-10-22 10:35:16.806 DEBUG: Saving info: ./results/energies_forces_nacs_run-100_train.txt
2025-10-22 10:35:16.852 DEBUG: Saving info: ./results/energies_forces_nacs_run-100_train.txt
2025-10-22 10:35:16.897 DEBUG: Saving info: ./results/energies_forces_nacs_run-100_train.txt
2025-10-22 10:35:16.943 DEBUG: Saving info: ./results/energies_forces_nacs_run-100_train.txt
2025-10-22 10:35:16.989 DEBUG: Saving info: ./results/energies_forces_nacs_run-100_train.txt
2025-10-22 10:35:17.035 DEBUG: Saving info: ./results/energies_forces_nacs_run-100_train.txt
2025-10-22 10:35:17.082 DEBUG: Saving info: ./results/energies_forces_nacs_run-100_train.txt
2025-10-22 10:35:17.128 DEBUG: Saving info: ./results/energies_forces_nacs_run-100_train.txt
2025-10-22 10:35:17.175 DEBUG: Saving info: ./results/energies_forces_nacs_run-100_train.txt
2025-10-22 10:35:17.221 DEBUG: Saving info: ./results/energies_forces_nacs_run-100_train.txt
2025-10-22 10:35:17.267 DEBUG: Saving info: ./results/energies_forces_nacs_run-100_train.txt
2025-10-22 10:35:17.313 DEBUG: Saving info: ./results/energies_forces_nacs_run-100_train.txt
2025-10-22 10:35:17.359 DEBUG: Saving info: ./results/energies_forces_nacs_run-100_train.txt
2025-10-22 10:35:17.405 DEBUG: Saving info: ./results/energies_forces_nacs_run-100_train.txt
2025-10-22 10:35:17.451 DEBUG: Saving info: ./results/energies_forces_nacs_run-100_train.txt
2025-10-22 10:35:17.498 DEBUG: Saving info: ./results/energies_forces_nacs_run-100_train.txt
2025-10-22 10:35:17.544 DEBUG: Saving info: ./results/energies_forces_nacs_run-100_train.txt
2025-10-22 10:35:17.590 DEBUG: Saving info: ./results/energies_forces_nacs_run-100_train.txt
2025-10-22 10:35:17.636 DEBUG: Saving info: ./results/energies_forces_nacs_run-100_train.txt
2025-10-22 10:35:17.681 DEBUG: Saving info: ./results/energies_forces_nacs_run-100_train.txt
2025-10-22 10:35:17.726 DEBUG: Saving info: ./results/energies_forces_nacs_run-100_train.txt
2025-10-22 10:35:17.772 DEBUG: Saving info: ./results/energies_forces_nacs_run-100_train.txt
2025-10-22 10:35:17.817 DEBUG: Saving info: ./results/energies_forces_nacs_run-100_train.txt
2025-10-22 10:35:17.863 DEBUG: Saving info: ./results/energies_forces_nacs_run-100_train.txt
2025-10-22 10:35:17.908 DEBUG: Saving info: ./results/energies_forces_nacs_run-100_train.txt
2025-10-22 10:35:17.954 DEBUG: Saving info: ./results/energies_forces_nacs_run-100_train.txt
2025-10-22 10:35:18.000 DEBUG: Saving info: ./results/energies_forces_nacs_run-100_train.txt
2025-10-22 10:35:18.046 DEBUG: Saving info: ./results/energies_forces_nacs_run-100_train.txt
2025-10-22 10:35:18.092 DEBUG: Saving info: ./results/energies_forces_nacs_run-100_train.txt
2025-10-22 10:35:18.137 DEBUG: Saving info: ./results/energies_forces_nacs_run-100_train.txt
2025-10-22 10:35:18.183 DEBUG: Saving info: ./results/energies_forces_nacs_run-100_train.txt
2025-10-22 10:35:18.228 DEBUG: Saving info: ./results/energies_forces_nacs_run-100_train.txt
2025-10-22 10:35:18.274 DEBUG: Saving info: ./results/energies_forces_nacs_run-100_train.txt
2025-10-22 10:35:18.319 DEBUG: Saving info: ./results/energies_forces_nacs_run-100_train.txt
2025-10-22 10:35:18.365 DEBUG: Saving info: ./results/energies_forces_nacs_run-100_train.txt
2025-10-22 10:35:18.410 DEBUG: Saving info: ./results/energies_forces_nacs_run-100_train.txt
2025-10-22 10:35:18.456 DEBUG: Saving info: ./results/energies_forces_nacs_run-100_train.txt
2025-10-22 10:35:18.501 DEBUG: Saving info: ./results/energies_forces_nacs_run-100_train.txt
2025-10-22 10:35:18.547 DEBUG: Saving info: ./results/energies_forces_nacs_run-100_train.txt
2025-10-22 10:35:18.592 DEBUG: Saving info: ./results/energies_forces_nacs_run-100_train.txt
2025-10-22 10:35:18.638 DEBUG: Saving info: ./results/energies_forces_nacs_run-100_train.txt
2025-10-22 10:35:18.684 DEBUG: Saving info: ./results/energies_forces_nacs_run-100_train.txt
2025-10-22 10:35:18.729 DEBUG: Saving info: ./results/energies_forces_nacs_run-100_train.txt
2025-10-22 10:35:18.775 DEBUG: Saving info: ./results/energies_forces_nacs_run-100_train.txt
2025-10-22 10:35:18.820 DEBUG: Saving info: ./results/energies_forces_nacs_run-100_train.txt
2025-10-22 10:35:18.866 DEBUG: Saving info: ./results/energies_forces_nacs_run-100_train.txt
2025-10-22 10:35:18.912 DEBUG: Saving info: ./results/energies_forces_nacs_run-100_train.txt
2025-10-22 10:35:18.957 DEBUG: Saving info: ./results/energies_forces_nacs_run-100_train.txt
2025-10-22 10:35:19.003 DEBUG: Saving info: ./results/energies_forces_nacs_run-100_train.txt
2025-10-22 10:35:19.049 DEBUG: Saving info: ./results/energies_forces_nacs_run-100_train.txt
2025-10-22 10:35:19.094 DEBUG: Saving info: ./results/energies_forces_nacs_run-100_train.txt
2025-10-22 10:35:19.140 DEBUG: Saving info: ./results/energies_forces_nacs_run-100_train.txt
2025-10-22 10:35:19.185 DEBUG: Saving info: ./results/energies_forces_nacs_run-100_train.txt
2025-10-22 10:35:19.231 DEBUG: Saving info: ./results/energies_forces_nacs_run-100_train.txt
2025-10-22 10:35:19.276 DEBUG: Saving info: ./results/energies_forces_nacs_run-100_train.txt
2025-10-22 10:35:19.322 DEBUG: Saving info: ./results/energies_forces_nacs_run-100_train.txt
2025-10-22 10:35:19.367 DEBUG: Saving info: ./results/energies_forces_nacs_run-100_train.txt
2025-10-22 10:35:19.413 DEBUG: Saving info: ./results/energies_forces_nacs_run-100_train.txt
2025-10-22 10:35:19.458 DEBUG: Saving info: ./results/energies_forces_nacs_run-100_train.txt
2025-10-22 10:35:19.504 DEBUG: Saving info: ./results/energies_forces_nacs_run-100_train.txt
2025-10-22 10:35:19.549 DEBUG: Saving info: ./results/energies_forces_nacs_run-100_train.txt
2025-10-22 10:35:19.595 DEBUG: Saving info: ./results/energies_forces_nacs_run-100_train.txt
2025-10-22 10:35:19.798 DEBUG: Saving info: ./results/energies_forces_nacs_run-100_train.txt
2025-10-22 10:35:19.798 DEBUG: Deleting old checkpoint file: ./checkpoints/energies_forces_nacs_run-100_epoch-0.pt
2025-10-22 10:35:19.799 DEBUG: Saving checkpoint: ./checkpoints/energies_forces_nacs_run-100_epoch-1.pt
2025-10-22 10:35:19.884 DEBUG: Saving info: ./results/energies_forces_nacs_run-100_train.txt
2025-10-22 10:35:19.929 DEBUG: Saving info: ./results/energies_forces_nacs_run-100_train.txt
2025-10-22 10:35:19.974 DEBUG: Saving info: ./results/energies_forces_nacs_run-100_train.txt
2025-10-22 10:35:20.020 DEBUG: Saving info: ./results/energies_forces_nacs_run-100_train.txt
2025-10-22 10:35:20.066 DEBUG: Saving info: ./results/energies_forces_nacs_run-100_train.txt
2025-10-22 10:35:20.111 DEBUG: Saving info: ./results/energies_forces_nacs_run-100_train.txt
2025-10-22 10:35:20.157 DEBUG: Saving info: ./results/energies_forces_nacs_run-100_train.txt
2025-10-22 10:35:20.202 DEBUG: Saving info: ./results/energies_forces_nacs_run-100_train.txt
2025-10-22 10:35:20.248 DEBUG: Saving info: ./results/energies_forces_nacs_run-100_train.txt
2025-10-22 10:35:20.293 DEBUG: Saving info: ./results/energies_forces_nacs_run-100_train.txt
2025-10-22 10:35:20.339 DEBUG: Saving info: ./results/energies_forces_nacs_run-100_train.txt
2025-10-22 10:35:20.384 DEBUG: Saving info: ./results/energies_forces_nacs_run-100_train.txt
2025-10-22 10:35:20.430 DEBUG: Saving info: ./results/energies_forces_nacs_run-100_train.txt
2025-10-22 10:35:20.475 DEBUG: Saving info: ./results/energies_forces_nacs_run-100_train.txt
2025-10-22 10:35:20.521 DEBUG: Saving info: ./results/energies_forces_nacs_run-100_train.txt
2025-10-22 10:35:20.566 DEBUG: Saving info: ./results/energies_forces_nacs_run-100_train.txt
2025-10-22 10:35:20.612 DEBUG: Saving info: ./results/energies_forces_nacs_run-100_train.txt
2025-10-22 10:35:20.658 DEBUG: Saving info: ./results/energies_forces_nacs_run-100_train.txt
2025-10-22 10:35:20.704 DEBUG: Saving info: ./results/energies_forces_nacs_run-100_train.txt
2025-10-22 10:35:20.749 DEBUG: Saving info: ./results/energies_forces_nacs_run-100_train.txt
2025-10-22 10:35:20.794 DEBUG: Saving info: ./results/energies_forces_nacs_run-100_train.txt
2025-10-22 10:35:20.840 DEBUG: Saving info: ./results/energies_forces_nacs_run-100_train.txt
2025-10-22 10:35:20.885 DEBUG: Saving info: ./results/energies_forces_nacs_run-100_train.txt
2025-10-22 10:35:20.931 DEBUG: Saving info: ./results/energies_forces_nacs_run-100_train.txt
2025-10-22 10:35:20.977 DEBUG: Saving info: ./results/energies_forces_nacs_run-100_train.txt
2025-10-22 10:35:21.022 DEBUG: Saving info: ./results/energies_forces_nacs_run-100_train.txt
2025-10-22 10:35:21.068 DEBUG: Saving info: ./results/energies_forces_nacs_run-100_train.txt
2025-10-22 10:35:21.113 DEBUG: Saving info: ./results/energies_forces_nacs_run-100_train.txt
2025-10-22 10:35:21.159 DEBUG: Saving info: ./results/energies_forces_nacs_run-100_train.txt
2025-10-22 10:35:21.204 DEBUG: Saving info: ./results/energies_forces_nacs_run-100_train.txt
2025-10-22 10:35:21.250 DEBUG: Saving info: ./results/energies_forces_nacs_run-100_train.txt
2025-10-22 10:35:21.295 DEBUG: Saving info: ./results/energies_forces_nacs_run-100_train.txt
2025-10-22 10:35:21.341 DEBUG: Saving info: ./results/energies_forces_nacs_run-100_train.txt
2025-10-22 10:35:21.386 DEBUG: Saving info: ./results/energies_forces_nacs_run-100_train.txt
2025-10-22 10:35:21.432 DEBUG: Saving info: ./results/energies_forces_nacs_run-100_train.txt
2025-10-22 10:35:21.477 DEBUG: Saving info: ./results/energies_forces_nacs_run-100_train.txt
2025-10-22 10:35:21.523 DEBUG: Saving info: ./results/energies_forces_nacs_run-100_train.txt
2025-10-22 10:35:21.569 DEBUG: Saving info: ./results/energies_forces_nacs_run-100_train.txt
2025-10-22 10:35:21.614 DEBUG: Saving info: ./results/energies_forces_nacs_run-100_train.txt
2025-10-22 10:35:21.659 DEBUG: Saving info: ./results/energies_forces_nacs_run-100_train.txt
2025-10-22 10:35:21.705 DEBUG: Saving info: ./results/energies_forces_nacs_run-100_train.txt
2025-10-22 10:35:21.750 DEBUG: Saving info: ./results/energies_forces_nacs_run-100_train.txt
2025-10-22 10:35:21.796 DEBUG: Saving info: ./results/energies_forces_nacs_run-100_train.txt
2025-10-22 10:35:21.841 DEBUG: Saving info: ./results/energies_forces_nacs_run-100_train.txt
2025-10-22 10:35:21.887 DEBUG: Saving info: ./results/energies_forces_nacs_run-100_train.txt
2025-10-22 10:35:21.932 DEBUG: Saving info: ./results/energies_forces_nacs_run-100_train.txt
2025-10-22 10:35:21.978 DEBUG: Saving info: ./results/energies_forces_nacs_run-100_train.txt
2025-10-22 10:35:22.023 DEBUG: Saving info: ./results/energies_forces_nacs_run-100_train.txt
2025-10-22 10:35:22.069 DEBUG: Saving info: ./results/energies_forces_nacs_run-100_train.txt
2025-10-22 10:35:22.115 DEBUG: Saving info: ./results/energies_forces_nacs_run-100_train.txt
2025-10-22 10:35:22.160 DEBUG: Saving info: ./results/energies_forces_nacs_run-100_train.txt
2025-10-22 10:35:22.206 DEBUG: Saving info: ./results/energies_forces_nacs_run-100_train.txt
2025-10-22 10:35:22.251 DEBUG: Saving info: ./results/energies_forces_nacs_run-100_train.txt
2025-10-22 10:35:22.297 DEBUG: Saving info: ./results/energies_forces_nacs_run-100_train.txt
2025-10-22 10:35:22.342 DEBUG: Saving info: ./results/energies_forces_nacs_run-100_train.txt
2025-10-22 10:35:22.388 DEBUG: Saving info: ./results/energies_forces_nacs_run-100_train.txt
2025-10-22 10:35:22.433 DEBUG: Saving info: ./results/energies_forces_nacs_run-100_train.txt
2025-10-22 10:35:22.479 DEBUG: Saving info: ./results/energies_forces_nacs_run-100_train.txt
2025-10-22 10:35:22.525 DEBUG: Saving info: ./results/energies_forces_nacs_run-100_train.txt
2025-10-22 10:35:22.570 DEBUG: Saving info: ./results/energies_forces_nacs_run-100_train.txt
2025-10-22 10:35:22.616 DEBUG: Saving info: ./results/energies_forces_nacs_run-100_train.txt
2025-10-22 10:35:22.661 DEBUG: Saving info: ./results/energies_forces_nacs_run-100_train.txt
2025-10-22 10:35:22.707 DEBUG: Saving info: ./results/energies_forces_nacs_run-100_train.txt
2025-10-22 10:35:22.752 DEBUG: Saving info: ./results/energies_forces_nacs_run-100_train.txt
2025-10-22 10:35:22.798 DEBUG: Saving info: ./results/energies_forces_nacs_run-100_train.txt
2025-10-22 10:35:22.843 DEBUG: Saving info: ./results/energies_forces_nacs_run-100_train.txt
2025-10-22 10:35:22.889 DEBUG: Saving info: ./results/energies_forces_nacs_run-100_train.txt
2025-10-22 10:35:22.935 DEBUG: Saving info: ./results/energies_forces_nacs_run-100_train.txt
2025-10-22 10:35:22.980 DEBUG: Saving info: ./results/energies_forces_nacs_run-100_train.txt
2025-10-22 10:35:23.026 DEBUG: Saving info: ./results/energies_forces_nacs_run-100_train.txt
2025-10-22 10:35:23.072 DEBUG: Saving info: ./results/energies_forces_nacs_run-100_train.txt
2025-10-22 10:35:23.117 DEBUG: Saving info: ./results/energies_forces_nacs_run-100_train.txt
2025-10-22 10:35:23.163 DEBUG: Saving info: ./results/energies_forces_nacs_run-100_train.txt
2025-10-22 10:35:23.209 DEBUG: Saving info: ./results/energies_forces_nacs_run-100_train.txt
2025-10-22 10:35:23.254 DEBUG: Saving info: ./results/energies_forces_nacs_run-100_train.txt
2025-10-22 10:35:23.300 DEBUG: Saving info: ./results/energies_forces_nacs_run-100_train.txt
2025-10-22 10:35:23.345 DEBUG: Saving info: ./results/energies_forces_nacs_run-100_train.txt
2025-10-22 10:35:23.390 DEBUG: Saving info: ./results/energies_forces_nacs_run-100_train.txt
2025-10-22 10:35:23.436 DEBUG: Saving info: ./results/energies_forces_nacs_run-100_train.txt
2025-10-22 10:35:23.481 DEBUG: Saving info: ./results/energies_forces_nacs_run-100_train.txt
2025-10-22 10:35:23.527 DEBUG: Saving info: ./results/energies_forces_nacs_run-100_train.txt
2025-10-22 10:35:23.572 DEBUG: Saving info: ./results/energies_forces_nacs_run-100_train.txt
2025-10-22 10:35:23.626 DEBUG: Saving info: ./results/energies_forces_nacs_run-100_train.txt
2025-10-22 10:35:23.672 DEBUG: Saving info: ./results/energies_forces_nacs_run-100_train.txt
2025-10-22 10:35:23.717 DEBUG: Saving info: ./results/energies_forces_nacs_run-100_train.txt
2025-10-22 10:35:23.921 DEBUG: Saving info: ./results/energies_forces_nacs_run-100_train.txt
2025-10-22 10:35:23.922 DEBUG: Deleting old checkpoint file: ./checkpoints/energies_forces_nacs_run-100_epoch-1.pt
2025-10-22 10:35:23.922 DEBUG: Saving checkpoint: ./checkpoints/energies_forces_nacs_run-100_epoch-2.pt
2025-10-22 10:35:24.007 DEBUG: Saving info: ./results/energies_forces_nacs_run-100_train.txt
2025-10-22 10:35:24.052 DEBUG: Saving info: ./results/energies_forces_nacs_run-100_train.txt
2025-10-22 10:35:24.098 DEBUG: Saving info: ./results/energies_forces_nacs_run-100_train.txt
2025-10-22 10:35:24.144 DEBUG: Saving info: ./results/energies_forces_nacs_run-100_train.txt
2025-10-22 10:35:24.190 DEBUG: Saving info: ./results/energies_forces_nacs_run-100_train.txt
2025-10-22 10:35:24.235 DEBUG: Saving info: ./results/energies_forces_nacs_run-100_train.txt
2025-10-22 10:35:24.281 DEBUG: Saving info: ./results/energies_forces_nacs_run-100_train.txt
2025-10-22 10:35:24.326 DEBUG: Saving info: ./results/energies_forces_nacs_run-100_train.txt
2025-10-22 10:35:24.371 DEBUG: Saving info: ./results/energies_forces_nacs_run-100_train.txt
2025-10-22 10:35:24.417 DEBUG: Saving info: ./results/energies_forces_nacs_run-100_train.txt
2025-10-22 10:35:24.462 DEBUG: Saving info: ./results/energies_forces_nacs_run-100_train.txt
2025-10-22 10:35:24.508 DEBUG: Saving info: ./results/energies_forces_nacs_run-100_train.txt
2025-10-22 10:35:24.554 DEBUG: Saving info: ./results/energies_forces_nacs_run-100_train.txt
2025-10-22 10:35:24.599 DEBUG: Saving info: ./results/energies_forces_nacs_run-100_train.txt
2025-10-22 10:35:24.645 DEBUG: Saving info: ./results/energies_forces_nacs_run-100_train.txt
2025-10-22 10:35:24.691 DEBUG: Saving info: ./results/energies_forces_nacs_run-100_train.txt
2025-10-22 10:35:24.736 DEBUG: Saving info: ./results/energies_forces_nacs_run-100_train.txt
2025-10-22 10:35:24.782 DEBUG: Saving info: ./results/energies_forces_nacs_run-100_train.txt
2025-10-22 10:35:24.828 DEBUG: Saving info: ./results/energies_forces_nacs_run-100_train.txt
2025-10-22 10:35:24.874 DEBUG: Saving info: ./results/energies_forces_nacs_run-100_train.txt
2025-10-22 10:35:24.920 DEBUG: Saving info: ./results/energies_forces_nacs_run-100_train.txt
2025-10-22 10:35:24.965 DEBUG: Saving info: ./results/energies_forces_nacs_run-100_train.txt
2025-10-22 10:35:25.010 DEBUG: Saving info: ./results/energies_forces_nacs_run-100_train.txt
2025-10-22 10:35:25.056 DEBUG: Saving info: ./results/energies_forces_nacs_run-100_train.txt
2025-10-22 10:35:25.102 DEBUG: Saving info: ./results/energies_forces_nacs_run-100_train.txt
2025-10-22 10:35:25.148 DEBUG: Saving info: ./results/energies_forces_nacs_run-100_train.txt
2025-10-22 10:35:25.194 DEBUG: Saving info: ./results/energies_forces_nacs_run-100_train.txt
2025-10-22 10:35:25.239 DEBUG: Saving info: ./results/energies_forces_nacs_run-100_train.txt
2025-10-22 10:35:25.285 DEBUG: Saving info: ./results/energies_forces_nacs_run-100_train.txt
2025-10-22 10:35:25.330 DEBUG: Saving info: ./results/energies_forces_nacs_run-100_train.txt
2025-10-22 10:35:25.376 DEBUG: Saving info: ./results/energies_forces_nacs_run-100_train.txt
2025-10-22 10:35:25.422 DEBUG: Saving info: ./results/energies_forces_nacs_run-100_train.txt
2025-10-22 10:35:25.467 DEBUG: Saving info: ./results/energies_forces_nacs_run-100_train.txt
2025-10-22 10:35:25.513 DEBUG: Saving info: ./results/energies_forces_nacs_run-100_train.txt
2025-10-22 10:35:25.559 DEBUG: Saving info: ./results/energies_forces_nacs_run-100_train.txt
2025-10-22 10:35:25.604 DEBUG: Saving info: ./results/energies_forces_nacs_run-100_train.txt
2025-10-22 10:35:25.650 DEBUG: Saving info: ./results/energies_forces_nacs_run-100_train.txt
2025-10-22 10:35:25.696 DEBUG: Saving info: ./results/energies_forces_nacs_run-100_train.txt
2025-10-22 10:35:25.741 DEBUG: Saving info: ./results/energies_forces_nacs_run-100_train.txt
2025-10-22 10:35:25.787 DEBUG: Saving info: ./results/energies_forces_nacs_run-100_train.txt
2025-10-22 10:35:25.833 DEBUG: Saving info: ./results/energies_forces_nacs_run-100_train.txt
2025-10-22 10:35:25.878 DEBUG: Saving info: ./results/energies_forces_nacs_run-100_train.txt
2025-10-22 10:35:25.924 DEBUG: Saving info: ./results/energies_forces_nacs_run-100_train.txt
2025-10-22 10:35:25.969 DEBUG: Saving info: ./results/energies_forces_nacs_run-100_train.txt
2025-10-22 10:35:26.015 DEBUG: Saving info: ./results/energies_forces_nacs_run-100_train.txt
2025-10-22 10:35:26.061 DEBUG: Saving info: ./results/energies_forces_nacs_run-100_train.txt
2025-10-22 10:35:26.106 DEBUG: Saving info: ./results/energies_forces_nacs_run-100_train.txt
2025-10-22 10:35:26.152 DEBUG: Saving info: ./results/energies_forces_nacs_run-100_train.txt
2025-10-22 10:35:26.198 DEBUG: Saving info: ./results/energies_forces_nacs_run-100_train.txt
2025-10-22 10:35:26.244 DEBUG: Saving info: ./results/energies_forces_nacs_run-100_train.txt
2025-10-22 10:35:26.290 DEBUG: Saving info: ./results/energies_forces_nacs_run-100_train.txt
2025-10-22 10:35:26.335 DEBUG: Saving info: ./results/energies_forces_nacs_run-100_train.txt
2025-10-22 10:35:26.381 DEBUG: Saving info: ./results/energies_forces_nacs_run-100_train.txt
2025-10-22 10:35:26.426 DEBUG: Saving info: ./results/energies_forces_nacs_run-100_train.txt
2025-10-22 10:35:26.472 DEBUG: Saving info: ./results/energies_forces_nacs_run-100_train.txt
2025-10-22 10:35:26.517 DEBUG: Saving info: ./results/energies_forces_nacs_run-100_train.txt
2025-10-22 10:35:26.563 DEBUG: Saving info: ./results/energies_forces_nacs_run-100_train.txt
2025-10-22 10:35:26.609 DEBUG: Saving info: ./results/energies_forces_nacs_run-100_train.txt
2025-10-22 10:35:26.655 DEBUG: Saving info: ./results/energies_forces_nacs_run-100_train.txt
2025-10-22 10:35:26.700 DEBUG: Saving info: ./results/energies_forces_nacs_run-100_train.txt
2025-10-22 10:35:26.746 DEBUG: Saving info: ./results/energies_forces_nacs_run-100_train.txt
2025-10-22 10:35:26.792 DEBUG: Saving info: ./results/energies_forces_nacs_run-100_train.txt
2025-10-22 10:35:26.837 DEBUG: Saving info: ./results/energies_forces_nacs_run-100_train.txt
2025-10-22 10:35:26.883 DEBUG: Saving info: ./results/energies_forces_nacs_run-100_train.txt
2025-10-22 10:35:26.929 DEBUG: Saving info: ./results/energies_forces_nacs_run-100_train.txt
2025-10-22 10:35:26.974 DEBUG: Saving info: ./results/energies_forces_nacs_run-100_train.txt
2025-10-22 10:35:27.020 DEBUG: Saving info: ./results/energies_forces_nacs_run-100_train.txt
2025-10-22 10:35:27.066 DEBUG: Saving info: ./results/energies_forces_nacs_run-100_train.txt
2025-10-22 10:35:27.113 DEBUG: Saving info: ./results/energies_forces_nacs_run-100_train.txt
2025-10-22 10:35:27.160 DEBUG: Saving info: ./results/energies_forces_nacs_run-100_train.txt
2025-10-22 10:35:27.206 DEBUG: Saving info: ./results/energies_forces_nacs_run-100_train.txt
2025-10-22 10:35:27.252 DEBUG: Saving info: ./results/energies_forces_nacs_run-100_train.txt
2025-10-22 10:35:27.297 DEBUG: Saving info: ./results/energies_forces_nacs_run-100_train.txt
2025-10-22 10:35:27.343 DEBUG: Saving info: ./results/energies_forces_nacs_run-100_train.txt
2025-10-22 10:35:27.388 DEBUG: Saving info: ./results/energies_forces_nacs_run-100_train.txt
2025-10-22 10:35:27.434 DEBUG: Saving info: ./results/energies_forces_nacs_run-100_train.txt
2025-10-22 10:35:27.479 DEBUG: Saving info: ./results/energies_forces_nacs_run-100_train.txt
2025-10-22 10:35:27.525 DEBUG: Saving info: ./results/energies_forces_nacs_run-100_train.txt
2025-10-22 10:35:27.570 DEBUG: Saving info: ./results/energies_forces_nacs_run-100_train.txt
2025-10-22 10:35:27.616 DEBUG: Saving info: ./results/energies_forces_nacs_run-100_train.txt
2025-10-22 10:35:27.662 DEBUG: Saving info: ./results/energies_forces_nacs_run-100_train.txt
2025-10-22 10:35:27.707 DEBUG: Saving info: ./results/energies_forces_nacs_run-100_train.txt
2025-10-22 10:35:27.753 DEBUG: Saving info: ./results/energies_forces_nacs_run-100_train.txt
2025-10-22 10:35:27.798 DEBUG: Saving info: ./results/energies_forces_nacs_run-100_train.txt
2025-10-22 10:35:27.844 DEBUG: Saving info: ./results/energies_forces_nacs_run-100_train.txt
2025-10-22 10:35:28.049 DEBUG: Saving info: ./results/energies_forces_nacs_run-100_train.txt
2025-10-22 10:35:28.050 DEBUG: Deleting old checkpoint file: ./checkpoints/energies_forces_nacs_run-100_epoch-2.pt
2025-10-22 10:35:28.050 DEBUG: Saving checkpoint: ./checkpoints/energies_forces_nacs_run-100_epoch-3.pt
2025-10-22 10:35:28.134 DEBUG: Saving info: ./results/energies_forces_nacs_run-100_train.txt
2025-10-22 10:35:28.179 DEBUG: Saving info: ./results/energies_forces_nacs_run-100_train.txt
2025-10-22 10:35:28.225 DEBUG: Saving info: ./results/energies_forces_nacs_run-100_train.txt
2025-10-22 10:35:28.271 DEBUG: Saving info: ./results/energies_forces_nacs_run-100_train.txt
2025-10-22 10:35:28.316 DEBUG: Saving info: ./results/energies_forces_nacs_run-100_train.txt
2025-10-22 10:35:28.361 DEBUG: Saving info: ./results/energies_forces_nacs_run-100_train.txt
2025-10-22 10:35:28.406 DEBUG: Saving info: ./results/energies_forces_nacs_run-100_train.txt
2025-10-22 10:35:28.452 DEBUG: Saving info: ./results/energies_forces_nacs_run-100_train.txt
2025-10-22 10:35:28.497 DEBUG: Saving info: ./results/energies_forces_nacs_run-100_train.txt
2025-10-22 10:35:28.543 DEBUG: Saving info: ./results/energies_forces_nacs_run-100_train.txt
2025-10-22 10:35:28.589 DEBUG: Saving info: ./results/energies_forces_nacs_run-100_train.txt
2025-10-22 10:35:28.642 DEBUG: Saving info: ./results/energies_forces_nacs_run-100_train.txt
2025-10-22 10:35:28.688 DEBUG: Saving info: ./results/energies_forces_nacs_run-100_train.txt
2025-10-22 10:35:28.733 DEBUG: Saving info: ./results/energies_forces_nacs_run-100_train.txt
2025-10-22 10:35:28.779 DEBUG: Saving info: ./results/energies_forces_nacs_run-100_train.txt
2025-10-22 10:35:28.825 DEBUG: Saving info: ./results/energies_forces_nacs_run-100_train.txt
2025-10-22 10:35:28.870 DEBUG: Saving info: ./results/energies_forces_nacs_run-100_train.txt
2025-10-22 10:35:28.916 DEBUG: Saving info: ./results/energies_forces_nacs_run-100_train.txt
2025-10-22 10:35:28.962 DEBUG: Saving info: ./results/energies_forces_nacs_run-100_train.txt
2025-10-22 10:35:29.007 DEBUG: Saving info: ./results/energies_forces_nacs_run-100_train.txt
2025-10-22 10:35:29.053 DEBUG: Saving info: ./results/energies_forces_nacs_run-100_train.txt
2025-10-22 10:35:29.099 DEBUG: Saving info: ./results/energies_forces_nacs_run-100_train.txt
2025-10-22 10:35:29.144 DEBUG: Saving info: ./results/energies_forces_nacs_run-100_train.txt
2025-10-22 10:35:29.190 DEBUG: Saving info: ./results/energies_forces_nacs_run-100_train.txt
2025-10-22 10:35:29.236 DEBUG: Saving info: ./results/energies_forces_nacs_run-100_train.txt
2025-10-22 10:35:29.281 DEBUG: Saving info: ./results/energies_forces_nacs_run-100_train.txt
2025-10-22 10:35:29.327 DEBUG: Saving info: ./results/energies_forces_nacs_run-100_train.txt
2025-10-22 10:35:29.373 DEBUG: Saving info: ./results/energies_forces_nacs_run-100_train.txt
2025-10-22 10:35:29.418 DEBUG: Saving info: ./results/energies_forces_nacs_run-100_train.txt
2025-10-22 10:35:29.463 DEBUG: Saving info: ./results/energies_forces_nacs_run-100_train.txt
2025-10-22 10:35:29.509 DEBUG: Saving info: ./results/energies_forces_nacs_run-100_train.txt
2025-10-22 10:35:29.555 DEBUG: Saving info: ./results/energies_forces_nacs_run-100_train.txt
2025-10-22 10:35:29.600 DEBUG: Saving info: ./results/energies_forces_nacs_run-100_train.txt
2025-10-22 10:35:29.646 DEBUG: Saving info: ./results/energies_forces_nacs_run-100_train.txt
2025-10-22 10:35:29.691 DEBUG: Saving info: ./results/energies_forces_nacs_run-100_train.txt
2025-10-22 10:35:29.737 DEBUG: Saving info: ./results/energies_forces_nacs_run-100_train.txt
2025-10-22 10:35:29.783 DEBUG: Saving info: ./results/energies_forces_nacs_run-100_train.txt
2025-10-22 10:35:29.828 DEBUG: Saving info: ./results/energies_forces_nacs_run-100_train.txt
2025-10-22 10:35:29.874 DEBUG: Saving info: ./results/energies_forces_nacs_run-100_train.txt
2025-10-22 10:35:29.919 DEBUG: Saving info: ./results/energies_forces_nacs_run-100_train.txt
2025-10-22 10:35:29.965 DEBUG: Saving info: ./results/energies_forces_nacs_run-100_train.txt
2025-10-22 10:35:30.011 DEBUG: Saving info: ./results/energies_forces_nacs_run-100_train.txt
2025-10-22 10:35:30.057 DEBUG: Saving info: ./results/energies_forces_nacs_run-100_train.txt
2025-10-22 10:35:30.102 DEBUG: Saving info: ./results/energies_forces_nacs_run-100_train.txt
2025-10-22 10:35:30.148 DEBUG: Saving info: ./results/energies_forces_nacs_run-100_train.txt
2025-10-22 10:35:30.194 DEBUG: Saving info: ./results/energies_forces_nacs_run-100_train.txt
2025-10-22 10:35:30.239 DEBUG: Saving info: ./results/energies_forces_nacs_run-100_train.txt
2025-10-22 10:35:30.285 DEBUG: Saving info: ./results/energies_forces_nacs_run-100_train.txt
2025-10-22 10:35:30.331 DEBUG: Saving info: ./results/energies_forces_nacs_run-100_train.txt
2025-10-22 10:35:30.376 DEBUG: Saving info: ./results/energies_forces_nacs_run-100_train.txt
2025-10-22 10:35:30.422 DEBUG: Saving info: ./results/energies_forces_nacs_run-100_train.txt
2025-10-22 10:35:30.467 DEBUG: Saving info: ./results/energies_forces_nacs_run-100_train.txt
2025-10-22 10:35:30.513 DEBUG: Saving info: ./results/energies_forces_nacs_run-100_train.txt
2025-10-22 10:35:30.558 DEBUG: Saving info: ./results/energies_forces_nacs_run-100_train.txt
2025-10-22 10:35:30.604 DEBUG: Saving info: ./results/energies_forces_nacs_run-100_train.txt
2025-10-22 10:35:30.650 DEBUG: Saving info: ./results/energies_forces_nacs_run-100_train.txt
2025-10-22 10:35:30.695 DEBUG: Saving info: ./results/energies_forces_nacs_run-100_train.txt
2025-10-22 10:35:30.741 DEBUG: Saving info: ./results/energies_forces_nacs_run-100_train.txt
2025-10-22 10:35:30.786 DEBUG: Saving info: ./results/energies_forces_nacs_run-100_train.txt
2025-10-22 10:35:30.832 DEBUG: Saving info: ./results/energies_forces_nacs_run-100_train.txt
2025-10-22 10:35:30.878 DEBUG: Saving info: ./results/energies_forces_nacs_run-100_train.txt
2025-10-22 10:35:30.923 DEBUG: Saving info: ./results/energies_forces_nacs_run-100_train.txt
2025-10-22 10:35:30.969 DEBUG: Saving info: ./results/energies_forces_nacs_run-100_train.txt
2025-10-22 10:35:31.014 DEBUG: Saving info: ./results/energies_forces_nacs_run-100_train.txt
2025-10-22 10:35:31.060 DEBUG: Saving info: ./results/energies_forces_nacs_run-100_train.txt
2025-10-22 10:35:31.106 DEBUG: Saving info: ./results/energies_forces_nacs_run-100_train.txt
2025-10-22 10:35:31.152 DEBUG: Saving info: ./results/energies_forces_nacs_run-100_train.txt
2025-10-22 10:35:31.197 DEBUG: Saving info: ./results/energies_forces_nacs_run-100_train.txt
2025-10-22 10:35:31.243 DEBUG: Saving info: ./results/energies_forces_nacs_run-100_train.txt
2025-10-22 10:35:31.288 DEBUG: Saving info: ./results/energies_forces_nacs_run-100_train.txt
2025-10-22 10:35:31.334 DEBUG: Saving info: ./results/energies_forces_nacs_run-100_train.txt
2025-10-22 10:35:31.380 DEBUG: Saving info: ./results/energies_forces_nacs_run-100_train.txt
2025-10-22 10:35:31.425 DEBUG: Saving info: ./results/energies_forces_nacs_run-100_train.txt
2025-10-22 10:35:31.471 DEBUG: Saving info: ./results/energies_forces_nacs_run-100_train.txt
2025-10-22 10:35:31.517 DEBUG: Saving info: ./results/energies_forces_nacs_run-100_train.txt
2025-10-22 10:35:31.562 DEBUG: Saving info: ./results/energies_forces_nacs_run-100_train.txt
2025-10-22 10:35:31.608 DEBUG: Saving info: ./results/energies_forces_nacs_run-100_train.txt
2025-10-22 10:35:31.653 DEBUG: Saving info: ./results/energies_forces_nacs_run-100_train.txt
2025-10-22 10:35:31.699 DEBUG: Saving info: ./results/energies_forces_nacs_run-100_train.txt
2025-10-22 10:35:31.744 DEBUG: Saving info: ./results/energies_forces_nacs_run-100_train.txt
2025-10-22 10:35:31.790 DEBUG: Saving info: ./results/energies_forces_nacs_run-100_train.txt
2025-10-22 10:35:31.836 DEBUG: Saving info: ./results/energies_forces_nacs_run-100_train.txt
2025-10-22 10:35:31.881 DEBUG: Saving info: ./results/energies_forces_nacs_run-100_train.txt
2025-10-22 10:35:31.927 DEBUG: Saving info: ./results/energies_forces_nacs_run-100_train.txt
2025-10-22 10:35:31.973 DEBUG: Saving info: ./results/energies_forces_nacs_run-100_train.txt
2025-10-22 10:35:32.177 DEBUG: Saving info: ./results/energies_forces_nacs_run-100_train.txt
2025-10-22 10:35:32.178 DEBUG: Deleting old checkpoint file: ./checkpoints/energies_forces_nacs_run-100_epoch-3.pt
2025-10-22 10:35:32.179 DEBUG: Saving checkpoint: ./checkpoints/energies_forces_nacs_run-100_epoch-4.pt
2025-10-22 10:35:32.264 DEBUG: Saving info: ./results/energies_forces_nacs_run-100_train.txt
2025-10-22 10:35:32.309 DEBUG: Saving info: ./results/energies_forces_nacs_run-100_train.txt
2025-10-22 10:35:32.355 DEBUG: Saving info: ./results/energies_forces_nacs_run-100_train.txt
2025-10-22 10:35:32.401 DEBUG: Saving info: ./results/energies_forces_nacs_run-100_train.txt
2025-10-22 10:35:32.447 DEBUG: Saving info: ./results/energies_forces_nacs_run-100_train.txt
2025-10-22 10:35:32.492 DEBUG: Saving info: ./results/energies_forces_nacs_run-100_train.txt
2025-10-22 10:35:32.538 DEBUG: Saving info: ./results/energies_forces_nacs_run-100_train.txt
2025-10-22 10:35:32.583 DEBUG: Saving info: ./results/energies_forces_nacs_run-100_train.txt
2025-10-22 10:35:32.629 DEBUG: Saving info: ./results/energies_forces_nacs_run-100_train.txt
2025-10-22 10:35:32.675 DEBUG: Saving info: ./results/energies_forces_nacs_run-100_train.txt
2025-10-22 10:35:32.720 DEBUG: Saving info: ./results/energies_forces_nacs_run-100_train.txt
2025-10-22 10:35:32.765 DEBUG: Saving info: ./results/energies_forces_nacs_run-100_train.txt
2025-10-22 10:35:32.811 DEBUG: Saving info: ./results/energies_forces_nacs_run-100_train.txt
2025-10-22 10:35:32.857 DEBUG: Saving info: ./results/energies_forces_nacs_run-100_train.txt
2025-10-22 10:35:32.903 DEBUG: Saving info: ./results/energies_forces_nacs_run-100_train.txt
2025-10-22 10:35:32.949 DEBUG: Saving info: ./results/energies_forces_nacs_run-100_train.txt
2025-10-22 10:35:32.994 DEBUG: Saving info: ./results/energies_forces_nacs_run-100_train.txt
2025-10-22 10:35:33.041 DEBUG: Saving info: ./results/energies_forces_nacs_run-100_train.txt
2025-10-22 10:35:33.086 DEBUG: Saving info: ./results/energies_forces_nacs_run-100_train.txt
2025-10-22 10:35:33.132 DEBUG: Saving info: ./results/energies_forces_nacs_run-100_train.txt
2025-10-22 10:35:33.178 DEBUG: Saving info: ./results/energies_forces_nacs_run-100_train.txt
2025-10-22 10:35:33.223 DEBUG: Saving info: ./results/energies_forces_nacs_run-100_train.txt
2025-10-22 10:35:33.269 DEBUG: Saving info: ./results/energies_forces_nacs_run-100_train.txt
2025-10-22 10:35:33.315 DEBUG: Saving info: ./results/energies_forces_nacs_run-100_train.txt
2025-10-22 10:35:33.360 DEBUG: Saving info: ./results/energies_forces_nacs_run-100_train.txt
2025-10-22 10:35:33.406 DEBUG: Saving info: ./results/energies_forces_nacs_run-100_train.txt
2025-10-22 10:35:33.452 DEBUG: Saving info: ./results/energies_forces_nacs_run-100_train.txt
2025-10-22 10:35:33.497 DEBUG: Saving info: ./results/energies_forces_nacs_run-100_train.txt
2025-10-22 10:35:33.543 DEBUG: Saving info: ./results/energies_forces_nacs_run-100_train.txt
2025-10-22 10:35:33.588 DEBUG: Saving info: ./results/energies_forces_nacs_run-100_train.txt
2025-10-22 10:35:33.634 DEBUG: Saving info: ./results/energies_forces_nacs_run-100_train.txt
2025-10-22 10:35:33.679 DEBUG: Saving info: ./results/energies_forces_nacs_run-100_train.txt
2025-10-22 10:35:33.725 DEBUG: Saving info: ./results/energies_forces_nacs_run-100_train.txt
2025-10-22 10:35:33.771 DEBUG: Saving info: ./results/energies_forces_nacs_run-100_train.txt
2025-10-22 10:35:33.816 DEBUG: Saving info: ./results/energies_forces_nacs_run-100_train.txt
2025-10-22 10:35:33.862 DEBUG: Saving info: ./results/energies_forces_nacs_run-100_train.txt
2025-10-22 10:35:33.908 DEBUG: Saving info: ./results/energies_forces_nacs_run-100_train.txt
2025-10-22 10:35:33.953 DEBUG: Saving info: ./results/energies_forces_nacs_run-100_train.txt
2025-10-22 10:35:33.999 DEBUG: Saving info: ./results/energies_forces_nacs_run-100_train.txt
2025-10-22 10:35:34.046 DEBUG: Saving info: ./results/energies_forces_nacs_run-100_train.txt
2025-10-22 10:35:34.092 DEBUG: Saving info: ./results/energies_forces_nacs_run-100_train.txt
2025-10-22 10:35:34.137 DEBUG: Saving info: ./results/energies_forces_nacs_run-100_train.txt
2025-10-22 10:35:34.183 DEBUG: Saving info: ./results/energies_forces_nacs_run-100_train.txt
2025-10-22 10:35:34.228 DEBUG: Saving info: ./results/energies_forces_nacs_run-100_train.txt
2025-10-22 10:35:34.274 DEBUG: Saving info: ./results/energies_forces_nacs_run-100_train.txt
2025-10-22 10:35:34.319 DEBUG: Saving info: ./results/energies_forces_nacs_run-100_train.txt
2025-10-22 10:35:34.365 DEBUG: Saving info: ./results/energies_forces_nacs_run-100_train.txt
2025-10-22 10:35:34.411 DEBUG: Saving info: ./results/energies_forces_nacs_run-100_train.txt
2025-10-22 10:35:34.457 DEBUG: Saving info: ./results/energies_forces_nacs_run-100_train.txt
2025-10-22 10:35:34.503 DEBUG: Saving info: ./results/energies_forces_nacs_run-100_train.txt
2025-10-22 10:35:34.549 DEBUG: Saving info: ./results/energies_forces_nacs_run-100_train.txt
2025-10-22 10:35:34.594 DEBUG: Saving info: ./results/energies_forces_nacs_run-100_train.txt
2025-10-22 10:35:34.640 DEBUG: Saving info: ./results/energies_forces_nacs_run-100_train.txt
2025-10-22 10:35:34.686 DEBUG: Saving info: ./results/energies_forces_nacs_run-100_train.txt
2025-10-22 10:35:34.732 DEBUG: Saving info: ./results/energies_forces_nacs_run-100_train.txt
2025-10-22 10:35:34.777 DEBUG: Saving info: ./results/energies_forces_nacs_run-100_train.txt
2025-10-22 10:35:34.823 DEBUG: Saving info: ./results/energies_forces_nacs_run-100_train.txt
2025-10-22 10:35:34.868 DEBUG: Saving info: ./results/energies_forces_nacs_run-100_train.txt
2025-10-22 10:35:34.914 DEBUG: Saving info: ./results/energies_forces_nacs_run-100_train.txt
2025-10-22 10:35:34.960 DEBUG: Saving info: ./results/energies_forces_nacs_run-100_train.txt
2025-10-22 10:35:35.006 DEBUG: Saving info: ./results/energies_forces_nacs_run-100_train.txt
2025-10-22 10:35:35.052 DEBUG: Saving info: ./results/energies_forces_nacs_run-100_train.txt
2025-10-22 10:35:35.098 DEBUG: Saving info: ./results/energies_forces_nacs_run-100_train.txt
2025-10-22 10:35:35.143 DEBUG: Saving info: ./results/energies_forces_nacs_run-100_train.txt
2025-10-22 10:35:35.189 DEBUG: Saving info: ./results/energies_forces_nacs_run-100_train.txt
2025-10-22 10:35:35.235 DEBUG: Saving info: ./results/energies_forces_nacs_run-100_train.txt
2025-10-22 10:35:35.280 DEBUG: Saving info: ./results/energies_forces_nacs_run-100_train.txt
2025-10-22 10:35:35.326 DEBUG: Saving info: ./results/energies_forces_nacs_run-100_train.txt
2025-10-22 10:35:35.372 DEBUG: Saving info: ./results/energies_forces_nacs_run-100_train.txt
2025-10-22 10:35:35.418 DEBUG: Saving info: ./results/energies_forces_nacs_run-100_train.txt
2025-10-22 10:35:35.463 DEBUG: Saving info: ./results/energies_forces_nacs_run-100_train.txt
2025-10-22 10:35:35.509 DEBUG: Saving info: ./results/energies_forces_nacs_run-100_train.txt
2025-10-22 10:35:35.555 DEBUG: Saving info: ./results/energies_forces_nacs_run-100_train.txt
2025-10-22 10:35:35.600 DEBUG: Saving info: ./results/energies_forces_nacs_run-100_train.txt
2025-10-22 10:35:35.646 DEBUG: Saving info: ./results/energies_forces_nacs_run-100_train.txt
2025-10-22 10:35:35.691 DEBUG: Saving info: ./results/energies_forces_nacs_run-100_train.txt
2025-10-22 10:35:35.737 DEBUG: Saving info: ./results/energies_forces_nacs_run-100_train.txt
2025-10-22 10:35:35.783 DEBUG: Saving info: ./results/energies_forces_nacs_run-100_train.txt
2025-10-22 10:35:35.829 DEBUG: Saving info: ./results/energies_forces_nacs_run-100_train.txt
2025-10-22 10:35:35.874 DEBUG: Saving info: ./results/energies_forces_nacs_run-100_train.txt
2025-10-22 10:35:35.920 DEBUG: Saving info: ./results/energies_forces_nacs_run-100_train.txt
2025-10-22 10:35:35.966 DEBUG: Saving info: ./results/energies_forces_nacs_run-100_train.txt
2025-10-22 10:35:36.012 DEBUG: Saving info: ./results/energies_forces_nacs_run-100_train.txt
2025-10-22 10:35:36.058 DEBUG: Saving info: ./results/energies_forces_nacs_run-100_train.txt
2025-10-22 10:35:36.103 DEBUG: Saving info: ./results/energies_forces_nacs_run-100_train.txt
2025-10-22 10:35:36.306 DEBUG: Saving info: ./results/energies_forces_nacs_run-100_train.txt
2025-10-22 10:35:36.307 DEBUG: Deleting old checkpoint file: ./checkpoints/energies_forces_nacs_run-100_epoch-4.pt
2025-10-22 10:35:36.308 DEBUG: Saving checkpoint: ./checkpoints/energies_forces_nacs_run-100_epoch-5.pt
2025-10-22 10:35:36.395 DEBUG: Saving info: ./results/energies_forces_nacs_run-100_train.txt
2025-10-22 10:35:36.440 DEBUG: Saving info: ./results/energies_forces_nacs_run-100_train.txt
2025-10-22 10:35:36.486 DEBUG: Saving info: ./results/energies_forces_nacs_run-100_train.txt
2025-10-22 10:35:36.532 DEBUG: Saving info: ./results/energies_forces_nacs_run-100_train.txt
2025-10-22 10:35:36.577 DEBUG: Saving info: ./results/energies_forces_nacs_run-100_train.txt
2025-10-22 10:35:36.623 DEBUG: Saving info: ./results/energies_forces_nacs_run-100_train.txt
2025-10-22 10:35:36.669 DEBUG: Saving info: ./results/energies_forces_nacs_run-100_train.txt
2025-10-22 10:35:36.714 DEBUG: Saving info: ./results/energies_forces_nacs_run-100_train.txt
2025-10-22 10:35:36.760 DEBUG: Saving info: ./results/energies_forces_nacs_run-100_train.txt
2025-10-22 10:35:36.806 DEBUG: Saving info: ./results/energies_forces_nacs_run-100_train.txt
2025-10-22 10:35:36.852 DEBUG: Saving info: ./results/energies_forces_nacs_run-100_train.txt
2025-10-22 10:35:36.897 DEBUG: Saving info: ./results/energies_forces_nacs_run-100_train.txt
2025-10-22 10:35:36.943 DEBUG: Saving info: ./results/energies_forces_nacs_run-100_train.txt
2025-10-22 10:35:36.989 DEBUG: Saving info: ./results/energies_forces_nacs_run-100_train.txt
2025-10-22 10:35:37.035 DEBUG: Saving info: ./results/energies_forces_nacs_run-100_train.txt
2025-10-22 10:35:37.081 DEBUG: Saving info: ./results/energies_forces_nacs_run-100_train.txt
2025-10-22 10:35:37.126 DEBUG: Saving info: ./results/energies_forces_nacs_run-100_train.txt
2025-10-22 10:35:37.172 DEBUG: Saving info: ./results/energies_forces_nacs_run-100_train.txt
2025-10-22 10:35:37.218 DEBUG: Saving info: ./results/energies_forces_nacs_run-100_train.txt
2025-10-22 10:35:37.263 DEBUG: Saving info: ./results/energies_forces_nacs_run-100_train.txt
2025-10-22 10:35:37.309 DEBUG: Saving info: ./results/energies_forces_nacs_run-100_train.txt
2025-10-22 10:35:37.355 DEBUG: Saving info: ./results/energies_forces_nacs_run-100_train.txt
2025-10-22 10:35:37.401 DEBUG: Saving info: ./results/energies_forces_nacs_run-100_train.txt
2025-10-22 10:35:37.446 DEBUG: Saving info: ./results/energies_forces_nacs_run-100_train.txt
2025-10-22 10:35:37.492 DEBUG: Saving info: ./results/energies_forces_nacs_run-100_train.txt
2025-10-22 10:35:37.538 DEBUG: Saving info: ./results/energies_forces_nacs_run-100_train.txt
2025-10-22 10:35:37.583 DEBUG: Saving info: ./results/energies_forces_nacs_run-100_train.txt
2025-10-22 10:35:37.629 DEBUG: Saving info: ./results/energies_forces_nacs_run-100_train.txt
2025-10-22 10:35:37.675 DEBUG: Saving info: ./results/energies_forces_nacs_run-100_train.txt
2025-10-22 10:35:37.720 DEBUG: Saving info: ./results/energies_forces_nacs_run-100_train.txt
2025-10-22 10:35:37.766 DEBUG: Saving info: ./results/energies_forces_nacs_run-100_train.txt
2025-10-22 10:35:37.812 DEBUG: Saving info: ./results/energies_forces_nacs_run-100_train.txt
2025-10-22 10:35:37.858 DEBUG: Saving info: ./results/energies_forces_nacs_run-100_train.txt
2025-10-22 10:35:37.904 DEBUG: Saving info: ./results/energies_forces_nacs_run-100_train.txt
2025-10-22 10:35:37.949 DEBUG: Saving info: ./results/energies_forces_nacs_run-100_train.txt
2025-10-22 10:35:37.995 DEBUG: Saving info: ./results/energies_forces_nacs_run-100_train.txt
2025-10-22 10:35:38.041 DEBUG: Saving info: ./results/energies_forces_nacs_run-100_train.txt
2025-10-22 10:35:38.087 DEBUG: Saving info: ./results/energies_forces_nacs_run-100_train.txt
2025-10-22 10:35:38.133 DEBUG: Saving info: ./results/energies_forces_nacs_run-100_train.txt
2025-10-22 10:35:38.178 DEBUG: Saving info: ./results/energies_forces_nacs_run-100_train.txt
2025-10-22 10:35:38.224 DEBUG: Saving info: ./results/energies_forces_nacs_run-100_train.txt
2025-10-22 10:35:38.270 DEBUG: Saving info: ./results/energies_forces_nacs_run-100_train.txt
2025-10-22 10:35:38.316 DEBUG: Saving info: ./results/energies_forces_nacs_run-100_train.txt
2025-10-22 10:35:38.361 DEBUG: Saving info: ./results/energies_forces_nacs_run-100_train.txt
2025-10-22 10:35:38.407 DEBUG: Saving info: ./results/energies_forces_nacs_run-100_train.txt
2025-10-22 10:35:38.453 DEBUG: Saving info: ./results/energies_forces_nacs_run-100_train.txt
2025-10-22 10:35:38.498 DEBUG: Saving info: ./results/energies_forces_nacs_run-100_train.txt
2025-10-22 10:35:38.544 DEBUG: Saving info: ./results/energies_forces_nacs_run-100_train.txt
2025-10-22 10:35:38.590 DEBUG: Saving info: ./results/energies_forces_nacs_run-100_train.txt
2025-10-22 10:35:38.645 DEBUG: Saving info: ./results/energies_forces_nacs_run-100_train.txt
2025-10-22 10:35:38.690 DEBUG: Saving info: ./results/energies_forces_nacs_run-100_train.txt
2025-10-22 10:35:38.736 DEBUG: Saving info: ./results/energies_forces_nacs_run-100_train.txt
2025-10-22 10:35:38.782 DEBUG: Saving info: ./results/energies_forces_nacs_run-100_train.txt
2025-10-22 10:35:38.828 DEBUG: Saving info: ./results/energies_forces_nacs_run-100_train.txt
2025-10-22 10:35:38.874 DEBUG: Saving info: ./results/energies_forces_nacs_run-100_train.txt
2025-10-22 10:35:38.919 DEBUG: Saving info: ./results/energies_forces_nacs_run-100_train.txt
2025-10-22 10:35:38.965 DEBUG: Saving info: ./results/energies_forces_nacs_run-100_train.txt
2025-10-22 10:35:39.011 DEBUG: Saving info: ./results/energies_forces_nacs_run-100_train.txt
2025-10-22 10:35:39.056 DEBUG: Saving info: ./results/energies_forces_nacs_run-100_train.txt
2025-10-22 10:35:39.102 DEBUG: Saving info: ./results/energies_forces_nacs_run-100_train.txt
2025-10-22 10:35:39.148 DEBUG: Saving info: ./results/energies_forces_nacs_run-100_train.txt
2025-10-22 10:35:39.194 DEBUG: Saving info: ./results/energies_forces_nacs_run-100_train.txt
2025-10-22 10:35:39.239 DEBUG: Saving info: ./results/energies_forces_nacs_run-100_train.txt
2025-10-22 10:35:39.285 DEBUG: Saving info: ./results/energies_forces_nacs_run-100_train.txt
2025-10-22 10:35:39.331 DEBUG: Saving info: ./results/energies_forces_nacs_run-100_train.txt
2025-10-22 10:35:39.377 DEBUG: Saving info: ./results/energies_forces_nacs_run-100_train.txt
2025-10-22 10:35:39.422 DEBUG: Saving info: ./results/energies_forces_nacs_run-100_train.txt
2025-10-22 10:35:39.468 DEBUG: Saving info: ./results/energies_forces_nacs_run-100_train.txt
2025-10-22 10:35:39.514 DEBUG: Saving info: ./results/energies_forces_nacs_run-100_train.txt
2025-10-22 10:35:39.559 DEBUG: Saving info: ./results/energies_forces_nacs_run-100_train.txt
2025-10-22 10:35:39.605 DEBUG: Saving info: ./results/energies_forces_nacs_run-100_train.txt
2025-10-22 10:35:39.652 DEBUG: Saving info: ./results/energies_forces_nacs_run-100_train.txt
2025-10-22 10:35:39.698 DEBUG: Saving info: ./results/energies_forces_nacs_run-100_train.txt
2025-10-22 10:35:39.743 DEBUG: Saving info: ./results/energies_forces_nacs_run-100_train.txt
2025-10-22 10:35:39.789 DEBUG: Saving info: ./results/energies_forces_nacs_run-100_train.txt
2025-10-22 10:35:39.835 DEBUG: Saving info: ./results/energies_forces_nacs_run-100_train.txt
2025-10-22 10:35:39.881 DEBUG: Saving info: ./results/energies_forces_nacs_run-100_train.txt
2025-10-22 10:35:39.926 DEBUG: Saving info: ./results/energies_forces_nacs_run-100_train.txt
2025-10-22 10:35:39.972 DEBUG: Saving info: ./results/energies_forces_nacs_run-100_train.txt
2025-10-22 10:35:40.018 DEBUG: Saving info: ./results/energies_forces_nacs_run-100_train.txt
2025-10-22 10:35:40.063 DEBUG: Saving info: ./results/energies_forces_nacs_run-100_train.txt
2025-10-22 10:35:40.109 DEBUG: Saving info: ./results/energies_forces_nacs_run-100_train.txt
2025-10-22 10:35:40.155 DEBUG: Saving info: ./results/energies_forces_nacs_run-100_train.txt
2025-10-22 10:35:40.201 DEBUG: Saving info: ./results/energies_forces_nacs_run-100_train.txt
2025-10-22 10:35:40.247 DEBUG: Saving info: ./results/energies_forces_nacs_run-100_train.txt
2025-10-22 10:35:40.451 DEBUG: Saving info: ./results/energies_forces_nacs_run-100_train.txt
2025-10-22 10:35:40.452 DEBUG: Deleting old checkpoint file: ./checkpoints/energies_forces_nacs_run-100_epoch-5.pt
2025-10-22 10:35:40.452 DEBUG: Saving checkpoint: ./checkpoints/energies_forces_nacs_run-100_epoch-6.pt
2025-10-22 10:35:40.539 DEBUG: Saving info: ./results/energies_forces_nacs_run-100_train.txt
2025-10-22 10:35:40.585 DEBUG: Saving info: ./results/energies_forces_nacs_run-100_train.txt
2025-10-22 10:35:40.631 DEBUG: Saving info: ./results/energies_forces_nacs_run-100_train.txt
2025-10-22 10:35:40.676 DEBUG: Saving info: ./results/energies_forces_nacs_run-100_train.txt
2025-10-22 10:35:40.722 DEBUG: Saving info: ./results/energies_forces_nacs_run-100_train.txt
2025-10-22 10:35:40.768 DEBUG: Saving info: ./results/energies_forces_nacs_run-100_train.txt
2025-10-22 10:35:40.814 DEBUG: Saving info: ./results/energies_forces_nacs_run-100_train.txt
2025-10-22 10:35:40.859 DEBUG: Saving info: ./results/energies_forces_nacs_run-100_train.txt
2025-10-22 10:35:40.905 DEBUG: Saving info: ./results/energies_forces_nacs_run-100_train.txt
2025-10-22 10:35:40.951 DEBUG: Saving info: ./results/energies_forces_nacs_run-100_train.txt
2025-10-22 10:35:40.997 DEBUG: Saving info: ./results/energies_forces_nacs_run-100_train.txt
2025-10-22 10:35:41.043 DEBUG: Saving info: ./results/energies_forces_nacs_run-100_train.txt
2025-10-22 10:35:41.089 DEBUG: Saving info: ./results/energies_forces_nacs_run-100_train.txt
2025-10-22 10:35:41.135 DEBUG: Saving info: ./results/energies_forces_nacs_run-100_train.txt
2025-10-22 10:35:41.181 DEBUG: Saving info: ./results/energies_forces_nacs_run-100_train.txt
2025-10-22 10:35:41.227 DEBUG: Saving info: ./results/energies_forces_nacs_run-100_train.txt
2025-10-22 10:35:41.273 DEBUG: Saving info: ./results/energies_forces_nacs_run-100_train.txt
2025-10-22 10:35:41.318 DEBUG: Saving info: ./results/energies_forces_nacs_run-100_train.txt
2025-10-22 10:35:41.364 DEBUG: Saving info: ./results/energies_forces_nacs_run-100_train.txt
2025-10-22 10:35:41.410 DEBUG: Saving info: ./results/energies_forces_nacs_run-100_train.txt
2025-10-22 10:35:41.455 DEBUG: Saving info: ./results/energies_forces_nacs_run-100_train.txt
2025-10-22 10:35:41.501 DEBUG: Saving info: ./results/energies_forces_nacs_run-100_train.txt
2025-10-22 10:35:41.547 DEBUG: Saving info: ./results/energies_forces_nacs_run-100_train.txt
2025-10-22 10:35:41.593 DEBUG: Saving info: ./results/energies_forces_nacs_run-100_train.txt
2025-10-22 10:35:41.639 DEBUG: Saving info: ./results/energies_forces_nacs_run-100_train.txt
2025-10-22 10:35:41.684 DEBUG: Saving info: ./results/energies_forces_nacs_run-100_train.txt
2025-10-22 10:35:41.730 DEBUG: Saving info: ./results/energies_forces_nacs_run-100_train.txt
2025-10-22 10:35:41.776 DEBUG: Saving info: ./results/energies_forces_nacs_run-100_train.txt
2025-10-22 10:35:41.821 DEBUG: Saving info: ./results/energies_forces_nacs_run-100_train.txt
2025-10-22 10:35:41.867 DEBUG: Saving info: ./results/energies_forces_nacs_run-100_train.txt
2025-10-22 10:35:41.913 DEBUG: Saving info: ./results/energies_forces_nacs_run-100_train.txt
2025-10-22 10:35:41.958 DEBUG: Saving info: ./results/energies_forces_nacs_run-100_train.txt
2025-10-22 10:35:42.004 DEBUG: Saving info: ./results/energies_forces_nacs_run-100_train.txt
2025-10-22 10:35:42.050 DEBUG: Saving info: ./results/energies_forces_nacs_run-100_train.txt
2025-10-22 10:35:42.096 DEBUG: Saving info: ./results/energies_forces_nacs_run-100_train.txt
2025-10-22 10:35:42.142 DEBUG: Saving info: ./results/energies_forces_nacs_run-100_train.txt
2025-10-22 10:35:42.188 DEBUG: Saving info: ./results/energies_forces_nacs_run-100_train.txt
2025-10-22 10:35:42.234 DEBUG: Saving info: ./results/energies_forces_nacs_run-100_train.txt
2025-10-22 10:35:42.279 DEBUG: Saving info: ./results/energies_forces_nacs_run-100_train.txt
2025-10-22 10:35:42.325 DEBUG: Saving info: ./results/energies_forces_nacs_run-100_train.txt
2025-10-22 10:35:42.370 DEBUG: Saving info: ./results/energies_forces_nacs_run-100_train.txt
2025-10-22 10:35:42.416 DEBUG: Saving info: ./results/energies_forces_nacs_run-100_train.txt
2025-10-22 10:35:42.462 DEBUG: Saving info: ./results/energies_forces_nacs_run-100_train.txt
2025-10-22 10:35:42.508 DEBUG: Saving info: ./results/energies_forces_nacs_run-100_train.txt
2025-10-22 10:35:42.553 DEBUG: Saving info: ./results/energies_forces_nacs_run-100_train.txt
2025-10-22 10:35:42.599 DEBUG: Saving info: ./results/energies_forces_nacs_run-100_train.txt
2025-10-22 10:35:42.645 DEBUG: Saving info: ./results/energies_forces_nacs_run-100_train.txt
2025-10-22 10:35:42.691 DEBUG: Saving info: ./results/energies_forces_nacs_run-100_train.txt
2025-10-22 10:35:42.737 DEBUG: Saving info: ./results/energies_forces_nacs_run-100_train.txt
2025-10-22 10:35:42.782 DEBUG: Saving info: ./results/energies_forces_nacs_run-100_train.txt
2025-10-22 10:35:42.828 DEBUG: Saving info: ./results/energies_forces_nacs_run-100_train.txt
2025-10-22 10:35:42.874 DEBUG: Saving info: ./results/energies_forces_nacs_run-100_train.txt
2025-10-22 10:35:42.919 DEBUG: Saving info: ./results/energies_forces_nacs_run-100_train.txt
2025-10-22 10:35:42.965 DEBUG: Saving info: ./results/energies_forces_nacs_run-100_train.txt
2025-10-22 10:35:43.011 DEBUG: Saving info: ./results/energies_forces_nacs_run-100_train.txt
2025-10-22 10:35:43.057 DEBUG: Saving info: ./results/energies_forces_nacs_run-100_train.txt
2025-10-22 10:35:43.103 DEBUG: Saving info: ./results/energies_forces_nacs_run-100_train.txt
2025-10-22 10:35:43.149 DEBUG: Saving info: ./results/energies_forces_nacs_run-100_train.txt
2025-10-22 10:35:43.195 DEBUG: Saving info: ./results/energies_forces_nacs_run-100_train.txt
2025-10-22 10:35:43.240 DEBUG: Saving info: ./results/energies_forces_nacs_run-100_train.txt
2025-10-22 10:35:43.286 DEBUG: Saving info: ./results/energies_forces_nacs_run-100_train.txt
2025-10-22 10:35:43.332 DEBUG: Saving info: ./results/energies_forces_nacs_run-100_train.txt
2025-10-22 10:35:43.378 DEBUG: Saving info: ./results/energies_forces_nacs_run-100_train.txt
2025-10-22 10:35:43.424 DEBUG: Saving info: ./results/energies_forces_nacs_run-100_train.txt
2025-10-22 10:35:43.469 DEBUG: Saving info: ./results/energies_forces_nacs_run-100_train.txt
2025-10-22 10:35:43.515 DEBUG: Saving info: ./results/energies_forces_nacs_run-100_train.txt
2025-10-22 10:35:43.561 DEBUG: Saving info: ./results/energies_forces_nacs_run-100_train.txt
2025-10-22 10:35:43.607 DEBUG: Saving info: ./results/energies_forces_nacs_run-100_train.txt
2025-10-22 10:35:43.652 DEBUG: Saving info: ./results/energies_forces_nacs_run-100_train.txt
2025-10-22 10:35:43.698 DEBUG: Saving info: ./results/energies_forces_nacs_run-100_train.txt
2025-10-22 10:35:43.744 DEBUG: Saving info: ./results/energies_forces_nacs_run-100_train.txt
2025-10-22 10:35:43.790 DEBUG: Saving info: ./results/energies_forces_nacs_run-100_train.txt
2025-10-22 10:35:43.836 DEBUG: Saving info: ./results/energies_forces_nacs_run-100_train.txt
2025-10-22 10:35:43.881 DEBUG: Saving info: ./results/energies_forces_nacs_run-100_train.txt
2025-10-22 10:35:43.927 DEBUG: Saving info: ./results/energies_forces_nacs_run-100_train.txt
2025-10-22 10:35:43.973 DEBUG: Saving info: ./results/energies_forces_nacs_run-100_train.txt
2025-10-22 10:35:44.019 DEBUG: Saving info: ./results/energies_forces_nacs_run-100_train.txt
2025-10-22 10:35:44.065 DEBUG: Saving info: ./results/energies_forces_nacs_run-100_train.txt
2025-10-22 10:35:44.111 DEBUG: Saving info: ./results/energies_forces_nacs_run-100_train.txt
2025-10-22 10:35:44.156 DEBUG: Saving info: ./results/energies_forces_nacs_run-100_train.txt
2025-10-22 10:35:44.202 DEBUG: Saving info: ./results/energies_forces_nacs_run-100_train.txt
2025-10-22 10:35:44.248 DEBUG: Saving info: ./results/energies_forces_nacs_run-100_train.txt
2025-10-22 10:35:44.294 DEBUG: Saving info: ./results/energies_forces_nacs_run-100_train.txt
2025-10-22 10:35:44.339 DEBUG: Saving info: ./results/energies_forces_nacs_run-100_train.txt
2025-10-22 10:35:44.385 DEBUG: Saving info: ./results/energies_forces_nacs_run-100_train.txt
2025-10-22 10:35:44.589 DEBUG: Saving info: ./results/energies_forces_nacs_run-100_train.txt
2025-10-22 10:35:44.589 DEBUG: Deleting old checkpoint file: ./checkpoints/energies_forces_nacs_run-100_epoch-6.pt
2025-10-22 10:35:44.590 DEBUG: Saving checkpoint: ./checkpoints/energies_forces_nacs_run-100_epoch-7.pt
2025-10-22 10:35:44.676 DEBUG: Saving info: ./results/energies_forces_nacs_run-100_train.txt
2025-10-22 10:35:44.721 DEBUG: Saving info: ./results/energies_forces_nacs_run-100_train.txt
2025-10-22 10:35:44.767 DEBUG: Saving info: ./results/energies_forces_nacs_run-100_train.txt
2025-10-22 10:35:44.812 DEBUG: Saving info: ./results/energies_forces_nacs_run-100_train.txt
2025-10-22 10:35:44.858 DEBUG: Saving info: ./results/energies_forces_nacs_run-100_train.txt
2025-10-22 10:35:44.904 DEBUG: Saving info: ./results/energies_forces_nacs_run-100_train.txt
2025-10-22 10:35:44.950 DEBUG: Saving info: ./results/energies_forces_nacs_run-100_train.txt
2025-10-22 10:35:44.996 DEBUG: Saving info: ./results/energies_forces_nacs_run-100_train.txt
2025-10-22 10:35:45.042 DEBUG: Saving info: ./results/energies_forces_nacs_run-100_train.txt
2025-10-22 10:35:45.088 DEBUG: Saving info: ./results/energies_forces_nacs_run-100_train.txt
2025-10-22 10:35:45.134 DEBUG: Saving info: ./results/energies_forces_nacs_run-100_train.txt
2025-10-22 10:35:45.179 DEBUG: Saving info: ./results/energies_forces_nacs_run-100_train.txt
2025-10-22 10:35:45.225 DEBUG: Saving info: ./results/energies_forces_nacs_run-100_train.txt
2025-10-22 10:35:45.271 DEBUG: Saving info: ./results/energies_forces_nacs_run-100_train.txt
2025-10-22 10:35:45.317 DEBUG: Saving info: ./results/energies_forces_nacs_run-100_train.txt
2025-10-22 10:35:45.363 DEBUG: Saving info: ./results/energies_forces_nacs_run-100_train.txt
2025-10-22 10:35:45.409 DEBUG: Saving info: ./results/energies_forces_nacs_run-100_train.txt
2025-10-22 10:35:45.455 DEBUG: Saving info: ./results/energies_forces_nacs_run-100_train.txt
2025-10-22 10:35:45.501 DEBUG: Saving info: ./results/energies_forces_nacs_run-100_train.txt
2025-10-22 10:35:45.546 DEBUG: Saving info: ./results/energies_forces_nacs_run-100_train.txt
2025-10-22 10:35:45.592 DEBUG: Saving info: ./results/energies_forces_nacs_run-100_train.txt
2025-10-22 10:35:45.638 DEBUG: Saving info: ./results/energies_forces_nacs_run-100_train.txt
2025-10-22 10:35:45.684 DEBUG: Saving info: ./results/energies_forces_nacs_run-100_train.txt
2025-10-22 10:35:45.729 DEBUG: Saving info: ./results/energies_forces_nacs_run-100_train.txt
2025-10-22 10:35:45.775 DEBUG: Saving info: ./results/energies_forces_nacs_run-100_train.txt
2025-10-22 10:35:45.821 DEBUG: Saving info: ./results/energies_forces_nacs_run-100_train.txt
2025-10-22 10:35:45.867 DEBUG: Saving info: ./results/energies_forces_nacs_run-100_train.txt
2025-10-22 10:35:45.913 DEBUG: Saving info: ./results/energies_forces_nacs_run-100_train.txt
2025-10-22 10:35:45.959 DEBUG: Saving info: ./results/energies_forces_nacs_run-100_train.txt
2025-10-22 10:35:46.005 DEBUG: Saving info: ./results/energies_forces_nacs_run-100_train.txt
2025-10-22 10:35:46.051 DEBUG: Saving info: ./results/energies_forces_nacs_run-100_train.txt
2025-10-22 10:35:46.097 DEBUG: Saving info: ./results/energies_forces_nacs_run-100_train.txt
2025-10-22 10:35:46.143 DEBUG: Saving info: ./results/energies_forces_nacs_run-100_train.txt
2025-10-22 10:35:46.188 DEBUG: Saving info: ./results/energies_forces_nacs_run-100_train.txt
2025-10-22 10:35:46.233 DEBUG: Saving info: ./results/energies_forces_nacs_run-100_train.txt
2025-10-22 10:35:46.279 DEBUG: Saving info: ./results/energies_forces_nacs_run-100_train.txt
2025-10-22 10:35:46.325 DEBUG: Saving info: ./results/energies_forces_nacs_run-100_train.txt
2025-10-22 10:35:46.371 DEBUG: Saving info: ./results/energies_forces_nacs_run-100_train.txt
2025-10-22 10:35:46.417 DEBUG: Saving info: ./results/energies_forces_nacs_run-100_train.txt
2025-10-22 10:35:46.462 DEBUG: Saving info: ./results/energies_forces_nacs_run-100_train.txt
2025-10-22 10:35:46.508 DEBUG: Saving info: ./results/energies_forces_nacs_run-100_train.txt
2025-10-22 10:35:46.554 DEBUG: Saving info: ./results/energies_forces_nacs_run-100_train.txt
2025-10-22 10:35:46.600 DEBUG: Saving info: ./results/energies_forces_nacs_run-100_train.txt
2025-10-22 10:35:46.646 DEBUG: Saving info: ./results/energies_forces_nacs_run-100_train.txt
2025-10-22 10:35:46.691 DEBUG: Saving info: ./results/energies_forces_nacs_run-100_train.txt
2025-10-22 10:35:46.737 DEBUG: Saving info: ./results/energies_forces_nacs_run-100_train.txt
2025-10-22 10:35:46.783 DEBUG: Saving info: ./results/energies_forces_nacs_run-100_train.txt
2025-10-22 10:35:46.829 DEBUG: Saving info: ./results/energies_forces_nacs_run-100_train.txt
2025-10-22 10:35:46.875 DEBUG: Saving info: ./results/energies_forces_nacs_run-100_train.txt
2025-10-22 10:35:46.920 DEBUG: Saving info: ./results/energies_forces_nacs_run-100_train.txt
2025-10-22 10:35:46.966 DEBUG: Saving info: ./results/energies_forces_nacs_run-100_train.txt
2025-10-22 10:35:47.012 DEBUG: Saving info: ./results/energies_forces_nacs_run-100_train.txt
2025-10-22 10:35:47.057 DEBUG: Saving info: ./results/energies_forces_nacs_run-100_train.txt
2025-10-22 10:35:47.103 DEBUG: Saving info: ./results/energies_forces_nacs_run-100_train.txt
2025-10-22 10:35:47.149 DEBUG: Saving info: ./results/energies_forces_nacs_run-100_train.txt
2025-10-22 10:35:47.195 DEBUG: Saving info: ./results/energies_forces_nacs_run-100_train.txt
2025-10-22 10:35:47.240 DEBUG: Saving info: ./results/energies_forces_nacs_run-100_train.txt
2025-10-22 10:35:47.286 DEBUG: Saving info: ./results/energies_forces_nacs_run-100_train.txt
2025-10-22 10:35:47.332 DEBUG: Saving info: ./results/energies_forces_nacs_run-100_train.txt
2025-10-22 10:35:47.378 DEBUG: Saving info: ./results/energies_forces_nacs_run-100_train.txt
2025-10-22 10:35:47.424 DEBUG: Saving info: ./results/energies_forces_nacs_run-100_train.txt
2025-10-22 10:35:47.470 DEBUG: Saving info: ./results/energies_forces_nacs_run-100_train.txt
2025-10-22 10:35:47.515 DEBUG: Saving info: ./results/energies_forces_nacs_run-100_train.txt
2025-10-22 10:35:47.561 DEBUG: Saving info: ./results/energies_forces_nacs_run-100_train.txt
2025-10-22 10:35:47.607 DEBUG: Saving info: ./results/energies_forces_nacs_run-100_train.txt
2025-10-22 10:35:47.653 DEBUG: Saving info: ./results/energies_forces_nacs_run-100_train.txt
2025-10-22 10:35:47.699 DEBUG: Saving info: ./results/energies_forces_nacs_run-100_train.txt
2025-10-22 10:35:47.745 DEBUG: Saving info: ./results/energies_forces_nacs_run-100_train.txt
2025-10-22 10:35:47.791 DEBUG: Saving info: ./results/energies_forces_nacs_run-100_train.txt
2025-10-22 10:35:47.837 DEBUG: Saving info: ./results/energies_forces_nacs_run-100_train.txt
2025-10-22 10:35:47.883 DEBUG: Saving info: ./results/energies_forces_nacs_run-100_train.txt
2025-10-22 10:35:47.928 DEBUG: Saving info: ./results/energies_forces_nacs_run-100_train.txt
2025-10-22 10:35:47.974 DEBUG: Saving info: ./results/energies_forces_nacs_run-100_train.txt
2025-10-22 10:35:48.020 DEBUG: Saving info: ./results/energies_forces_nacs_run-100_train.txt
2025-10-22 10:35:48.066 DEBUG: Saving info: ./results/energies_forces_nacs_run-100_train.txt
2025-10-22 10:35:48.112 DEBUG: Saving info: ./results/energies_forces_nacs_run-100_train.txt
2025-10-22 10:35:48.158 DEBUG: Saving info: ./results/energies_forces_nacs_run-100_train.txt
2025-10-22 10:35:48.203 DEBUG: Saving info: ./results/energies_forces_nacs_run-100_train.txt
2025-10-22 10:35:48.249 DEBUG: Saving info: ./results/energies_forces_nacs_run-100_train.txt
2025-10-22 10:35:48.295 DEBUG: Saving info: ./results/energies_forces_nacs_run-100_train.txt
2025-10-22 10:35:48.341 DEBUG: Saving info: ./results/energies_forces_nacs_run-100_train.txt
2025-10-22 10:35:48.387 DEBUG: Saving info: ./results/energies_forces_nacs_run-100_train.txt
2025-10-22 10:35:48.433 DEBUG: Saving info: ./results/energies_forces_nacs_run-100_train.txt
2025-10-22 10:35:48.478 DEBUG: Saving info: ./results/energies_forces_nacs_run-100_train.txt
2025-10-22 10:35:48.524 DEBUG: Saving info: ./results/energies_forces_nacs_run-100_train.txt
2025-10-22 10:35:48.727 DEBUG: Saving info: ./results/energies_forces_nacs_run-100_train.txt
2025-10-22 10:35:48.728 DEBUG: Deleting old checkpoint file: ./checkpoints/energies_forces_nacs_run-100_epoch-7.pt
2025-10-22 10:35:48.729 DEBUG: Saving checkpoint: ./checkpoints/energies_forces_nacs_run-100_epoch-8.pt
2025-10-22 10:35:48.815 DEBUG: Saving info: ./results/energies_forces_nacs_run-100_train.txt
2025-10-22 10:35:48.860 DEBUG: Saving info: ./results/energies_forces_nacs_run-100_train.txt
2025-10-22 10:35:48.906 DEBUG: Saving info: ./results/energies_forces_nacs_run-100_train.txt
2025-10-22 10:35:48.952 DEBUG: Saving info: ./results/energies_forces_nacs_run-100_train.txt
2025-10-22 10:35:48.998 DEBUG: Saving info: ./results/energies_forces_nacs_run-100_train.txt
2025-10-22 10:35:49.044 DEBUG: Saving info: ./results/energies_forces_nacs_run-100_train.txt
2025-10-22 10:35:49.090 DEBUG: Saving info: ./results/energies_forces_nacs_run-100_train.txt
2025-10-22 10:35:49.136 DEBUG: Saving info: ./results/energies_forces_nacs_run-100_train.txt
2025-10-22 10:35:49.182 DEBUG: Saving info: ./results/energies_forces_nacs_run-100_train.txt
2025-10-22 10:35:49.228 DEBUG: Saving info: ./results/energies_forces_nacs_run-100_train.txt
2025-10-22 10:35:49.274 DEBUG: Saving info: ./results/energies_forces_nacs_run-100_train.txt
2025-10-22 10:35:49.320 DEBUG: Saving info: ./results/energies_forces_nacs_run-100_train.txt
2025-10-22 10:35:49.366 DEBUG: Saving info: ./results/energies_forces_nacs_run-100_train.txt
2025-10-22 10:35:49.412 DEBUG: Saving info: ./results/energies_forces_nacs_run-100_train.txt
2025-10-22 10:35:49.458 DEBUG: Saving info: ./results/energies_forces_nacs_run-100_train.txt
2025-10-22 10:35:49.504 DEBUG: Saving info: ./results/energies_forces_nacs_run-100_train.txt
2025-10-22 10:35:49.549 DEBUG: Saving info: ./results/energies_forces_nacs_run-100_train.txt
2025-10-22 10:35:49.595 DEBUG: Saving info: ./results/energies_forces_nacs_run-100_train.txt
2025-10-22 10:35:49.641 DEBUG: Saving info: ./results/energies_forces_nacs_run-100_train.txt
2025-10-22 10:35:49.688 DEBUG: Saving info: ./results/energies_forces_nacs_run-100_train.txt
2025-10-22 10:35:49.733 DEBUG: Saving info: ./results/energies_forces_nacs_run-100_train.txt
2025-10-22 10:35:49.779 DEBUG: Saving info: ./results/energies_forces_nacs_run-100_train.txt
2025-10-22 10:35:49.825 DEBUG: Saving info: ./results/energies_forces_nacs_run-100_train.txt
2025-10-22 10:35:49.871 DEBUG: Saving info: ./results/energies_forces_nacs_run-100_train.txt
2025-10-22 10:35:49.917 DEBUG: Saving info: ./results/energies_forces_nacs_run-100_train.txt
2025-10-22 10:35:49.962 DEBUG: Saving info: ./results/energies_forces_nacs_run-100_train.txt
2025-10-22 10:35:50.008 DEBUG: Saving info: ./results/energies_forces_nacs_run-100_train.txt
2025-10-22 10:35:50.054 DEBUG: Saving info: ./results/energies_forces_nacs_run-100_train.txt
2025-10-22 10:35:50.100 DEBUG: Saving info: ./results/energies_forces_nacs_run-100_train.txt
2025-10-22 10:35:50.146 DEBUG: Saving info: ./results/energies_forces_nacs_run-100_train.txt
2025-10-22 10:35:50.192 DEBUG: Saving info: ./results/energies_forces_nacs_run-100_train.txt
2025-10-22 10:35:50.237 DEBUG: Saving info: ./results/energies_forces_nacs_run-100_train.txt
2025-10-22 10:35:50.283 DEBUG: Saving info: ./results/energies_forces_nacs_run-100_train.txt
2025-10-22 10:35:50.329 DEBUG: Saving info: ./results/energies_forces_nacs_run-100_train.txt
2025-10-22 10:35:50.375 DEBUG: Saving info: ./results/energies_forces_nacs_run-100_train.txt
2025-10-22 10:35:50.420 DEBUG: Saving info: ./results/energies_forces_nacs_run-100_train.txt
2025-10-22 10:35:50.467 DEBUG: Saving info: ./results/energies_forces_nacs_run-100_train.txt
2025-10-22 10:35:50.512 DEBUG: Saving info: ./results/energies_forces_nacs_run-100_train.txt
2025-10-22 10:35:50.558 DEBUG: Saving info: ./results/energies_forces_nacs_run-100_train.txt
2025-10-22 10:35:50.604 DEBUG: Saving info: ./results/energies_forces_nacs_run-100_train.txt
2025-10-22 10:35:50.650 DEBUG: Saving info: ./results/energies_forces_nacs_run-100_train.txt
2025-10-22 10:35:50.695 DEBUG: Saving info: ./results/energies_forces_nacs_run-100_train.txt
2025-10-22 10:35:50.741 DEBUG: Saving info: ./results/energies_forces_nacs_run-100_train.txt
2025-10-22 10:35:50.787 DEBUG: Saving info: ./results/energies_forces_nacs_run-100_train.txt
2025-10-22 10:35:50.833 DEBUG: Saving info: ./results/energies_forces_nacs_run-100_train.txt
2025-10-22 10:35:50.878 DEBUG: Saving info: ./results/energies_forces_nacs_run-100_train.txt
2025-10-22 10:35:50.924 DEBUG: Saving info: ./results/energies_forces_nacs_run-100_train.txt
2025-10-22 10:35:50.970 DEBUG: Saving info: ./results/energies_forces_nacs_run-100_train.txt
2025-10-22 10:35:51.016 DEBUG: Saving info: ./results/energies_forces_nacs_run-100_train.txt
2025-10-22 10:35:51.062 DEBUG: Saving info: ./results/energies_forces_nacs_run-100_train.txt
2025-10-22 10:35:51.108 DEBUG: Saving info: ./results/energies_forces_nacs_run-100_train.txt
2025-10-22 10:35:51.153 DEBUG: Saving info: ./results/energies_forces_nacs_run-100_train.txt
2025-10-22 10:35:51.199 DEBUG: Saving info: ./results/energies_forces_nacs_run-100_train.txt
2025-10-22 10:35:51.245 DEBUG: Saving info: ./results/energies_forces_nacs_run-100_train.txt
2025-10-22 10:35:51.291 DEBUG: Saving info: ./results/energies_forces_nacs_run-100_train.txt
2025-10-22 10:35:51.336 DEBUG: Saving info: ./results/energies_forces_nacs_run-100_train.txt
2025-10-22 10:35:51.382 DEBUG: Saving info: ./results/energies_forces_nacs_run-100_train.txt
2025-10-22 10:35:51.428 DEBUG: Saving info: ./results/energies_forces_nacs_run-100_train.txt
2025-10-22 10:35:51.483 DEBUG: Saving info: ./results/energies_forces_nacs_run-100_train.txt
2025-10-22 10:35:51.529 DEBUG: Saving info: ./results/energies_forces_nacs_run-100_train.txt
2025-10-22 10:35:51.575 DEBUG: Saving info: ./results/energies_forces_nacs_run-100_train.txt
2025-10-22 10:35:51.621 DEBUG: Saving info: ./results/energies_forces_nacs_run-100_train.txt
2025-10-22 10:35:51.666 DEBUG: Saving info: ./results/energies_forces_nacs_run-100_train.txt
2025-10-22 10:35:51.712 DEBUG: Saving info: ./results/energies_forces_nacs_run-100_train.txt
2025-10-22 10:35:51.758 DEBUG: Saving info: ./results/energies_forces_nacs_run-100_train.txt
2025-10-22 10:35:51.803 DEBUG: Saving info: ./results/energies_forces_nacs_run-100_train.txt
2025-10-22 10:35:51.849 DEBUG: Saving info: ./results/energies_forces_nacs_run-100_train.txt
2025-10-22 10:35:51.895 DEBUG: Saving info: ./results/energies_forces_nacs_run-100_train.txt
2025-10-22 10:35:51.941 DEBUG: Saving info: ./results/energies_forces_nacs_run-100_train.txt
2025-10-22 10:35:51.987 DEBUG: Saving info: ./results/energies_forces_nacs_run-100_train.txt
2025-10-22 10:35:52.033 DEBUG: Saving info: ./results/energies_forces_nacs_run-100_train.txt
2025-10-22 10:35:52.079 DEBUG: Saving info: ./results/energies_forces_nacs_run-100_train.txt
2025-10-22 10:35:52.125 DEBUG: Saving info: ./results/energies_forces_nacs_run-100_train.txt
2025-10-22 10:35:52.171 DEBUG: Saving info: ./results/energies_forces_nacs_run-100_train.txt
2025-10-22 10:35:52.217 DEBUG: Saving info: ./results/energies_forces_nacs_run-100_train.txt
2025-10-22 10:35:52.262 DEBUG: Saving info: ./results/energies_forces_nacs_run-100_train.txt
2025-10-22 10:35:52.308 DEBUG: Saving info: ./results/energies_forces_nacs_run-100_train.txt
2025-10-22 10:35:52.354 DEBUG: Saving info: ./results/energies_forces_nacs_run-100_train.txt
2025-10-22 10:35:52.400 DEBUG: Saving info: ./results/energies_forces_nacs_run-100_train.txt
2025-10-22 10:35:52.446 DEBUG: Saving info: ./results/energies_forces_nacs_run-100_train.txt
2025-10-22 10:35:52.491 DEBUG: Saving info: ./results/energies_forces_nacs_run-100_train.txt
2025-10-22 10:35:52.537 DEBUG: Saving info: ./results/energies_forces_nacs_run-100_train.txt
2025-10-22 10:35:52.583 DEBUG: Saving info: ./results/energies_forces_nacs_run-100_train.txt
2025-10-22 10:35:52.629 DEBUG: Saving info: ./results/energies_forces_nacs_run-100_train.txt
2025-10-22 10:35:52.675 DEBUG: Saving info: ./results/energies_forces_nacs_run-100_train.txt
2025-10-22 10:35:52.878 DEBUG: Saving info: ./results/energies_forces_nacs_run-100_train.txt
2025-10-22 10:35:52.879 DEBUG: Deleting old checkpoint file: ./checkpoints/energies_forces_nacs_run-100_epoch-8.pt
2025-10-22 10:35:52.879 DEBUG: Saving checkpoint: ./checkpoints/energies_forces_nacs_run-100_epoch-9.pt
2025-10-22 10:35:52.965 DEBUG: Saving info: ./results/energies_forces_nacs_run-100_train.txt
2025-10-22 10:35:53.010 DEBUG: Saving info: ./results/energies_forces_nacs_run-100_train.txt
2025-10-22 10:35:53.056 DEBUG: Saving info: ./results/energies_forces_nacs_run-100_train.txt
2025-10-22 10:35:53.102 DEBUG: Saving info: ./results/energies_forces_nacs_run-100_train.txt
2025-10-22 10:35:53.148 DEBUG: Saving info: ./results/energies_forces_nacs_run-100_train.txt
2025-10-22 10:35:53.193 DEBUG: Saving info: ./results/energies_forces_nacs_run-100_train.txt
2025-10-22 10:35:53.239 DEBUG: Saving info: ./results/energies_forces_nacs_run-100_train.txt
2025-10-22 10:35:53.285 DEBUG: Saving info: ./results/energies_forces_nacs_run-100_train.txt
2025-10-22 10:35:53.331 DEBUG: Saving info: ./results/energies_forces_nacs_run-100_train.txt
2025-10-22 10:35:53.376 DEBUG: Saving info: ./results/energies_forces_nacs_run-100_train.txt
2025-10-22 10:35:53.422 DEBUG: Saving info: ./results/energies_forces_nacs_run-100_train.txt
2025-10-22 10:35:53.468 DEBUG: Saving info: ./results/energies_forces_nacs_run-100_train.txt
2025-10-22 10:35:53.514 DEBUG: Saving info: ./results/energies_forces_nacs_run-100_train.txt
2025-10-22 10:35:53.559 DEBUG: Saving info: ./results/energies_forces_nacs_run-100_train.txt
2025-10-22 10:35:53.606 DEBUG: Saving info: ./results/energies_forces_nacs_run-100_train.txt
2025-10-22 10:35:53.652 DEBUG: Saving info: ./results/energies_forces_nacs_run-100_train.txt
2025-10-22 10:35:53.698 DEBUG: Saving info: ./results/energies_forces_nacs_run-100_train.txt
2025-10-22 10:35:53.744 DEBUG: Saving info: ./results/energies_forces_nacs_run-100_train.txt
2025-10-22 10:35:53.790 DEBUG: Saving info: ./results/energies_forces_nacs_run-100_train.txt
2025-10-22 10:35:53.835 DEBUG: Saving info: ./results/energies_forces_nacs_run-100_train.txt
2025-10-22 10:35:53.881 DEBUG: Saving info: ./results/energies_forces_nacs_run-100_train.txt
2025-10-22 10:35:53.927 DEBUG: Saving info: ./results/energies_forces_nacs_run-100_train.txt
2025-10-22 10:35:53.973 DEBUG: Saving info: ./results/energies_forces_nacs_run-100_train.txt
2025-10-22 10:35:54.019 DEBUG: Saving info: ./results/energies_forces_nacs_run-100_train.txt
2025-10-22 10:35:54.065 DEBUG: Saving info: ./results/energies_forces_nacs_run-100_train.txt
2025-10-22 10:35:54.111 DEBUG: Saving info: ./results/energies_forces_nacs_run-100_train.txt
2025-10-22 10:35:54.157 DEBUG: Saving info: ./results/energies_forces_nacs_run-100_train.txt
2025-10-22 10:35:54.203 DEBUG: Saving info: ./results/energies_forces_nacs_run-100_train.txt
2025-10-22 10:35:54.249 DEBUG: Saving info: ./results/energies_forces_nacs_run-100_train.txt
2025-10-22 10:35:54.294 DEBUG: Saving info: ./results/energies_forces_nacs_run-100_train.txt
2025-10-22 10:35:54.340 DEBUG: Saving info: ./results/energies_forces_nacs_run-100_train.txt
2025-10-22 10:35:54.385 DEBUG: Saving info: ./results/energies_forces_nacs_run-100_train.txt
2025-10-22 10:35:54.431 DEBUG: Saving info: ./results/energies_forces_nacs_run-100_train.txt
2025-10-22 10:35:54.477 DEBUG: Saving info: ./results/energies_forces_nacs_run-100_train.txt
2025-10-22 10:35:54.522 DEBUG: Saving info: ./results/energies_forces_nacs_run-100_train.txt
2025-10-22 10:35:54.568 DEBUG: Saving info: ./results/energies_forces_nacs_run-100_train.txt
2025-10-22 10:35:54.615 DEBUG: Saving info: ./results/energies_forces_nacs_run-100_train.txt
2025-10-22 10:35:54.660 DEBUG: Saving info: ./results/energies_forces_nacs_run-100_train.txt
2025-10-22 10:35:54.706 DEBUG: Saving info: ./results/energies_forces_nacs_run-100_train.txt
2025-10-22 10:35:54.752 DEBUG: Saving info: ./results/energies_forces_nacs_run-100_train.txt
2025-10-22 10:35:54.798 DEBUG: Saving info: ./results/energies_forces_nacs_run-100_train.txt
2025-10-22 10:35:54.844 DEBUG: Saving info: ./results/energies_forces_nacs_run-100_train.txt
2025-10-22 10:35:54.889 DEBUG: Saving info: ./results/energies_forces_nacs_run-100_train.txt
2025-10-22 10:35:54.935 DEBUG: Saving info: ./results/energies_forces_nacs_run-100_train.txt
2025-10-22 10:35:54.981 DEBUG: Saving info: ./results/energies_forces_nacs_run-100_train.txt
2025-10-22 10:35:55.027 DEBUG: Saving info: ./results/energies_forces_nacs_run-100_train.txt
2025-10-22 10:35:55.074 DEBUG: Saving info: ./results/energies_forces_nacs_run-100_train.txt
2025-10-22 10:35:55.120 DEBUG: Saving info: ./results/energies_forces_nacs_run-100_train.txt
2025-10-22 10:35:55.166 DEBUG: Saving info: ./results/energies_forces_nacs_run-100_train.txt
2025-10-22 10:35:55.212 DEBUG: Saving info: ./results/energies_forces_nacs_run-100_train.txt
2025-10-22 10:35:55.257 DEBUG: Saving info: ./results/energies_forces_nacs_run-100_train.txt
2025-10-22 10:35:55.303 DEBUG: Saving info: ./results/energies_forces_nacs_run-100_train.txt
2025-10-22 10:35:55.349 DEBUG: Saving info: ./results/energies_forces_nacs_run-100_train.txt
2025-10-22 10:35:55.395 DEBUG: Saving info: ./results/energies_forces_nacs_run-100_train.txt
2025-10-22 10:35:55.441 DEBUG: Saving info: ./results/energies_forces_nacs_run-100_train.txt
2025-10-22 10:35:55.486 DEBUG: Saving info: ./results/energies_forces_nacs_run-100_train.txt
2025-10-22 10:35:55.532 DEBUG: Saving info: ./results/energies_forces_nacs_run-100_train.txt
2025-10-22 10:35:55.578 DEBUG: Saving info: ./results/energies_forces_nacs_run-100_train.txt
2025-10-22 10:35:55.624 DEBUG: Saving info: ./results/energies_forces_nacs_run-100_train.txt
2025-10-22 10:35:55.670 DEBUG: Saving info: ./results/energies_forces_nacs_run-100_train.txt
2025-10-22 10:35:55.716 DEBUG: Saving info: ./results/energies_forces_nacs_run-100_train.txt
2025-10-22 10:35:55.762 DEBUG: Saving info: ./results/energies_forces_nacs_run-100_train.txt
2025-10-22 10:35:55.807 DEBUG: Saving info: ./results/energies_forces_nacs_run-100_train.txt
2025-10-22 10:35:55.853 DEBUG: Saving info: ./results/energies_forces_nacs_run-100_train.txt
2025-10-22 10:35:55.899 DEBUG: Saving info: ./results/energies_forces_nacs_run-100_train.txt
2025-10-22 10:35:55.945 DEBUG: Saving info: ./results/energies_forces_nacs_run-100_train.txt
2025-10-22 10:35:55.991 DEBUG: Saving info: ./results/energies_forces_nacs_run-100_train.txt
2025-10-22 10:35:56.037 DEBUG: Saving info: ./results/energies_forces_nacs_run-100_train.txt
2025-10-22 10:35:56.083 DEBUG: Saving info: ./results/energies_forces_nacs_run-100_train.txt
2025-10-22 10:35:56.129 DEBUG: Saving info: ./results/energies_forces_nacs_run-100_train.txt
2025-10-22 10:35:56.175 DEBUG: Saving info: ./results/energies_forces_nacs_run-100_train.txt
2025-10-22 10:35:56.221 DEBUG: Saving info: ./results/energies_forces_nacs_run-100_train.txt
2025-10-22 10:35:56.266 DEBUG: Saving info: ./results/energies_forces_nacs_run-100_train.txt
2025-10-22 10:35:56.312 DEBUG: Saving info: ./results/energies_forces_nacs_run-100_train.txt
2025-10-22 10:35:56.358 DEBUG: Saving info: ./results/energies_forces_nacs_run-100_train.txt
2025-10-22 10:35:56.404 DEBUG: Saving info: ./results/energies_forces_nacs_run-100_train.txt
2025-10-22 10:35:56.450 DEBUG: Saving info: ./results/energies_forces_nacs_run-100_train.txt
2025-10-22 10:35:56.505 DEBUG: Saving info: ./results/energies_forces_nacs_run-100_train.txt
2025-10-22 10:35:56.551 DEBUG: Saving info: ./results/energies_forces_nacs_run-100_train.txt
2025-10-22 10:35:56.596 DEBUG: Saving info: ./results/energies_forces_nacs_run-100_train.txt
2025-10-22 10:35:56.642 DEBUG: Saving info: ./results/energies_forces_nacs_run-100_train.txt
2025-10-22 10:35:56.688 DEBUG: Saving info: ./results/energies_forces_nacs_run-100_train.txt
2025-10-22 10:35:56.734 DEBUG: Saving info: ./results/energies_forces_nacs_run-100_train.txt
2025-10-22 10:35:56.780 DEBUG: Saving info: ./results/energies_forces_nacs_run-100_train.txt
2025-10-22 10:35:56.825 DEBUG: Saving info: ./results/energies_forces_nacs_run-100_train.txt
2025-10-22 10:35:57.030 DEBUG: Saving info: ./results/energies_forces_nacs_run-100_train.txt
2025-10-22 10:35:57.030 DEBUG: Deleting old checkpoint file: ./checkpoints/energies_forces_nacs_run-100_epoch-9.pt
2025-10-22 10:35:57.031 DEBUG: Saving checkpoint: ./checkpoints/energies_forces_nacs_run-100_epoch-10.pt
2025-10-22 10:35:57.116 DEBUG: Saving info: ./results/energies_forces_nacs_run-100_train.txt
2025-10-22 10:35:57.162 DEBUG: Saving info: ./results/energies_forces_nacs_run-100_train.txt
2025-10-22 10:35:57.208 DEBUG: Saving info: ./results/energies_forces_nacs_run-100_train.txt
2025-10-22 10:35:57.254 DEBUG: Saving info: ./results/energies_forces_nacs_run-100_train.txt
2025-10-22 10:35:57.300 DEBUG: Saving info: ./results/energies_forces_nacs_run-100_train.txt
2025-10-22 10:35:57.345 DEBUG: Saving info: ./results/energies_forces_nacs_run-100_train.txt
2025-10-22 10:35:57.391 DEBUG: Saving info: ./results/energies_forces_nacs_run-100_train.txt
2025-10-22 10:35:57.437 DEBUG: Saving info: ./results/energies_forces_nacs_run-100_train.txt
2025-10-22 10:35:57.483 DEBUG: Saving info: ./results/energies_forces_nacs_run-100_train.txt
2025-10-22 10:35:57.529 DEBUG: Saving info: ./results/energies_forces_nacs_run-100_train.txt
2025-10-22 10:35:57.575 DEBUG: Saving info: ./results/energies_forces_nacs_run-100_train.txt
2025-10-22 10:35:57.620 DEBUG: Saving info: ./results/energies_forces_nacs_run-100_train.txt
2025-10-22 10:35:57.666 DEBUG: Saving info: ./results/energies_forces_nacs_run-100_train.txt
2025-10-22 10:35:57.712 DEBUG: Saving info: ./results/energies_forces_nacs_run-100_train.txt
2025-10-22 10:35:57.757 DEBUG: Saving info: ./results/energies_forces_nacs_run-100_train.txt
2025-10-22 10:35:57.804 DEBUG: Saving info: ./results/energies_forces_nacs_run-100_train.txt
2025-10-22 10:35:57.849 DEBUG: Saving info: ./results/energies_forces_nacs_run-100_train.txt
2025-10-22 10:35:57.895 DEBUG: Saving info: ./results/energies_forces_nacs_run-100_train.txt
2025-10-22 10:36:24.856 INFO: ===========VERIFYING SETTINGS===========
2025-10-22 10:36:24.856 INFO: MACE version: 0.3.6
2025-10-22 10:36:24.856 DEBUG: Configuration: Namespace(config=None, name='energies_forces_nacs', seed=100, work_dir='.', nacs_key='smooth_nacs', log_dir='./logs', model_dir='.', checkpoints_dir='./checkpoints', results_dir='./results', downloads_dir='./downloads', device='cuda', default_dtype='float32', distributed=False, log_level='INFO', n_energies=4, error_table='EnergyNacsDipoleMAE', model='ExcitedMACE', r_max=5.0, num_permutational_invariant=16, radial_type='bessel', num_radial_basis=8, num_cutoff_basis=5, pair_repulsion=False, distance_transform='None', interaction='RealAgnosticResidualInteractionBlock', interaction_first='RealAgnosticResidualInteractionBlock', max_ell=3, correlation=3, num_interactions=2, MLP_irreps='32x0e', radial_MLP='[64, 64, 64]', hidden_irreps='32x0e + 32x1o', num_channels=32, max_L=1, gate='silu', scaling='rms_forces_scaling', avg_num_neighbors=1, compute_avg_num_neighbors=True, compute_stress=False, compute_forces=True, compute_dipoles=True, compute_nacs=True, compute_socs=False, train_file='ENERGIES_FORCES_NACS.xyz', valid_file=None, valid_fraction=0.1, test_file=None, test_dir=None, multi_processed_test=False, num_workers=0, pin_memory=True, atomic_numbers=None, mean=None, std=None, statistics_file=None, E0s='average', keep_isolated_atoms=False, energy_key='REF_energy', forces_key='REF_forces', virials_key='REF_virials', stress_key='REF_stress', dipoles_key='REF_dipoles', charges_key='REF_charges', loss='weighted', forces_weight=100.0, nacs_weight=0.0, socs_weight=0.0, soc_num=None, nac_num=6, swa_forces_weight=100.0, energy_weight=100.0, swa_energy_weight=1000.0, virials_weight=1.0, swa_virials_weight=10.0, stress_weight=1.0, swa_stress_weight=10.0, dipoles_weight=1.0, swa_dipole_weight=1.0, config_type_weights='{"Default":1.0}', huber_delta=0.01, optimizer='adam', beta=0.9, batch_size=10, valid_batch_size=10, lr=0.0001, swa_lr=0.001, weight_decay=5e-07, amsgrad=True, scheduler='ReduceLROnPlateau', lr_factor=0.8, scheduler_patience=50, lr_scheduler_gamma=0.9993, swa=False, start_swa=None, ema=True, ema_decay=0.99, max_num_epochs=100, patience=2048, foundation_model=None, foundation_model_readout=True, eval_interval=1, keep_checkpoints=False, save_all_checkpoints=False, restart_latest=False, save_cpu=False, clip_grad=10.0, wandb=False, wandb_dir=None, wandb_project='', wandb_entity='', wandb_name='', wandb_log_hypers=['num_channels', 'max_L', 'correlation', 'lr', 'swa_lr', 'weight_decay', 'batch_size', 'max_num_epochs', 'start_swa', 'energy_weight', 'forces_weight'])
2025-10-22 10:36:24.885 INFO: CUDA version: 12.4, CUDA device: 0
2025-10-22 10:36:24.902 DEBUG: Popen(['git', 'version'], cwd=/home/rhyan/Exciton_model/X-MACE, stdin=None, shell=False, universal_newlines=False)
2025-10-22 10:36:24.904 DEBUG: Popen(['git', 'version'], cwd=/home/rhyan/Exciton_model/X-MACE, stdin=None, shell=False, universal_newlines=False)
2025-10-22 10:36:24.905 DEBUG: sys.platform='linux', git_executable='git'
2025-10-22 10:36:24.905 DEBUG: Popen(['git', 'cat-file', '--batch-check'], cwd=/home/rhyan/Exciton_model/X-MACE, stdin=<valid stream>, shell=False, universal_newlines=False)
2025-10-22 10:36:24.906 DEBUG: Current Git commit: 0861c52cf365064d060e006c179e4cc1785b61c2
2025-10-22 10:36:24.907 INFO: 
2025-10-22 10:36:24.907 INFO: ===========LOADING INPUT DATA===========
2025-10-22 10:36:26.335 INFO: Using random 10% of training set for validation with indices saved in: ./valid_indices_100.txt
2025-10-22 10:36:26.337 INFO: Atomic Numbers used: [1, 6, 7, 8]
2025-10-22 10:36:26.337 INFO: Isolated Atomic Energies (E0s) not in training file, using command line argument
2025-10-22 10:36:26.337 INFO: Computing average Atomic Energies using least squares regression
2025-10-22 10:36:26.344 INFO: Atomic Energies used (z: eV): {1: -967.8427909292559, 6: -1244.3693026233295, 7: -138.2632558470366, 8: -829.5795350822196}
2025-10-22 10:36:26.545 INFO: 
2025-10-22 10:36:26.545 INFO: ===========MODEL DETAILS===========
2025-10-22 10:36:26.774 INFO: Average number of neighbors: 15.7
2025-10-22 10:36:26.774 INFO: During training the following quantities will be reported: energy, forces, dipoles, nacs
2025-10-22 10:36:26.865 INFO: Building model
2025-10-22 10:36:26.865 INFO: Message passing with 32 channels and max_L=1 (32x0e + 32x1o)
2025-10-22 10:36:26.865 INFO: 2 layers, each with correlation order: 3 (body order: 4) and spherical harmonics up to: l=3
2025-10-22 10:36:26.865 INFO: 8 radial and 5 basis functions
2025-10-22 10:36:26.865 INFO: Radial cutoff: 5.0 Å (total receptive field for each atom: 10.0 Å)
2025-10-22 10:36:26.865 INFO: Distance transform for radial basis functions: None
2025-10-22 10:36:27.556 DEBUG: ExcitedMACE(
  (node_embedding): LinearNodeEmbeddingBlock(
    (linear): Linear(4x0e -> 32x0e | 128 weights)
  )
  (radial_embedding): RadialEmbeddingBlock(
    (bessel_fn): BesselBasis(r_max=5.0, num_basis=8, trainable=False)
    (cutoff_fn): PolynomialCutoff(p=5.0, r_max=5.0)
  )
  (spherical_harmonics): SphericalHarmonics()
  (atomic_energies_fn): AtomicEnergiesBlock(energies=[-967.8428, -1244.3693, -138.2633, -829.5795])
  (interactions): ModuleList(
    (0): RealAgnosticInteractionBlock(
      (linear_up): Linear(32x0e -> 32x0e | 1024 weights)
      (conv_tp): TensorProduct(32x0e x 1x0e+1x1o+1x2e+1x3o -> 32x0e+32x1o+32x2e+32x3o | 128 paths | 128 weights)
      (conv_tp_weights): FullyConnectedNet[8, 64, 64, 64, 128]
      (linear): Linear(32x0e+32x1o+32x2e+32x3o -> 32x0e+32x1o+32x2e+32x3o | 4096 weights)
      (skip_tp): FullyConnectedTensorProduct(32x0e+32x1o+32x2e+32x3o x 4x0e -> 32x0e+32x1o+32x2e+32x3o | 16384 paths | 16384 weights)
      (reshape): reshape_irreps()
    )
    (1): RealAgnosticResidualInteractionBlock(
      (linear_up): Linear(32x0e+32x1o -> 32x0e+32x1o | 2048 weights)
      (conv_tp): TensorProduct(32x0e+32x1o x 1x0e+1x1o+1x2e+1x3o -> 64x0e+96x1o+96x2e+64x3o | 320 paths | 320 weights)
      (conv_tp_weights): FullyConnectedNet[8, 64, 64, 64, 320]
      (linear): Linear(64x0e+96x1o+96x2e+64x3o -> 32x0e+32x1o+32x2e+32x3o | 10240 weights)
      (skip_tp): FullyConnectedTensorProduct(32x0e+32x1o x 4x0e -> 32x0e | 4096 paths | 4096 weights)
      (reshape): reshape_irreps()
    )
  )
  (products): ModuleList(
    (0): EquivariantProductBasisBlock(
      (symmetric_contractions): SymmetricContraction(
        (contractions): ModuleList(
          (0): Contraction(
            (contractions_weighting): ModuleList(
              (0-1): 2 x GraphModule()
            )
            (contractions_features): ModuleList(
              (0-1): 2 x GraphModule()
            )
            (weights): ParameterList(
                (0): Parameter containing: [torch.float32 of size 4x4x32 (cuda:0)]
                (1): Parameter containing: [torch.float32 of size 4x1x32 (cuda:0)]
            )
            (graph_opt_main): GraphModule()
          )
          (1): Contraction(
            (contractions_weighting): ModuleList(
              (0-1): 2 x GraphModule()
            )
            (contractions_features): ModuleList(
              (0-1): 2 x GraphModule()
            )
            (weights): ParameterList(
                (0): Parameter containing: [torch.float32 of size 4x6x32 (cuda:0)]
                (1): Parameter containing: [torch.float32 of size 4x1x32 (cuda:0)]
            )
            (graph_opt_main): GraphModule()
          )
        )
      )
      (linear): Linear(32x0e+32x1o -> 32x0e+32x1o | 2048 weights)
    )
    (1): EquivariantProductBasisBlock(
      (symmetric_contractions): SymmetricContraction(
        (contractions): ModuleList(
          (0): Contraction(
            (contractions_weighting): ModuleList(
              (0-1): 2 x GraphModule()
            )
            (contractions_features): ModuleList(
              (0-1): 2 x GraphModule()
            )
            (weights): ParameterList(
                (0): Parameter containing: [torch.float32 of size 4x4x32 (cuda:0)]
                (1): Parameter containing: [torch.float32 of size 4x1x32 (cuda:0)]
            )
            (graph_opt_main): GraphModule()
          )
        )
      )
      (linear): Linear(32x0e -> 32x0e | 1024 weights)
    )
  )
  (readouts): ModuleList(
    (0): LinearReadoutBlock(
      (linear): Linear(32x0e+32x1o -> 4x0e+6x1o | 320 weights)
    )
    (1): NonLinearReadoutBlock(
      (linear_1): Linear(32x0e -> 32x0e | 1024 weights)
      (non_linearity): Activation [x] (32x0e -> 32x0e)
      (linear_2): Linear(32x0e -> 4x0e+6x1o | 128 weights)
    )
  )
  (socs_readouts): ModuleList(
    (0): None
  )
)
2025-10-22 10:36:27.557 INFO: Total number of parameters: 103232
2025-10-22 10:36:27.557 INFO: 
2025-10-22 10:36:27.557 INFO: ===========OPTIMIZER INFORMATION===========
2025-10-22 10:36:27.557 INFO: Using ADAM as parameter optimizer
2025-10-22 10:36:27.557 INFO: Batch size: 10
2025-10-22 10:36:27.557 INFO: Using Exponential Moving Average with decay: 0.99
2025-10-22 10:36:27.557 INFO: Number of gradient updates: 8550
2025-10-22 10:36:27.557 INFO: Learning rate: 0.0001, weight decay: 5e-07
2025-10-22 10:36:27.557 INFO: WeightedEnergyForcesNacsDipoleLoss(energy_weight=100.000, forces_weight=100.000, dipole_weight=1.000)
2025-10-22 10:36:27.558 INFO: Using gradient clipping with tolerance=10.000
2025-10-22 10:36:27.558 INFO: 
2025-10-22 10:36:27.558 INFO: ===========TRAINING===========
2025-10-22 10:36:27.558 INFO: Started training, reporting errors on validation set
2025-10-22 10:36:27.558 INFO: Loss metrics on validation set
2025-10-22 10:36:29.794 DEBUG: Saving info: ./results/energies_forces_nacs_run-100_train.txt
2025-10-22 10:36:30.220 DEBUG: Saving info: ./results/energies_forces_nacs_run-100_train.txt
2025-10-22 10:36:30.786 DEBUG: Saving info: ./results/energies_forces_nacs_run-100_train.txt
2025-10-22 10:36:31.405 DEBUG: Saving info: ./results/energies_forces_nacs_run-100_train.txt
2025-10-22 10:36:31.459 DEBUG: Saving info: ./results/energies_forces_nacs_run-100_train.txt
2025-10-22 10:36:31.511 DEBUG: Saving info: ./results/energies_forces_nacs_run-100_train.txt
2025-10-22 10:36:31.563 DEBUG: Saving info: ./results/energies_forces_nacs_run-100_train.txt
2025-10-22 10:36:31.610 DEBUG: Saving info: ./results/energies_forces_nacs_run-100_train.txt
2025-10-22 10:36:31.657 DEBUG: Saving info: ./results/energies_forces_nacs_run-100_train.txt
2025-10-22 10:36:31.704 DEBUG: Saving info: ./results/energies_forces_nacs_run-100_train.txt
2025-10-22 10:36:31.750 DEBUG: Saving info: ./results/energies_forces_nacs_run-100_train.txt
2025-10-22 10:36:31.796 DEBUG: Saving info: ./results/energies_forces_nacs_run-100_train.txt
2025-10-22 10:36:31.842 DEBUG: Saving info: ./results/energies_forces_nacs_run-100_train.txt
2025-10-22 10:36:31.889 DEBUG: Saving info: ./results/energies_forces_nacs_run-100_train.txt
2025-10-22 10:36:31.938 DEBUG: Saving info: ./results/energies_forces_nacs_run-100_train.txt
2025-10-22 10:36:31.985 DEBUG: Saving info: ./results/energies_forces_nacs_run-100_train.txt
2025-10-22 10:36:32.031 DEBUG: Saving info: ./results/energies_forces_nacs_run-100_train.txt
2025-10-22 10:36:32.082 DEBUG: Saving info: ./results/energies_forces_nacs_run-100_train.txt
2025-10-22 10:36:32.128 DEBUG: Saving info: ./results/energies_forces_nacs_run-100_train.txt
2025-10-22 10:36:32.174 DEBUG: Saving info: ./results/energies_forces_nacs_run-100_train.txt
2025-10-22 10:36:32.220 DEBUG: Saving info: ./results/energies_forces_nacs_run-100_train.txt
2025-10-22 10:36:32.267 DEBUG: Saving info: ./results/energies_forces_nacs_run-100_train.txt
2025-10-22 10:36:32.313 DEBUG: Saving info: ./results/energies_forces_nacs_run-100_train.txt
2025-10-22 10:36:32.359 DEBUG: Saving info: ./results/energies_forces_nacs_run-100_train.txt
2025-10-22 10:36:32.405 DEBUG: Saving info: ./results/energies_forces_nacs_run-100_train.txt
2025-10-22 10:36:32.451 DEBUG: Saving info: ./results/energies_forces_nacs_run-100_train.txt
2025-10-22 10:36:32.498 DEBUG: Saving info: ./results/energies_forces_nacs_run-100_train.txt
2025-10-22 10:36:32.544 DEBUG: Saving info: ./results/energies_forces_nacs_run-100_train.txt
2025-10-22 10:36:32.591 DEBUG: Saving info: ./results/energies_forces_nacs_run-100_train.txt
2025-10-22 10:36:32.637 DEBUG: Saving info: ./results/energies_forces_nacs_run-100_train.txt
2025-10-22 10:36:32.684 DEBUG: Saving info: ./results/energies_forces_nacs_run-100_train.txt
2025-10-22 10:36:32.730 DEBUG: Saving info: ./results/energies_forces_nacs_run-100_train.txt
2025-10-22 10:36:32.777 DEBUG: Saving info: ./results/energies_forces_nacs_run-100_train.txt
2025-10-22 10:36:32.823 DEBUG: Saving info: ./results/energies_forces_nacs_run-100_train.txt
2025-10-22 10:36:32.868 DEBUG: Saving info: ./results/energies_forces_nacs_run-100_train.txt
2025-10-22 10:36:32.915 DEBUG: Saving info: ./results/energies_forces_nacs_run-100_train.txt
2025-10-22 10:36:32.961 DEBUG: Saving info: ./results/energies_forces_nacs_run-100_train.txt
2025-10-22 10:36:33.007 DEBUG: Saving info: ./results/energies_forces_nacs_run-100_train.txt
2025-10-22 10:36:33.055 DEBUG: Saving info: ./results/energies_forces_nacs_run-100_train.txt
2025-10-22 10:36:33.101 DEBUG: Saving info: ./results/energies_forces_nacs_run-100_train.txt
2025-10-22 10:36:33.147 DEBUG: Saving info: ./results/energies_forces_nacs_run-100_train.txt
2025-10-22 10:36:33.194 DEBUG: Saving info: ./results/energies_forces_nacs_run-100_train.txt
2025-10-22 10:36:33.240 DEBUG: Saving info: ./results/energies_forces_nacs_run-100_train.txt
2025-10-22 10:36:33.287 DEBUG: Saving info: ./results/energies_forces_nacs_run-100_train.txt
2025-10-22 10:36:33.333 DEBUG: Saving info: ./results/energies_forces_nacs_run-100_train.txt
2025-10-22 10:36:33.380 DEBUG: Saving info: ./results/energies_forces_nacs_run-100_train.txt
2025-10-22 10:36:33.426 DEBUG: Saving info: ./results/energies_forces_nacs_run-100_train.txt
2025-10-22 10:36:33.472 DEBUG: Saving info: ./results/energies_forces_nacs_run-100_train.txt
2025-10-22 10:36:33.518 DEBUG: Saving info: ./results/energies_forces_nacs_run-100_train.txt
2025-10-22 10:36:33.564 DEBUG: Saving info: ./results/energies_forces_nacs_run-100_train.txt
2025-10-22 10:36:33.611 DEBUG: Saving info: ./results/energies_forces_nacs_run-100_train.txt
2025-10-22 10:36:33.657 DEBUG: Saving info: ./results/energies_forces_nacs_run-100_train.txt
2025-10-22 10:36:33.703 DEBUG: Saving info: ./results/energies_forces_nacs_run-100_train.txt
2025-10-22 10:36:33.750 DEBUG: Saving info: ./results/energies_forces_nacs_run-100_train.txt
2025-10-22 10:36:33.797 DEBUG: Saving info: ./results/energies_forces_nacs_run-100_train.txt
2025-10-22 10:36:33.843 DEBUG: Saving info: ./results/energies_forces_nacs_run-100_train.txt
2025-10-22 10:36:33.890 DEBUG: Saving info: ./results/energies_forces_nacs_run-100_train.txt
2025-10-22 10:36:33.936 DEBUG: Saving info: ./results/energies_forces_nacs_run-100_train.txt
2025-10-22 10:36:33.982 DEBUG: Saving info: ./results/energies_forces_nacs_run-100_train.txt
2025-10-22 10:36:34.029 DEBUG: Saving info: ./results/energies_forces_nacs_run-100_train.txt
2025-10-22 10:36:34.076 DEBUG: Saving info: ./results/energies_forces_nacs_run-100_train.txt
2025-10-22 10:36:34.123 DEBUG: Saving info: ./results/energies_forces_nacs_run-100_train.txt
2025-10-22 10:36:34.169 DEBUG: Saving info: ./results/energies_forces_nacs_run-100_train.txt
2025-10-22 10:36:34.215 DEBUG: Saving info: ./results/energies_forces_nacs_run-100_train.txt
2025-10-22 10:36:34.262 DEBUG: Saving info: ./results/energies_forces_nacs_run-100_train.txt
2025-10-22 10:36:34.308 DEBUG: Saving info: ./results/energies_forces_nacs_run-100_train.txt
2025-10-22 10:36:34.355 DEBUG: Saving info: ./results/energies_forces_nacs_run-100_train.txt
2025-10-22 10:36:34.401 DEBUG: Saving info: ./results/energies_forces_nacs_run-100_train.txt
2025-10-22 10:36:34.448 DEBUG: Saving info: ./results/energies_forces_nacs_run-100_train.txt
2025-10-22 10:36:34.494 DEBUG: Saving info: ./results/energies_forces_nacs_run-100_train.txt
2025-10-22 10:36:34.541 DEBUG: Saving info: ./results/energies_forces_nacs_run-100_train.txt
2025-10-22 10:36:34.587 DEBUG: Saving info: ./results/energies_forces_nacs_run-100_train.txt
2025-10-22 10:36:34.634 DEBUG: Saving info: ./results/energies_forces_nacs_run-100_train.txt
2025-10-22 10:36:34.680 DEBUG: Saving info: ./results/energies_forces_nacs_run-100_train.txt
2025-10-22 10:36:34.727 DEBUG: Saving info: ./results/energies_forces_nacs_run-100_train.txt
2025-10-22 10:36:34.776 DEBUG: Saving info: ./results/energies_forces_nacs_run-100_train.txt
2025-10-22 10:36:34.822 DEBUG: Saving info: ./results/energies_forces_nacs_run-100_train.txt
2025-10-22 10:36:34.869 DEBUG: Saving info: ./results/energies_forces_nacs_run-100_train.txt
2025-10-22 10:36:34.915 DEBUG: Saving info: ./results/energies_forces_nacs_run-100_train.txt
2025-10-22 10:36:34.961 DEBUG: Saving info: ./results/energies_forces_nacs_run-100_train.txt
2025-10-22 10:36:35.008 DEBUG: Saving info: ./results/energies_forces_nacs_run-100_train.txt
2025-10-22 10:36:35.055 DEBUG: Saving info: ./results/energies_forces_nacs_run-100_train.txt
2025-10-22 10:36:35.101 DEBUG: Saving info: ./results/energies_forces_nacs_run-100_train.txt
2025-10-22 10:36:35.148 DEBUG: Saving info: ./results/energies_forces_nacs_run-100_train.txt
2025-10-22 10:36:35.194 DEBUG: Saving info: ./results/energies_forces_nacs_run-100_train.txt
2025-10-22 10:36:35.241 DEBUG: Saving info: ./results/energies_forces_nacs_run-100_train.txt
2025-10-22 10:36:35.453 DEBUG: Saving info: ./results/energies_forces_nacs_run-100_train.txt
2025-10-22 10:36:35.454 DEBUG: Saving checkpoint: ./checkpoints/energies_forces_nacs_run-100_epoch-0.pt
2025-10-22 10:36:35.533 DEBUG: Saving info: ./results/energies_forces_nacs_run-100_train.txt
2025-10-22 10:36:35.579 DEBUG: Saving info: ./results/energies_forces_nacs_run-100_train.txt
2025-10-22 10:36:35.625 DEBUG: Saving info: ./results/energies_forces_nacs_run-100_train.txt
2025-10-22 10:36:35.671 DEBUG: Saving info: ./results/energies_forces_nacs_run-100_train.txt
2025-10-22 10:36:35.718 DEBUG: Saving info: ./results/energies_forces_nacs_run-100_train.txt
2025-10-22 10:36:35.764 DEBUG: Saving info: ./results/energies_forces_nacs_run-100_train.txt
2025-10-22 10:36:35.811 DEBUG: Saving info: ./results/energies_forces_nacs_run-100_train.txt
2025-10-22 10:36:35.857 DEBUG: Saving info: ./results/energies_forces_nacs_run-100_train.txt
2025-10-22 10:36:35.903 DEBUG: Saving info: ./results/energies_forces_nacs_run-100_train.txt
2025-10-22 10:36:35.953 DEBUG: Saving info: ./results/energies_forces_nacs_run-100_train.txt
2025-10-22 10:36:36.000 DEBUG: Saving info: ./results/energies_forces_nacs_run-100_train.txt
2025-10-22 10:36:36.047 DEBUG: Saving info: ./results/energies_forces_nacs_run-100_train.txt
2025-10-22 10:36:36.094 DEBUG: Saving info: ./results/energies_forces_nacs_run-100_train.txt
2025-10-22 10:36:36.140 DEBUG: Saving info: ./results/energies_forces_nacs_run-100_train.txt
2025-10-22 10:36:36.187 DEBUG: Saving info: ./results/energies_forces_nacs_run-100_train.txt
2025-10-22 10:36:36.233 DEBUG: Saving info: ./results/energies_forces_nacs_run-100_train.txt
2025-10-22 10:36:36.281 DEBUG: Saving info: ./results/energies_forces_nacs_run-100_train.txt
2025-10-22 10:36:36.327 DEBUG: Saving info: ./results/energies_forces_nacs_run-100_train.txt
2025-10-22 10:36:36.373 DEBUG: Saving info: ./results/energies_forces_nacs_run-100_train.txt
2025-10-22 10:36:36.419 DEBUG: Saving info: ./results/energies_forces_nacs_run-100_train.txt
2025-10-22 10:36:36.466 DEBUG: Saving info: ./results/energies_forces_nacs_run-100_train.txt
2025-10-22 10:36:36.513 DEBUG: Saving info: ./results/energies_forces_nacs_run-100_train.txt
2025-10-22 10:36:36.560 DEBUG: Saving info: ./results/energies_forces_nacs_run-100_train.txt
2025-10-22 10:36:36.607 DEBUG: Saving info: ./results/energies_forces_nacs_run-100_train.txt
2025-10-22 10:36:36.653 DEBUG: Saving info: ./results/energies_forces_nacs_run-100_train.txt
2025-10-22 10:36:36.700 DEBUG: Saving info: ./results/energies_forces_nacs_run-100_train.txt
2025-10-22 10:36:36.746 DEBUG: Saving info: ./results/energies_forces_nacs_run-100_train.txt
2025-10-22 10:36:36.793 DEBUG: Saving info: ./results/energies_forces_nacs_run-100_train.txt
2025-10-22 10:36:36.839 DEBUG: Saving info: ./results/energies_forces_nacs_run-100_train.txt
2025-10-22 10:36:36.885 DEBUG: Saving info: ./results/energies_forces_nacs_run-100_train.txt
2025-10-22 10:36:36.932 DEBUG: Saving info: ./results/energies_forces_nacs_run-100_train.txt
2025-10-22 10:36:36.978 DEBUG: Saving info: ./results/energies_forces_nacs_run-100_train.txt
2025-10-22 10:36:37.025 DEBUG: Saving info: ./results/energies_forces_nacs_run-100_train.txt
2025-10-22 10:36:37.072 DEBUG: Saving info: ./results/energies_forces_nacs_run-100_train.txt
2025-10-22 10:36:37.131 DEBUG: Saving info: ./results/energies_forces_nacs_run-100_train.txt
2025-10-22 10:36:37.177 DEBUG: Saving info: ./results/energies_forces_nacs_run-100_train.txt
2025-10-22 10:36:37.224 DEBUG: Saving info: ./results/energies_forces_nacs_run-100_train.txt
2025-10-22 10:36:37.272 DEBUG: Saving info: ./results/energies_forces_nacs_run-100_train.txt
2025-10-22 10:36:37.319 DEBUG: Saving info: ./results/energies_forces_nacs_run-100_train.txt
2025-10-22 10:36:37.366 DEBUG: Saving info: ./results/energies_forces_nacs_run-100_train.txt
2025-10-22 10:36:37.413 DEBUG: Saving info: ./results/energies_forces_nacs_run-100_train.txt
2025-10-22 10:36:37.460 DEBUG: Saving info: ./results/energies_forces_nacs_run-100_train.txt
2025-10-22 10:36:37.506 DEBUG: Saving info: ./results/energies_forces_nacs_run-100_train.txt
2025-10-22 10:36:37.552 DEBUG: Saving info: ./results/energies_forces_nacs_run-100_train.txt
2025-10-22 10:36:37.599 DEBUG: Saving info: ./results/energies_forces_nacs_run-100_train.txt
2025-10-22 10:36:37.646 DEBUG: Saving info: ./results/energies_forces_nacs_run-100_train.txt
2025-10-22 10:36:37.692 DEBUG: Saving info: ./results/energies_forces_nacs_run-100_train.txt
2025-10-22 10:36:37.738 DEBUG: Saving info: ./results/energies_forces_nacs_run-100_train.txt
2025-10-22 10:36:37.785 DEBUG: Saving info: ./results/energies_forces_nacs_run-100_train.txt
2025-10-22 10:36:37.832 DEBUG: Saving info: ./results/energies_forces_nacs_run-100_train.txt
2025-10-22 10:36:37.878 DEBUG: Saving info: ./results/energies_forces_nacs_run-100_train.txt
2025-10-22 10:36:37.924 DEBUG: Saving info: ./results/energies_forces_nacs_run-100_train.txt
2025-10-22 10:36:37.971 DEBUG: Saving info: ./results/energies_forces_nacs_run-100_train.txt
2025-10-22 10:36:38.017 DEBUG: Saving info: ./results/energies_forces_nacs_run-100_train.txt
2025-10-22 10:36:38.064 DEBUG: Saving info: ./results/energies_forces_nacs_run-100_train.txt
2025-10-22 10:36:38.111 DEBUG: Saving info: ./results/energies_forces_nacs_run-100_train.txt
2025-10-22 10:36:38.157 DEBUG: Saving info: ./results/energies_forces_nacs_run-100_train.txt
2025-10-22 10:36:38.203 DEBUG: Saving info: ./results/energies_forces_nacs_run-100_train.txt
2025-10-22 10:36:38.250 DEBUG: Saving info: ./results/energies_forces_nacs_run-100_train.txt
2025-10-22 10:36:38.296 DEBUG: Saving info: ./results/energies_forces_nacs_run-100_train.txt
2025-10-22 10:36:38.343 DEBUG: Saving info: ./results/energies_forces_nacs_run-100_train.txt
2025-10-22 10:36:38.389 DEBUG: Saving info: ./results/energies_forces_nacs_run-100_train.txt
2025-10-22 10:36:38.436 DEBUG: Saving info: ./results/energies_forces_nacs_run-100_train.txt
2025-10-22 10:36:38.483 DEBUG: Saving info: ./results/energies_forces_nacs_run-100_train.txt
2025-10-22 10:36:38.530 DEBUG: Saving info: ./results/energies_forces_nacs_run-100_train.txt
2025-10-22 10:36:38.576 DEBUG: Saving info: ./results/energies_forces_nacs_run-100_train.txt
2025-10-22 10:36:38.623 DEBUG: Saving info: ./results/energies_forces_nacs_run-100_train.txt
2025-10-22 10:36:38.669 DEBUG: Saving info: ./results/energies_forces_nacs_run-100_train.txt
2025-10-22 10:36:38.715 DEBUG: Saving info: ./results/energies_forces_nacs_run-100_train.txt
2025-10-22 10:36:38.761 DEBUG: Saving info: ./results/energies_forces_nacs_run-100_train.txt
2025-10-22 10:36:38.808 DEBUG: Saving info: ./results/energies_forces_nacs_run-100_train.txt
2025-10-22 10:36:38.855 DEBUG: Saving info: ./results/energies_forces_nacs_run-100_train.txt
2025-10-22 10:36:38.901 DEBUG: Saving info: ./results/energies_forces_nacs_run-100_train.txt
2025-10-22 10:36:38.948 DEBUG: Saving info: ./results/energies_forces_nacs_run-100_train.txt
2025-10-22 10:36:38.994 DEBUG: Saving info: ./results/energies_forces_nacs_run-100_train.txt
2025-10-22 10:36:39.041 DEBUG: Saving info: ./results/energies_forces_nacs_run-100_train.txt
2025-10-22 10:36:39.088 DEBUG: Saving info: ./results/energies_forces_nacs_run-100_train.txt
2025-10-22 10:36:39.134 DEBUG: Saving info: ./results/energies_forces_nacs_run-100_train.txt
2025-10-22 10:36:39.181 DEBUG: Saving info: ./results/energies_forces_nacs_run-100_train.txt
2025-10-22 10:36:39.228 DEBUG: Saving info: ./results/energies_forces_nacs_run-100_train.txt
2025-10-22 10:36:39.274 DEBUG: Saving info: ./results/energies_forces_nacs_run-100_train.txt
2025-10-22 10:36:39.321 DEBUG: Saving info: ./results/energies_forces_nacs_run-100_train.txt
2025-10-22 10:36:39.367 DEBUG: Saving info: ./results/energies_forces_nacs_run-100_train.txt
2025-10-22 10:36:39.414 DEBUG: Saving info: ./results/energies_forces_nacs_run-100_train.txt
2025-10-22 10:36:39.460 DEBUG: Saving info: ./results/energies_forces_nacs_run-100_train.txt
2025-10-22 10:36:39.672 DEBUG: Saving info: ./results/energies_forces_nacs_run-100_train.txt
2025-10-22 10:36:39.673 DEBUG: Deleting old checkpoint file: ./checkpoints/energies_forces_nacs_run-100_epoch-0.pt
2025-10-22 10:36:39.673 DEBUG: Saving checkpoint: ./checkpoints/energies_forces_nacs_run-100_epoch-1.pt
2025-10-22 10:36:39.760 DEBUG: Saving info: ./results/energies_forces_nacs_run-100_train.txt
2025-10-22 10:36:39.807 DEBUG: Saving info: ./results/energies_forces_nacs_run-100_train.txt
2025-10-22 10:36:39.853 DEBUG: Saving info: ./results/energies_forces_nacs_run-100_train.txt
2025-10-22 10:36:39.904 DEBUG: Saving info: ./results/energies_forces_nacs_run-100_train.txt
2025-10-22 10:36:39.951 DEBUG: Saving info: ./results/energies_forces_nacs_run-100_train.txt
2025-10-22 10:36:39.997 DEBUG: Saving info: ./results/energies_forces_nacs_run-100_train.txt
2025-10-22 10:36:40.045 DEBUG: Saving info: ./results/energies_forces_nacs_run-100_train.txt
2025-10-22 10:36:40.091 DEBUG: Saving info: ./results/energies_forces_nacs_run-100_train.txt
2025-10-22 10:36:40.138 DEBUG: Saving info: ./results/energies_forces_nacs_run-100_train.txt
2025-10-22 10:36:40.184 DEBUG: Saving info: ./results/energies_forces_nacs_run-100_train.txt
2025-10-22 10:36:40.231 DEBUG: Saving info: ./results/energies_forces_nacs_run-100_train.txt
2025-10-22 10:36:40.277 DEBUG: Saving info: ./results/energies_forces_nacs_run-100_train.txt
2025-10-22 10:36:40.323 DEBUG: Saving info: ./results/energies_forces_nacs_run-100_train.txt
2025-10-22 10:36:40.370 DEBUG: Saving info: ./results/energies_forces_nacs_run-100_train.txt
2025-10-22 10:36:40.416 DEBUG: Saving info: ./results/energies_forces_nacs_run-100_train.txt
2025-10-22 10:36:40.463 DEBUG: Saving info: ./results/energies_forces_nacs_run-100_train.txt
2025-10-22 10:36:40.510 DEBUG: Saving info: ./results/energies_forces_nacs_run-100_train.txt
2025-10-22 10:36:40.556 DEBUG: Saving info: ./results/energies_forces_nacs_run-100_train.txt
2025-10-22 10:36:40.603 DEBUG: Saving info: ./results/energies_forces_nacs_run-100_train.txt
2025-10-22 10:36:40.650 DEBUG: Saving info: ./results/energies_forces_nacs_run-100_train.txt
2025-10-22 10:36:40.696 DEBUG: Saving info: ./results/energies_forces_nacs_run-100_train.txt
2025-10-22 10:36:40.743 DEBUG: Saving info: ./results/energies_forces_nacs_run-100_train.txt
2025-10-22 10:36:40.789 DEBUG: Saving info: ./results/energies_forces_nacs_run-100_train.txt
2025-10-22 10:36:40.835 DEBUG: Saving info: ./results/energies_forces_nacs_run-100_train.txt
2025-10-22 10:36:40.882 DEBUG: Saving info: ./results/energies_forces_nacs_run-100_train.txt
2025-10-22 10:36:40.928 DEBUG: Saving info: ./results/energies_forces_nacs_run-100_train.txt
2025-10-22 10:36:40.975 DEBUG: Saving info: ./results/energies_forces_nacs_run-100_train.txt
2025-10-22 10:36:41.021 DEBUG: Saving info: ./results/energies_forces_nacs_run-100_train.txt
2025-10-22 10:36:41.069 DEBUG: Saving info: ./results/energies_forces_nacs_run-100_train.txt
2025-10-22 10:36:41.116 DEBUG: Saving info: ./results/energies_forces_nacs_run-100_train.txt
2025-10-22 10:36:41.162 DEBUG: Saving info: ./results/energies_forces_nacs_run-100_train.txt
2025-10-22 10:36:41.208 DEBUG: Saving info: ./results/energies_forces_nacs_run-100_train.txt
2025-10-22 10:36:41.255 DEBUG: Saving info: ./results/energies_forces_nacs_run-100_train.txt
2025-10-22 10:36:41.301 DEBUG: Saving info: ./results/energies_forces_nacs_run-100_train.txt
2025-10-22 10:36:41.348 DEBUG: Saving info: ./results/energies_forces_nacs_run-100_train.txt
2025-10-22 10:36:41.394 DEBUG: Saving info: ./results/energies_forces_nacs_run-100_train.txt
2025-10-22 10:36:41.441 DEBUG: Saving info: ./results/energies_forces_nacs_run-100_train.txt
2025-10-22 10:36:41.487 DEBUG: Saving info: ./results/energies_forces_nacs_run-100_train.txt
2025-10-22 10:36:41.534 DEBUG: Saving info: ./results/energies_forces_nacs_run-100_train.txt
2025-10-22 10:36:41.580 DEBUG: Saving info: ./results/energies_forces_nacs_run-100_train.txt
2025-10-22 10:36:41.627 DEBUG: Saving info: ./results/energies_forces_nacs_run-100_train.txt
2025-10-22 10:36:41.673 DEBUG: Saving info: ./results/energies_forces_nacs_run-100_train.txt
2025-10-22 10:36:41.720 DEBUG: Saving info: ./results/energies_forces_nacs_run-100_train.txt
2025-10-22 10:36:41.766 DEBUG: Saving info: ./results/energies_forces_nacs_run-100_train.txt
2025-10-22 10:36:41.812 DEBUG: Saving info: ./results/energies_forces_nacs_run-100_train.txt
2025-10-22 10:36:41.859 DEBUG: Saving info: ./results/energies_forces_nacs_run-100_train.txt
2025-10-22 10:36:41.905 DEBUG: Saving info: ./results/energies_forces_nacs_run-100_train.txt
2025-10-22 10:36:41.951 DEBUG: Saving info: ./results/energies_forces_nacs_run-100_train.txt
2025-10-22 10:36:41.998 DEBUG: Saving info: ./results/energies_forces_nacs_run-100_train.txt
2025-10-22 10:36:42.044 DEBUG: Saving info: ./results/energies_forces_nacs_run-100_train.txt
2025-10-22 10:36:42.092 DEBUG: Saving info: ./results/energies_forces_nacs_run-100_train.txt
2025-10-22 10:36:42.138 DEBUG: Saving info: ./results/energies_forces_nacs_run-100_train.txt
2025-10-22 10:36:42.185 DEBUG: Saving info: ./results/energies_forces_nacs_run-100_train.txt
2025-10-22 10:36:42.232 DEBUG: Saving info: ./results/energies_forces_nacs_run-100_train.txt
2025-10-22 10:36:42.279 DEBUG: Saving info: ./results/energies_forces_nacs_run-100_train.txt
2025-10-22 10:36:42.326 DEBUG: Saving info: ./results/energies_forces_nacs_run-100_train.txt
2025-10-22 10:36:42.372 DEBUG: Saving info: ./results/energies_forces_nacs_run-100_train.txt
2025-10-22 10:36:42.418 DEBUG: Saving info: ./results/energies_forces_nacs_run-100_train.txt
2025-10-22 10:36:42.464 DEBUG: Saving info: ./results/energies_forces_nacs_run-100_train.txt
2025-10-22 10:36:42.511 DEBUG: Saving info: ./results/energies_forces_nacs_run-100_train.txt
2025-10-22 10:36:42.558 DEBUG: Saving info: ./results/energies_forces_nacs_run-100_train.txt
2025-10-22 10:36:42.605 DEBUG: Saving info: ./results/energies_forces_nacs_run-100_train.txt
2025-10-22 10:36:42.651 DEBUG: Saving info: ./results/energies_forces_nacs_run-100_train.txt
2025-10-22 10:36:42.698 DEBUG: Saving info: ./results/energies_forces_nacs_run-100_train.txt
2025-10-22 10:36:42.744 DEBUG: Saving info: ./results/energies_forces_nacs_run-100_train.txt
2025-10-22 10:36:42.790 DEBUG: Saving info: ./results/energies_forces_nacs_run-100_train.txt
2025-10-22 10:36:42.837 DEBUG: Saving info: ./results/energies_forces_nacs_run-100_train.txt
2025-10-22 10:36:42.883 DEBUG: Saving info: ./results/energies_forces_nacs_run-100_train.txt
2025-10-22 10:36:42.929 DEBUG: Saving info: ./results/energies_forces_nacs_run-100_train.txt
2025-10-22 10:36:42.975 DEBUG: Saving info: ./results/energies_forces_nacs_run-100_train.txt
2025-10-22 10:36:43.022 DEBUG: Saving info: ./results/energies_forces_nacs_run-100_train.txt
2025-10-22 10:36:43.068 DEBUG: Saving info: ./results/energies_forces_nacs_run-100_train.txt
2025-10-22 10:36:43.115 DEBUG: Saving info: ./results/energies_forces_nacs_run-100_train.txt
2025-10-22 10:36:43.162 DEBUG: Saving info: ./results/energies_forces_nacs_run-100_train.txt
2025-10-22 10:36:43.208 DEBUG: Saving info: ./results/energies_forces_nacs_run-100_train.txt
2025-10-22 10:36:43.255 DEBUG: Saving info: ./results/energies_forces_nacs_run-100_train.txt
2025-10-22 10:36:43.301 DEBUG: Saving info: ./results/energies_forces_nacs_run-100_train.txt
2025-10-22 10:36:43.348 DEBUG: Saving info: ./results/energies_forces_nacs_run-100_train.txt
2025-10-22 10:36:43.395 DEBUG: Saving info: ./results/energies_forces_nacs_run-100_train.txt
2025-10-22 10:36:43.441 DEBUG: Saving info: ./results/energies_forces_nacs_run-100_train.txt
2025-10-22 10:36:43.487 DEBUG: Saving info: ./results/energies_forces_nacs_run-100_train.txt
2025-10-22 10:36:43.533 DEBUG: Saving info: ./results/energies_forces_nacs_run-100_train.txt
2025-10-22 10:36:43.580 DEBUG: Saving info: ./results/energies_forces_nacs_run-100_train.txt
2025-10-22 10:36:43.627 DEBUG: Saving info: ./results/energies_forces_nacs_run-100_train.txt
2025-10-22 10:36:43.673 DEBUG: Saving info: ./results/energies_forces_nacs_run-100_train.txt
2025-10-22 10:36:43.886 DEBUG: Saving info: ./results/energies_forces_nacs_run-100_train.txt
2025-10-22 10:36:43.887 DEBUG: Deleting old checkpoint file: ./checkpoints/energies_forces_nacs_run-100_epoch-1.pt
2025-10-22 10:36:43.887 DEBUG: Saving checkpoint: ./checkpoints/energies_forces_nacs_run-100_epoch-2.pt
2025-10-22 10:36:43.977 DEBUG: Saving info: ./results/energies_forces_nacs_run-100_train.txt
2025-10-22 10:36:44.023 DEBUG: Saving info: ./results/energies_forces_nacs_run-100_train.txt
2025-10-22 10:36:44.071 DEBUG: Saving info: ./results/energies_forces_nacs_run-100_train.txt
2025-10-22 10:36:44.118 DEBUG: Saving info: ./results/energies_forces_nacs_run-100_train.txt
2025-10-22 10:36:44.165 DEBUG: Saving info: ./results/energies_forces_nacs_run-100_train.txt
2025-10-22 10:36:44.212 DEBUG: Saving info: ./results/energies_forces_nacs_run-100_train.txt
2025-10-22 10:36:44.259 DEBUG: Saving info: ./results/energies_forces_nacs_run-100_train.txt
2025-10-22 10:36:44.305 DEBUG: Saving info: ./results/energies_forces_nacs_run-100_train.txt
2025-10-22 10:36:44.352 DEBUG: Saving info: ./results/energies_forces_nacs_run-100_train.txt
2025-10-22 10:36:44.399 DEBUG: Saving info: ./results/energies_forces_nacs_run-100_train.txt
2025-10-22 10:36:44.446 DEBUG: Saving info: ./results/energies_forces_nacs_run-100_train.txt
2025-10-22 10:36:44.492 DEBUG: Saving info: ./results/energies_forces_nacs_run-100_train.txt
2025-10-22 10:36:44.539 DEBUG: Saving info: ./results/energies_forces_nacs_run-100_train.txt
2025-10-22 10:36:44.586 DEBUG: Saving info: ./results/energies_forces_nacs_run-100_train.txt
2025-10-22 10:36:44.633 DEBUG: Saving info: ./results/energies_forces_nacs_run-100_train.txt
2025-10-22 10:36:44.679 DEBUG: Saving info: ./results/energies_forces_nacs_run-100_train.txt
2025-10-22 10:36:44.726 DEBUG: Saving info: ./results/energies_forces_nacs_run-100_train.txt
2025-10-22 10:36:44.773 DEBUG: Saving info: ./results/energies_forces_nacs_run-100_train.txt
2025-10-22 10:36:44.820 DEBUG: Saving info: ./results/energies_forces_nacs_run-100_train.txt
2025-10-22 10:36:44.867 DEBUG: Saving info: ./results/energies_forces_nacs_run-100_train.txt
2025-10-22 10:36:44.913 DEBUG: Saving info: ./results/energies_forces_nacs_run-100_train.txt
2025-10-22 10:36:44.960 DEBUG: Saving info: ./results/energies_forces_nacs_run-100_train.txt
2025-10-22 10:36:45.007 DEBUG: Saving info: ./results/energies_forces_nacs_run-100_train.txt
2025-10-22 10:36:45.054 DEBUG: Saving info: ./results/energies_forces_nacs_run-100_train.txt
2025-10-22 10:36:45.101 DEBUG: Saving info: ./results/energies_forces_nacs_run-100_train.txt
2025-10-22 10:36:45.148 DEBUG: Saving info: ./results/energies_forces_nacs_run-100_train.txt
2025-10-22 10:36:45.195 DEBUG: Saving info: ./results/energies_forces_nacs_run-100_train.txt
2025-10-22 10:36:45.241 DEBUG: Saving info: ./results/energies_forces_nacs_run-100_train.txt
2025-10-22 10:36:45.288 DEBUG: Saving info: ./results/energies_forces_nacs_run-100_train.txt
2025-10-22 10:36:45.335 DEBUG: Saving info: ./results/energies_forces_nacs_run-100_train.txt
2025-10-22 10:36:45.381 DEBUG: Saving info: ./results/energies_forces_nacs_run-100_train.txt
2025-10-22 10:36:45.428 DEBUG: Saving info: ./results/energies_forces_nacs_run-100_train.txt
2025-10-22 10:36:45.474 DEBUG: Saving info: ./results/energies_forces_nacs_run-100_train.txt
2025-10-22 10:36:45.521 DEBUG: Saving info: ./results/energies_forces_nacs_run-100_train.txt
2025-10-22 10:36:45.568 DEBUG: Saving info: ./results/energies_forces_nacs_run-100_train.txt
2025-10-22 10:36:45.615 DEBUG: Saving info: ./results/energies_forces_nacs_run-100_train.txt
2025-10-22 10:36:45.662 DEBUG: Saving info: ./results/energies_forces_nacs_run-100_train.txt
2025-10-22 10:36:45.709 DEBUG: Saving info: ./results/energies_forces_nacs_run-100_train.txt
2025-10-22 10:36:45.756 DEBUG: Saving info: ./results/energies_forces_nacs_run-100_train.txt
2025-10-22 10:36:45.802 DEBUG: Saving info: ./results/energies_forces_nacs_run-100_train.txt
2025-10-22 10:36:45.849 DEBUG: Saving info: ./results/energies_forces_nacs_run-100_train.txt
2025-10-22 10:36:45.896 DEBUG: Saving info: ./results/energies_forces_nacs_run-100_train.txt
2025-10-22 10:36:45.942 DEBUG: Saving info: ./results/energies_forces_nacs_run-100_train.txt
2025-10-22 10:36:45.989 DEBUG: Saving info: ./results/energies_forces_nacs_run-100_train.txt
2025-10-22 10:36:46.036 DEBUG: Saving info: ./results/energies_forces_nacs_run-100_train.txt
2025-10-22 10:36:46.083 DEBUG: Saving info: ./results/energies_forces_nacs_run-100_train.txt
2025-10-22 10:36:46.130 DEBUG: Saving info: ./results/energies_forces_nacs_run-100_train.txt
2025-10-22 10:36:46.177 DEBUG: Saving info: ./results/energies_forces_nacs_run-100_train.txt
2025-10-22 10:36:46.223 DEBUG: Saving info: ./results/energies_forces_nacs_run-100_train.txt
2025-10-22 10:36:46.270 DEBUG: Saving info: ./results/energies_forces_nacs_run-100_train.txt
2025-10-22 10:36:46.316 DEBUG: Saving info: ./results/energies_forces_nacs_run-100_train.txt
2025-10-22 10:36:46.363 DEBUG: Saving info: ./results/energies_forces_nacs_run-100_train.txt
2025-10-22 10:36:46.410 DEBUG: Saving info: ./results/energies_forces_nacs_run-100_train.txt
2025-10-22 10:36:46.456 DEBUG: Saving info: ./results/energies_forces_nacs_run-100_train.txt
2025-10-22 10:36:46.503 DEBUG: Saving info: ./results/energies_forces_nacs_run-100_train.txt
2025-10-22 10:36:46.550 DEBUG: Saving info: ./results/energies_forces_nacs_run-100_train.txt
2025-10-22 10:36:46.596 DEBUG: Saving info: ./results/energies_forces_nacs_run-100_train.txt
2025-10-22 10:36:46.643 DEBUG: Saving info: ./results/energies_forces_nacs_run-100_train.txt
2025-10-22 10:36:46.690 DEBUG: Saving info: ./results/energies_forces_nacs_run-100_train.txt
2025-10-22 10:36:46.737 DEBUG: Saving info: ./results/energies_forces_nacs_run-100_train.txt
2025-10-22 10:36:46.783 DEBUG: Saving info: ./results/energies_forces_nacs_run-100_train.txt
2025-10-22 10:36:46.830 DEBUG: Saving info: ./results/energies_forces_nacs_run-100_train.txt
2025-10-22 10:36:46.877 DEBUG: Saving info: ./results/energies_forces_nacs_run-100_train.txt
2025-10-22 10:36:46.923 DEBUG: Saving info: ./results/energies_forces_nacs_run-100_train.txt
2025-10-22 10:36:46.970 DEBUG: Saving info: ./results/energies_forces_nacs_run-100_train.txt
2025-10-22 10:36:47.017 DEBUG: Saving info: ./results/energies_forces_nacs_run-100_train.txt
2025-10-22 10:36:47.064 DEBUG: Saving info: ./results/energies_forces_nacs_run-100_train.txt
2025-10-22 10:36:47.111 DEBUG: Saving info: ./results/energies_forces_nacs_run-100_train.txt
2025-10-22 10:36:47.157 DEBUG: Saving info: ./results/energies_forces_nacs_run-100_train.txt
2025-10-22 10:36:47.204 DEBUG: Saving info: ./results/energies_forces_nacs_run-100_train.txt
2025-10-22 10:36:47.251 DEBUG: Saving info: ./results/energies_forces_nacs_run-100_train.txt
2025-10-22 10:36:47.298 DEBUG: Saving info: ./results/energies_forces_nacs_run-100_train.txt
2025-10-22 10:36:47.344 DEBUG: Saving info: ./results/energies_forces_nacs_run-100_train.txt
2025-10-22 10:36:47.391 DEBUG: Saving info: ./results/energies_forces_nacs_run-100_train.txt
2025-10-22 10:36:47.437 DEBUG: Saving info: ./results/energies_forces_nacs_run-100_train.txt
2025-10-22 10:36:47.483 DEBUG: Saving info: ./results/energies_forces_nacs_run-100_train.txt
2025-10-22 10:36:47.530 DEBUG: Saving info: ./results/energies_forces_nacs_run-100_train.txt
2025-10-22 10:36:47.576 DEBUG: Saving info: ./results/energies_forces_nacs_run-100_train.txt
2025-10-22 10:36:47.623 DEBUG: Saving info: ./results/energies_forces_nacs_run-100_train.txt
2025-10-22 10:36:47.669 DEBUG: Saving info: ./results/energies_forces_nacs_run-100_train.txt
2025-10-22 10:36:47.717 DEBUG: Saving info: ./results/energies_forces_nacs_run-100_train.txt
2025-10-22 10:36:47.764 DEBUG: Saving info: ./results/energies_forces_nacs_run-100_train.txt
2025-10-22 10:36:47.810 DEBUG: Saving info: ./results/energies_forces_nacs_run-100_train.txt
2025-10-22 10:36:47.856 DEBUG: Saving info: ./results/energies_forces_nacs_run-100_train.txt
2025-10-22 10:36:47.903 DEBUG: Saving info: ./results/energies_forces_nacs_run-100_train.txt
2025-10-22 10:36:48.117 DEBUG: Saving info: ./results/energies_forces_nacs_run-100_train.txt
2025-10-22 10:36:48.118 DEBUG: Deleting old checkpoint file: ./checkpoints/energies_forces_nacs_run-100_epoch-2.pt
2025-10-22 10:36:48.119 DEBUG: Saving checkpoint: ./checkpoints/energies_forces_nacs_run-100_epoch-3.pt
2025-10-22 10:36:48.205 DEBUG: Saving info: ./results/energies_forces_nacs_run-100_train.txt
2025-10-22 10:36:48.251 DEBUG: Saving info: ./results/energies_forces_nacs_run-100_train.txt
2025-10-22 10:36:48.297 DEBUG: Saving info: ./results/energies_forces_nacs_run-100_train.txt
2025-10-22 10:36:48.344 DEBUG: Saving info: ./results/energies_forces_nacs_run-100_train.txt
2025-10-22 10:36:48.391 DEBUG: Saving info: ./results/energies_forces_nacs_run-100_train.txt
2025-10-22 10:36:48.436 DEBUG: Saving info: ./results/energies_forces_nacs_run-100_train.txt
2025-10-22 10:36:48.482 DEBUG: Saving info: ./results/energies_forces_nacs_run-100_train.txt
2025-10-22 10:36:48.529 DEBUG: Saving info: ./results/energies_forces_nacs_run-100_train.txt
2025-10-22 10:36:48.575 DEBUG: Saving info: ./results/energies_forces_nacs_run-100_train.txt
2025-10-22 10:36:48.622 DEBUG: Saving info: ./results/energies_forces_nacs_run-100_train.txt
2025-10-22 10:36:48.669 DEBUG: Saving info: ./results/energies_forces_nacs_run-100_train.txt
2025-10-22 10:36:48.716 DEBUG: Saving info: ./results/energies_forces_nacs_run-100_train.txt
2025-10-22 10:36:48.763 DEBUG: Saving info: ./results/energies_forces_nacs_run-100_train.txt
2025-10-22 10:36:48.809 DEBUG: Saving info: ./results/energies_forces_nacs_run-100_train.txt
2025-10-22 10:36:48.856 DEBUG: Saving info: ./results/energies_forces_nacs_run-100_train.txt
2025-10-22 10:36:48.903 DEBUG: Saving info: ./results/energies_forces_nacs_run-100_train.txt
2025-10-22 10:36:48.949 DEBUG: Saving info: ./results/energies_forces_nacs_run-100_train.txt
2025-10-22 10:36:48.995 DEBUG: Saving info: ./results/energies_forces_nacs_run-100_train.txt
2025-10-22 10:36:49.043 DEBUG: Saving info: ./results/energies_forces_nacs_run-100_train.txt
2025-10-22 10:36:49.089 DEBUG: Saving info: ./results/energies_forces_nacs_run-100_train.txt
2025-10-22 10:36:49.136 DEBUG: Saving info: ./results/energies_forces_nacs_run-100_train.txt
2025-10-22 10:36:49.183 DEBUG: Saving info: ./results/energies_forces_nacs_run-100_train.txt
2025-10-22 10:36:49.229 DEBUG: Saving info: ./results/energies_forces_nacs_run-100_train.txt
2025-10-22 10:36:49.275 DEBUG: Saving info: ./results/energies_forces_nacs_run-100_train.txt
2025-10-22 10:36:49.322 DEBUG: Saving info: ./results/energies_forces_nacs_run-100_train.txt
2025-10-22 10:36:49.368 DEBUG: Saving info: ./results/energies_forces_nacs_run-100_train.txt
2025-10-22 10:36:49.415 DEBUG: Saving info: ./results/energies_forces_nacs_run-100_train.txt
2025-10-22 10:36:49.461 DEBUG: Saving info: ./results/energies_forces_nacs_run-100_train.txt
2025-10-22 10:36:49.508 DEBUG: Saving info: ./results/energies_forces_nacs_run-100_train.txt
2025-10-22 10:36:49.554 DEBUG: Saving info: ./results/energies_forces_nacs_run-100_train.txt
2025-10-22 10:36:49.600 DEBUG: Saving info: ./results/energies_forces_nacs_run-100_train.txt
2025-10-22 10:36:49.647 DEBUG: Saving info: ./results/energies_forces_nacs_run-100_train.txt
2025-10-22 10:36:49.694 DEBUG: Saving info: ./results/energies_forces_nacs_run-100_train.txt
2025-10-22 10:36:49.740 DEBUG: Saving info: ./results/energies_forces_nacs_run-100_train.txt
2025-10-22 10:36:49.787 DEBUG: Saving info: ./results/energies_forces_nacs_run-100_train.txt
2025-10-22 10:36:49.833 DEBUG: Saving info: ./results/energies_forces_nacs_run-100_train.txt
2025-10-22 10:36:49.880 DEBUG: Saving info: ./results/energies_forces_nacs_run-100_train.txt
2025-10-22 10:36:49.927 DEBUG: Saving info: ./results/energies_forces_nacs_run-100_train.txt
2025-10-22 10:36:49.974 DEBUG: Saving info: ./results/energies_forces_nacs_run-100_train.txt
2025-10-22 10:36:50.020 DEBUG: Saving info: ./results/energies_forces_nacs_run-100_train.txt
2025-10-22 10:36:50.067 DEBUG: Saving info: ./results/energies_forces_nacs_run-100_train.txt
2025-10-22 10:36:50.114 DEBUG: Saving info: ./results/energies_forces_nacs_run-100_train.txt
2025-10-22 10:36:50.160 DEBUG: Saving info: ./results/energies_forces_nacs_run-100_train.txt
2025-10-22 10:36:50.207 DEBUG: Saving info: ./results/energies_forces_nacs_run-100_train.txt
2025-10-22 10:36:50.253 DEBUG: Saving info: ./results/energies_forces_nacs_run-100_train.txt
2025-10-22 10:36:50.300 DEBUG: Saving info: ./results/energies_forces_nacs_run-100_train.txt
2025-10-22 10:36:50.346 DEBUG: Saving info: ./results/energies_forces_nacs_run-100_train.txt
2025-10-22 10:36:50.393 DEBUG: Saving info: ./results/energies_forces_nacs_run-100_train.txt
2025-10-22 10:36:50.439 DEBUG: Saving info: ./results/energies_forces_nacs_run-100_train.txt
2025-10-22 10:36:50.486 DEBUG: Saving info: ./results/energies_forces_nacs_run-100_train.txt
2025-10-22 10:36:50.532 DEBUG: Saving info: ./results/energies_forces_nacs_run-100_train.txt
2025-10-22 10:36:50.578 DEBUG: Saving info: ./results/energies_forces_nacs_run-100_train.txt
2025-10-22 10:36:50.625 DEBUG: Saving info: ./results/energies_forces_nacs_run-100_train.txt
2025-10-22 10:36:50.672 DEBUG: Saving info: ./results/energies_forces_nacs_run-100_train.txt
2025-10-22 10:36:50.718 DEBUG: Saving info: ./results/energies_forces_nacs_run-100_train.txt
2025-10-22 10:36:50.765 DEBUG: Saving info: ./results/energies_forces_nacs_run-100_train.txt
2025-10-22 10:36:50.811 DEBUG: Saving info: ./results/energies_forces_nacs_run-100_train.txt
2025-10-22 10:36:50.858 DEBUG: Saving info: ./results/energies_forces_nacs_run-100_train.txt
2025-10-22 10:36:50.905 DEBUG: Saving info: ./results/energies_forces_nacs_run-100_train.txt
2025-10-22 10:36:50.952 DEBUG: Saving info: ./results/energies_forces_nacs_run-100_train.txt
2025-10-22 10:36:50.998 DEBUG: Saving info: ./results/energies_forces_nacs_run-100_train.txt
2025-10-22 10:36:51.046 DEBUG: Saving info: ./results/energies_forces_nacs_run-100_train.txt
2025-10-22 10:36:51.092 DEBUG: Saving info: ./results/energies_forces_nacs_run-100_train.txt
2025-10-22 10:36:51.139 DEBUG: Saving info: ./results/energies_forces_nacs_run-100_train.txt
2025-10-22 10:36:51.186 DEBUG: Saving info: ./results/energies_forces_nacs_run-100_train.txt
2025-10-22 10:36:51.232 DEBUG: Saving info: ./results/energies_forces_nacs_run-100_train.txt
2025-10-22 10:36:51.278 DEBUG: Saving info: ./results/energies_forces_nacs_run-100_train.txt
2025-10-22 10:36:51.325 DEBUG: Saving info: ./results/energies_forces_nacs_run-100_train.txt
2025-10-22 10:36:51.372 DEBUG: Saving info: ./results/energies_forces_nacs_run-100_train.txt
2025-10-22 10:36:51.418 DEBUG: Saving info: ./results/energies_forces_nacs_run-100_train.txt
2025-10-22 10:36:51.465 DEBUG: Saving info: ./results/energies_forces_nacs_run-100_train.txt
2025-10-22 10:36:51.523 DEBUG: Saving info: ./results/energies_forces_nacs_run-100_train.txt
2025-10-22 10:36:51.569 DEBUG: Saving info: ./results/energies_forces_nacs_run-100_train.txt
2025-10-22 10:36:51.616 DEBUG: Saving info: ./results/energies_forces_nacs_run-100_train.txt
2025-10-22 10:36:51.662 DEBUG: Saving info: ./results/energies_forces_nacs_run-100_train.txt
2025-10-22 10:36:51.709 DEBUG: Saving info: ./results/energies_forces_nacs_run-100_train.txt
2025-10-22 10:36:51.755 DEBUG: Saving info: ./results/energies_forces_nacs_run-100_train.txt
2025-10-22 10:36:51.801 DEBUG: Saving info: ./results/energies_forces_nacs_run-100_train.txt
2025-10-22 10:36:51.848 DEBUG: Saving info: ./results/energies_forces_nacs_run-100_train.txt
2025-10-22 10:36:51.894 DEBUG: Saving info: ./results/energies_forces_nacs_run-100_train.txt
2025-10-22 10:36:51.941 DEBUG: Saving info: ./results/energies_forces_nacs_run-100_train.txt
2025-10-22 10:36:51.987 DEBUG: Saving info: ./results/energies_forces_nacs_run-100_train.txt
2025-10-22 10:36:52.035 DEBUG: Saving info: ./results/energies_forces_nacs_run-100_train.txt
2025-10-22 10:36:52.082 DEBUG: Saving info: ./results/energies_forces_nacs_run-100_train.txt
2025-10-22 10:36:52.129 DEBUG: Saving info: ./results/energies_forces_nacs_run-100_train.txt
2025-10-22 10:36:52.356 DEBUG: Saving info: ./results/energies_forces_nacs_run-100_train.txt
2025-10-22 10:36:52.357 DEBUG: Deleting old checkpoint file: ./checkpoints/energies_forces_nacs_run-100_epoch-3.pt
2025-10-22 10:36:52.358 DEBUG: Saving checkpoint: ./checkpoints/energies_forces_nacs_run-100_epoch-4.pt
2025-10-22 10:36:52.445 DEBUG: Saving info: ./results/energies_forces_nacs_run-100_train.txt
2025-10-22 10:36:52.491 DEBUG: Saving info: ./results/energies_forces_nacs_run-100_train.txt
2025-10-22 10:36:52.537 DEBUG: Saving info: ./results/energies_forces_nacs_run-100_train.txt
2025-10-22 10:36:52.585 DEBUG: Saving info: ./results/energies_forces_nacs_run-100_train.txt
2025-10-22 10:36:52.631 DEBUG: Saving info: ./results/energies_forces_nacs_run-100_train.txt
2025-10-22 10:36:52.678 DEBUG: Saving info: ./results/energies_forces_nacs_run-100_train.txt
2025-10-22 10:36:52.725 DEBUG: Saving info: ./results/energies_forces_nacs_run-100_train.txt
2025-10-22 10:36:52.772 DEBUG: Saving info: ./results/energies_forces_nacs_run-100_train.txt
2025-10-22 10:36:52.819 DEBUG: Saving info: ./results/energies_forces_nacs_run-100_train.txt
2025-10-22 10:36:52.865 DEBUG: Saving info: ./results/energies_forces_nacs_run-100_train.txt
2025-10-22 10:36:52.912 DEBUG: Saving info: ./results/energies_forces_nacs_run-100_train.txt
2025-10-22 10:36:52.958 DEBUG: Saving info: ./results/energies_forces_nacs_run-100_train.txt
2025-10-22 10:36:53.005 DEBUG: Saving info: ./results/energies_forces_nacs_run-100_train.txt
2025-10-22 10:36:53.052 DEBUG: Saving info: ./results/energies_forces_nacs_run-100_train.txt
2025-10-22 10:36:53.099 DEBUG: Saving info: ./results/energies_forces_nacs_run-100_train.txt
2025-10-22 10:36:53.145 DEBUG: Saving info: ./results/energies_forces_nacs_run-100_train.txt
2025-10-22 10:36:53.192 DEBUG: Saving info: ./results/energies_forces_nacs_run-100_train.txt
2025-10-22 10:36:53.238 DEBUG: Saving info: ./results/energies_forces_nacs_run-100_train.txt
2025-10-22 10:36:53.284 DEBUG: Saving info: ./results/energies_forces_nacs_run-100_train.txt
2025-10-22 10:36:53.331 DEBUG: Saving info: ./results/energies_forces_nacs_run-100_train.txt
2025-10-22 10:36:53.377 DEBUG: Saving info: ./results/energies_forces_nacs_run-100_train.txt
2025-10-22 10:36:53.424 DEBUG: Saving info: ./results/energies_forces_nacs_run-100_train.txt
2025-10-22 10:36:53.470 DEBUG: Saving info: ./results/energies_forces_nacs_run-100_train.txt
2025-10-22 10:36:53.517 DEBUG: Saving info: ./results/energies_forces_nacs_run-100_train.txt
2025-10-22 10:36:53.564 DEBUG: Saving info: ./results/energies_forces_nacs_run-100_train.txt
2025-10-22 10:36:53.611 DEBUG: Saving info: ./results/energies_forces_nacs_run-100_train.txt
2025-10-22 10:36:53.658 DEBUG: Saving info: ./results/energies_forces_nacs_run-100_train.txt
2025-10-22 10:36:53.704 DEBUG: Saving info: ./results/energies_forces_nacs_run-100_train.txt
2025-10-22 10:36:53.751 DEBUG: Saving info: ./results/energies_forces_nacs_run-100_train.txt
2025-10-22 10:36:53.797 DEBUG: Saving info: ./results/energies_forces_nacs_run-100_train.txt
2025-10-22 10:36:53.844 DEBUG: Saving info: ./results/energies_forces_nacs_run-100_train.txt
2025-10-22 10:36:53.890 DEBUG: Saving info: ./results/energies_forces_nacs_run-100_train.txt
2025-10-22 10:36:53.936 DEBUG: Saving info: ./results/energies_forces_nacs_run-100_train.txt
2025-10-22 10:36:53.983 DEBUG: Saving info: ./results/energies_forces_nacs_run-100_train.txt
2025-10-22 10:36:54.030 DEBUG: Saving info: ./results/energies_forces_nacs_run-100_train.txt
2025-10-22 10:36:54.076 DEBUG: Saving info: ./results/energies_forces_nacs_run-100_train.txt
2025-10-22 10:36:54.124 DEBUG: Saving info: ./results/energies_forces_nacs_run-100_train.txt
2025-10-22 10:36:54.170 DEBUG: Saving info: ./results/energies_forces_nacs_run-100_train.txt
2025-10-22 10:36:54.217 DEBUG: Saving info: ./results/energies_forces_nacs_run-100_train.txt
2025-10-22 10:36:54.264 DEBUG: Saving info: ./results/energies_forces_nacs_run-100_train.txt
2025-10-22 10:37:13.125 INFO: ===========VERIFYING SETTINGS===========
2025-10-22 10:37:13.125 INFO: MACE version: 0.3.6
2025-10-22 10:37:13.126 DEBUG: Configuration: Namespace(config=None, name='energies_forces_nacs', seed=100, work_dir='.', nacs_key='smooth_nacs', log_dir='./logs', model_dir='.', checkpoints_dir='./checkpoints', results_dir='./results', downloads_dir='./downloads', device='cuda', default_dtype='float32', distributed=False, log_level='INFO', n_energies=4, error_table='EnergyNacsDipoleMAE', model='ExcitedMACE', r_max=5.0, num_permutational_invariant=16, radial_type='bessel', num_radial_basis=8, num_cutoff_basis=5, pair_repulsion=False, distance_transform='None', interaction='RealAgnosticResidualInteractionBlock', interaction_first='RealAgnosticResidualInteractionBlock', max_ell=3, correlation=3, num_interactions=2, MLP_irreps='32x0e', radial_MLP='[64, 64, 64]', hidden_irreps='32x0e + 32x1o', num_channels=32, max_L=1, gate='silu', scaling='rms_forces_scaling', avg_num_neighbors=1, compute_avg_num_neighbors=True, compute_stress=False, compute_forces=True, compute_dipoles=True, compute_nacs=True, compute_socs=False, train_file='ENERGIES_FORCES_NACS.xyz', valid_file=None, valid_fraction=0.1, test_file=None, test_dir=None, multi_processed_test=False, num_workers=0, pin_memory=True, atomic_numbers=None, mean=None, std=None, statistics_file=None, E0s='average', keep_isolated_atoms=False, energy_key='REF_energy', forces_key='REF_forces', virials_key='REF_virials', stress_key='REF_stress', dipoles_key='REF_dipoles', charges_key='REF_charges', loss='weighted', forces_weight=0.0, nacs_weight=0.0, socs_weight=0.0, soc_num=None, nac_num=6, swa_forces_weight=100.0, energy_weight=100.0, swa_energy_weight=1000.0, virials_weight=1.0, swa_virials_weight=10.0, stress_weight=1.0, swa_stress_weight=10.0, dipoles_weight=1.0, swa_dipole_weight=1.0, config_type_weights='{"Default":1.0}', huber_delta=0.01, optimizer='adam', beta=0.9, batch_size=10, valid_batch_size=10, lr=0.0001, swa_lr=0.001, weight_decay=5e-07, amsgrad=True, scheduler='ReduceLROnPlateau', lr_factor=0.8, scheduler_patience=50, lr_scheduler_gamma=0.9993, swa=False, start_swa=None, ema=True, ema_decay=0.99, max_num_epochs=100, patience=2048, foundation_model=None, foundation_model_readout=True, eval_interval=1, keep_checkpoints=False, save_all_checkpoints=False, restart_latest=False, save_cpu=False, clip_grad=10.0, wandb=False, wandb_dir=None, wandb_project='', wandb_entity='', wandb_name='', wandb_log_hypers=['num_channels', 'max_L', 'correlation', 'lr', 'swa_lr', 'weight_decay', 'batch_size', 'max_num_epochs', 'start_swa', 'energy_weight', 'forces_weight'])
2025-10-22 10:37:13.154 INFO: CUDA version: 12.4, CUDA device: 0
2025-10-22 10:37:13.172 DEBUG: Popen(['git', 'version'], cwd=/home/rhyan/Exciton_model/X-MACE, stdin=None, shell=False, universal_newlines=False)
2025-10-22 10:37:13.173 DEBUG: Popen(['git', 'version'], cwd=/home/rhyan/Exciton_model/X-MACE, stdin=None, shell=False, universal_newlines=False)
2025-10-22 10:37:13.174 DEBUG: sys.platform='linux', git_executable='git'
2025-10-22 10:37:13.174 DEBUG: Popen(['git', 'cat-file', '--batch-check'], cwd=/home/rhyan/Exciton_model/X-MACE, stdin=<valid stream>, shell=False, universal_newlines=False)
2025-10-22 10:37:13.176 DEBUG: Current Git commit: 0861c52cf365064d060e006c179e4cc1785b61c2
2025-10-22 10:37:13.176 INFO: 
2025-10-22 10:37:13.176 INFO: ===========LOADING INPUT DATA===========
2025-10-22 10:37:14.619 INFO: Using random 10% of training set for validation with indices saved in: ./valid_indices_100.txt
2025-10-22 10:37:14.621 INFO: Atomic Numbers used: [1, 6, 7, 8]
2025-10-22 10:37:14.621 INFO: Isolated Atomic Energies (E0s) not in training file, using command line argument
2025-10-22 10:37:14.621 INFO: Computing average Atomic Energies using least squares regression
2025-10-22 10:37:14.629 INFO: Atomic Energies used (z: eV): {1: -967.8427909292559, 6: -1244.3693026233295, 7: -138.2632558470366, 8: -829.5795350822196}
2025-10-22 10:37:14.827 INFO: 
2025-10-22 10:37:14.827 INFO: ===========MODEL DETAILS===========
2025-10-22 10:37:15.067 INFO: Average number of neighbors: 15.7
2025-10-22 10:37:15.067 INFO: During training the following quantities will be reported: energy, forces, dipoles, nacs
2025-10-22 10:37:15.158 INFO: Building model
2025-10-22 10:37:15.158 INFO: Message passing with 32 channels and max_L=1 (32x0e + 32x1o)
2025-10-22 10:37:15.158 INFO: 2 layers, each with correlation order: 3 (body order: 4) and spherical harmonics up to: l=3
2025-10-22 10:37:15.158 INFO: 8 radial and 5 basis functions
2025-10-22 10:37:15.158 INFO: Radial cutoff: 5.0 Å (total receptive field for each atom: 10.0 Å)
2025-10-22 10:37:15.158 INFO: Distance transform for radial basis functions: None
2025-10-22 10:37:15.849 DEBUG: ExcitedMACE(
  (node_embedding): LinearNodeEmbeddingBlock(
    (linear): Linear(4x0e -> 32x0e | 128 weights)
  )
  (radial_embedding): RadialEmbeddingBlock(
    (bessel_fn): BesselBasis(r_max=5.0, num_basis=8, trainable=False)
    (cutoff_fn): PolynomialCutoff(p=5.0, r_max=5.0)
  )
  (spherical_harmonics): SphericalHarmonics()
  (atomic_energies_fn): AtomicEnergiesBlock(energies=[-967.8428, -1244.3693, -138.2633, -829.5795])
  (interactions): ModuleList(
    (0): RealAgnosticInteractionBlock(
      (linear_up): Linear(32x0e -> 32x0e | 1024 weights)
      (conv_tp): TensorProduct(32x0e x 1x0e+1x1o+1x2e+1x3o -> 32x0e+32x1o+32x2e+32x3o | 128 paths | 128 weights)
      (conv_tp_weights): FullyConnectedNet[8, 64, 64, 64, 128]
      (linear): Linear(32x0e+32x1o+32x2e+32x3o -> 32x0e+32x1o+32x2e+32x3o | 4096 weights)
      (skip_tp): FullyConnectedTensorProduct(32x0e+32x1o+32x2e+32x3o x 4x0e -> 32x0e+32x1o+32x2e+32x3o | 16384 paths | 16384 weights)
      (reshape): reshape_irreps()
    )
    (1): RealAgnosticResidualInteractionBlock(
      (linear_up): Linear(32x0e+32x1o -> 32x0e+32x1o | 2048 weights)
      (conv_tp): TensorProduct(32x0e+32x1o x 1x0e+1x1o+1x2e+1x3o -> 64x0e+96x1o+96x2e+64x3o | 320 paths | 320 weights)
      (conv_tp_weights): FullyConnectedNet[8, 64, 64, 64, 320]
      (linear): Linear(64x0e+96x1o+96x2e+64x3o -> 32x0e+32x1o+32x2e+32x3o | 10240 weights)
      (skip_tp): FullyConnectedTensorProduct(32x0e+32x1o x 4x0e -> 32x0e | 4096 paths | 4096 weights)
      (reshape): reshape_irreps()
    )
  )
  (products): ModuleList(
    (0): EquivariantProductBasisBlock(
      (symmetric_contractions): SymmetricContraction(
        (contractions): ModuleList(
          (0): Contraction(
            (contractions_weighting): ModuleList(
              (0-1): 2 x GraphModule()
            )
            (contractions_features): ModuleList(
              (0-1): 2 x GraphModule()
            )
            (weights): ParameterList(
                (0): Parameter containing: [torch.float32 of size 4x4x32 (cuda:0)]
                (1): Parameter containing: [torch.float32 of size 4x1x32 (cuda:0)]
            )
            (graph_opt_main): GraphModule()
          )
          (1): Contraction(
            (contractions_weighting): ModuleList(
              (0-1): 2 x GraphModule()
            )
            (contractions_features): ModuleList(
              (0-1): 2 x GraphModule()
            )
            (weights): ParameterList(
                (0): Parameter containing: [torch.float32 of size 4x6x32 (cuda:0)]
                (1): Parameter containing: [torch.float32 of size 4x1x32 (cuda:0)]
            )
            (graph_opt_main): GraphModule()
          )
        )
      )
      (linear): Linear(32x0e+32x1o -> 32x0e+32x1o | 2048 weights)
    )
    (1): EquivariantProductBasisBlock(
      (symmetric_contractions): SymmetricContraction(
        (contractions): ModuleList(
          (0): Contraction(
            (contractions_weighting): ModuleList(
              (0-1): 2 x GraphModule()
            )
            (contractions_features): ModuleList(
              (0-1): 2 x GraphModule()
            )
            (weights): ParameterList(
                (0): Parameter containing: [torch.float32 of size 4x4x32 (cuda:0)]
                (1): Parameter containing: [torch.float32 of size 4x1x32 (cuda:0)]
            )
            (graph_opt_main): GraphModule()
          )
        )
      )
      (linear): Linear(32x0e -> 32x0e | 1024 weights)
    )
  )
  (readouts): ModuleList(
    (0): LinearReadoutBlock(
      (linear): Linear(32x0e+32x1o -> 4x0e+6x1o | 320 weights)
    )
    (1): NonLinearReadoutBlock(
      (linear_1): Linear(32x0e -> 32x0e | 1024 weights)
      (non_linearity): Activation [x] (32x0e -> 32x0e)
      (linear_2): Linear(32x0e -> 4x0e+6x1o | 128 weights)
    )
  )
  (socs_readouts): ModuleList(
    (0): None
  )
)
2025-10-22 10:37:15.850 INFO: Total number of parameters: 103232
2025-10-22 10:37:15.851 INFO: 
2025-10-22 10:37:15.851 INFO: ===========OPTIMIZER INFORMATION===========
2025-10-22 10:37:15.851 INFO: Using ADAM as parameter optimizer
2025-10-22 10:37:15.851 INFO: Batch size: 10
2025-10-22 10:37:15.851 INFO: Using Exponential Moving Average with decay: 0.99
2025-10-22 10:37:15.851 INFO: Number of gradient updates: 8550
2025-10-22 10:37:15.851 INFO: Learning rate: 0.0001, weight decay: 5e-07
2025-10-22 10:37:15.851 INFO: WeightedEnergyForcesNacsDipoleLoss(energy_weight=100.000, forces_weight=0.000, dipole_weight=1.000)
2025-10-22 10:37:15.851 INFO: Using gradient clipping with tolerance=10.000
2025-10-22 10:37:15.851 INFO: 
2025-10-22 10:37:15.851 INFO: ===========TRAINING===========
2025-10-22 10:37:15.851 INFO: Started training, reporting errors on validation set
2025-10-22 10:37:15.851 INFO: Loss metrics on validation set
2025-10-22 10:37:23.664 INFO: ===========VERIFYING SETTINGS===========
2025-10-22 10:37:23.664 INFO: MACE version: 0.3.6
2025-10-22 10:37:23.664 DEBUG: Configuration: Namespace(config=None, name='energies_forces_nacs', seed=100, work_dir='.', nacs_key='smooth_nacs', log_dir='./logs', model_dir='.', checkpoints_dir='./checkpoints', results_dir='./results', downloads_dir='./downloads', device='cuda', default_dtype='float32', distributed=False, log_level='INFO', n_energies=4, error_table='EnergyNacsDipoleMAE', model='ExcitedMACE', r_max=5.0, num_permutational_invariant=16, radial_type='bessel', num_radial_basis=8, num_cutoff_basis=5, pair_repulsion=False, distance_transform='None', interaction='RealAgnosticResidualInteractionBlock', interaction_first='RealAgnosticResidualInteractionBlock', max_ell=3, correlation=3, num_interactions=2, MLP_irreps='32x0e', radial_MLP='[64, 64, 64]', hidden_irreps='32x0e + 32x1o', num_channels=32, max_L=1, gate='silu', scaling='rms_forces_scaling', avg_num_neighbors=1, compute_avg_num_neighbors=True, compute_stress=False, compute_forces=True, compute_dipoles=True, compute_nacs=True, compute_socs=False, train_file='ENERGIES_FORCES_NACS.xyz', valid_file=None, valid_fraction=0.1, test_file=None, test_dir=None, multi_processed_test=False, num_workers=0, pin_memory=True, atomic_numbers=None, mean=None, std=None, statistics_file=None, E0s='average', keep_isolated_atoms=False, energy_key='REF_energy', forces_key='REF_forces', virials_key='REF_virials', stress_key='REF_stress', dipoles_key='REF_dipoles', charges_key='REF_charges', loss='weighted', forces_weight=0.0, nacs_weight=0.0, socs_weight=0.0, soc_num=None, nac_num=6, swa_forces_weight=100.0, energy_weight=100.0, swa_energy_weight=1000.0, virials_weight=1.0, swa_virials_weight=10.0, stress_weight=1.0, swa_stress_weight=10.0, dipoles_weight=1.0, swa_dipole_weight=1.0, config_type_weights='{"Default":1.0}', huber_delta=0.01, optimizer='adam', beta=0.9, batch_size=10, valid_batch_size=10, lr=0.0001, swa_lr=0.001, weight_decay=5e-07, amsgrad=True, scheduler='ReduceLROnPlateau', lr_factor=0.8, scheduler_patience=50, lr_scheduler_gamma=0.9993, swa=False, start_swa=None, ema=True, ema_decay=0.99, max_num_epochs=100, patience=2048, foundation_model=None, foundation_model_readout=True, eval_interval=1, keep_checkpoints=False, save_all_checkpoints=False, restart_latest=False, save_cpu=False, clip_grad=10.0, wandb=False, wandb_dir=None, wandb_project='', wandb_entity='', wandb_name='', wandb_log_hypers=['num_channels', 'max_L', 'correlation', 'lr', 'swa_lr', 'weight_decay', 'batch_size', 'max_num_epochs', 'start_swa', 'energy_weight', 'forces_weight'])
2025-10-22 10:37:23.693 INFO: CUDA version: 12.4, CUDA device: 0
2025-10-22 10:37:23.711 DEBUG: Popen(['git', 'version'], cwd=/home/rhyan/Exciton_model/X-MACE, stdin=None, shell=False, universal_newlines=False)
2025-10-22 10:37:23.712 DEBUG: Popen(['git', 'version'], cwd=/home/rhyan/Exciton_model/X-MACE, stdin=None, shell=False, universal_newlines=False)
2025-10-22 10:37:23.713 DEBUG: sys.platform='linux', git_executable='git'
2025-10-22 10:37:23.714 DEBUG: Popen(['git', 'cat-file', '--batch-check'], cwd=/home/rhyan/Exciton_model/X-MACE, stdin=<valid stream>, shell=False, universal_newlines=False)
2025-10-22 10:37:23.715 DEBUG: Current Git commit: 0861c52cf365064d060e006c179e4cc1785b61c2
2025-10-22 10:37:23.715 INFO: 
2025-10-22 10:37:23.715 INFO: ===========LOADING INPUT DATA===========
2025-10-22 10:37:25.141 INFO: Using random 10% of training set for validation with indices saved in: ./valid_indices_100.txt
2025-10-22 10:37:25.142 INFO: Atomic Numbers used: [1, 6, 7, 8]
2025-10-22 10:37:25.142 INFO: Isolated Atomic Energies (E0s) not in training file, using command line argument
2025-10-22 10:37:25.142 INFO: Computing average Atomic Energies using least squares regression
2025-10-22 10:37:25.150 INFO: Atomic Energies used (z: eV): {1: -967.8427909292559, 6: -1244.3693026233295, 7: -138.2632558470366, 8: -829.5795350822196}
2025-10-22 10:37:25.347 INFO: 
2025-10-22 10:37:25.347 INFO: ===========MODEL DETAILS===========
2025-10-22 10:37:25.594 INFO: Average number of neighbors: 15.7
2025-10-22 10:37:25.594 INFO: During training the following quantities will be reported: energy, forces, dipoles, nacs
2025-10-22 10:37:25.687 INFO: Building model
2025-10-22 10:37:25.687 INFO: Message passing with 32 channels and max_L=1 (32x0e + 32x1o)
2025-10-22 10:37:25.687 INFO: 2 layers, each with correlation order: 3 (body order: 4) and spherical harmonics up to: l=3
2025-10-22 10:37:25.687 INFO: 8 radial and 5 basis functions
2025-10-22 10:37:25.687 INFO: Radial cutoff: 5.0 Å (total receptive field for each atom: 10.0 Å)
2025-10-22 10:37:25.687 INFO: Distance transform for radial basis functions: None
2025-10-22 10:37:26.381 DEBUG: ExcitedMACE(
  (node_embedding): LinearNodeEmbeddingBlock(
    (linear): Linear(4x0e -> 32x0e | 128 weights)
  )
  (radial_embedding): RadialEmbeddingBlock(
    (bessel_fn): BesselBasis(r_max=5.0, num_basis=8, trainable=False)
    (cutoff_fn): PolynomialCutoff(p=5.0, r_max=5.0)
  )
  (spherical_harmonics): SphericalHarmonics()
  (atomic_energies_fn): AtomicEnergiesBlock(energies=[-967.8428, -1244.3693, -138.2633, -829.5795])
  (interactions): ModuleList(
    (0): RealAgnosticInteractionBlock(
      (linear_up): Linear(32x0e -> 32x0e | 1024 weights)
      (conv_tp): TensorProduct(32x0e x 1x0e+1x1o+1x2e+1x3o -> 32x0e+32x1o+32x2e+32x3o | 128 paths | 128 weights)
      (conv_tp_weights): FullyConnectedNet[8, 64, 64, 64, 128]
      (linear): Linear(32x0e+32x1o+32x2e+32x3o -> 32x0e+32x1o+32x2e+32x3o | 4096 weights)
      (skip_tp): FullyConnectedTensorProduct(32x0e+32x1o+32x2e+32x3o x 4x0e -> 32x0e+32x1o+32x2e+32x3o | 16384 paths | 16384 weights)
      (reshape): reshape_irreps()
    )
    (1): RealAgnosticResidualInteractionBlock(
      (linear_up): Linear(32x0e+32x1o -> 32x0e+32x1o | 2048 weights)
      (conv_tp): TensorProduct(32x0e+32x1o x 1x0e+1x1o+1x2e+1x3o -> 64x0e+96x1o+96x2e+64x3o | 320 paths | 320 weights)
      (conv_tp_weights): FullyConnectedNet[8, 64, 64, 64, 320]
      (linear): Linear(64x0e+96x1o+96x2e+64x3o -> 32x0e+32x1o+32x2e+32x3o | 10240 weights)
      (skip_tp): FullyConnectedTensorProduct(32x0e+32x1o x 4x0e -> 32x0e | 4096 paths | 4096 weights)
      (reshape): reshape_irreps()
    )
  )
  (products): ModuleList(
    (0): EquivariantProductBasisBlock(
      (symmetric_contractions): SymmetricContraction(
        (contractions): ModuleList(
          (0): Contraction(
            (contractions_weighting): ModuleList(
              (0-1): 2 x GraphModule()
            )
            (contractions_features): ModuleList(
              (0-1): 2 x GraphModule()
            )
            (weights): ParameterList(
                (0): Parameter containing: [torch.float32 of size 4x4x32 (cuda:0)]
                (1): Parameter containing: [torch.float32 of size 4x1x32 (cuda:0)]
            )
            (graph_opt_main): GraphModule()
          )
          (1): Contraction(
            (contractions_weighting): ModuleList(
              (0-1): 2 x GraphModule()
            )
            (contractions_features): ModuleList(
              (0-1): 2 x GraphModule()
            )
            (weights): ParameterList(
                (0): Parameter containing: [torch.float32 of size 4x6x32 (cuda:0)]
                (1): Parameter containing: [torch.float32 of size 4x1x32 (cuda:0)]
            )
            (graph_opt_main): GraphModule()
          )
        )
      )
      (linear): Linear(32x0e+32x1o -> 32x0e+32x1o | 2048 weights)
    )
    (1): EquivariantProductBasisBlock(
      (symmetric_contractions): SymmetricContraction(
        (contractions): ModuleList(
          (0): Contraction(
            (contractions_weighting): ModuleList(
              (0-1): 2 x GraphModule()
            )
            (contractions_features): ModuleList(
              (0-1): 2 x GraphModule()
            )
            (weights): ParameterList(
                (0): Parameter containing: [torch.float32 of size 4x4x32 (cuda:0)]
                (1): Parameter containing: [torch.float32 of size 4x1x32 (cuda:0)]
            )
            (graph_opt_main): GraphModule()
          )
        )
      )
      (linear): Linear(32x0e -> 32x0e | 1024 weights)
    )
  )
  (readouts): ModuleList(
    (0): LinearReadoutBlock(
      (linear): Linear(32x0e+32x1o -> 4x0e+6x1o | 320 weights)
    )
    (1): NonLinearReadoutBlock(
      (linear_1): Linear(32x0e -> 32x0e | 1024 weights)
      (non_linearity): Activation [x] (32x0e -> 32x0e)
      (linear_2): Linear(32x0e -> 4x0e+6x1o | 128 weights)
    )
  )
  (socs_readouts): ModuleList(
    (0): None
  )
)
2025-10-22 10:37:26.382 INFO: Total number of parameters: 103232
2025-10-22 10:37:26.382 INFO: 
2025-10-22 10:37:26.382 INFO: ===========OPTIMIZER INFORMATION===========
2025-10-22 10:37:26.382 INFO: Using ADAM as parameter optimizer
2025-10-22 10:37:26.382 INFO: Batch size: 10
2025-10-22 10:37:26.382 INFO: Using Exponential Moving Average with decay: 0.99
2025-10-22 10:37:26.382 INFO: Number of gradient updates: 8550
2025-10-22 10:37:26.382 INFO: Learning rate: 0.0001, weight decay: 5e-07
2025-10-22 10:37:26.382 INFO: WeightedEnergyForcesNacsDipoleLoss(energy_weight=100.000, forces_weight=0.000, dipole_weight=1.000)
2025-10-22 10:37:26.383 INFO: Using gradient clipping with tolerance=10.000
2025-10-22 10:37:26.383 INFO: 
2025-10-22 10:37:26.383 INFO: ===========TRAINING===========
2025-10-22 10:37:26.383 INFO: Started training, reporting errors on validation set
2025-10-22 10:37:26.383 INFO: Loss metrics on validation set
2025-10-22 10:37:28.627 DEBUG: Saving info: ./results/energies_forces_nacs_run-100_train.txt
2025-10-22 10:37:29.050 DEBUG: Saving info: ./results/energies_forces_nacs_run-100_train.txt
2025-10-22 10:37:29.617 DEBUG: Saving info: ./results/energies_forces_nacs_run-100_train.txt
2025-10-22 10:37:30.235 DEBUG: Saving info: ./results/energies_forces_nacs_run-100_train.txt
2025-10-22 10:37:30.286 DEBUG: Saving info: ./results/energies_forces_nacs_run-100_train.txt
2025-10-22 10:37:30.336 DEBUG: Saving info: ./results/energies_forces_nacs_run-100_train.txt
2025-10-22 10:37:30.386 DEBUG: Saving info: ./results/energies_forces_nacs_run-100_train.txt
2025-10-22 10:37:30.435 DEBUG: Saving info: ./results/energies_forces_nacs_run-100_train.txt
2025-10-22 10:37:30.483 DEBUG: Saving info: ./results/energies_forces_nacs_run-100_train.txt
2025-10-22 10:37:30.532 DEBUG: Saving info: ./results/energies_forces_nacs_run-100_train.txt
2025-10-22 10:37:30.579 DEBUG: Saving info: ./results/energies_forces_nacs_run-100_train.txt
2025-10-22 10:37:30.625 DEBUG: Saving info: ./results/energies_forces_nacs_run-100_train.txt
2025-10-22 10:37:30.671 DEBUG: Saving info: ./results/energies_forces_nacs_run-100_train.txt
2025-10-22 10:37:30.717 DEBUG: Saving info: ./results/energies_forces_nacs_run-100_train.txt
2025-10-22 10:37:30.763 DEBUG: Saving info: ./results/energies_forces_nacs_run-100_train.txt
2025-10-22 10:37:30.809 DEBUG: Saving info: ./results/energies_forces_nacs_run-100_train.txt
2025-10-22 10:37:30.855 DEBUG: Saving info: ./results/energies_forces_nacs_run-100_train.txt
2025-10-22 10:37:30.901 DEBUG: Saving info: ./results/energies_forces_nacs_run-100_train.txt
2025-10-22 10:37:30.947 DEBUG: Saving info: ./results/energies_forces_nacs_run-100_train.txt
2025-10-22 10:37:30.993 DEBUG: Saving info: ./results/energies_forces_nacs_run-100_train.txt
2025-10-22 10:37:31.039 DEBUG: Saving info: ./results/energies_forces_nacs_run-100_train.txt
2025-10-22 10:37:31.086 DEBUG: Saving info: ./results/energies_forces_nacs_run-100_train.txt
2025-10-22 10:37:31.132 DEBUG: Saving info: ./results/energies_forces_nacs_run-100_train.txt
2025-10-22 10:37:31.178 DEBUG: Saving info: ./results/energies_forces_nacs_run-100_train.txt
2025-10-22 10:37:31.224 DEBUG: Saving info: ./results/energies_forces_nacs_run-100_train.txt
2025-10-22 10:37:31.270 DEBUG: Saving info: ./results/energies_forces_nacs_run-100_train.txt
2025-10-22 10:37:31.316 DEBUG: Saving info: ./results/energies_forces_nacs_run-100_train.txt
2025-10-22 10:37:31.362 DEBUG: Saving info: ./results/energies_forces_nacs_run-100_train.txt
2025-10-22 10:37:31.408 DEBUG: Saving info: ./results/energies_forces_nacs_run-100_train.txt
2025-10-22 10:37:31.454 DEBUG: Saving info: ./results/energies_forces_nacs_run-100_train.txt
2025-10-22 10:37:31.500 DEBUG: Saving info: ./results/energies_forces_nacs_run-100_train.txt
2025-10-22 10:37:31.546 DEBUG: Saving info: ./results/energies_forces_nacs_run-100_train.txt
2025-10-22 10:37:31.592 DEBUG: Saving info: ./results/energies_forces_nacs_run-100_train.txt
2025-10-22 10:37:31.637 DEBUG: Saving info: ./results/energies_forces_nacs_run-100_train.txt
2025-10-22 10:37:31.683 DEBUG: Saving info: ./results/energies_forces_nacs_run-100_train.txt
2025-10-22 10:37:31.729 DEBUG: Saving info: ./results/energies_forces_nacs_run-100_train.txt
2025-10-22 10:37:31.775 DEBUG: Saving info: ./results/energies_forces_nacs_run-100_train.txt
2025-10-22 10:37:31.821 DEBUG: Saving info: ./results/energies_forces_nacs_run-100_train.txt
2025-10-22 10:37:31.867 DEBUG: Saving info: ./results/energies_forces_nacs_run-100_train.txt
2025-10-22 10:37:31.914 DEBUG: Saving info: ./results/energies_forces_nacs_run-100_train.txt
2025-10-22 10:37:31.959 DEBUG: Saving info: ./results/energies_forces_nacs_run-100_train.txt
2025-10-22 10:37:32.005 DEBUG: Saving info: ./results/energies_forces_nacs_run-100_train.txt
2025-10-22 10:37:32.052 DEBUG: Saving info: ./results/energies_forces_nacs_run-100_train.txt
2025-10-22 10:37:32.098 DEBUG: Saving info: ./results/energies_forces_nacs_run-100_train.txt
2025-10-22 10:37:32.144 DEBUG: Saving info: ./results/energies_forces_nacs_run-100_train.txt
2025-10-22 10:37:32.190 DEBUG: Saving info: ./results/energies_forces_nacs_run-100_train.txt
2025-10-22 10:37:32.237 DEBUG: Saving info: ./results/energies_forces_nacs_run-100_train.txt
2025-10-22 10:37:32.283 DEBUG: Saving info: ./results/energies_forces_nacs_run-100_train.txt
2025-10-22 10:37:32.329 DEBUG: Saving info: ./results/energies_forces_nacs_run-100_train.txt
2025-10-22 10:37:32.375 DEBUG: Saving info: ./results/energies_forces_nacs_run-100_train.txt
2025-10-22 10:37:32.422 DEBUG: Saving info: ./results/energies_forces_nacs_run-100_train.txt
2025-10-22 10:37:32.467 DEBUG: Saving info: ./results/energies_forces_nacs_run-100_train.txt
2025-10-22 10:37:32.513 DEBUG: Saving info: ./results/energies_forces_nacs_run-100_train.txt
2025-10-22 10:37:32.559 DEBUG: Saving info: ./results/energies_forces_nacs_run-100_train.txt
2025-10-22 10:37:32.605 DEBUG: Saving info: ./results/energies_forces_nacs_run-100_train.txt
2025-10-22 10:37:32.651 DEBUG: Saving info: ./results/energies_forces_nacs_run-100_train.txt
2025-10-22 10:37:32.697 DEBUG: Saving info: ./results/energies_forces_nacs_run-100_train.txt
2025-10-22 10:37:32.743 DEBUG: Saving info: ./results/energies_forces_nacs_run-100_train.txt
2025-10-22 10:37:32.789 DEBUG: Saving info: ./results/energies_forces_nacs_run-100_train.txt
2025-10-22 10:37:32.835 DEBUG: Saving info: ./results/energies_forces_nacs_run-100_train.txt
2025-10-22 10:37:32.881 DEBUG: Saving info: ./results/energies_forces_nacs_run-100_train.txt
2025-10-22 10:37:32.927 DEBUG: Saving info: ./results/energies_forces_nacs_run-100_train.txt
2025-10-22 10:37:32.974 DEBUG: Saving info: ./results/energies_forces_nacs_run-100_train.txt
2025-10-22 10:37:33.020 DEBUG: Saving info: ./results/energies_forces_nacs_run-100_train.txt
2025-10-22 10:37:33.066 DEBUG: Saving info: ./results/energies_forces_nacs_run-100_train.txt
2025-10-22 10:37:33.112 DEBUG: Saving info: ./results/energies_forces_nacs_run-100_train.txt
2025-10-22 10:37:33.158 DEBUG: Saving info: ./results/energies_forces_nacs_run-100_train.txt
2025-10-22 10:37:33.204 DEBUG: Saving info: ./results/energies_forces_nacs_run-100_train.txt
2025-10-22 10:37:33.250 DEBUG: Saving info: ./results/energies_forces_nacs_run-100_train.txt
2025-10-22 10:37:33.296 DEBUG: Saving info: ./results/energies_forces_nacs_run-100_train.txt
2025-10-22 10:37:33.342 DEBUG: Saving info: ./results/energies_forces_nacs_run-100_train.txt
2025-10-22 10:37:33.388 DEBUG: Saving info: ./results/energies_forces_nacs_run-100_train.txt
2025-10-22 10:37:33.434 DEBUG: Saving info: ./results/energies_forces_nacs_run-100_train.txt
2025-10-22 10:37:33.480 DEBUG: Saving info: ./results/energies_forces_nacs_run-100_train.txt
2025-10-22 10:37:33.526 DEBUG: Saving info: ./results/energies_forces_nacs_run-100_train.txt
2025-10-22 10:37:33.572 DEBUG: Saving info: ./results/energies_forces_nacs_run-100_train.txt
2025-10-22 10:37:33.619 DEBUG: Saving info: ./results/energies_forces_nacs_run-100_train.txt
2025-10-22 10:37:33.664 DEBUG: Saving info: ./results/energies_forces_nacs_run-100_train.txt
2025-10-22 10:37:33.711 DEBUG: Saving info: ./results/energies_forces_nacs_run-100_train.txt
2025-10-22 10:37:33.757 DEBUG: Saving info: ./results/energies_forces_nacs_run-100_train.txt
2025-10-22 10:37:33.803 DEBUG: Saving info: ./results/energies_forces_nacs_run-100_train.txt
2025-10-22 10:37:33.849 DEBUG: Saving info: ./results/energies_forces_nacs_run-100_train.txt
2025-10-22 10:37:33.895 DEBUG: Saving info: ./results/energies_forces_nacs_run-100_train.txt
2025-10-22 10:37:33.941 DEBUG: Saving info: ./results/energies_forces_nacs_run-100_train.txt
2025-10-22 10:37:33.988 DEBUG: Saving info: ./results/energies_forces_nacs_run-100_train.txt
2025-10-22 10:37:34.034 DEBUG: Saving info: ./results/energies_forces_nacs_run-100_train.txt
2025-10-22 10:37:34.246 DEBUG: Saving info: ./results/energies_forces_nacs_run-100_train.txt
2025-10-22 10:37:34.247 DEBUG: Saving checkpoint: ./checkpoints/energies_forces_nacs_run-100_epoch-0.pt
2025-10-22 10:37:34.327 DEBUG: Saving info: ./results/energies_forces_nacs_run-100_train.txt
2025-10-22 10:37:34.373 DEBUG: Saving info: ./results/energies_forces_nacs_run-100_train.txt
2025-10-22 10:37:34.419 DEBUG: Saving info: ./results/energies_forces_nacs_run-100_train.txt
2025-10-22 10:37:34.465 DEBUG: Saving info: ./results/energies_forces_nacs_run-100_train.txt
2025-10-22 10:37:34.511 DEBUG: Saving info: ./results/energies_forces_nacs_run-100_train.txt
2025-10-22 10:37:34.557 DEBUG: Saving info: ./results/energies_forces_nacs_run-100_train.txt
2025-10-22 10:37:34.603 DEBUG: Saving info: ./results/energies_forces_nacs_run-100_train.txt
2025-10-22 10:37:34.649 DEBUG: Saving info: ./results/energies_forces_nacs_run-100_train.txt
2025-10-22 10:37:34.695 DEBUG: Saving info: ./results/energies_forces_nacs_run-100_train.txt
2025-10-22 10:37:34.741 DEBUG: Saving info: ./results/energies_forces_nacs_run-100_train.txt
2025-10-22 10:37:34.788 DEBUG: Saving info: ./results/energies_forces_nacs_run-100_train.txt
2025-10-22 10:37:34.834 DEBUG: Saving info: ./results/energies_forces_nacs_run-100_train.txt
2025-10-22 10:37:34.880 DEBUG: Saving info: ./results/energies_forces_nacs_run-100_train.txt
2025-10-22 10:37:34.926 DEBUG: Saving info: ./results/energies_forces_nacs_run-100_train.txt
2025-10-22 10:37:34.972 DEBUG: Saving info: ./results/energies_forces_nacs_run-100_train.txt
2025-10-22 10:37:35.018 DEBUG: Saving info: ./results/energies_forces_nacs_run-100_train.txt
2025-10-22 10:37:35.065 DEBUG: Saving info: ./results/energies_forces_nacs_run-100_train.txt
2025-10-22 10:37:35.111 DEBUG: Saving info: ./results/energies_forces_nacs_run-100_train.txt
2025-10-22 10:37:35.157 DEBUG: Saving info: ./results/energies_forces_nacs_run-100_train.txt
2025-10-22 10:37:35.203 DEBUG: Saving info: ./results/energies_forces_nacs_run-100_train.txt
2025-10-22 10:37:35.250 DEBUG: Saving info: ./results/energies_forces_nacs_run-100_train.txt
2025-10-22 10:37:35.296 DEBUG: Saving info: ./results/energies_forces_nacs_run-100_train.txt
2025-10-22 10:37:35.342 DEBUG: Saving info: ./results/energies_forces_nacs_run-100_train.txt
2025-10-22 10:37:35.389 DEBUG: Saving info: ./results/energies_forces_nacs_run-100_train.txt
2025-10-22 10:37:35.435 DEBUG: Saving info: ./results/energies_forces_nacs_run-100_train.txt
2025-10-22 10:37:35.481 DEBUG: Saving info: ./results/energies_forces_nacs_run-100_train.txt
2025-10-22 10:37:35.527 DEBUG: Saving info: ./results/energies_forces_nacs_run-100_train.txt
2025-10-22 10:37:35.573 DEBUG: Saving info: ./results/energies_forces_nacs_run-100_train.txt
2025-10-22 10:37:35.619 DEBUG: Saving info: ./results/energies_forces_nacs_run-100_train.txt
2025-10-22 10:37:35.665 DEBUG: Saving info: ./results/energies_forces_nacs_run-100_train.txt
2025-10-22 10:37:35.711 DEBUG: Saving info: ./results/energies_forces_nacs_run-100_train.txt
2025-10-22 10:37:35.758 DEBUG: Saving info: ./results/energies_forces_nacs_run-100_train.txt
2025-10-22 10:37:35.804 DEBUG: Saving info: ./results/energies_forces_nacs_run-100_train.txt
2025-10-22 10:37:35.850 DEBUG: Saving info: ./results/energies_forces_nacs_run-100_train.txt
2025-10-22 10:37:35.896 DEBUG: Saving info: ./results/energies_forces_nacs_run-100_train.txt
2025-10-22 10:37:35.942 DEBUG: Saving info: ./results/energies_forces_nacs_run-100_train.txt
2025-10-22 10:37:35.988 DEBUG: Saving info: ./results/energies_forces_nacs_run-100_train.txt
2025-10-22 10:37:36.035 DEBUG: Saving info: ./results/energies_forces_nacs_run-100_train.txt
2025-10-22 10:37:36.081 DEBUG: Saving info: ./results/energies_forces_nacs_run-100_train.txt
2025-10-22 10:37:36.128 DEBUG: Saving info: ./results/energies_forces_nacs_run-100_train.txt
2025-10-22 10:37:36.174 DEBUG: Saving info: ./results/energies_forces_nacs_run-100_train.txt
2025-10-22 10:37:36.220 DEBUG: Saving info: ./results/energies_forces_nacs_run-100_train.txt
2025-10-22 10:37:36.267 DEBUG: Saving info: ./results/energies_forces_nacs_run-100_train.txt
2025-10-22 10:37:36.313 DEBUG: Saving info: ./results/energies_forces_nacs_run-100_train.txt
2025-10-22 10:37:36.359 DEBUG: Saving info: ./results/energies_forces_nacs_run-100_train.txt
2025-10-22 10:37:36.405 DEBUG: Saving info: ./results/energies_forces_nacs_run-100_train.txt
2025-10-22 10:37:36.451 DEBUG: Saving info: ./results/energies_forces_nacs_run-100_train.txt
2025-10-22 10:37:36.497 DEBUG: Saving info: ./results/energies_forces_nacs_run-100_train.txt
2025-10-22 10:37:36.543 DEBUG: Saving info: ./results/energies_forces_nacs_run-100_train.txt
2025-10-22 10:37:36.589 DEBUG: Saving info: ./results/energies_forces_nacs_run-100_train.txt
2025-10-22 10:37:36.636 DEBUG: Saving info: ./results/energies_forces_nacs_run-100_train.txt
2025-10-22 10:37:36.682 DEBUG: Saving info: ./results/energies_forces_nacs_run-100_train.txt
2025-10-22 10:37:36.728 DEBUG: Saving info: ./results/energies_forces_nacs_run-100_train.txt
2025-10-22 10:37:36.774 DEBUG: Saving info: ./results/energies_forces_nacs_run-100_train.txt
2025-10-22 10:37:36.821 DEBUG: Saving info: ./results/energies_forces_nacs_run-100_train.txt
2025-10-22 10:37:36.867 DEBUG: Saving info: ./results/energies_forces_nacs_run-100_train.txt
2025-10-22 10:37:36.913 DEBUG: Saving info: ./results/energies_forces_nacs_run-100_train.txt
2025-10-22 10:37:36.959 DEBUG: Saving info: ./results/energies_forces_nacs_run-100_train.txt
2025-10-22 10:37:37.005 DEBUG: Saving info: ./results/energies_forces_nacs_run-100_train.txt
2025-10-22 10:37:37.052 DEBUG: Saving info: ./results/energies_forces_nacs_run-100_train.txt
2025-10-22 10:37:37.098 DEBUG: Saving info: ./results/energies_forces_nacs_run-100_train.txt
2025-10-22 10:37:37.144 DEBUG: Saving info: ./results/energies_forces_nacs_run-100_train.txt
2025-10-22 10:37:37.190 DEBUG: Saving info: ./results/energies_forces_nacs_run-100_train.txt
2025-10-22 10:37:37.237 DEBUG: Saving info: ./results/energies_forces_nacs_run-100_train.txt
2025-10-22 10:37:37.283 DEBUG: Saving info: ./results/energies_forces_nacs_run-100_train.txt
2025-10-22 10:37:37.329 DEBUG: Saving info: ./results/energies_forces_nacs_run-100_train.txt
2025-10-22 10:37:37.375 DEBUG: Saving info: ./results/energies_forces_nacs_run-100_train.txt
2025-10-22 10:37:37.421 DEBUG: Saving info: ./results/energies_forces_nacs_run-100_train.txt
2025-10-22 10:37:37.467 DEBUG: Saving info: ./results/energies_forces_nacs_run-100_train.txt
2025-10-22 10:37:37.513 DEBUG: Saving info: ./results/energies_forces_nacs_run-100_train.txt
2025-10-22 10:37:37.559 DEBUG: Saving info: ./results/energies_forces_nacs_run-100_train.txt
2025-10-22 10:37:37.605 DEBUG: Saving info: ./results/energies_forces_nacs_run-100_train.txt
2025-10-22 10:37:37.652 DEBUG: Saving info: ./results/energies_forces_nacs_run-100_train.txt
2025-10-22 10:37:37.698 DEBUG: Saving info: ./results/energies_forces_nacs_run-100_train.txt
2025-10-22 10:37:37.744 DEBUG: Saving info: ./results/energies_forces_nacs_run-100_train.txt
2025-10-22 10:37:37.791 DEBUG: Saving info: ./results/energies_forces_nacs_run-100_train.txt
2025-10-22 10:37:37.837 DEBUG: Saving info: ./results/energies_forces_nacs_run-100_train.txt
2025-10-22 10:37:37.883 DEBUG: Saving info: ./results/energies_forces_nacs_run-100_train.txt
2025-10-22 10:37:37.929 DEBUG: Saving info: ./results/energies_forces_nacs_run-100_train.txt
2025-10-22 10:37:37.975 DEBUG: Saving info: ./results/energies_forces_nacs_run-100_train.txt
2025-10-22 10:37:38.021 DEBUG: Saving info: ./results/energies_forces_nacs_run-100_train.txt
2025-10-22 10:37:38.068 DEBUG: Saving info: ./results/energies_forces_nacs_run-100_train.txt
2025-10-22 10:37:38.114 DEBUG: Saving info: ./results/energies_forces_nacs_run-100_train.txt
2025-10-22 10:37:38.160 DEBUG: Saving info: ./results/energies_forces_nacs_run-100_train.txt
2025-10-22 10:37:38.206 DEBUG: Saving info: ./results/energies_forces_nacs_run-100_train.txt
2025-10-22 10:37:38.417 DEBUG: Saving info: ./results/energies_forces_nacs_run-100_train.txt
2025-10-22 10:37:38.418 DEBUG: Deleting old checkpoint file: ./checkpoints/energies_forces_nacs_run-100_epoch-0.pt
2025-10-22 10:37:38.419 DEBUG: Saving checkpoint: ./checkpoints/energies_forces_nacs_run-100_epoch-1.pt
2025-10-22 10:37:38.505 DEBUG: Saving info: ./results/energies_forces_nacs_run-100_train.txt
2025-10-22 10:37:38.551 DEBUG: Saving info: ./results/energies_forces_nacs_run-100_train.txt
2025-10-22 10:37:38.597 DEBUG: Saving info: ./results/energies_forces_nacs_run-100_train.txt
2025-10-22 10:37:38.643 DEBUG: Saving info: ./results/energies_forces_nacs_run-100_train.txt
2025-10-22 10:37:38.689 DEBUG: Saving info: ./results/energies_forces_nacs_run-100_train.txt
2025-10-22 10:37:38.735 DEBUG: Saving info: ./results/energies_forces_nacs_run-100_train.txt
2025-10-22 10:37:38.781 DEBUG: Saving info: ./results/energies_forces_nacs_run-100_train.txt
2025-10-22 10:37:38.827 DEBUG: Saving info: ./results/energies_forces_nacs_run-100_train.txt
2025-10-22 10:37:38.874 DEBUG: Saving info: ./results/energies_forces_nacs_run-100_train.txt
2025-10-22 10:37:38.920 DEBUG: Saving info: ./results/energies_forces_nacs_run-100_train.txt
2025-10-22 10:37:38.967 DEBUG: Saving info: ./results/energies_forces_nacs_run-100_train.txt
2025-10-22 10:37:39.013 DEBUG: Saving info: ./results/energies_forces_nacs_run-100_train.txt
2025-10-22 10:37:39.060 DEBUG: Saving info: ./results/energies_forces_nacs_run-100_train.txt
2025-10-22 10:37:39.106 DEBUG: Saving info: ./results/energies_forces_nacs_run-100_train.txt
2025-10-22 10:37:39.153 DEBUG: Saving info: ./results/energies_forces_nacs_run-100_train.txt
2025-10-22 10:37:39.199 DEBUG: Saving info: ./results/energies_forces_nacs_run-100_train.txt
2025-10-22 10:37:39.245 DEBUG: Saving info: ./results/energies_forces_nacs_run-100_train.txt
2025-10-22 10:37:39.291 DEBUG: Saving info: ./results/energies_forces_nacs_run-100_train.txt
2025-10-22 10:37:39.338 DEBUG: Saving info: ./results/energies_forces_nacs_run-100_train.txt
2025-10-22 10:37:39.383 DEBUG: Saving info: ./results/energies_forces_nacs_run-100_train.txt
2025-10-22 10:37:39.430 DEBUG: Saving info: ./results/energies_forces_nacs_run-100_train.txt
2025-10-22 10:37:39.475 DEBUG: Saving info: ./results/energies_forces_nacs_run-100_train.txt
2025-10-22 10:37:39.522 DEBUG: Saving info: ./results/energies_forces_nacs_run-100_train.txt
2025-10-22 10:37:39.568 DEBUG: Saving info: ./results/energies_forces_nacs_run-100_train.txt
2025-10-22 10:37:39.614 DEBUG: Saving info: ./results/energies_forces_nacs_run-100_train.txt
2025-10-22 10:37:39.660 DEBUG: Saving info: ./results/energies_forces_nacs_run-100_train.txt
2025-10-22 10:37:39.708 DEBUG: Saving info: ./results/energies_forces_nacs_run-100_train.txt
2025-10-22 10:37:39.754 DEBUG: Saving info: ./results/energies_forces_nacs_run-100_train.txt
2025-10-22 10:37:39.800 DEBUG: Saving info: ./results/energies_forces_nacs_run-100_train.txt
2025-10-22 10:37:39.846 DEBUG: Saving info: ./results/energies_forces_nacs_run-100_train.txt
2025-10-22 10:37:39.892 DEBUG: Saving info: ./results/energies_forces_nacs_run-100_train.txt
2025-10-22 10:37:39.938 DEBUG: Saving info: ./results/energies_forces_nacs_run-100_train.txt
2025-10-22 10:37:39.984 DEBUG: Saving info: ./results/energies_forces_nacs_run-100_train.txt
2025-10-22 10:37:40.031 DEBUG: Saving info: ./results/energies_forces_nacs_run-100_train.txt
2025-10-22 10:37:40.077 DEBUG: Saving info: ./results/energies_forces_nacs_run-100_train.txt
2025-10-22 10:37:40.123 DEBUG: Saving info: ./results/energies_forces_nacs_run-100_train.txt
2025-10-22 10:37:40.170 DEBUG: Saving info: ./results/energies_forces_nacs_run-100_train.txt
2025-10-22 10:37:40.216 DEBUG: Saving info: ./results/energies_forces_nacs_run-100_train.txt
2025-10-22 10:37:40.263 DEBUG: Saving info: ./results/energies_forces_nacs_run-100_train.txt
2025-10-22 10:37:40.308 DEBUG: Saving info: ./results/energies_forces_nacs_run-100_train.txt
2025-10-22 10:37:40.354 DEBUG: Saving info: ./results/energies_forces_nacs_run-100_train.txt
2025-10-22 10:37:40.400 DEBUG: Saving info: ./results/energies_forces_nacs_run-100_train.txt
2025-10-22 10:37:40.446 DEBUG: Saving info: ./results/energies_forces_nacs_run-100_train.txt
2025-10-22 10:37:40.492 DEBUG: Saving info: ./results/energies_forces_nacs_run-100_train.txt
2025-10-22 10:37:40.538 DEBUG: Saving info: ./results/energies_forces_nacs_run-100_train.txt
2025-10-22 10:37:40.585 DEBUG: Saving info: ./results/energies_forces_nacs_run-100_train.txt
2025-10-22 10:37:40.632 DEBUG: Saving info: ./results/energies_forces_nacs_run-100_train.txt
2025-10-22 10:37:40.678 DEBUG: Saving info: ./results/energies_forces_nacs_run-100_train.txt
2025-10-22 10:37:40.724 DEBUG: Saving info: ./results/energies_forces_nacs_run-100_train.txt
2025-10-22 10:37:40.770 DEBUG: Saving info: ./results/energies_forces_nacs_run-100_train.txt
2025-10-22 10:37:40.816 DEBUG: Saving info: ./results/energies_forces_nacs_run-100_train.txt
2025-10-22 10:37:40.862 DEBUG: Saving info: ./results/energies_forces_nacs_run-100_train.txt
2025-10-22 10:37:40.908 DEBUG: Saving info: ./results/energies_forces_nacs_run-100_train.txt
2025-10-22 10:37:40.954 DEBUG: Saving info: ./results/energies_forces_nacs_run-100_train.txt
2025-10-22 10:37:41.000 DEBUG: Saving info: ./results/energies_forces_nacs_run-100_train.txt
2025-10-22 10:37:41.047 DEBUG: Saving info: ./results/energies_forces_nacs_run-100_train.txt
2025-10-22 10:37:41.094 DEBUG: Saving info: ./results/energies_forces_nacs_run-100_train.txt
2025-10-22 10:37:41.140 DEBUG: Saving info: ./results/energies_forces_nacs_run-100_train.txt
2025-10-22 10:37:41.187 DEBUG: Saving info: ./results/energies_forces_nacs_run-100_train.txt
2025-10-22 10:37:41.232 DEBUG: Saving info: ./results/energies_forces_nacs_run-100_train.txt
2025-10-22 10:37:41.279 DEBUG: Saving info: ./results/energies_forces_nacs_run-100_train.txt
2025-10-22 10:37:41.325 DEBUG: Saving info: ./results/energies_forces_nacs_run-100_train.txt
2025-10-22 10:37:41.371 DEBUG: Saving info: ./results/energies_forces_nacs_run-100_train.txt
2025-10-22 10:37:41.417 DEBUG: Saving info: ./results/energies_forces_nacs_run-100_train.txt
2025-10-22 10:37:41.464 DEBUG: Saving info: ./results/energies_forces_nacs_run-100_train.txt
2025-10-22 10:37:41.510 DEBUG: Saving info: ./results/energies_forces_nacs_run-100_train.txt
2025-10-22 10:37:41.556 DEBUG: Saving info: ./results/energies_forces_nacs_run-100_train.txt
2025-10-22 10:37:41.602 DEBUG: Saving info: ./results/energies_forces_nacs_run-100_train.txt
2025-10-22 10:37:41.649 DEBUG: Saving info: ./results/energies_forces_nacs_run-100_train.txt
2025-10-22 10:37:41.695 DEBUG: Saving info: ./results/energies_forces_nacs_run-100_train.txt
2025-10-22 10:37:41.741 DEBUG: Saving info: ./results/energies_forces_nacs_run-100_train.txt
2025-10-22 10:37:41.787 DEBUG: Saving info: ./results/energies_forces_nacs_run-100_train.txt
2025-10-22 10:37:41.833 DEBUG: Saving info: ./results/energies_forces_nacs_run-100_train.txt
2025-10-22 10:37:41.879 DEBUG: Saving info: ./results/energies_forces_nacs_run-100_train.txt
2025-10-22 10:37:41.925 DEBUG: Saving info: ./results/energies_forces_nacs_run-100_train.txt
2025-10-22 10:37:41.971 DEBUG: Saving info: ./results/energies_forces_nacs_run-100_train.txt
2025-10-22 10:37:42.018 DEBUG: Saving info: ./results/energies_forces_nacs_run-100_train.txt
2025-10-22 10:37:42.064 DEBUG: Saving info: ./results/energies_forces_nacs_run-100_train.txt
2025-10-22 10:37:42.111 DEBUG: Saving info: ./results/energies_forces_nacs_run-100_train.txt
2025-10-22 10:37:42.157 DEBUG: Saving info: ./results/energies_forces_nacs_run-100_train.txt
2025-10-22 10:37:42.203 DEBUG: Saving info: ./results/energies_forces_nacs_run-100_train.txt
2025-10-22 10:37:42.249 DEBUG: Saving info: ./results/energies_forces_nacs_run-100_train.txt
2025-10-22 10:37:42.295 DEBUG: Saving info: ./results/energies_forces_nacs_run-100_train.txt
2025-10-22 10:37:42.342 DEBUG: Saving info: ./results/energies_forces_nacs_run-100_train.txt
2025-10-22 10:37:42.388 DEBUG: Saving info: ./results/energies_forces_nacs_run-100_train.txt
2025-10-22 10:37:42.600 DEBUG: Saving info: ./results/energies_forces_nacs_run-100_train.txt
2025-10-22 10:37:42.601 DEBUG: Deleting old checkpoint file: ./checkpoints/energies_forces_nacs_run-100_epoch-1.pt
2025-10-22 10:37:42.602 DEBUG: Saving checkpoint: ./checkpoints/energies_forces_nacs_run-100_epoch-2.pt
2025-10-22 10:37:42.688 DEBUG: Saving info: ./results/energies_forces_nacs_run-100_train.txt
2025-10-22 10:37:42.733 DEBUG: Saving info: ./results/energies_forces_nacs_run-100_train.txt
2025-10-22 10:37:42.780 DEBUG: Saving info: ./results/energies_forces_nacs_run-100_train.txt
2025-10-22 10:37:42.826 DEBUG: Saving info: ./results/energies_forces_nacs_run-100_train.txt
2025-10-22 10:37:42.873 DEBUG: Saving info: ./results/energies_forces_nacs_run-100_train.txt
2025-10-22 10:37:42.919 DEBUG: Saving info: ./results/energies_forces_nacs_run-100_train.txt
2025-10-22 10:37:42.965 DEBUG: Saving info: ./results/energies_forces_nacs_run-100_train.txt
2025-10-22 10:37:43.011 DEBUG: Saving info: ./results/energies_forces_nacs_run-100_train.txt
2025-10-22 10:37:43.058 DEBUG: Saving info: ./results/energies_forces_nacs_run-100_train.txt
2025-10-22 10:37:43.104 DEBUG: Saving info: ./results/energies_forces_nacs_run-100_train.txt
2025-10-22 10:37:43.151 DEBUG: Saving info: ./results/energies_forces_nacs_run-100_train.txt
2025-10-22 10:37:43.197 DEBUG: Saving info: ./results/energies_forces_nacs_run-100_train.txt
2025-10-22 10:37:43.243 DEBUG: Saving info: ./results/energies_forces_nacs_run-100_train.txt
2025-10-22 10:37:43.289 DEBUG: Saving info: ./results/energies_forces_nacs_run-100_train.txt
2025-10-22 10:37:43.336 DEBUG: Saving info: ./results/energies_forces_nacs_run-100_train.txt
2025-10-22 10:37:43.382 DEBUG: Saving info: ./results/energies_forces_nacs_run-100_train.txt
2025-10-22 10:37:43.429 DEBUG: Saving info: ./results/energies_forces_nacs_run-100_train.txt
2025-10-22 10:37:43.475 DEBUG: Saving info: ./results/energies_forces_nacs_run-100_train.txt
2025-10-22 10:37:43.522 DEBUG: Saving info: ./results/energies_forces_nacs_run-100_train.txt
2025-10-22 10:37:43.568 DEBUG: Saving info: ./results/energies_forces_nacs_run-100_train.txt
2025-10-22 10:38:14.057 INFO: ===========VERIFYING SETTINGS===========
2025-10-22 10:38:14.057 INFO: MACE version: 0.3.6
2025-10-22 10:38:14.057 DEBUG: Configuration: Namespace(config=None, name='energies_forces_nacs', seed=100, work_dir='.', nacs_key='smooth_nacs', log_dir='./logs', model_dir='.', checkpoints_dir='./checkpoints', results_dir='./results', downloads_dir='./downloads', device='cuda', default_dtype='float32', distributed=False, log_level='INFO', n_energies=4, error_table='EnergyNacsDipoleMAE', model='ExcitedMACE', r_max=5.0, num_permutational_invariant=16, radial_type='bessel', num_radial_basis=8, num_cutoff_basis=5, pair_repulsion=False, distance_transform='None', interaction='RealAgnosticResidualInteractionBlock', interaction_first='RealAgnosticResidualInteractionBlock', max_ell=3, correlation=3, num_interactions=2, MLP_irreps='32x0e', radial_MLP='[64, 64, 64]', hidden_irreps='32x0e + 32x1o', num_channels=32, max_L=1, gate='silu', scaling='rms_forces_scaling', avg_num_neighbors=1, compute_avg_num_neighbors=True, compute_stress=False, compute_forces=True, compute_dipoles=True, compute_nacs=True, compute_socs=False, train_file='ENERGIES_FORCES_NACS.xyz', valid_file=None, valid_fraction=0.1, test_file=None, test_dir=None, multi_processed_test=False, num_workers=0, pin_memory=True, atomic_numbers=None, mean=None, std=None, statistics_file=None, E0s='average', keep_isolated_atoms=False, energy_key='REF_energy', forces_key='REF_forces', virials_key='REF_virials', stress_key='REF_stress', dipoles_key='REF_dipoles', charges_key='REF_charges', loss='weighted', forces_weight=0.0, nacs_weight=0.0, socs_weight=0.0, soc_num=None, nac_num=6, swa_forces_weight=100.0, energy_weight=100.0, swa_energy_weight=1000.0, virials_weight=1.0, swa_virials_weight=10.0, stress_weight=1.0, swa_stress_weight=10.0, dipoles_weight=1.0, swa_dipole_weight=1.0, config_type_weights='{"Default":1.0}', huber_delta=0.01, optimizer='adam', beta=0.9, batch_size=10, valid_batch_size=10, lr=0.001, swa_lr=0.001, weight_decay=5e-07, amsgrad=True, scheduler='ReduceLROnPlateau', lr_factor=0.8, scheduler_patience=50, lr_scheduler_gamma=0.9993, swa=False, start_swa=None, ema=True, ema_decay=0.99, max_num_epochs=100, patience=2048, foundation_model=None, foundation_model_readout=True, eval_interval=1, keep_checkpoints=False, save_all_checkpoints=False, restart_latest=False, save_cpu=False, clip_grad=10.0, wandb=False, wandb_dir=None, wandb_project='', wandb_entity='', wandb_name='', wandb_log_hypers=['num_channels', 'max_L', 'correlation', 'lr', 'swa_lr', 'weight_decay', 'batch_size', 'max_num_epochs', 'start_swa', 'energy_weight', 'forces_weight'])
2025-10-22 10:38:14.086 INFO: CUDA version: 12.4, CUDA device: 0
2025-10-22 10:38:14.104 DEBUG: Popen(['git', 'version'], cwd=/home/rhyan/Exciton_model/X-MACE, stdin=None, shell=False, universal_newlines=False)
2025-10-22 10:38:14.105 DEBUG: Popen(['git', 'version'], cwd=/home/rhyan/Exciton_model/X-MACE, stdin=None, shell=False, universal_newlines=False)
2025-10-22 10:38:14.106 DEBUG: sys.platform='linux', git_executable='git'
2025-10-22 10:38:14.107 DEBUG: Popen(['git', 'cat-file', '--batch-check'], cwd=/home/rhyan/Exciton_model/X-MACE, stdin=<valid stream>, shell=False, universal_newlines=False)
2025-10-22 10:38:14.108 DEBUG: Current Git commit: 0861c52cf365064d060e006c179e4cc1785b61c2
2025-10-22 10:38:14.108 INFO: 
2025-10-22 10:38:14.108 INFO: ===========LOADING INPUT DATA===========
2025-10-22 10:38:15.538 INFO: Using random 10% of training set for validation with indices saved in: ./valid_indices_100.txt
2025-10-22 10:38:15.539 INFO: Atomic Numbers used: [1, 6, 7, 8]
2025-10-22 10:38:15.539 INFO: Isolated Atomic Energies (E0s) not in training file, using command line argument
2025-10-22 10:38:15.540 INFO: Computing average Atomic Energies using least squares regression
2025-10-22 10:38:15.547 INFO: Atomic Energies used (z: eV): {1: -967.8427909292559, 6: -1244.3693026233295, 7: -138.2632558470366, 8: -829.5795350822196}
2025-10-22 10:38:15.747 INFO: 
2025-10-22 10:38:15.747 INFO: ===========MODEL DETAILS===========
2025-10-22 10:38:16.002 INFO: Average number of neighbors: 15.7
2025-10-22 10:38:16.002 INFO: During training the following quantities will be reported: energy, forces, dipoles, nacs
2025-10-22 10:38:16.094 INFO: Building model
2025-10-22 10:38:16.094 INFO: Message passing with 32 channels and max_L=1 (32x0e + 32x1o)
2025-10-22 10:38:16.094 INFO: 2 layers, each with correlation order: 3 (body order: 4) and spherical harmonics up to: l=3
2025-10-22 10:38:16.095 INFO: 8 radial and 5 basis functions
2025-10-22 10:38:16.095 INFO: Radial cutoff: 5.0 Å (total receptive field for each atom: 10.0 Å)
2025-10-22 10:38:16.095 INFO: Distance transform for radial basis functions: None
2025-10-22 10:38:16.781 DEBUG: ExcitedMACE(
  (node_embedding): LinearNodeEmbeddingBlock(
    (linear): Linear(4x0e -> 32x0e | 128 weights)
  )
  (radial_embedding): RadialEmbeddingBlock(
    (bessel_fn): BesselBasis(r_max=5.0, num_basis=8, trainable=False)
    (cutoff_fn): PolynomialCutoff(p=5.0, r_max=5.0)
  )
  (spherical_harmonics): SphericalHarmonics()
  (atomic_energies_fn): AtomicEnergiesBlock(energies=[-967.8428, -1244.3693, -138.2633, -829.5795])
  (interactions): ModuleList(
    (0): RealAgnosticInteractionBlock(
      (linear_up): Linear(32x0e -> 32x0e | 1024 weights)
      (conv_tp): TensorProduct(32x0e x 1x0e+1x1o+1x2e+1x3o -> 32x0e+32x1o+32x2e+32x3o | 128 paths | 128 weights)
      (conv_tp_weights): FullyConnectedNet[8, 64, 64, 64, 128]
      (linear): Linear(32x0e+32x1o+32x2e+32x3o -> 32x0e+32x1o+32x2e+32x3o | 4096 weights)
      (skip_tp): FullyConnectedTensorProduct(32x0e+32x1o+32x2e+32x3o x 4x0e -> 32x0e+32x1o+32x2e+32x3o | 16384 paths | 16384 weights)
      (reshape): reshape_irreps()
    )
    (1): RealAgnosticResidualInteractionBlock(
      (linear_up): Linear(32x0e+32x1o -> 32x0e+32x1o | 2048 weights)
      (conv_tp): TensorProduct(32x0e+32x1o x 1x0e+1x1o+1x2e+1x3o -> 64x0e+96x1o+96x2e+64x3o | 320 paths | 320 weights)
      (conv_tp_weights): FullyConnectedNet[8, 64, 64, 64, 320]
      (linear): Linear(64x0e+96x1o+96x2e+64x3o -> 32x0e+32x1o+32x2e+32x3o | 10240 weights)
      (skip_tp): FullyConnectedTensorProduct(32x0e+32x1o x 4x0e -> 32x0e | 4096 paths | 4096 weights)
      (reshape): reshape_irreps()
    )
  )
  (products): ModuleList(
    (0): EquivariantProductBasisBlock(
      (symmetric_contractions): SymmetricContraction(
        (contractions): ModuleList(
          (0): Contraction(
            (contractions_weighting): ModuleList(
              (0-1): 2 x GraphModule()
            )
            (contractions_features): ModuleList(
              (0-1): 2 x GraphModule()
            )
            (weights): ParameterList(
                (0): Parameter containing: [torch.float32 of size 4x4x32 (cuda:0)]
                (1): Parameter containing: [torch.float32 of size 4x1x32 (cuda:0)]
            )
            (graph_opt_main): GraphModule()
          )
          (1): Contraction(
            (contractions_weighting): ModuleList(
              (0-1): 2 x GraphModule()
            )
            (contractions_features): ModuleList(
              (0-1): 2 x GraphModule()
            )
            (weights): ParameterList(
                (0): Parameter containing: [torch.float32 of size 4x6x32 (cuda:0)]
                (1): Parameter containing: [torch.float32 of size 4x1x32 (cuda:0)]
            )
            (graph_opt_main): GraphModule()
          )
        )
      )
      (linear): Linear(32x0e+32x1o -> 32x0e+32x1o | 2048 weights)
    )
    (1): EquivariantProductBasisBlock(
      (symmetric_contractions): SymmetricContraction(
        (contractions): ModuleList(
          (0): Contraction(
            (contractions_weighting): ModuleList(
              (0-1): 2 x GraphModule()
            )
            (contractions_features): ModuleList(
              (0-1): 2 x GraphModule()
            )
            (weights): ParameterList(
                (0): Parameter containing: [torch.float32 of size 4x4x32 (cuda:0)]
                (1): Parameter containing: [torch.float32 of size 4x1x32 (cuda:0)]
            )
            (graph_opt_main): GraphModule()
          )
        )
      )
      (linear): Linear(32x0e -> 32x0e | 1024 weights)
    )
  )
  (readouts): ModuleList(
    (0): LinearReadoutBlock(
      (linear): Linear(32x0e+32x1o -> 4x0e+6x1o | 320 weights)
    )
    (1): NonLinearReadoutBlock(
      (linear_1): Linear(32x0e -> 32x0e | 1024 weights)
      (non_linearity): Activation [x] (32x0e -> 32x0e)
      (linear_2): Linear(32x0e -> 4x0e+6x1o | 128 weights)
    )
  )
  (socs_readouts): ModuleList(
    (0): None
  )
)
2025-10-22 10:38:16.783 INFO: Total number of parameters: 103232
2025-10-22 10:38:16.783 INFO: 
2025-10-22 10:38:16.783 INFO: ===========OPTIMIZER INFORMATION===========
2025-10-22 10:38:16.783 INFO: Using ADAM as parameter optimizer
2025-10-22 10:38:16.783 INFO: Batch size: 10
2025-10-22 10:38:16.783 INFO: Using Exponential Moving Average with decay: 0.99
2025-10-22 10:38:16.783 INFO: Number of gradient updates: 8550
2025-10-22 10:38:16.783 INFO: Learning rate: 0.001, weight decay: 5e-07
2025-10-22 10:38:16.783 INFO: WeightedEnergyForcesNacsDipoleLoss(energy_weight=100.000, forces_weight=0.000, dipole_weight=1.000)
2025-10-22 10:38:16.784 INFO: Using gradient clipping with tolerance=10.000
2025-10-22 10:38:16.784 INFO: 
2025-10-22 10:38:16.784 INFO: ===========TRAINING===========
2025-10-22 10:38:16.784 INFO: Started training, reporting errors on validation set
2025-10-22 10:38:16.784 INFO: Loss metrics on validation set
2025-10-22 10:38:19.025 DEBUG: Saving info: ./results/energies_forces_nacs_run-100_train.txt
2025-10-22 10:38:19.451 DEBUG: Saving info: ./results/energies_forces_nacs_run-100_train.txt
2025-10-22 10:38:20.017 DEBUG: Saving info: ./results/energies_forces_nacs_run-100_train.txt
2025-10-22 10:38:20.635 DEBUG: Saving info: ./results/energies_forces_nacs_run-100_train.txt
2025-10-22 10:38:20.685 DEBUG: Saving info: ./results/energies_forces_nacs_run-100_train.txt
2025-10-22 10:38:20.733 DEBUG: Saving info: ./results/energies_forces_nacs_run-100_train.txt
2025-10-22 10:38:20.782 DEBUG: Saving info: ./results/energies_forces_nacs_run-100_train.txt
2025-10-22 10:38:20.830 DEBUG: Saving info: ./results/energies_forces_nacs_run-100_train.txt
2025-10-22 10:38:20.878 DEBUG: Saving info: ./results/energies_forces_nacs_run-100_train.txt
2025-10-22 10:38:20.925 DEBUG: Saving info: ./results/energies_forces_nacs_run-100_train.txt
2025-10-22 10:38:20.972 DEBUG: Saving info: ./results/energies_forces_nacs_run-100_train.txt
2025-10-22 10:38:21.018 DEBUG: Saving info: ./results/energies_forces_nacs_run-100_train.txt
2025-10-22 10:38:21.064 DEBUG: Saving info: ./results/energies_forces_nacs_run-100_train.txt
2025-10-22 10:38:21.111 DEBUG: Saving info: ./results/energies_forces_nacs_run-100_train.txt
2025-10-22 10:38:21.157 DEBUG: Saving info: ./results/energies_forces_nacs_run-100_train.txt
2025-10-22 10:38:21.203 DEBUG: Saving info: ./results/energies_forces_nacs_run-100_train.txt
2025-10-22 10:38:21.249 DEBUG: Saving info: ./results/energies_forces_nacs_run-100_train.txt
2025-10-22 10:38:21.295 DEBUG: Saving info: ./results/energies_forces_nacs_run-100_train.txt
2025-10-22 10:38:21.341 DEBUG: Saving info: ./results/energies_forces_nacs_run-100_train.txt
2025-10-22 10:38:21.388 DEBUG: Saving info: ./results/energies_forces_nacs_run-100_train.txt
2025-10-22 10:38:21.434 DEBUG: Saving info: ./results/energies_forces_nacs_run-100_train.txt
2025-10-22 10:38:21.480 DEBUG: Saving info: ./results/energies_forces_nacs_run-100_train.txt
2025-10-22 10:38:21.526 DEBUG: Saving info: ./results/energies_forces_nacs_run-100_train.txt
2025-10-22 10:38:21.572 DEBUG: Saving info: ./results/energies_forces_nacs_run-100_train.txt
2025-10-22 10:38:21.618 DEBUG: Saving info: ./results/energies_forces_nacs_run-100_train.txt
2025-10-22 10:38:21.664 DEBUG: Saving info: ./results/energies_forces_nacs_run-100_train.txt
2025-10-22 10:38:21.710 DEBUG: Saving info: ./results/energies_forces_nacs_run-100_train.txt
2025-10-22 10:38:21.756 DEBUG: Saving info: ./results/energies_forces_nacs_run-100_train.txt
2025-10-22 10:38:21.802 DEBUG: Saving info: ./results/energies_forces_nacs_run-100_train.txt
2025-10-22 10:38:21.848 DEBUG: Saving info: ./results/energies_forces_nacs_run-100_train.txt
2025-10-22 10:38:21.894 DEBUG: Saving info: ./results/energies_forces_nacs_run-100_train.txt
2025-10-22 10:38:21.940 DEBUG: Saving info: ./results/energies_forces_nacs_run-100_train.txt
2025-10-22 10:38:21.986 DEBUG: Saving info: ./results/energies_forces_nacs_run-100_train.txt
2025-10-22 10:38:22.032 DEBUG: Saving info: ./results/energies_forces_nacs_run-100_train.txt
2025-10-22 10:38:22.078 DEBUG: Saving info: ./results/energies_forces_nacs_run-100_train.txt
2025-10-22 10:38:22.125 DEBUG: Saving info: ./results/energies_forces_nacs_run-100_train.txt
2025-10-22 10:38:22.171 DEBUG: Saving info: ./results/energies_forces_nacs_run-100_train.txt
2025-10-22 10:38:22.217 DEBUG: Saving info: ./results/energies_forces_nacs_run-100_train.txt
2025-10-22 10:38:22.263 DEBUG: Saving info: ./results/energies_forces_nacs_run-100_train.txt
2025-10-22 10:38:22.310 DEBUG: Saving info: ./results/energies_forces_nacs_run-100_train.txt
2025-10-22 10:38:22.356 DEBUG: Saving info: ./results/energies_forces_nacs_run-100_train.txt
2025-10-22 10:38:22.402 DEBUG: Saving info: ./results/energies_forces_nacs_run-100_train.txt
2025-10-22 10:38:22.447 DEBUG: Saving info: ./results/energies_forces_nacs_run-100_train.txt
2025-10-22 10:38:22.494 DEBUG: Saving info: ./results/energies_forces_nacs_run-100_train.txt
2025-10-22 10:38:22.540 DEBUG: Saving info: ./results/energies_forces_nacs_run-100_train.txt
2025-10-22 10:38:22.586 DEBUG: Saving info: ./results/energies_forces_nacs_run-100_train.txt
2025-10-22 10:38:22.632 DEBUG: Saving info: ./results/energies_forces_nacs_run-100_train.txt
2025-10-22 10:38:22.678 DEBUG: Saving info: ./results/energies_forces_nacs_run-100_train.txt
2025-10-22 10:38:22.724 DEBUG: Saving info: ./results/energies_forces_nacs_run-100_train.txt
2025-10-22 10:38:22.770 DEBUG: Saving info: ./results/energies_forces_nacs_run-100_train.txt
2025-10-22 10:38:22.817 DEBUG: Saving info: ./results/energies_forces_nacs_run-100_train.txt
2025-10-22 10:38:22.863 DEBUG: Saving info: ./results/energies_forces_nacs_run-100_train.txt
2025-10-22 10:38:22.909 DEBUG: Saving info: ./results/energies_forces_nacs_run-100_train.txt
2025-10-22 10:38:22.955 DEBUG: Saving info: ./results/energies_forces_nacs_run-100_train.txt
2025-10-22 10:38:23.001 DEBUG: Saving info: ./results/energies_forces_nacs_run-100_train.txt
2025-10-22 10:38:23.048 DEBUG: Saving info: ./results/energies_forces_nacs_run-100_train.txt
2025-10-22 10:38:23.094 DEBUG: Saving info: ./results/energies_forces_nacs_run-100_train.txt
2025-10-22 10:38:23.140 DEBUG: Saving info: ./results/energies_forces_nacs_run-100_train.txt
2025-10-22 10:38:23.186 DEBUG: Saving info: ./results/energies_forces_nacs_run-100_train.txt
2025-10-22 10:38:23.232 DEBUG: Saving info: ./results/energies_forces_nacs_run-100_train.txt
2025-10-22 10:38:23.278 DEBUG: Saving info: ./results/energies_forces_nacs_run-100_train.txt
2025-10-22 10:38:23.325 DEBUG: Saving info: ./results/energies_forces_nacs_run-100_train.txt
2025-10-22 10:38:23.371 DEBUG: Saving info: ./results/energies_forces_nacs_run-100_train.txt
2025-10-22 10:38:23.417 DEBUG: Saving info: ./results/energies_forces_nacs_run-100_train.txt
2025-10-22 10:38:23.463 DEBUG: Saving info: ./results/energies_forces_nacs_run-100_train.txt
2025-10-22 10:38:23.509 DEBUG: Saving info: ./results/energies_forces_nacs_run-100_train.txt
2025-10-22 10:38:23.555 DEBUG: Saving info: ./results/energies_forces_nacs_run-100_train.txt
2025-10-22 10:38:23.601 DEBUG: Saving info: ./results/energies_forces_nacs_run-100_train.txt
2025-10-22 10:38:23.647 DEBUG: Saving info: ./results/energies_forces_nacs_run-100_train.txt
2025-10-22 10:38:23.693 DEBUG: Saving info: ./results/energies_forces_nacs_run-100_train.txt
2025-10-22 10:38:23.740 DEBUG: Saving info: ./results/energies_forces_nacs_run-100_train.txt
2025-10-22 10:38:23.786 DEBUG: Saving info: ./results/energies_forces_nacs_run-100_train.txt
2025-10-22 10:38:23.832 DEBUG: Saving info: ./results/energies_forces_nacs_run-100_train.txt
2025-10-22 10:38:23.879 DEBUG: Saving info: ./results/energies_forces_nacs_run-100_train.txt
2025-10-22 10:38:23.925 DEBUG: Saving info: ./results/energies_forces_nacs_run-100_train.txt
2025-10-22 10:38:23.970 DEBUG: Saving info: ./results/energies_forces_nacs_run-100_train.txt
2025-10-22 10:38:24.017 DEBUG: Saving info: ./results/energies_forces_nacs_run-100_train.txt
2025-10-22 10:38:24.063 DEBUG: Saving info: ./results/energies_forces_nacs_run-100_train.txt
2025-10-22 10:38:24.109 DEBUG: Saving info: ./results/energies_forces_nacs_run-100_train.txt
2025-10-22 10:38:24.155 DEBUG: Saving info: ./results/energies_forces_nacs_run-100_train.txt
2025-10-22 10:38:24.201 DEBUG: Saving info: ./results/energies_forces_nacs_run-100_train.txt
2025-10-22 10:38:24.247 DEBUG: Saving info: ./results/energies_forces_nacs_run-100_train.txt
2025-10-22 10:38:24.294 DEBUG: Saving info: ./results/energies_forces_nacs_run-100_train.txt
2025-10-22 10:38:24.340 DEBUG: Saving info: ./results/energies_forces_nacs_run-100_train.txt
2025-10-22 10:38:24.386 DEBUG: Saving info: ./results/energies_forces_nacs_run-100_train.txt
2025-10-22 10:38:24.432 DEBUG: Saving info: ./results/energies_forces_nacs_run-100_train.txt
2025-10-22 10:38:24.645 DEBUG: Saving info: ./results/energies_forces_nacs_run-100_train.txt
2025-10-22 10:38:24.646 DEBUG: Saving checkpoint: ./checkpoints/energies_forces_nacs_run-100_epoch-0.pt
2025-10-22 10:38:24.725 DEBUG: Saving info: ./results/energies_forces_nacs_run-100_train.txt
2025-10-22 10:38:24.771 DEBUG: Saving info: ./results/energies_forces_nacs_run-100_train.txt
2025-10-22 10:38:24.818 DEBUG: Saving info: ./results/energies_forces_nacs_run-100_train.txt
2025-10-22 10:38:24.863 DEBUG: Saving info: ./results/energies_forces_nacs_run-100_train.txt
2025-10-22 10:38:24.909 DEBUG: Saving info: ./results/energies_forces_nacs_run-100_train.txt
2025-10-22 10:38:24.955 DEBUG: Saving info: ./results/energies_forces_nacs_run-100_train.txt
2025-10-22 10:38:25.002 DEBUG: Saving info: ./results/energies_forces_nacs_run-100_train.txt
2025-10-22 10:38:25.049 DEBUG: Saving info: ./results/energies_forces_nacs_run-100_train.txt
2025-10-22 10:38:25.095 DEBUG: Saving info: ./results/energies_forces_nacs_run-100_train.txt
2025-10-22 10:38:25.141 DEBUG: Saving info: ./results/energies_forces_nacs_run-100_train.txt
2025-10-22 10:38:25.187 DEBUG: Saving info: ./results/energies_forces_nacs_run-100_train.txt
2025-10-22 10:38:25.233 DEBUG: Saving info: ./results/energies_forces_nacs_run-100_train.txt
2025-10-22 10:38:25.279 DEBUG: Saving info: ./results/energies_forces_nacs_run-100_train.txt
2025-10-22 10:38:25.325 DEBUG: Saving info: ./results/energies_forces_nacs_run-100_train.txt
2025-10-22 10:38:25.371 DEBUG: Saving info: ./results/energies_forces_nacs_run-100_train.txt
2025-10-22 10:38:25.417 DEBUG: Saving info: ./results/energies_forces_nacs_run-100_train.txt
2025-10-22 10:38:25.463 DEBUG: Saving info: ./results/energies_forces_nacs_run-100_train.txt
2025-10-22 10:38:25.509 DEBUG: Saving info: ./results/energies_forces_nacs_run-100_train.txt
2025-10-22 10:38:25.556 DEBUG: Saving info: ./results/energies_forces_nacs_run-100_train.txt
2025-10-22 10:38:25.602 DEBUG: Saving info: ./results/energies_forces_nacs_run-100_train.txt
2025-10-22 10:38:25.649 DEBUG: Saving info: ./results/energies_forces_nacs_run-100_train.txt
2025-10-22 10:38:25.695 DEBUG: Saving info: ./results/energies_forces_nacs_run-100_train.txt
2025-10-22 10:38:25.742 DEBUG: Saving info: ./results/energies_forces_nacs_run-100_train.txt
2025-10-22 10:38:25.788 DEBUG: Saving info: ./results/energies_forces_nacs_run-100_train.txt
2025-10-22 10:38:25.835 DEBUG: Saving info: ./results/energies_forces_nacs_run-100_train.txt
2025-10-22 10:38:25.881 DEBUG: Saving info: ./results/energies_forces_nacs_run-100_train.txt
2025-10-22 10:38:25.927 DEBUG: Saving info: ./results/energies_forces_nacs_run-100_train.txt
2025-10-22 10:38:25.974 DEBUG: Saving info: ./results/energies_forces_nacs_run-100_train.txt
2025-10-22 10:38:26.020 DEBUG: Saving info: ./results/energies_forces_nacs_run-100_train.txt
2025-10-22 10:38:26.067 DEBUG: Saving info: ./results/energies_forces_nacs_run-100_train.txt
2025-10-22 10:38:26.114 DEBUG: Saving info: ./results/energies_forces_nacs_run-100_train.txt
2025-10-22 10:38:26.160 DEBUG: Saving info: ./results/energies_forces_nacs_run-100_train.txt
2025-10-22 10:38:26.207 DEBUG: Saving info: ./results/energies_forces_nacs_run-100_train.txt
2025-10-22 10:38:26.253 DEBUG: Saving info: ./results/energies_forces_nacs_run-100_train.txt
2025-10-22 10:38:26.299 DEBUG: Saving info: ./results/energies_forces_nacs_run-100_train.txt
2025-10-22 10:38:26.345 DEBUG: Saving info: ./results/energies_forces_nacs_run-100_train.txt
2025-10-22 10:38:26.392 DEBUG: Saving info: ./results/energies_forces_nacs_run-100_train.txt
2025-10-22 10:38:26.438 DEBUG: Saving info: ./results/energies_forces_nacs_run-100_train.txt
2025-10-22 10:38:26.484 DEBUG: Saving info: ./results/energies_forces_nacs_run-100_train.txt
2025-10-22 10:38:26.530 DEBUG: Saving info: ./results/energies_forces_nacs_run-100_train.txt
2025-10-22 10:38:26.576 DEBUG: Saving info: ./results/energies_forces_nacs_run-100_train.txt
2025-10-22 10:38:26.623 DEBUG: Saving info: ./results/energies_forces_nacs_run-100_train.txt
2025-10-22 10:38:26.669 DEBUG: Saving info: ./results/energies_forces_nacs_run-100_train.txt
2025-10-22 10:38:26.716 DEBUG: Saving info: ./results/energies_forces_nacs_run-100_train.txt
2025-10-22 10:38:26.762 DEBUG: Saving info: ./results/energies_forces_nacs_run-100_train.txt
2025-10-22 10:38:26.808 DEBUG: Saving info: ./results/energies_forces_nacs_run-100_train.txt
2025-10-22 10:38:26.855 DEBUG: Saving info: ./results/energies_forces_nacs_run-100_train.txt
2025-10-22 10:38:26.901 DEBUG: Saving info: ./results/energies_forces_nacs_run-100_train.txt
2025-10-22 10:38:26.947 DEBUG: Saving info: ./results/energies_forces_nacs_run-100_train.txt
2025-10-22 10:38:26.993 DEBUG: Saving info: ./results/energies_forces_nacs_run-100_train.txt
2025-10-22 10:38:27.040 DEBUG: Saving info: ./results/energies_forces_nacs_run-100_train.txt
2025-10-22 10:38:27.087 DEBUG: Saving info: ./results/energies_forces_nacs_run-100_train.txt
2025-10-22 10:38:27.133 DEBUG: Saving info: ./results/energies_forces_nacs_run-100_train.txt
2025-10-22 10:38:27.180 DEBUG: Saving info: ./results/energies_forces_nacs_run-100_train.txt
2025-10-22 10:38:27.226 DEBUG: Saving info: ./results/energies_forces_nacs_run-100_train.txt
2025-10-22 10:38:27.272 DEBUG: Saving info: ./results/energies_forces_nacs_run-100_train.txt
2025-10-22 10:38:27.318 DEBUG: Saving info: ./results/energies_forces_nacs_run-100_train.txt
2025-10-22 10:38:27.365 DEBUG: Saving info: ./results/energies_forces_nacs_run-100_train.txt
2025-10-22 10:38:27.411 DEBUG: Saving info: ./results/energies_forces_nacs_run-100_train.txt
2025-10-22 10:38:27.458 DEBUG: Saving info: ./results/energies_forces_nacs_run-100_train.txt
2025-10-22 10:38:27.504 DEBUG: Saving info: ./results/energies_forces_nacs_run-100_train.txt
2025-10-22 10:38:27.550 DEBUG: Saving info: ./results/energies_forces_nacs_run-100_train.txt
2025-10-22 10:38:27.597 DEBUG: Saving info: ./results/energies_forces_nacs_run-100_train.txt
2025-10-22 10:38:27.644 DEBUG: Saving info: ./results/energies_forces_nacs_run-100_train.txt
2025-10-22 10:38:27.690 DEBUG: Saving info: ./results/energies_forces_nacs_run-100_train.txt
2025-10-22 10:38:27.736 DEBUG: Saving info: ./results/energies_forces_nacs_run-100_train.txt
2025-10-22 10:38:27.783 DEBUG: Saving info: ./results/energies_forces_nacs_run-100_train.txt
2025-10-22 10:38:27.829 DEBUG: Saving info: ./results/energies_forces_nacs_run-100_train.txt
2025-10-22 10:38:27.875 DEBUG: Saving info: ./results/energies_forces_nacs_run-100_train.txt
2025-10-22 10:38:27.922 DEBUG: Saving info: ./results/energies_forces_nacs_run-100_train.txt
2025-10-22 10:38:27.968 DEBUG: Saving info: ./results/energies_forces_nacs_run-100_train.txt
2025-10-22 10:38:28.014 DEBUG: Saving info: ./results/energies_forces_nacs_run-100_train.txt
2025-10-22 10:38:28.061 DEBUG: Saving info: ./results/energies_forces_nacs_run-100_train.txt
2025-10-22 10:38:28.108 DEBUG: Saving info: ./results/energies_forces_nacs_run-100_train.txt
2025-10-22 10:38:28.154 DEBUG: Saving info: ./results/energies_forces_nacs_run-100_train.txt
2025-10-22 10:38:28.201 DEBUG: Saving info: ./results/energies_forces_nacs_run-100_train.txt
2025-10-22 10:38:28.247 DEBUG: Saving info: ./results/energies_forces_nacs_run-100_train.txt
2025-10-22 10:38:28.293 DEBUG: Saving info: ./results/energies_forces_nacs_run-100_train.txt
2025-10-22 10:38:28.340 DEBUG: Saving info: ./results/energies_forces_nacs_run-100_train.txt
2025-10-22 10:38:28.386 DEBUG: Saving info: ./results/energies_forces_nacs_run-100_train.txt
2025-10-22 10:38:28.433 DEBUG: Saving info: ./results/energies_forces_nacs_run-100_train.txt
2025-10-22 10:38:28.479 DEBUG: Saving info: ./results/energies_forces_nacs_run-100_train.txt
2025-10-22 10:38:28.525 DEBUG: Saving info: ./results/energies_forces_nacs_run-100_train.txt
2025-10-22 10:38:28.571 DEBUG: Saving info: ./results/energies_forces_nacs_run-100_train.txt
2025-10-22 10:38:28.618 DEBUG: Saving info: ./results/energies_forces_nacs_run-100_train.txt
2025-10-22 10:38:28.832 DEBUG: Saving info: ./results/energies_forces_nacs_run-100_train.txt
2025-10-22 10:38:28.833 DEBUG: Deleting old checkpoint file: ./checkpoints/energies_forces_nacs_run-100_epoch-0.pt
2025-10-22 10:38:28.834 DEBUG: Saving checkpoint: ./checkpoints/energies_forces_nacs_run-100_epoch-1.pt
2025-10-22 10:38:28.912 DEBUG: Saving info: ./results/energies_forces_nacs_run-100_train.txt
2025-10-22 10:38:28.958 DEBUG: Saving info: ./results/energies_forces_nacs_run-100_train.txt
2025-10-22 10:38:29.004 DEBUG: Saving info: ./results/energies_forces_nacs_run-100_train.txt
2025-10-22 10:38:29.050 DEBUG: Saving info: ./results/energies_forces_nacs_run-100_train.txt
2025-10-22 10:38:29.097 DEBUG: Saving info: ./results/energies_forces_nacs_run-100_train.txt
2025-10-22 10:38:29.143 DEBUG: Saving info: ./results/energies_forces_nacs_run-100_train.txt
2025-10-22 10:38:29.190 DEBUG: Saving info: ./results/energies_forces_nacs_run-100_train.txt
2025-10-22 10:38:29.236 DEBUG: Saving info: ./results/energies_forces_nacs_run-100_train.txt
2025-10-22 10:38:29.282 DEBUG: Saving info: ./results/energies_forces_nacs_run-100_train.txt
2025-10-22 10:38:29.329 DEBUG: Saving info: ./results/energies_forces_nacs_run-100_train.txt
2025-10-22 10:38:29.375 DEBUG: Saving info: ./results/energies_forces_nacs_run-100_train.txt
2025-10-22 10:38:29.422 DEBUG: Saving info: ./results/energies_forces_nacs_run-100_train.txt
2025-10-22 10:38:29.468 DEBUG: Saving info: ./results/energies_forces_nacs_run-100_train.txt
2025-10-22 10:38:29.514 DEBUG: Saving info: ./results/energies_forces_nacs_run-100_train.txt
2025-10-22 10:38:29.560 DEBUG: Saving info: ./results/energies_forces_nacs_run-100_train.txt
2025-10-22 10:38:29.606 DEBUG: Saving info: ./results/energies_forces_nacs_run-100_train.txt
2025-10-22 10:38:29.653 DEBUG: Saving info: ./results/energies_forces_nacs_run-100_train.txt
2025-10-22 10:38:29.699 DEBUG: Saving info: ./results/energies_forces_nacs_run-100_train.txt
2025-10-22 10:38:29.746 DEBUG: Saving info: ./results/energies_forces_nacs_run-100_train.txt
2025-10-22 10:38:29.792 DEBUG: Saving info: ./results/energies_forces_nacs_run-100_train.txt
2025-10-22 10:38:29.838 DEBUG: Saving info: ./results/energies_forces_nacs_run-100_train.txt
2025-10-22 10:38:29.885 DEBUG: Saving info: ./results/energies_forces_nacs_run-100_train.txt
2025-10-22 10:38:29.931 DEBUG: Saving info: ./results/energies_forces_nacs_run-100_train.txt
2025-10-22 10:38:29.978 DEBUG: Saving info: ./results/energies_forces_nacs_run-100_train.txt
2025-10-22 10:38:30.025 DEBUG: Saving info: ./results/energies_forces_nacs_run-100_train.txt
2025-10-22 10:38:30.071 DEBUG: Saving info: ./results/energies_forces_nacs_run-100_train.txt
2025-10-22 10:38:30.117 DEBUG: Saving info: ./results/energies_forces_nacs_run-100_train.txt
2025-10-22 10:38:30.164 DEBUG: Saving info: ./results/energies_forces_nacs_run-100_train.txt
2025-10-22 10:38:30.210 DEBUG: Saving info: ./results/energies_forces_nacs_run-100_train.txt
2025-10-22 10:38:30.257 DEBUG: Saving info: ./results/energies_forces_nacs_run-100_train.txt
2025-10-22 10:38:30.303 DEBUG: Saving info: ./results/energies_forces_nacs_run-100_train.txt
2025-10-22 10:38:30.349 DEBUG: Saving info: ./results/energies_forces_nacs_run-100_train.txt
2025-10-22 10:38:30.396 DEBUG: Saving info: ./results/energies_forces_nacs_run-100_train.txt
2025-10-22 10:38:30.442 DEBUG: Saving info: ./results/energies_forces_nacs_run-100_train.txt
2025-10-22 10:38:30.488 DEBUG: Saving info: ./results/energies_forces_nacs_run-100_train.txt
2025-10-22 10:38:30.534 DEBUG: Saving info: ./results/energies_forces_nacs_run-100_train.txt
2025-10-22 10:38:30.581 DEBUG: Saving info: ./results/energies_forces_nacs_run-100_train.txt
2025-10-22 10:38:30.627 DEBUG: Saving info: ./results/energies_forces_nacs_run-100_train.txt
2025-10-22 10:38:30.673 DEBUG: Saving info: ./results/energies_forces_nacs_run-100_train.txt
2025-10-22 10:38:30.719 DEBUG: Saving info: ./results/energies_forces_nacs_run-100_train.txt
2025-10-22 10:38:30.765 DEBUG: Saving info: ./results/energies_forces_nacs_run-100_train.txt
2025-10-22 10:38:30.811 DEBUG: Saving info: ./results/energies_forces_nacs_run-100_train.txt
2025-10-22 10:38:30.858 DEBUG: Saving info: ./results/energies_forces_nacs_run-100_train.txt
2025-10-22 10:38:30.904 DEBUG: Saving info: ./results/energies_forces_nacs_run-100_train.txt
2025-10-22 10:38:30.951 DEBUG: Saving info: ./results/energies_forces_nacs_run-100_train.txt
2025-10-22 10:38:30.997 DEBUG: Saving info: ./results/energies_forces_nacs_run-100_train.txt
2025-10-22 10:38:31.044 DEBUG: Saving info: ./results/energies_forces_nacs_run-100_train.txt
2025-10-22 10:38:31.090 DEBUG: Saving info: ./results/energies_forces_nacs_run-100_train.txt
2025-10-22 10:38:31.137 DEBUG: Saving info: ./results/energies_forces_nacs_run-100_train.txt
2025-10-22 10:38:31.183 DEBUG: Saving info: ./results/energies_forces_nacs_run-100_train.txt
2025-10-22 10:38:31.230 DEBUG: Saving info: ./results/energies_forces_nacs_run-100_train.txt
2025-10-22 10:38:31.277 DEBUG: Saving info: ./results/energies_forces_nacs_run-100_train.txt
2025-10-22 10:38:31.323 DEBUG: Saving info: ./results/energies_forces_nacs_run-100_train.txt
2025-10-22 10:38:31.369 DEBUG: Saving info: ./results/energies_forces_nacs_run-100_train.txt
2025-10-22 10:38:31.415 DEBUG: Saving info: ./results/energies_forces_nacs_run-100_train.txt
2025-10-22 10:38:31.461 DEBUG: Saving info: ./results/energies_forces_nacs_run-100_train.txt
2025-10-22 10:38:31.507 DEBUG: Saving info: ./results/energies_forces_nacs_run-100_train.txt
2025-10-22 10:38:31.554 DEBUG: Saving info: ./results/energies_forces_nacs_run-100_train.txt
2025-10-22 10:38:31.600 DEBUG: Saving info: ./results/energies_forces_nacs_run-100_train.txt
2025-10-22 10:38:31.646 DEBUG: Saving info: ./results/energies_forces_nacs_run-100_train.txt
2025-10-22 10:38:31.693 DEBUG: Saving info: ./results/energies_forces_nacs_run-100_train.txt
2025-10-22 10:38:31.738 DEBUG: Saving info: ./results/energies_forces_nacs_run-100_train.txt
2025-10-22 10:38:31.785 DEBUG: Saving info: ./results/energies_forces_nacs_run-100_train.txt
2025-10-22 10:38:31.831 DEBUG: Saving info: ./results/energies_forces_nacs_run-100_train.txt
2025-10-22 10:38:31.878 DEBUG: Saving info: ./results/energies_forces_nacs_run-100_train.txt
2025-10-22 10:38:31.924 DEBUG: Saving info: ./results/energies_forces_nacs_run-100_train.txt
2025-10-22 10:38:31.970 DEBUG: Saving info: ./results/energies_forces_nacs_run-100_train.txt
2025-10-22 10:38:32.016 DEBUG: Saving info: ./results/energies_forces_nacs_run-100_train.txt
2025-10-22 10:38:32.063 DEBUG: Saving info: ./results/energies_forces_nacs_run-100_train.txt
2025-10-22 10:38:32.109 DEBUG: Saving info: ./results/energies_forces_nacs_run-100_train.txt
2025-10-22 10:38:32.156 DEBUG: Saving info: ./results/energies_forces_nacs_run-100_train.txt
2025-10-22 10:38:32.202 DEBUG: Saving info: ./results/energies_forces_nacs_run-100_train.txt
2025-10-22 10:38:32.248 DEBUG: Saving info: ./results/energies_forces_nacs_run-100_train.txt
2025-10-22 10:38:32.294 DEBUG: Saving info: ./results/energies_forces_nacs_run-100_train.txt
2025-10-22 10:38:32.340 DEBUG: Saving info: ./results/energies_forces_nacs_run-100_train.txt
2025-10-22 10:38:32.387 DEBUG: Saving info: ./results/energies_forces_nacs_run-100_train.txt
2025-10-22 10:38:32.433 DEBUG: Saving info: ./results/energies_forces_nacs_run-100_train.txt
2025-10-22 10:38:32.479 DEBUG: Saving info: ./results/energies_forces_nacs_run-100_train.txt
2025-10-22 10:38:32.525 DEBUG: Saving info: ./results/energies_forces_nacs_run-100_train.txt
2025-10-22 10:38:32.572 DEBUG: Saving info: ./results/energies_forces_nacs_run-100_train.txt
2025-10-22 10:38:32.618 DEBUG: Saving info: ./results/energies_forces_nacs_run-100_train.txt
2025-10-22 10:38:32.664 DEBUG: Saving info: ./results/energies_forces_nacs_run-100_train.txt
2025-10-22 10:38:32.711 DEBUG: Saving info: ./results/energies_forces_nacs_run-100_train.txt
2025-10-22 10:38:32.756 DEBUG: Saving info: ./results/energies_forces_nacs_run-100_train.txt
2025-10-22 10:38:32.804 DEBUG: Saving info: ./results/energies_forces_nacs_run-100_train.txt
2025-10-22 10:38:33.017 DEBUG: Saving info: ./results/energies_forces_nacs_run-100_train.txt
2025-10-22 10:38:33.018 DEBUG: Deleting old checkpoint file: ./checkpoints/energies_forces_nacs_run-100_epoch-1.pt
2025-10-22 10:38:33.019 DEBUG: Saving checkpoint: ./checkpoints/energies_forces_nacs_run-100_epoch-2.pt
2025-10-22 10:38:33.107 DEBUG: Saving info: ./results/energies_forces_nacs_run-100_train.txt
2025-10-22 10:38:33.152 DEBUG: Saving info: ./results/energies_forces_nacs_run-100_train.txt
2025-10-22 10:38:33.199 DEBUG: Saving info: ./results/energies_forces_nacs_run-100_train.txt
2025-10-22 10:38:33.245 DEBUG: Saving info: ./results/energies_forces_nacs_run-100_train.txt
2025-10-22 10:38:33.292 DEBUG: Saving info: ./results/energies_forces_nacs_run-100_train.txt
2025-10-22 10:38:33.338 DEBUG: Saving info: ./results/energies_forces_nacs_run-100_train.txt
2025-10-22 10:38:33.384 DEBUG: Saving info: ./results/energies_forces_nacs_run-100_train.txt
2025-10-22 10:38:33.430 DEBUG: Saving info: ./results/energies_forces_nacs_run-100_train.txt
2025-10-22 10:38:33.476 DEBUG: Saving info: ./results/energies_forces_nacs_run-100_train.txt
2025-10-22 10:38:33.523 DEBUG: Saving info: ./results/energies_forces_nacs_run-100_train.txt
2025-10-22 10:38:33.569 DEBUG: Saving info: ./results/energies_forces_nacs_run-100_train.txt
2025-10-22 10:38:33.616 DEBUG: Saving info: ./results/energies_forces_nacs_run-100_train.txt
2025-10-22 10:38:33.662 DEBUG: Saving info: ./results/energies_forces_nacs_run-100_train.txt
2025-10-22 10:38:33.708 DEBUG: Saving info: ./results/energies_forces_nacs_run-100_train.txt
2025-10-22 10:38:33.754 DEBUG: Saving info: ./results/energies_forces_nacs_run-100_train.txt
2025-10-22 10:38:33.800 DEBUG: Saving info: ./results/energies_forces_nacs_run-100_train.txt
2025-10-22 10:38:33.847 DEBUG: Saving info: ./results/energies_forces_nacs_run-100_train.txt
2025-10-22 10:38:33.893 DEBUG: Saving info: ./results/energies_forces_nacs_run-100_train.txt
2025-10-22 10:38:33.940 DEBUG: Saving info: ./results/energies_forces_nacs_run-100_train.txt
2025-10-22 10:38:33.986 DEBUG: Saving info: ./results/energies_forces_nacs_run-100_train.txt
2025-10-22 10:38:34.032 DEBUG: Saving info: ./results/energies_forces_nacs_run-100_train.txt
2025-10-22 10:38:34.078 DEBUG: Saving info: ./results/energies_forces_nacs_run-100_train.txt
2025-10-22 10:38:34.125 DEBUG: Saving info: ./results/energies_forces_nacs_run-100_train.txt
2025-10-22 10:38:34.171 DEBUG: Saving info: ./results/energies_forces_nacs_run-100_train.txt
2025-10-22 10:38:34.218 DEBUG: Saving info: ./results/energies_forces_nacs_run-100_train.txt
2025-10-22 10:38:34.263 DEBUG: Saving info: ./results/energies_forces_nacs_run-100_train.txt
2025-10-22 10:38:34.310 DEBUG: Saving info: ./results/energies_forces_nacs_run-100_train.txt
2025-10-22 10:38:34.356 DEBUG: Saving info: ./results/energies_forces_nacs_run-100_train.txt
2025-10-22 10:38:34.402 DEBUG: Saving info: ./results/energies_forces_nacs_run-100_train.txt
2025-10-22 10:38:34.449 DEBUG: Saving info: ./results/energies_forces_nacs_run-100_train.txt
2025-10-22 10:38:34.495 DEBUG: Saving info: ./results/energies_forces_nacs_run-100_train.txt
2025-10-22 10:38:34.541 DEBUG: Saving info: ./results/energies_forces_nacs_run-100_train.txt
2025-10-22 10:38:34.588 DEBUG: Saving info: ./results/energies_forces_nacs_run-100_train.txt
2025-10-22 10:38:34.634 DEBUG: Saving info: ./results/energies_forces_nacs_run-100_train.txt
2025-10-22 10:38:34.680 DEBUG: Saving info: ./results/energies_forces_nacs_run-100_train.txt
2025-10-22 10:38:34.727 DEBUG: Saving info: ./results/energies_forces_nacs_run-100_train.txt
2025-10-22 10:38:34.773 DEBUG: Saving info: ./results/energies_forces_nacs_run-100_train.txt
2025-10-22 10:38:34.819 DEBUG: Saving info: ./results/energies_forces_nacs_run-100_train.txt
2025-10-22 10:38:34.866 DEBUG: Saving info: ./results/energies_forces_nacs_run-100_train.txt
2025-10-22 10:38:34.912 DEBUG: Saving info: ./results/energies_forces_nacs_run-100_train.txt
2025-10-22 10:38:34.958 DEBUG: Saving info: ./results/energies_forces_nacs_run-100_train.txt
2025-10-22 10:38:35.004 DEBUG: Saving info: ./results/energies_forces_nacs_run-100_train.txt
2025-10-22 10:38:35.052 DEBUG: Saving info: ./results/energies_forces_nacs_run-100_train.txt
2025-10-22 10:38:35.099 DEBUG: Saving info: ./results/energies_forces_nacs_run-100_train.txt
2025-10-22 10:38:35.146 DEBUG: Saving info: ./results/energies_forces_nacs_run-100_train.txt
2025-10-22 10:38:35.192 DEBUG: Saving info: ./results/energies_forces_nacs_run-100_train.txt
2025-10-22 10:38:35.238 DEBUG: Saving info: ./results/energies_forces_nacs_run-100_train.txt
2025-10-22 10:38:35.284 DEBUG: Saving info: ./results/energies_forces_nacs_run-100_train.txt
2025-10-22 10:38:35.330 DEBUG: Saving info: ./results/energies_forces_nacs_run-100_train.txt
2025-10-22 10:38:35.376 DEBUG: Saving info: ./results/energies_forces_nacs_run-100_train.txt
2025-10-22 10:38:35.423 DEBUG: Saving info: ./results/energies_forces_nacs_run-100_train.txt
2025-10-22 10:38:35.469 DEBUG: Saving info: ./results/energies_forces_nacs_run-100_train.txt
2025-10-22 10:38:35.516 DEBUG: Saving info: ./results/energies_forces_nacs_run-100_train.txt
2025-10-22 10:38:35.562 DEBUG: Saving info: ./results/energies_forces_nacs_run-100_train.txt
2025-10-22 10:38:35.609 DEBUG: Saving info: ./results/energies_forces_nacs_run-100_train.txt
2025-10-22 10:38:35.655 DEBUG: Saving info: ./results/energies_forces_nacs_run-100_train.txt
2025-10-22 10:38:35.701 DEBUG: Saving info: ./results/energies_forces_nacs_run-100_train.txt
2025-10-22 10:38:35.747 DEBUG: Saving info: ./results/energies_forces_nacs_run-100_train.txt
2025-10-22 10:38:35.793 DEBUG: Saving info: ./results/energies_forces_nacs_run-100_train.txt
2025-10-22 10:38:35.839 DEBUG: Saving info: ./results/energies_forces_nacs_run-100_train.txt
2025-10-22 10:38:35.886 DEBUG: Saving info: ./results/energies_forces_nacs_run-100_train.txt
2025-10-22 10:38:35.932 DEBUG: Saving info: ./results/energies_forces_nacs_run-100_train.txt
2025-10-22 10:38:35.979 DEBUG: Saving info: ./results/energies_forces_nacs_run-100_train.txt
2025-10-22 10:38:36.025 DEBUG: Saving info: ./results/energies_forces_nacs_run-100_train.txt
2025-10-22 10:38:36.073 DEBUG: Saving info: ./results/energies_forces_nacs_run-100_train.txt
2025-10-22 10:38:36.120 DEBUG: Saving info: ./results/energies_forces_nacs_run-100_train.txt
2025-10-22 10:38:36.166 DEBUG: Saving info: ./results/energies_forces_nacs_run-100_train.txt
2025-10-22 10:38:36.212 DEBUG: Saving info: ./results/energies_forces_nacs_run-100_train.txt
2025-10-22 10:38:36.258 DEBUG: Saving info: ./results/energies_forces_nacs_run-100_train.txt
2025-10-22 10:38:36.305 DEBUG: Saving info: ./results/energies_forces_nacs_run-100_train.txt
2025-10-22 10:38:36.351 DEBUG: Saving info: ./results/energies_forces_nacs_run-100_train.txt
2025-10-22 10:38:36.397 DEBUG: Saving info: ./results/energies_forces_nacs_run-100_train.txt
2025-10-22 10:38:36.444 DEBUG: Saving info: ./results/energies_forces_nacs_run-100_train.txt
2025-10-22 10:38:36.491 DEBUG: Saving info: ./results/energies_forces_nacs_run-100_train.txt
2025-10-22 10:38:36.537 DEBUG: Saving info: ./results/energies_forces_nacs_run-100_train.txt
2025-10-22 10:38:36.583 DEBUG: Saving info: ./results/energies_forces_nacs_run-100_train.txt
2025-10-22 10:38:36.630 DEBUG: Saving info: ./results/energies_forces_nacs_run-100_train.txt
2025-10-22 10:38:36.676 DEBUG: Saving info: ./results/energies_forces_nacs_run-100_train.txt
2025-10-22 10:38:36.722 DEBUG: Saving info: ./results/energies_forces_nacs_run-100_train.txt
2025-10-22 10:38:36.768 DEBUG: Saving info: ./results/energies_forces_nacs_run-100_train.txt
2025-10-22 10:38:36.815 DEBUG: Saving info: ./results/energies_forces_nacs_run-100_train.txt
2025-10-22 10:38:36.861 DEBUG: Saving info: ./results/energies_forces_nacs_run-100_train.txt
2025-10-22 10:38:36.908 DEBUG: Saving info: ./results/energies_forces_nacs_run-100_train.txt
2025-10-22 10:38:36.954 DEBUG: Saving info: ./results/energies_forces_nacs_run-100_train.txt
2025-10-22 10:38:37.001 DEBUG: Saving info: ./results/energies_forces_nacs_run-100_train.txt
2025-10-22 10:38:37.216 DEBUG: Saving info: ./results/energies_forces_nacs_run-100_train.txt
2025-10-22 10:38:37.217 DEBUG: Deleting old checkpoint file: ./checkpoints/energies_forces_nacs_run-100_epoch-2.pt
2025-10-22 10:38:37.218 DEBUG: Saving checkpoint: ./checkpoints/energies_forces_nacs_run-100_epoch-3.pt
2025-10-22 10:38:37.304 DEBUG: Saving info: ./results/energies_forces_nacs_run-100_train.txt
2025-10-22 10:38:37.351 DEBUG: Saving info: ./results/energies_forces_nacs_run-100_train.txt
2025-10-22 10:38:37.397 DEBUG: Saving info: ./results/energies_forces_nacs_run-100_train.txt
2025-10-22 10:38:37.444 DEBUG: Saving info: ./results/energies_forces_nacs_run-100_train.txt
2025-10-22 10:38:37.490 DEBUG: Saving info: ./results/energies_forces_nacs_run-100_train.txt
2025-10-22 10:38:37.536 DEBUG: Saving info: ./results/energies_forces_nacs_run-100_train.txt
2025-10-22 10:38:37.582 DEBUG: Saving info: ./results/energies_forces_nacs_run-100_train.txt
2025-10-22 10:38:37.628 DEBUG: Saving info: ./results/energies_forces_nacs_run-100_train.txt
2025-10-22 10:38:37.675 DEBUG: Saving info: ./results/energies_forces_nacs_run-100_train.txt
2025-10-22 10:38:37.721 DEBUG: Saving info: ./results/energies_forces_nacs_run-100_train.txt
2025-10-22 10:38:37.769 DEBUG: Saving info: ./results/energies_forces_nacs_run-100_train.txt
2025-10-22 10:38:37.815 DEBUG: Saving info: ./results/energies_forces_nacs_run-100_train.txt
2025-10-22 10:38:37.863 DEBUG: Saving info: ./results/energies_forces_nacs_run-100_train.txt
2025-10-22 10:38:37.909 DEBUG: Saving info: ./results/energies_forces_nacs_run-100_train.txt
2025-10-22 10:38:37.955 DEBUG: Saving info: ./results/energies_forces_nacs_run-100_train.txt
2025-10-22 10:38:38.002 DEBUG: Saving info: ./results/energies_forces_nacs_run-100_train.txt
2025-10-22 10:38:38.048 DEBUG: Saving info: ./results/energies_forces_nacs_run-100_train.txt
2025-10-22 10:38:38.095 DEBUG: Saving info: ./results/energies_forces_nacs_run-100_train.txt
2025-10-22 10:38:38.142 DEBUG: Saving info: ./results/energies_forces_nacs_run-100_train.txt
2025-10-22 10:38:38.188 DEBUG: Saving info: ./results/energies_forces_nacs_run-100_train.txt
2025-10-22 10:38:38.234 DEBUG: Saving info: ./results/energies_forces_nacs_run-100_train.txt
2025-10-22 10:38:38.281 DEBUG: Saving info: ./results/energies_forces_nacs_run-100_train.txt
2025-10-22 10:38:38.327 DEBUG: Saving info: ./results/energies_forces_nacs_run-100_train.txt
2025-10-22 10:38:38.374 DEBUG: Saving info: ./results/energies_forces_nacs_run-100_train.txt
2025-10-22 10:38:38.420 DEBUG: Saving info: ./results/energies_forces_nacs_run-100_train.txt
2025-10-22 10:38:38.466 DEBUG: Saving info: ./results/energies_forces_nacs_run-100_train.txt
2025-10-22 10:38:38.512 DEBUG: Saving info: ./results/energies_forces_nacs_run-100_train.txt
2025-10-22 10:38:38.559 DEBUG: Saving info: ./results/energies_forces_nacs_run-100_train.txt
2025-10-22 10:38:38.605 DEBUG: Saving info: ./results/energies_forces_nacs_run-100_train.txt
2025-10-22 10:38:38.651 DEBUG: Saving info: ./results/energies_forces_nacs_run-100_train.txt
2025-10-22 10:38:38.698 DEBUG: Saving info: ./results/energies_forces_nacs_run-100_train.txt
2025-10-22 10:38:38.744 DEBUG: Saving info: ./results/energies_forces_nacs_run-100_train.txt
2025-10-22 10:38:38.790 DEBUG: Saving info: ./results/energies_forces_nacs_run-100_train.txt
2025-10-22 10:38:38.836 DEBUG: Saving info: ./results/energies_forces_nacs_run-100_train.txt
2025-10-22 10:38:38.883 DEBUG: Saving info: ./results/energies_forces_nacs_run-100_train.txt
2025-10-22 10:38:38.929 DEBUG: Saving info: ./results/energies_forces_nacs_run-100_train.txt
2025-10-22 10:38:38.976 DEBUG: Saving info: ./results/energies_forces_nacs_run-100_train.txt
2025-10-22 10:38:39.023 DEBUG: Saving info: ./results/energies_forces_nacs_run-100_train.txt
2025-10-22 10:38:39.069 DEBUG: Saving info: ./results/energies_forces_nacs_run-100_train.txt
2025-10-22 10:38:39.116 DEBUG: Saving info: ./results/energies_forces_nacs_run-100_train.txt
2025-10-22 10:38:39.162 DEBUG: Saving info: ./results/energies_forces_nacs_run-100_train.txt
2025-10-22 10:38:39.208 DEBUG: Saving info: ./results/energies_forces_nacs_run-100_train.txt
2025-10-22 10:38:39.255 DEBUG: Saving info: ./results/energies_forces_nacs_run-100_train.txt
2025-10-22 10:38:39.301 DEBUG: Saving info: ./results/energies_forces_nacs_run-100_train.txt
2025-10-22 10:38:39.347 DEBUG: Saving info: ./results/energies_forces_nacs_run-100_train.txt
2025-10-22 10:38:39.394 DEBUG: Saving info: ./results/energies_forces_nacs_run-100_train.txt
2025-10-22 10:38:39.440 DEBUG: Saving info: ./results/energies_forces_nacs_run-100_train.txt
2025-10-22 10:38:39.487 DEBUG: Saving info: ./results/energies_forces_nacs_run-100_train.txt
2025-10-22 10:38:39.534 DEBUG: Saving info: ./results/energies_forces_nacs_run-100_train.txt
2025-10-22 10:38:39.580 DEBUG: Saving info: ./results/energies_forces_nacs_run-100_train.txt
2025-10-22 10:38:39.626 DEBUG: Saving info: ./results/energies_forces_nacs_run-100_train.txt
2025-10-22 10:38:39.672 DEBUG: Saving info: ./results/energies_forces_nacs_run-100_train.txt
2025-10-22 10:38:39.718 DEBUG: Saving info: ./results/energies_forces_nacs_run-100_train.txt
2025-10-22 10:38:39.764 DEBUG: Saving info: ./results/energies_forces_nacs_run-100_train.txt
2025-10-22 10:38:39.810 DEBUG: Saving info: ./results/energies_forces_nacs_run-100_train.txt
2025-10-22 10:38:39.856 DEBUG: Saving info: ./results/energies_forces_nacs_run-100_train.txt
2025-10-22 10:38:39.903 DEBUG: Saving info: ./results/energies_forces_nacs_run-100_train.txt
2025-10-22 10:38:39.949 DEBUG: Saving info: ./results/energies_forces_nacs_run-100_train.txt
2025-10-22 10:38:39.996 DEBUG: Saving info: ./results/energies_forces_nacs_run-100_train.txt
2025-10-22 10:38:40.043 DEBUG: Saving info: ./results/energies_forces_nacs_run-100_train.txt
2025-10-22 10:38:40.089 DEBUG: Saving info: ./results/energies_forces_nacs_run-100_train.txt
2025-10-22 10:38:40.136 DEBUG: Saving info: ./results/energies_forces_nacs_run-100_train.txt
2025-10-22 10:38:40.182 DEBUG: Saving info: ./results/energies_forces_nacs_run-100_train.txt
2025-10-22 10:38:40.228 DEBUG: Saving info: ./results/energies_forces_nacs_run-100_train.txt
2025-10-22 10:38:40.274 DEBUG: Saving info: ./results/energies_forces_nacs_run-100_train.txt
2025-10-22 10:38:40.321 DEBUG: Saving info: ./results/energies_forces_nacs_run-100_train.txt
2025-10-22 10:38:40.367 DEBUG: Saving info: ./results/energies_forces_nacs_run-100_train.txt
2025-10-22 10:38:40.414 DEBUG: Saving info: ./results/energies_forces_nacs_run-100_train.txt
2025-10-22 10:38:40.461 DEBUG: Saving info: ./results/energies_forces_nacs_run-100_train.txt
2025-10-22 10:38:40.507 DEBUG: Saving info: ./results/energies_forces_nacs_run-100_train.txt
2025-10-22 10:38:40.554 DEBUG: Saving info: ./results/energies_forces_nacs_run-100_train.txt
2025-10-22 10:38:40.600 DEBUG: Saving info: ./results/energies_forces_nacs_run-100_train.txt
2025-10-22 10:38:40.646 DEBUG: Saving info: ./results/energies_forces_nacs_run-100_train.txt
2025-10-22 10:38:40.692 DEBUG: Saving info: ./results/energies_forces_nacs_run-100_train.txt
2025-10-22 10:38:40.738 DEBUG: Saving info: ./results/energies_forces_nacs_run-100_train.txt
2025-10-22 10:38:40.784 DEBUG: Saving info: ./results/energies_forces_nacs_run-100_train.txt
2025-10-22 10:38:40.830 DEBUG: Saving info: ./results/energies_forces_nacs_run-100_train.txt
2025-10-22 10:38:40.876 DEBUG: Saving info: ./results/energies_forces_nacs_run-100_train.txt
2025-10-22 10:38:40.923 DEBUG: Saving info: ./results/energies_forces_nacs_run-100_train.txt
2025-10-22 10:38:40.970 DEBUG: Saving info: ./results/energies_forces_nacs_run-100_train.txt
2025-10-22 10:38:41.016 DEBUG: Saving info: ./results/energies_forces_nacs_run-100_train.txt
2025-10-22 10:38:41.063 DEBUG: Saving info: ./results/energies_forces_nacs_run-100_train.txt
2025-10-22 10:38:41.110 DEBUG: Saving info: ./results/energies_forces_nacs_run-100_train.txt
2025-10-22 10:38:41.156 DEBUG: Saving info: ./results/energies_forces_nacs_run-100_train.txt
2025-10-22 10:38:41.202 DEBUG: Saving info: ./results/energies_forces_nacs_run-100_train.txt
2025-10-22 10:38:41.415 DEBUG: Saving info: ./results/energies_forces_nacs_run-100_train.txt
2025-10-22 10:38:41.416 DEBUG: Deleting old checkpoint file: ./checkpoints/energies_forces_nacs_run-100_epoch-3.pt
2025-10-22 10:38:41.416 DEBUG: Saving checkpoint: ./checkpoints/energies_forces_nacs_run-100_epoch-4.pt
2025-10-22 10:38:41.495 DEBUG: Saving info: ./results/energies_forces_nacs_run-100_train.txt
2025-10-22 10:38:41.541 DEBUG: Saving info: ./results/energies_forces_nacs_run-100_train.txt
2025-10-22 10:38:41.588 DEBUG: Saving info: ./results/energies_forces_nacs_run-100_train.txt
2025-10-22 10:38:41.634 DEBUG: Saving info: ./results/energies_forces_nacs_run-100_train.txt
2025-10-22 10:38:41.680 DEBUG: Saving info: ./results/energies_forces_nacs_run-100_train.txt
2025-10-22 10:38:41.727 DEBUG: Saving info: ./results/energies_forces_nacs_run-100_train.txt
2025-10-22 10:38:41.773 DEBUG: Saving info: ./results/energies_forces_nacs_run-100_train.txt
2025-10-22 10:38:41.820 DEBUG: Saving info: ./results/energies_forces_nacs_run-100_train.txt
2025-10-22 10:38:41.866 DEBUG: Saving info: ./results/energies_forces_nacs_run-100_train.txt
2025-10-22 10:38:41.913 DEBUG: Saving info: ./results/energies_forces_nacs_run-100_train.txt
2025-10-22 10:38:41.960 DEBUG: Saving info: ./results/energies_forces_nacs_run-100_train.txt
2025-10-22 10:38:42.006 DEBUG: Saving info: ./results/energies_forces_nacs_run-100_train.txt
2025-10-22 10:38:42.053 DEBUG: Saving info: ./results/energies_forces_nacs_run-100_train.txt
2025-10-22 10:38:42.099 DEBUG: Saving info: ./results/energies_forces_nacs_run-100_train.txt
2025-10-22 10:38:42.146 DEBUG: Saving info: ./results/energies_forces_nacs_run-100_train.txt
2025-10-22 10:38:42.192 DEBUG: Saving info: ./results/energies_forces_nacs_run-100_train.txt
2025-10-22 10:38:42.238 DEBUG: Saving info: ./results/energies_forces_nacs_run-100_train.txt
2025-10-22 10:38:42.285 DEBUG: Saving info: ./results/energies_forces_nacs_run-100_train.txt
2025-10-22 10:38:42.331 DEBUG: Saving info: ./results/energies_forces_nacs_run-100_train.txt
2025-10-22 10:38:42.377 DEBUG: Saving info: ./results/energies_forces_nacs_run-100_train.txt
2025-10-22 10:38:42.424 DEBUG: Saving info: ./results/energies_forces_nacs_run-100_train.txt
2025-10-22 10:38:42.470 DEBUG: Saving info: ./results/energies_forces_nacs_run-100_train.txt
2025-10-22 10:38:42.516 DEBUG: Saving info: ./results/energies_forces_nacs_run-100_train.txt
2025-10-22 10:38:42.563 DEBUG: Saving info: ./results/energies_forces_nacs_run-100_train.txt
2025-10-22 10:38:42.609 DEBUG: Saving info: ./results/energies_forces_nacs_run-100_train.txt
2025-10-22 10:38:42.655 DEBUG: Saving info: ./results/energies_forces_nacs_run-100_train.txt
2025-10-22 10:38:42.702 DEBUG: Saving info: ./results/energies_forces_nacs_run-100_train.txt
2025-10-22 10:38:42.748 DEBUG: Saving info: ./results/energies_forces_nacs_run-100_train.txt
2025-10-22 10:38:42.794 DEBUG: Saving info: ./results/energies_forces_nacs_run-100_train.txt
2025-10-22 10:38:42.840 DEBUG: Saving info: ./results/energies_forces_nacs_run-100_train.txt
2025-10-22 10:38:42.887 DEBUG: Saving info: ./results/energies_forces_nacs_run-100_train.txt
2025-10-22 10:38:42.934 DEBUG: Saving info: ./results/energies_forces_nacs_run-100_train.txt
2025-10-22 10:38:42.980 DEBUG: Saving info: ./results/energies_forces_nacs_run-100_train.txt
2025-10-22 10:38:43.027 DEBUG: Saving info: ./results/energies_forces_nacs_run-100_train.txt
2025-10-22 10:38:43.074 DEBUG: Saving info: ./results/energies_forces_nacs_run-100_train.txt
2025-10-22 10:38:43.120 DEBUG: Saving info: ./results/energies_forces_nacs_run-100_train.txt
2025-10-22 10:38:43.167 DEBUG: Saving info: ./results/energies_forces_nacs_run-100_train.txt
2025-10-22 10:38:43.213 DEBUG: Saving info: ./results/energies_forces_nacs_run-100_train.txt
2025-10-22 10:38:43.260 DEBUG: Saving info: ./results/energies_forces_nacs_run-100_train.txt
2025-10-22 10:38:43.306 DEBUG: Saving info: ./results/energies_forces_nacs_run-100_train.txt
2025-10-22 10:38:43.353 DEBUG: Saving info: ./results/energies_forces_nacs_run-100_train.txt
2025-10-22 10:38:43.399 DEBUG: Saving info: ./results/energies_forces_nacs_run-100_train.txt
2025-10-22 10:38:43.446 DEBUG: Saving info: ./results/energies_forces_nacs_run-100_train.txt
2025-10-22 10:38:43.492 DEBUG: Saving info: ./results/energies_forces_nacs_run-100_train.txt
2025-10-22 10:38:43.539 DEBUG: Saving info: ./results/energies_forces_nacs_run-100_train.txt
2025-10-22 10:38:43.585 DEBUG: Saving info: ./results/energies_forces_nacs_run-100_train.txt
2025-10-22 10:38:43.632 DEBUG: Saving info: ./results/energies_forces_nacs_run-100_train.txt
2025-10-22 10:38:43.678 DEBUG: Saving info: ./results/energies_forces_nacs_run-100_train.txt
2025-10-22 10:38:43.724 DEBUG: Saving info: ./results/energies_forces_nacs_run-100_train.txt
2025-10-22 10:38:43.771 DEBUG: Saving info: ./results/energies_forces_nacs_run-100_train.txt
2025-10-22 10:38:43.817 DEBUG: Saving info: ./results/energies_forces_nacs_run-100_train.txt
2025-10-22 10:38:43.864 DEBUG: Saving info: ./results/energies_forces_nacs_run-100_train.txt
2025-10-22 10:38:43.910 DEBUG: Saving info: ./results/energies_forces_nacs_run-100_train.txt
2025-10-22 10:38:43.957 DEBUG: Saving info: ./results/energies_forces_nacs_run-100_train.txt
2025-10-22 10:38:44.004 DEBUG: Saving info: ./results/energies_forces_nacs_run-100_train.txt
2025-10-22 10:38:44.051 DEBUG: Saving info: ./results/energies_forces_nacs_run-100_train.txt
2025-10-22 10:38:44.097 DEBUG: Saving info: ./results/energies_forces_nacs_run-100_train.txt
2025-10-22 10:38:44.144 DEBUG: Saving info: ./results/energies_forces_nacs_run-100_train.txt
2025-10-22 10:38:44.190 DEBUG: Saving info: ./results/energies_forces_nacs_run-100_train.txt
2025-10-22 10:38:44.236 DEBUG: Saving info: ./results/energies_forces_nacs_run-100_train.txt
2025-10-22 10:38:44.283 DEBUG: Saving info: ./results/energies_forces_nacs_run-100_train.txt
2025-10-22 10:38:44.329 DEBUG: Saving info: ./results/energies_forces_nacs_run-100_train.txt
2025-10-22 10:38:44.376 DEBUG: Saving info: ./results/energies_forces_nacs_run-100_train.txt
2025-10-22 10:38:44.422 DEBUG: Saving info: ./results/energies_forces_nacs_run-100_train.txt
2025-10-22 10:38:44.469 DEBUG: Saving info: ./results/energies_forces_nacs_run-100_train.txt
2025-10-22 10:38:44.515 DEBUG: Saving info: ./results/energies_forces_nacs_run-100_train.txt
2025-10-22 10:38:44.562 DEBUG: Saving info: ./results/energies_forces_nacs_run-100_train.txt
2025-10-22 10:38:44.608 DEBUG: Saving info: ./results/energies_forces_nacs_run-100_train.txt
2025-10-22 10:38:44.655 DEBUG: Saving info: ./results/energies_forces_nacs_run-100_train.txt
2025-10-22 10:38:44.702 DEBUG: Saving info: ./results/energies_forces_nacs_run-100_train.txt
2025-10-22 10:38:44.748 DEBUG: Saving info: ./results/energies_forces_nacs_run-100_train.txt
2025-10-22 10:38:44.794 DEBUG: Saving info: ./results/energies_forces_nacs_run-100_train.txt
2025-10-22 10:38:44.841 DEBUG: Saving info: ./results/energies_forces_nacs_run-100_train.txt
2025-10-22 10:38:44.888 DEBUG: Saving info: ./results/energies_forces_nacs_run-100_train.txt
2025-10-22 10:38:44.934 DEBUG: Saving info: ./results/energies_forces_nacs_run-100_train.txt
2025-10-22 10:38:44.980 DEBUG: Saving info: ./results/energies_forces_nacs_run-100_train.txt
2025-10-22 10:38:45.027 DEBUG: Saving info: ./results/energies_forces_nacs_run-100_train.txt
2025-10-22 10:38:45.074 DEBUG: Saving info: ./results/energies_forces_nacs_run-100_train.txt
2025-10-22 10:38:45.120 DEBUG: Saving info: ./results/energies_forces_nacs_run-100_train.txt
2025-10-22 10:38:45.167 DEBUG: Saving info: ./results/energies_forces_nacs_run-100_train.txt
2025-10-22 10:38:45.213 DEBUG: Saving info: ./results/energies_forces_nacs_run-100_train.txt
2025-10-22 10:38:45.260 DEBUG: Saving info: ./results/energies_forces_nacs_run-100_train.txt
2025-10-22 10:38:45.306 DEBUG: Saving info: ./results/energies_forces_nacs_run-100_train.txt
2025-10-22 10:38:45.353 DEBUG: Saving info: ./results/energies_forces_nacs_run-100_train.txt
2025-10-22 10:38:45.399 DEBUG: Saving info: ./results/energies_forces_nacs_run-100_train.txt
2025-10-22 10:38:45.613 DEBUG: Saving info: ./results/energies_forces_nacs_run-100_train.txt
2025-10-22 10:38:45.614 DEBUG: Deleting old checkpoint file: ./checkpoints/energies_forces_nacs_run-100_epoch-4.pt
2025-10-22 10:38:45.614 DEBUG: Saving checkpoint: ./checkpoints/energies_forces_nacs_run-100_epoch-5.pt
2025-10-22 10:38:45.700 DEBUG: Saving info: ./results/energies_forces_nacs_run-100_train.txt
2025-10-22 10:38:45.747 DEBUG: Saving info: ./results/energies_forces_nacs_run-100_train.txt
2025-10-22 10:38:45.793 DEBUG: Saving info: ./results/energies_forces_nacs_run-100_train.txt
2025-10-22 10:38:45.840 DEBUG: Saving info: ./results/energies_forces_nacs_run-100_train.txt
2025-10-22 10:38:45.887 DEBUG: Saving info: ./results/energies_forces_nacs_run-100_train.txt
2025-10-22 10:38:45.933 DEBUG: Saving info: ./results/energies_forces_nacs_run-100_train.txt
2025-10-22 10:38:45.980 DEBUG: Saving info: ./results/energies_forces_nacs_run-100_train.txt
2025-10-22 10:38:46.026 DEBUG: Saving info: ./results/energies_forces_nacs_run-100_train.txt
2025-10-22 10:38:46.073 DEBUG: Saving info: ./results/energies_forces_nacs_run-100_train.txt
2025-10-22 10:38:46.120 DEBUG: Saving info: ./results/energies_forces_nacs_run-100_train.txt
2025-10-22 10:38:46.167 DEBUG: Saving info: ./results/energies_forces_nacs_run-100_train.txt
2025-10-22 10:38:46.213 DEBUG: Saving info: ./results/energies_forces_nacs_run-100_train.txt
2025-10-22 10:38:46.260 DEBUG: Saving info: ./results/energies_forces_nacs_run-100_train.txt
2025-10-22 10:38:46.307 DEBUG: Saving info: ./results/energies_forces_nacs_run-100_train.txt
2025-10-22 10:38:46.353 DEBUG: Saving info: ./results/energies_forces_nacs_run-100_train.txt
2025-10-22 10:38:46.400 DEBUG: Saving info: ./results/energies_forces_nacs_run-100_train.txt
2025-10-22 10:38:46.446 DEBUG: Saving info: ./results/energies_forces_nacs_run-100_train.txt
2025-10-22 10:38:46.493 DEBUG: Saving info: ./results/energies_forces_nacs_run-100_train.txt
2025-10-22 10:38:46.539 DEBUG: Saving info: ./results/energies_forces_nacs_run-100_train.txt
2025-10-22 10:38:46.586 DEBUG: Saving info: ./results/energies_forces_nacs_run-100_train.txt
2025-10-22 10:38:46.632 DEBUG: Saving info: ./results/energies_forces_nacs_run-100_train.txt
2025-10-22 10:38:46.679 DEBUG: Saving info: ./results/energies_forces_nacs_run-100_train.txt
2025-10-22 10:38:46.725 DEBUG: Saving info: ./results/energies_forces_nacs_run-100_train.txt
2025-10-22 10:38:46.772 DEBUG: Saving info: ./results/energies_forces_nacs_run-100_train.txt
2025-10-22 10:38:46.818 DEBUG: Saving info: ./results/energies_forces_nacs_run-100_train.txt
2025-10-22 10:38:46.865 DEBUG: Saving info: ./results/energies_forces_nacs_run-100_train.txt
2025-10-22 10:38:46.911 DEBUG: Saving info: ./results/energies_forces_nacs_run-100_train.txt
2025-10-22 10:38:46.958 DEBUG: Saving info: ./results/energies_forces_nacs_run-100_train.txt
2025-10-22 10:38:47.005 DEBUG: Saving info: ./results/energies_forces_nacs_run-100_train.txt
2025-10-22 10:38:47.052 DEBUG: Saving info: ./results/energies_forces_nacs_run-100_train.txt
2025-10-22 10:38:47.099 DEBUG: Saving info: ./results/energies_forces_nacs_run-100_train.txt
2025-10-22 10:38:47.145 DEBUG: Saving info: ./results/energies_forces_nacs_run-100_train.txt
2025-10-22 10:38:47.192 DEBUG: Saving info: ./results/energies_forces_nacs_run-100_train.txt
2025-10-22 10:38:47.238 DEBUG: Saving info: ./results/energies_forces_nacs_run-100_train.txt
2025-10-22 10:38:47.285 DEBUG: Saving info: ./results/energies_forces_nacs_run-100_train.txt
2025-10-22 10:38:47.331 DEBUG: Saving info: ./results/energies_forces_nacs_run-100_train.txt
2025-10-22 10:38:47.378 DEBUG: Saving info: ./results/energies_forces_nacs_run-100_train.txt
2025-10-22 10:38:47.424 DEBUG: Saving info: ./results/energies_forces_nacs_run-100_train.txt
2025-10-22 10:38:47.471 DEBUG: Saving info: ./results/energies_forces_nacs_run-100_train.txt
2025-10-22 10:38:47.517 DEBUG: Saving info: ./results/energies_forces_nacs_run-100_train.txt
2025-10-22 10:38:47.564 DEBUG: Saving info: ./results/energies_forces_nacs_run-100_train.txt
2025-10-22 10:38:47.610 DEBUG: Saving info: ./results/energies_forces_nacs_run-100_train.txt
2025-10-22 10:38:47.657 DEBUG: Saving info: ./results/energies_forces_nacs_run-100_train.txt
2025-10-22 10:38:47.703 DEBUG: Saving info: ./results/energies_forces_nacs_run-100_train.txt
2025-10-22 10:38:47.750 DEBUG: Saving info: ./results/energies_forces_nacs_run-100_train.txt
2025-10-22 10:38:47.796 DEBUG: Saving info: ./results/energies_forces_nacs_run-100_train.txt
2025-10-22 10:38:47.843 DEBUG: Saving info: ./results/energies_forces_nacs_run-100_train.txt
2025-10-22 10:38:47.889 DEBUG: Saving info: ./results/energies_forces_nacs_run-100_train.txt
2025-10-22 10:38:47.936 DEBUG: Saving info: ./results/energies_forces_nacs_run-100_train.txt
2025-10-22 10:38:47.983 DEBUG: Saving info: ./results/energies_forces_nacs_run-100_train.txt
2025-10-22 10:38:48.029 DEBUG: Saving info: ./results/energies_forces_nacs_run-100_train.txt
2025-10-22 10:38:48.076 DEBUG: Saving info: ./results/energies_forces_nacs_run-100_train.txt
2025-10-22 10:38:48.123 DEBUG: Saving info: ./results/energies_forces_nacs_run-100_train.txt
2025-10-22 10:38:48.169 DEBUG: Saving info: ./results/energies_forces_nacs_run-100_train.txt
2025-10-22 10:38:48.216 DEBUG: Saving info: ./results/energies_forces_nacs_run-100_train.txt
2025-10-22 10:38:48.262 DEBUG: Saving info: ./results/energies_forces_nacs_run-100_train.txt
2025-10-22 10:38:48.308 DEBUG: Saving info: ./results/energies_forces_nacs_run-100_train.txt
2025-10-22 10:38:48.355 DEBUG: Saving info: ./results/energies_forces_nacs_run-100_train.txt
2025-10-22 10:38:48.401 DEBUG: Saving info: ./results/energies_forces_nacs_run-100_train.txt
2025-10-22 10:38:48.448 DEBUG: Saving info: ./results/energies_forces_nacs_run-100_train.txt
2025-10-22 10:38:48.495 DEBUG: Saving info: ./results/energies_forces_nacs_run-100_train.txt
2025-10-22 10:38:48.541 DEBUG: Saving info: ./results/energies_forces_nacs_run-100_train.txt
2025-10-22 10:38:48.588 DEBUG: Saving info: ./results/energies_forces_nacs_run-100_train.txt
2025-10-22 10:38:48.635 DEBUG: Saving info: ./results/energies_forces_nacs_run-100_train.txt
2025-10-22 10:38:48.681 DEBUG: Saving info: ./results/energies_forces_nacs_run-100_train.txt
2025-10-22 10:38:48.727 DEBUG: Saving info: ./results/energies_forces_nacs_run-100_train.txt
2025-10-22 10:38:48.774 DEBUG: Saving info: ./results/energies_forces_nacs_run-100_train.txt
2025-10-22 10:38:48.821 DEBUG: Saving info: ./results/energies_forces_nacs_run-100_train.txt
2025-10-22 10:38:48.867 DEBUG: Saving info: ./results/energies_forces_nacs_run-100_train.txt
2025-10-22 10:38:48.914 DEBUG: Saving info: ./results/energies_forces_nacs_run-100_train.txt
2025-10-22 10:38:48.964 DEBUG: Saving info: ./results/energies_forces_nacs_run-100_train.txt
2025-10-22 10:38:49.011 DEBUG: Saving info: ./results/energies_forces_nacs_run-100_train.txt
2025-10-22 10:38:49.059 DEBUG: Saving info: ./results/energies_forces_nacs_run-100_train.txt
2025-10-22 10:38:49.106 DEBUG: Saving info: ./results/energies_forces_nacs_run-100_train.txt
2025-10-22 10:38:49.152 DEBUG: Saving info: ./results/energies_forces_nacs_run-100_train.txt
2025-10-22 10:38:49.199 DEBUG: Saving info: ./results/energies_forces_nacs_run-100_train.txt
2025-10-22 10:38:49.245 DEBUG: Saving info: ./results/energies_forces_nacs_run-100_train.txt
2025-10-22 10:38:49.291 DEBUG: Saving info: ./results/energies_forces_nacs_run-100_train.txt
2025-10-22 10:38:49.338 DEBUG: Saving info: ./results/energies_forces_nacs_run-100_train.txt
2025-10-22 10:38:49.383 DEBUG: Saving info: ./results/energies_forces_nacs_run-100_train.txt
2025-10-22 10:39:34.228 INFO: ===========VERIFYING SETTINGS===========
2025-10-22 10:39:34.228 INFO: MACE version: 0.3.6
2025-10-22 10:39:34.228 DEBUG: Configuration: Namespace(config=None, name='energies_forces_nacs', seed=100, work_dir='.', nacs_key='smooth_nacs', log_dir='./logs', model_dir='.', checkpoints_dir='./checkpoints', results_dir='./results', downloads_dir='./downloads', device='cuda', default_dtype='float32', distributed=False, log_level='INFO', n_energies=4, error_table='EnergyNacsDipoleMAE', model='ExcitedMACE', r_max=5.0, num_permutational_invariant=16, radial_type='bessel', num_radial_basis=8, num_cutoff_basis=5, pair_repulsion=False, distance_transform='None', interaction='RealAgnosticResidualInteractionBlock', interaction_first='RealAgnosticResidualInteractionBlock', max_ell=3, correlation=3, num_interactions=2, MLP_irreps='128x0e', radial_MLP='[64, 64, 64]', hidden_irreps='128x0e + 128x1o', num_channels=128, max_L=1, gate='silu', scaling='rms_forces_scaling', avg_num_neighbors=1, compute_avg_num_neighbors=True, compute_stress=False, compute_forces=True, compute_dipoles=True, compute_nacs=True, compute_socs=False, train_file='ENERGIES_FORCES_NACS.xyz', valid_file=None, valid_fraction=0.1, test_file=None, test_dir=None, multi_processed_test=False, num_workers=0, pin_memory=True, atomic_numbers=None, mean=None, std=None, statistics_file=None, E0s='average', keep_isolated_atoms=False, energy_key='REF_energy', forces_key='REF_forces', virials_key='REF_virials', stress_key='REF_stress', dipoles_key='REF_dipoles', charges_key='REF_charges', loss='weighted', forces_weight=0.0, nacs_weight=0.0, socs_weight=0.0, soc_num=None, nac_num=6, swa_forces_weight=100.0, energy_weight=100.0, swa_energy_weight=1000.0, virials_weight=1.0, swa_virials_weight=10.0, stress_weight=1.0, swa_stress_weight=10.0, dipoles_weight=1.0, swa_dipole_weight=1.0, config_type_weights='{"Default":1.0}', huber_delta=0.01, optimizer='adam', beta=0.9, batch_size=20, valid_batch_size=10, lr=0.001, swa_lr=0.001, weight_decay=5e-07, amsgrad=True, scheduler='ReduceLROnPlateau', lr_factor=0.8, scheduler_patience=50, lr_scheduler_gamma=0.9993, swa=False, start_swa=None, ema=True, ema_decay=0.99, max_num_epochs=100, patience=2048, foundation_model=None, foundation_model_readout=True, eval_interval=1, keep_checkpoints=False, save_all_checkpoints=False, restart_latest=False, save_cpu=False, clip_grad=10.0, wandb=False, wandb_dir=None, wandb_project='', wandb_entity='', wandb_name='', wandb_log_hypers=['num_channels', 'max_L', 'correlation', 'lr', 'swa_lr', 'weight_decay', 'batch_size', 'max_num_epochs', 'start_swa', 'energy_weight', 'forces_weight'])
2025-10-22 10:39:34.257 INFO: CUDA version: 12.4, CUDA device: 0
2025-10-22 10:39:34.274 DEBUG: Popen(['git', 'version'], cwd=/home/rhyan/Exciton_model/X-MACE, stdin=None, shell=False, universal_newlines=False)
2025-10-22 10:39:34.276 DEBUG: Popen(['git', 'version'], cwd=/home/rhyan/Exciton_model/X-MACE, stdin=None, shell=False, universal_newlines=False)
2025-10-22 10:39:34.277 DEBUG: sys.platform='linux', git_executable='git'
2025-10-22 10:39:34.277 DEBUG: Popen(['git', 'cat-file', '--batch-check'], cwd=/home/rhyan/Exciton_model/X-MACE, stdin=<valid stream>, shell=False, universal_newlines=False)
2025-10-22 10:39:34.279 DEBUG: Current Git commit: 0861c52cf365064d060e006c179e4cc1785b61c2
2025-10-22 10:39:34.279 INFO: 
2025-10-22 10:39:34.279 INFO: ===========LOADING INPUT DATA===========
2025-10-22 10:39:35.705 INFO: Using random 10% of training set for validation with indices saved in: ./valid_indices_100.txt
2025-10-22 10:39:35.707 INFO: Atomic Numbers used: [1, 6, 7, 8]
2025-10-22 10:39:35.707 INFO: Isolated Atomic Energies (E0s) not in training file, using command line argument
2025-10-22 10:39:35.707 INFO: Computing average Atomic Energies using least squares regression
2025-10-22 10:39:35.715 INFO: Atomic Energies used (z: eV): {1: -967.8427909292559, 6: -1244.3693026233295, 7: -138.2632558470366, 8: -829.5795350822196}
2025-10-22 10:39:35.914 INFO: 
2025-10-22 10:39:35.914 INFO: ===========MODEL DETAILS===========
2025-10-22 10:39:36.149 INFO: Average number of neighbors: 15.7
2025-10-22 10:39:36.149 INFO: During training the following quantities will be reported: energy, forces, dipoles, nacs
2025-10-22 10:39:36.220 INFO: Building model
2025-10-22 10:39:36.220 INFO: Message passing with 128 channels and max_L=1 (128x0e + 128x1o)
2025-10-22 10:39:36.220 INFO: 2 layers, each with correlation order: 3 (body order: 4) and spherical harmonics up to: l=3
2025-10-22 10:39:36.220 INFO: 8 radial and 5 basis functions
2025-10-22 10:39:36.220 INFO: Radial cutoff: 5.0 Å (total receptive field for each atom: 10.0 Å)
2025-10-22 10:39:36.220 INFO: Distance transform for radial basis functions: None
2025-10-22 10:39:36.919 DEBUG: ExcitedMACE(
  (node_embedding): LinearNodeEmbeddingBlock(
    (linear): Linear(4x0e -> 128x0e | 512 weights)
  )
  (radial_embedding): RadialEmbeddingBlock(
    (bessel_fn): BesselBasis(r_max=5.0, num_basis=8, trainable=False)
    (cutoff_fn): PolynomialCutoff(p=5.0, r_max=5.0)
  )
  (spherical_harmonics): SphericalHarmonics()
  (atomic_energies_fn): AtomicEnergiesBlock(energies=[-967.8428, -1244.3693, -138.2633, -829.5795])
  (interactions): ModuleList(
    (0): RealAgnosticInteractionBlock(
      (linear_up): Linear(128x0e -> 128x0e | 16384 weights)
      (conv_tp): TensorProduct(128x0e x 1x0e+1x1o+1x2e+1x3o -> 128x0e+128x1o+128x2e+128x3o | 512 paths | 512 weights)
      (conv_tp_weights): FullyConnectedNet[8, 64, 64, 64, 512]
      (linear): Linear(128x0e+128x1o+128x2e+128x3o -> 128x0e+128x1o+128x2e+128x3o | 65536 weights)
      (skip_tp): FullyConnectedTensorProduct(128x0e+128x1o+128x2e+128x3o x 4x0e -> 128x0e+128x1o+128x2e+128x3o | 262144 paths | 262144 weights)
      (reshape): reshape_irreps()
    )
    (1): RealAgnosticResidualInteractionBlock(
      (linear_up): Linear(128x0e+128x1o -> 128x0e+128x1o | 32768 weights)
      (conv_tp): TensorProduct(128x0e+128x1o x 1x0e+1x1o+1x2e+1x3o -> 256x0e+384x1o+384x2e+256x3o | 1280 paths | 1280 weights)
      (conv_tp_weights): FullyConnectedNet[8, 64, 64, 64, 1280]
      (linear): Linear(256x0e+384x1o+384x2e+256x3o -> 128x0e+128x1o+128x2e+128x3o | 163840 weights)
      (skip_tp): FullyConnectedTensorProduct(128x0e+128x1o x 4x0e -> 128x0e | 65536 paths | 65536 weights)
      (reshape): reshape_irreps()
    )
  )
  (products): ModuleList(
    (0): EquivariantProductBasisBlock(
      (symmetric_contractions): SymmetricContraction(
        (contractions): ModuleList(
          (0): Contraction(
            (contractions_weighting): ModuleList(
              (0-1): 2 x GraphModule()
            )
            (contractions_features): ModuleList(
              (0-1): 2 x GraphModule()
            )
            (weights): ParameterList(
                (0): Parameter containing: [torch.float32 of size 4x4x128 (cuda:0)]
                (1): Parameter containing: [torch.float32 of size 4x1x128 (cuda:0)]
            )
            (graph_opt_main): GraphModule()
          )
          (1): Contraction(
            (contractions_weighting): ModuleList(
              (0-1): 2 x GraphModule()
            )
            (contractions_features): ModuleList(
              (0-1): 2 x GraphModule()
            )
            (weights): ParameterList(
                (0): Parameter containing: [torch.float32 of size 4x6x128 (cuda:0)]
                (1): Parameter containing: [torch.float32 of size 4x1x128 (cuda:0)]
            )
            (graph_opt_main): GraphModule()
          )
        )
      )
      (linear): Linear(128x0e+128x1o -> 128x0e+128x1o | 32768 weights)
    )
    (1): EquivariantProductBasisBlock(
      (symmetric_contractions): SymmetricContraction(
        (contractions): ModuleList(
          (0): Contraction(
            (contractions_weighting): ModuleList(
              (0-1): 2 x GraphModule()
            )
            (contractions_features): ModuleList(
              (0-1): 2 x GraphModule()
            )
            (weights): ParameterList(
                (0): Parameter containing: [torch.float32 of size 4x4x128 (cuda:0)]
                (1): Parameter containing: [torch.float32 of size 4x1x128 (cuda:0)]
            )
            (graph_opt_main): GraphModule()
          )
        )
      )
      (linear): Linear(128x0e -> 128x0e | 16384 weights)
    )
  )
  (readouts): ModuleList(
    (0): LinearReadoutBlock(
      (linear): Linear(128x0e+128x1o -> 4x0e+6x1o | 1280 weights)
    )
    (1): NonLinearReadoutBlock(
      (linear_1): Linear(128x0e -> 128x0e | 16384 weights)
      (non_linearity): Activation [x] (128x0e -> 128x0e)
      (linear_2): Linear(128x0e -> 4x0e+6x1o | 512 weights)
    )
  )
  (socs_readouts): ModuleList(
    (0): None
  )
)
2025-10-22 10:39:36.920 INFO: Total number of parameters: 864512
2025-10-22 10:39:36.921 INFO: 
2025-10-22 10:39:36.921 INFO: ===========OPTIMIZER INFORMATION===========
2025-10-22 10:39:36.921 INFO: Using ADAM as parameter optimizer
2025-10-22 10:39:36.921 INFO: Batch size: 20
2025-10-22 10:39:36.921 INFO: Using Exponential Moving Average with decay: 0.99
2025-10-22 10:39:36.921 INFO: Number of gradient updates: 4275
2025-10-22 10:39:36.921 INFO: Learning rate: 0.001, weight decay: 5e-07
2025-10-22 10:39:36.921 INFO: WeightedEnergyForcesNacsDipoleLoss(energy_weight=100.000, forces_weight=0.000, dipole_weight=1.000)
2025-10-22 10:39:36.921 INFO: Using gradient clipping with tolerance=10.000
2025-10-22 10:39:36.922 INFO: 
2025-10-22 10:39:36.922 INFO: ===========TRAINING===========
2025-10-22 10:39:36.922 INFO: Started training, reporting errors on validation set
2025-10-22 10:39:36.922 INFO: Loss metrics on validation set
2025-10-22 10:39:39.347 DEBUG: Saving info: ./results/energies_forces_nacs_run-100_train.txt
2025-10-22 10:39:39.926 DEBUG: Saving info: ./results/energies_forces_nacs_run-100_train.txt
2025-10-22 10:39:40.622 DEBUG: Saving info: ./results/energies_forces_nacs_run-100_train.txt
2025-10-22 10:39:41.371 DEBUG: Saving info: ./results/energies_forces_nacs_run-100_train.txt
2025-10-22 10:39:41.598 DEBUG: Saving info: ./results/energies_forces_nacs_run-100_train.txt
2025-10-22 10:39:41.828 DEBUG: Saving info: ./results/energies_forces_nacs_run-100_train.txt
2025-10-22 10:39:42.059 DEBUG: Saving info: ./results/energies_forces_nacs_run-100_train.txt
2025-10-22 10:39:42.289 DEBUG: Saving info: ./results/energies_forces_nacs_run-100_train.txt
2025-10-22 10:39:42.519 DEBUG: Saving info: ./results/energies_forces_nacs_run-100_train.txt
2025-10-22 10:39:42.750 DEBUG: Saving info: ./results/energies_forces_nacs_run-100_train.txt
2025-10-22 10:39:42.980 DEBUG: Saving info: ./results/energies_forces_nacs_run-100_train.txt
2025-10-22 10:39:43.210 DEBUG: Saving info: ./results/energies_forces_nacs_run-100_train.txt
2025-10-22 10:39:43.441 DEBUG: Saving info: ./results/energies_forces_nacs_run-100_train.txt
2025-10-22 10:39:43.672 DEBUG: Saving info: ./results/energies_forces_nacs_run-100_train.txt
2025-10-22 10:39:43.902 DEBUG: Saving info: ./results/energies_forces_nacs_run-100_train.txt
2025-10-22 10:39:44.133 DEBUG: Saving info: ./results/energies_forces_nacs_run-100_train.txt
2025-10-22 10:39:44.364 DEBUG: Saving info: ./results/energies_forces_nacs_run-100_train.txt
2025-10-22 10:39:44.595 DEBUG: Saving info: ./results/energies_forces_nacs_run-100_train.txt
2025-10-22 10:39:44.825 DEBUG: Saving info: ./results/energies_forces_nacs_run-100_train.txt
2025-10-22 10:39:45.056 DEBUG: Saving info: ./results/energies_forces_nacs_run-100_train.txt
2025-10-22 10:39:45.287 DEBUG: Saving info: ./results/energies_forces_nacs_run-100_train.txt
2025-10-22 10:39:45.519 DEBUG: Saving info: ./results/energies_forces_nacs_run-100_train.txt
2025-10-22 10:39:45.749 DEBUG: Saving info: ./results/energies_forces_nacs_run-100_train.txt
2025-10-22 10:39:45.980 DEBUG: Saving info: ./results/energies_forces_nacs_run-100_train.txt
2025-10-22 10:39:46.211 DEBUG: Saving info: ./results/energies_forces_nacs_run-100_train.txt
2025-10-22 10:39:46.442 DEBUG: Saving info: ./results/energies_forces_nacs_run-100_train.txt
2025-10-22 10:39:46.673 DEBUG: Saving info: ./results/energies_forces_nacs_run-100_train.txt
2025-10-22 10:39:46.911 DEBUG: Saving info: ./results/energies_forces_nacs_run-100_train.txt
2025-10-22 10:39:47.141 DEBUG: Saving info: ./results/energies_forces_nacs_run-100_train.txt
2025-10-22 10:39:47.372 DEBUG: Saving info: ./results/energies_forces_nacs_run-100_train.txt
2025-10-22 10:39:47.603 DEBUG: Saving info: ./results/energies_forces_nacs_run-100_train.txt
2025-10-22 10:39:47.834 DEBUG: Saving info: ./results/energies_forces_nacs_run-100_train.txt
2025-10-22 10:39:48.066 DEBUG: Saving info: ./results/energies_forces_nacs_run-100_train.txt
2025-10-22 10:39:48.297 DEBUG: Saving info: ./results/energies_forces_nacs_run-100_train.txt
2025-10-22 10:39:48.527 DEBUG: Saving info: ./results/energies_forces_nacs_run-100_train.txt
2025-10-22 10:39:48.758 DEBUG: Saving info: ./results/energies_forces_nacs_run-100_train.txt
2025-10-22 10:39:48.989 DEBUG: Saving info: ./results/energies_forces_nacs_run-100_train.txt
2025-10-22 10:39:49.220 DEBUG: Saving info: ./results/energies_forces_nacs_run-100_train.txt
2025-10-22 10:39:49.451 DEBUG: Saving info: ./results/energies_forces_nacs_run-100_train.txt
2025-10-22 10:39:49.682 DEBUG: Saving info: ./results/energies_forces_nacs_run-100_train.txt
2025-10-22 10:39:49.914 DEBUG: Saving info: ./results/energies_forces_nacs_run-100_train.txt
2025-10-22 10:39:50.145 DEBUG: Saving info: ./results/energies_forces_nacs_run-100_train.txt
2025-10-22 10:39:50.377 DEBUG: Saving info: ./results/energies_forces_nacs_run-100_train.txt
2025-10-22 10:39:50.803 DEBUG: Saving info: ./results/energies_forces_nacs_run-100_train.txt
2025-10-22 10:39:50.804 DEBUG: Saving checkpoint: ./checkpoints/energies_forces_nacs_run-100_epoch-0.pt
2025-10-22 10:39:51.083 DEBUG: Saving info: ./results/energies_forces_nacs_run-100_train.txt
2025-10-22 10:39:51.314 DEBUG: Saving info: ./results/energies_forces_nacs_run-100_train.txt
2025-10-22 10:39:51.546 DEBUG: Saving info: ./results/energies_forces_nacs_run-100_train.txt
2025-10-22 10:39:51.778 DEBUG: Saving info: ./results/energies_forces_nacs_run-100_train.txt
2025-10-22 10:39:52.017 DEBUG: Saving info: ./results/energies_forces_nacs_run-100_train.txt
2025-10-22 10:39:52.248 DEBUG: Saving info: ./results/energies_forces_nacs_run-100_train.txt
2025-10-22 10:39:52.480 DEBUG: Saving info: ./results/energies_forces_nacs_run-100_train.txt
2025-10-22 10:39:52.712 DEBUG: Saving info: ./results/energies_forces_nacs_run-100_train.txt
2025-10-22 10:39:52.944 DEBUG: Saving info: ./results/energies_forces_nacs_run-100_train.txt
2025-10-22 10:39:53.176 DEBUG: Saving info: ./results/energies_forces_nacs_run-100_train.txt
2025-10-22 10:39:53.407 DEBUG: Saving info: ./results/energies_forces_nacs_run-100_train.txt
2025-10-22 10:39:53.639 DEBUG: Saving info: ./results/energies_forces_nacs_run-100_train.txt
2025-10-22 10:39:53.871 DEBUG: Saving info: ./results/energies_forces_nacs_run-100_train.txt
2025-10-22 10:39:54.102 DEBUG: Saving info: ./results/energies_forces_nacs_run-100_train.txt
2025-10-22 10:39:54.334 DEBUG: Saving info: ./results/energies_forces_nacs_run-100_train.txt
2025-10-22 10:39:54.566 DEBUG: Saving info: ./results/energies_forces_nacs_run-100_train.txt
2025-10-22 10:39:54.797 DEBUG: Saving info: ./results/energies_forces_nacs_run-100_train.txt
2025-10-22 10:39:55.028 DEBUG: Saving info: ./results/energies_forces_nacs_run-100_train.txt
2025-10-22 10:39:55.260 DEBUG: Saving info: ./results/energies_forces_nacs_run-100_train.txt
2025-10-22 10:39:55.492 DEBUG: Saving info: ./results/energies_forces_nacs_run-100_train.txt
2025-10-22 10:39:55.724 DEBUG: Saving info: ./results/energies_forces_nacs_run-100_train.txt
2025-10-22 10:39:55.956 DEBUG: Saving info: ./results/energies_forces_nacs_run-100_train.txt
2025-10-22 10:39:56.188 DEBUG: Saving info: ./results/energies_forces_nacs_run-100_train.txt
2025-10-22 10:39:56.420 DEBUG: Saving info: ./results/energies_forces_nacs_run-100_train.txt
2025-10-22 10:39:56.653 DEBUG: Saving info: ./results/energies_forces_nacs_run-100_train.txt
2025-10-22 10:39:56.884 DEBUG: Saving info: ./results/energies_forces_nacs_run-100_train.txt
2025-10-22 10:39:57.124 DEBUG: Saving info: ./results/energies_forces_nacs_run-100_train.txt
2025-10-22 10:39:57.356 DEBUG: Saving info: ./results/energies_forces_nacs_run-100_train.txt
2025-10-22 10:39:57.587 DEBUG: Saving info: ./results/energies_forces_nacs_run-100_train.txt
2025-10-22 10:39:57.819 DEBUG: Saving info: ./results/energies_forces_nacs_run-100_train.txt
2025-10-22 10:39:58.051 DEBUG: Saving info: ./results/energies_forces_nacs_run-100_train.txt
2025-10-22 10:39:58.283 DEBUG: Saving info: ./results/energies_forces_nacs_run-100_train.txt
2025-10-22 10:39:58.515 DEBUG: Saving info: ./results/energies_forces_nacs_run-100_train.txt
2025-10-22 10:39:58.747 DEBUG: Saving info: ./results/energies_forces_nacs_run-100_train.txt
2025-10-22 10:39:58.979 DEBUG: Saving info: ./results/energies_forces_nacs_run-100_train.txt
2025-10-22 10:39:59.212 DEBUG: Saving info: ./results/energies_forces_nacs_run-100_train.txt
2025-10-22 10:39:59.444 DEBUG: Saving info: ./results/energies_forces_nacs_run-100_train.txt
2025-10-22 10:39:59.676 DEBUG: Saving info: ./results/energies_forces_nacs_run-100_train.txt
2025-10-22 10:39:59.907 DEBUG: Saving info: ./results/energies_forces_nacs_run-100_train.txt
2025-10-22 10:40:00.138 DEBUG: Saving info: ./results/energies_forces_nacs_run-100_train.txt
2025-10-22 10:40:00.371 DEBUG: Saving info: ./results/energies_forces_nacs_run-100_train.txt
2025-10-22 10:40:00.603 DEBUG: Saving info: ./results/energies_forces_nacs_run-100_train.txt
2025-10-22 10:40:01.032 DEBUG: Saving info: ./results/energies_forces_nacs_run-100_train.txt
2025-10-22 10:40:01.033 DEBUG: Deleting old checkpoint file: ./checkpoints/energies_forces_nacs_run-100_epoch-0.pt
2025-10-22 10:40:01.034 DEBUG: Saving checkpoint: ./checkpoints/energies_forces_nacs_run-100_epoch-1.pt
2025-10-22 10:40:01.310 DEBUG: Saving info: ./results/energies_forces_nacs_run-100_train.txt
2025-10-22 10:40:01.542 DEBUG: Saving info: ./results/energies_forces_nacs_run-100_train.txt
2025-10-22 10:40:01.774 DEBUG: Saving info: ./results/energies_forces_nacs_run-100_train.txt
2025-10-22 10:40:02.007 DEBUG: Saving info: ./results/energies_forces_nacs_run-100_train.txt
2025-10-22 10:40:02.246 DEBUG: Saving info: ./results/energies_forces_nacs_run-100_train.txt
2025-10-22 10:40:02.478 DEBUG: Saving info: ./results/energies_forces_nacs_run-100_train.txt
2025-10-22 10:40:02.711 DEBUG: Saving info: ./results/energies_forces_nacs_run-100_train.txt
2025-10-22 10:40:02.943 DEBUG: Saving info: ./results/energies_forces_nacs_run-100_train.txt
2025-10-22 10:40:03.175 DEBUG: Saving info: ./results/energies_forces_nacs_run-100_train.txt
2025-10-22 10:40:03.407 DEBUG: Saving info: ./results/energies_forces_nacs_run-100_train.txt
2025-10-22 10:40:03.640 DEBUG: Saving info: ./results/energies_forces_nacs_run-100_train.txt
2025-10-22 10:40:03.872 DEBUG: Saving info: ./results/energies_forces_nacs_run-100_train.txt
2025-10-22 10:40:04.105 DEBUG: Saving info: ./results/energies_forces_nacs_run-100_train.txt
2025-10-22 10:40:04.338 DEBUG: Saving info: ./results/energies_forces_nacs_run-100_train.txt
2025-10-22 10:40:04.570 DEBUG: Saving info: ./results/energies_forces_nacs_run-100_train.txt
2025-10-22 10:40:04.803 DEBUG: Saving info: ./results/energies_forces_nacs_run-100_train.txt
2025-10-22 10:40:05.035 DEBUG: Saving info: ./results/energies_forces_nacs_run-100_train.txt
2025-10-22 10:40:05.268 DEBUG: Saving info: ./results/energies_forces_nacs_run-100_train.txt
2025-10-22 10:40:05.500 DEBUG: Saving info: ./results/energies_forces_nacs_run-100_train.txt
2025-10-22 10:40:05.733 DEBUG: Saving info: ./results/energies_forces_nacs_run-100_train.txt
2025-10-22 10:40:05.965 DEBUG: Saving info: ./results/energies_forces_nacs_run-100_train.txt
2025-10-22 10:40:06.197 DEBUG: Saving info: ./results/energies_forces_nacs_run-100_train.txt
2025-10-22 10:40:06.430 DEBUG: Saving info: ./results/energies_forces_nacs_run-100_train.txt
2025-10-22 10:40:06.663 DEBUG: Saving info: ./results/energies_forces_nacs_run-100_train.txt
2025-10-22 10:40:06.895 DEBUG: Saving info: ./results/energies_forces_nacs_run-100_train.txt
2025-10-22 10:40:07.128 DEBUG: Saving info: ./results/energies_forces_nacs_run-100_train.txt
2025-10-22 10:40:07.368 DEBUG: Saving info: ./results/energies_forces_nacs_run-100_train.txt
2025-10-22 10:40:07.600 DEBUG: Saving info: ./results/energies_forces_nacs_run-100_train.txt
2025-10-22 10:40:07.832 DEBUG: Saving info: ./results/energies_forces_nacs_run-100_train.txt
2025-10-22 10:40:08.065 DEBUG: Saving info: ./results/energies_forces_nacs_run-100_train.txt
2025-10-22 10:40:08.298 DEBUG: Saving info: ./results/energies_forces_nacs_run-100_train.txt
2025-10-22 10:40:08.531 DEBUG: Saving info: ./results/energies_forces_nacs_run-100_train.txt
2025-10-22 10:40:08.764 DEBUG: Saving info: ./results/energies_forces_nacs_run-100_train.txt
2025-10-22 10:40:08.996 DEBUG: Saving info: ./results/energies_forces_nacs_run-100_train.txt
2025-10-22 10:40:09.228 DEBUG: Saving info: ./results/energies_forces_nacs_run-100_train.txt
2025-10-22 10:40:09.461 DEBUG: Saving info: ./results/energies_forces_nacs_run-100_train.txt
2025-10-22 10:40:09.694 DEBUG: Saving info: ./results/energies_forces_nacs_run-100_train.txt
2025-10-22 10:40:09.926 DEBUG: Saving info: ./results/energies_forces_nacs_run-100_train.txt
2025-10-22 10:40:10.159 DEBUG: Saving info: ./results/energies_forces_nacs_run-100_train.txt
2025-10-22 10:40:10.392 DEBUG: Saving info: ./results/energies_forces_nacs_run-100_train.txt
2025-10-22 10:40:10.625 DEBUG: Saving info: ./results/energies_forces_nacs_run-100_train.txt
2025-10-22 10:40:10.858 DEBUG: Saving info: ./results/energies_forces_nacs_run-100_train.txt
2025-10-22 10:40:11.288 DEBUG: Saving info: ./results/energies_forces_nacs_run-100_train.txt
2025-10-22 10:40:11.289 DEBUG: Deleting old checkpoint file: ./checkpoints/energies_forces_nacs_run-100_epoch-1.pt
2025-10-22 10:40:11.291 DEBUG: Saving checkpoint: ./checkpoints/energies_forces_nacs_run-100_epoch-2.pt
2025-10-22 10:40:11.567 DEBUG: Saving info: ./results/energies_forces_nacs_run-100_train.txt
2025-10-22 10:40:11.799 DEBUG: Saving info: ./results/energies_forces_nacs_run-100_train.txt
2025-10-22 10:40:12.032 DEBUG: Saving info: ./results/energies_forces_nacs_run-100_train.txt
2025-10-22 10:40:12.265 DEBUG: Saving info: ./results/energies_forces_nacs_run-100_train.txt
2025-10-22 10:40:12.498 DEBUG: Saving info: ./results/energies_forces_nacs_run-100_train.txt
2025-10-22 10:40:12.731 DEBUG: Saving info: ./results/energies_forces_nacs_run-100_train.txt
2025-10-22 10:40:12.964 DEBUG: Saving info: ./results/energies_forces_nacs_run-100_train.txt
2025-10-22 10:40:13.196 DEBUG: Saving info: ./results/energies_forces_nacs_run-100_train.txt
2025-10-22 10:40:13.429 DEBUG: Saving info: ./results/energies_forces_nacs_run-100_train.txt
2025-10-22 10:40:13.662 DEBUG: Saving info: ./results/energies_forces_nacs_run-100_train.txt
2025-10-22 10:40:13.895 DEBUG: Saving info: ./results/energies_forces_nacs_run-100_train.txt
2025-10-22 10:40:14.128 DEBUG: Saving info: ./results/energies_forces_nacs_run-100_train.txt
2025-10-22 10:40:14.360 DEBUG: Saving info: ./results/energies_forces_nacs_run-100_train.txt
2025-10-22 10:40:14.593 DEBUG: Saving info: ./results/energies_forces_nacs_run-100_train.txt
2025-10-22 10:40:14.826 DEBUG: Saving info: ./results/energies_forces_nacs_run-100_train.txt
2025-10-22 10:40:15.059 DEBUG: Saving info: ./results/energies_forces_nacs_run-100_train.txt
2025-10-22 10:40:15.292 DEBUG: Saving info: ./results/energies_forces_nacs_run-100_train.txt
2025-10-22 10:40:15.525 DEBUG: Saving info: ./results/energies_forces_nacs_run-100_train.txt
2025-10-22 10:40:15.758 DEBUG: Saving info: ./results/energies_forces_nacs_run-100_train.txt
2025-10-22 10:40:15.991 DEBUG: Saving info: ./results/energies_forces_nacs_run-100_train.txt
2025-10-22 10:40:16.223 DEBUG: Saving info: ./results/energies_forces_nacs_run-100_train.txt
2025-10-22 10:40:16.456 DEBUG: Saving info: ./results/energies_forces_nacs_run-100_train.txt
2025-10-22 10:40:16.689 DEBUG: Saving info: ./results/energies_forces_nacs_run-100_train.txt
2025-10-22 10:40:16.922 DEBUG: Saving info: ./results/energies_forces_nacs_run-100_train.txt
2025-10-22 10:40:17.156 DEBUG: Saving info: ./results/energies_forces_nacs_run-100_train.txt
2025-10-22 10:40:17.395 DEBUG: Saving info: ./results/energies_forces_nacs_run-100_train.txt
2025-10-22 10:40:17.628 DEBUG: Saving info: ./results/energies_forces_nacs_run-100_train.txt
2025-10-22 10:40:17.861 DEBUG: Saving info: ./results/energies_forces_nacs_run-100_train.txt
2025-10-22 10:40:18.094 DEBUG: Saving info: ./results/energies_forces_nacs_run-100_train.txt
2025-10-22 10:40:18.328 DEBUG: Saving info: ./results/energies_forces_nacs_run-100_train.txt
2025-10-22 10:40:18.560 DEBUG: Saving info: ./results/energies_forces_nacs_run-100_train.txt
2025-10-22 10:40:18.794 DEBUG: Saving info: ./results/energies_forces_nacs_run-100_train.txt
2025-10-22 10:40:19.028 DEBUG: Saving info: ./results/energies_forces_nacs_run-100_train.txt
2025-10-22 10:40:19.261 DEBUG: Saving info: ./results/energies_forces_nacs_run-100_train.txt
2025-10-22 10:40:19.494 DEBUG: Saving info: ./results/energies_forces_nacs_run-100_train.txt
2025-10-22 10:40:19.728 DEBUG: Saving info: ./results/energies_forces_nacs_run-100_train.txt
2025-10-22 10:40:19.961 DEBUG: Saving info: ./results/energies_forces_nacs_run-100_train.txt
2025-10-22 10:40:20.195 DEBUG: Saving info: ./results/energies_forces_nacs_run-100_train.txt
2025-10-22 10:40:20.428 DEBUG: Saving info: ./results/energies_forces_nacs_run-100_train.txt
2025-10-22 10:40:20.662 DEBUG: Saving info: ./results/energies_forces_nacs_run-100_train.txt
2025-10-22 10:40:20.895 DEBUG: Saving info: ./results/energies_forces_nacs_run-100_train.txt
2025-10-22 10:40:21.129 DEBUG: Saving info: ./results/energies_forces_nacs_run-100_train.txt
2025-10-22 10:40:21.560 DEBUG: Saving info: ./results/energies_forces_nacs_run-100_train.txt
2025-10-22 10:40:21.561 DEBUG: Deleting old checkpoint file: ./checkpoints/energies_forces_nacs_run-100_epoch-2.pt
2025-10-22 10:40:21.562 DEBUG: Saving checkpoint: ./checkpoints/energies_forces_nacs_run-100_epoch-3.pt
2025-10-22 10:40:21.840 DEBUG: Saving info: ./results/energies_forces_nacs_run-100_train.txt
2025-10-22 10:40:22.073 DEBUG: Saving info: ./results/energies_forces_nacs_run-100_train.txt
2025-10-22 10:40:22.307 DEBUG: Saving info: ./results/energies_forces_nacs_run-100_train.txt
2025-10-22 10:40:22.540 DEBUG: Saving info: ./results/energies_forces_nacs_run-100_train.txt
2025-10-22 10:40:22.775 DEBUG: Saving info: ./results/energies_forces_nacs_run-100_train.txt
2025-10-22 10:40:23.008 DEBUG: Saving info: ./results/energies_forces_nacs_run-100_train.txt
2025-10-22 10:40:23.242 DEBUG: Saving info: ./results/energies_forces_nacs_run-100_train.txt
2025-10-22 10:40:23.476 DEBUG: Saving info: ./results/energies_forces_nacs_run-100_train.txt
2025-10-22 10:40:23.709 DEBUG: Saving info: ./results/energies_forces_nacs_run-100_train.txt
2025-10-22 10:40:23.942 DEBUG: Saving info: ./results/energies_forces_nacs_run-100_train.txt
2025-10-22 10:40:24.176 DEBUG: Saving info: ./results/energies_forces_nacs_run-100_train.txt
2025-10-22 10:40:24.409 DEBUG: Saving info: ./results/energies_forces_nacs_run-100_train.txt
2025-10-22 10:40:24.643 DEBUG: Saving info: ./results/energies_forces_nacs_run-100_train.txt
2025-10-22 10:40:24.877 DEBUG: Saving info: ./results/energies_forces_nacs_run-100_train.txt
2025-10-22 10:40:25.111 DEBUG: Saving info: ./results/energies_forces_nacs_run-100_train.txt
2025-10-22 10:40:25.345 DEBUG: Saving info: ./results/energies_forces_nacs_run-100_train.txt
2025-10-22 10:40:25.579 DEBUG: Saving info: ./results/energies_forces_nacs_run-100_train.txt
2025-10-22 10:40:25.812 DEBUG: Saving info: ./results/energies_forces_nacs_run-100_train.txt
2025-10-22 10:40:26.046 DEBUG: Saving info: ./results/energies_forces_nacs_run-100_train.txt
2025-10-22 10:40:26.279 DEBUG: Saving info: ./results/energies_forces_nacs_run-100_train.txt
2025-10-22 10:40:26.512 DEBUG: Saving info: ./results/energies_forces_nacs_run-100_train.txt
2025-10-22 10:40:26.747 DEBUG: Saving info: ./results/energies_forces_nacs_run-100_train.txt
2025-10-22 10:40:26.980 DEBUG: Saving info: ./results/energies_forces_nacs_run-100_train.txt
2025-10-22 10:40:27.213 DEBUG: Saving info: ./results/energies_forces_nacs_run-100_train.txt
2025-10-22 10:40:27.447 DEBUG: Saving info: ./results/energies_forces_nacs_run-100_train.txt
2025-10-22 10:40:27.681 DEBUG: Saving info: ./results/energies_forces_nacs_run-100_train.txt
2025-10-22 10:40:27.914 DEBUG: Saving info: ./results/energies_forces_nacs_run-100_train.txt
2025-10-22 10:40:28.148 DEBUG: Saving info: ./results/energies_forces_nacs_run-100_train.txt
2025-10-22 10:40:28.382 DEBUG: Saving info: ./results/energies_forces_nacs_run-100_train.txt
2025-10-22 10:40:28.616 DEBUG: Saving info: ./results/energies_forces_nacs_run-100_train.txt
2025-10-22 10:40:28.850 DEBUG: Saving info: ./results/energies_forces_nacs_run-100_train.txt
2025-10-22 10:40:29.091 DEBUG: Saving info: ./results/energies_forces_nacs_run-100_train.txt
2025-10-22 10:40:29.325 DEBUG: Saving info: ./results/energies_forces_nacs_run-100_train.txt
2025-10-22 10:40:29.559 DEBUG: Saving info: ./results/energies_forces_nacs_run-100_train.txt
2025-10-22 10:40:29.793 DEBUG: Saving info: ./results/energies_forces_nacs_run-100_train.txt
2025-10-22 10:40:30.028 DEBUG: Saving info: ./results/energies_forces_nacs_run-100_train.txt
2025-10-22 10:40:30.262 DEBUG: Saving info: ./results/energies_forces_nacs_run-100_train.txt
2025-10-22 10:40:30.496 DEBUG: Saving info: ./results/energies_forces_nacs_run-100_train.txt
2025-10-22 10:40:30.730 DEBUG: Saving info: ./results/energies_forces_nacs_run-100_train.txt
2025-10-22 10:40:30.964 DEBUG: Saving info: ./results/energies_forces_nacs_run-100_train.txt
2025-10-22 10:40:31.198 DEBUG: Saving info: ./results/energies_forces_nacs_run-100_train.txt
2025-10-22 10:40:31.432 DEBUG: Saving info: ./results/energies_forces_nacs_run-100_train.txt
2025-10-22 10:40:31.865 DEBUG: Saving info: ./results/energies_forces_nacs_run-100_train.txt
2025-10-22 10:40:31.866 DEBUG: Deleting old checkpoint file: ./checkpoints/energies_forces_nacs_run-100_epoch-3.pt
2025-10-22 10:40:31.867 DEBUG: Saving checkpoint: ./checkpoints/energies_forces_nacs_run-100_epoch-4.pt
2025-10-22 10:40:32.144 DEBUG: Saving info: ./results/energies_forces_nacs_run-100_train.txt
2025-10-22 10:40:32.379 DEBUG: Saving info: ./results/energies_forces_nacs_run-100_train.txt
2025-10-22 10:40:32.612 DEBUG: Saving info: ./results/energies_forces_nacs_run-100_train.txt
2025-10-22 10:40:32.847 DEBUG: Saving info: ./results/energies_forces_nacs_run-100_train.txt
2025-10-22 10:40:33.081 DEBUG: Saving info: ./results/energies_forces_nacs_run-100_train.txt
2025-10-22 10:40:33.315 DEBUG: Saving info: ./results/energies_forces_nacs_run-100_train.txt
2025-10-22 10:40:33.549 DEBUG: Saving info: ./results/energies_forces_nacs_run-100_train.txt
2025-10-22 10:40:33.783 DEBUG: Saving info: ./results/energies_forces_nacs_run-100_train.txt
2025-10-22 10:40:34.018 DEBUG: Saving info: ./results/energies_forces_nacs_run-100_train.txt
2025-10-22 10:40:34.252 DEBUG: Saving info: ./results/energies_forces_nacs_run-100_train.txt
2025-10-22 10:40:34.486 DEBUG: Saving info: ./results/energies_forces_nacs_run-100_train.txt
2025-10-22 10:40:34.721 DEBUG: Saving info: ./results/energies_forces_nacs_run-100_train.txt
2025-10-22 10:40:34.955 DEBUG: Saving info: ./results/energies_forces_nacs_run-100_train.txt
2025-10-22 10:40:35.189 DEBUG: Saving info: ./results/energies_forces_nacs_run-100_train.txt
2025-10-22 10:40:35.424 DEBUG: Saving info: ./results/energies_forces_nacs_run-100_train.txt
2025-10-22 10:40:35.658 DEBUG: Saving info: ./results/energies_forces_nacs_run-100_train.txt
2025-10-22 10:40:35.891 DEBUG: Saving info: ./results/energies_forces_nacs_run-100_train.txt
2025-10-22 10:40:36.125 DEBUG: Saving info: ./results/energies_forces_nacs_run-100_train.txt
2025-10-22 10:40:36.360 DEBUG: Saving info: ./results/energies_forces_nacs_run-100_train.txt
2025-10-22 10:40:36.594 DEBUG: Saving info: ./results/energies_forces_nacs_run-100_train.txt
2025-10-22 10:40:36.828 DEBUG: Saving info: ./results/energies_forces_nacs_run-100_train.txt
2025-10-22 10:40:37.063 DEBUG: Saving info: ./results/energies_forces_nacs_run-100_train.txt
2025-10-22 10:40:37.296 DEBUG: Saving info: ./results/energies_forces_nacs_run-100_train.txt
2025-10-22 10:40:37.530 DEBUG: Saving info: ./results/energies_forces_nacs_run-100_train.txt
2025-10-22 10:40:37.764 DEBUG: Saving info: ./results/energies_forces_nacs_run-100_train.txt
2025-10-22 10:40:37.999 DEBUG: Saving info: ./results/energies_forces_nacs_run-100_train.txt
2025-10-22 10:40:38.234 DEBUG: Saving info: ./results/energies_forces_nacs_run-100_train.txt
2025-10-22 10:40:38.468 DEBUG: Saving info: ./results/energies_forces_nacs_run-100_train.txt
2025-10-22 10:40:38.702 DEBUG: Saving info: ./results/energies_forces_nacs_run-100_train.txt
2025-10-22 10:40:38.936 DEBUG: Saving info: ./results/energies_forces_nacs_run-100_train.txt
2025-10-22 10:40:39.171 DEBUG: Saving info: ./results/energies_forces_nacs_run-100_train.txt
2025-10-22 10:40:39.405 DEBUG: Saving info: ./results/energies_forces_nacs_run-100_train.txt
2025-10-22 10:40:39.640 DEBUG: Saving info: ./results/energies_forces_nacs_run-100_train.txt
2025-10-22 10:40:39.874 DEBUG: Saving info: ./results/energies_forces_nacs_run-100_train.txt
2025-10-22 10:40:40.109 DEBUG: Saving info: ./results/energies_forces_nacs_run-100_train.txt
2025-10-22 10:40:40.343 DEBUG: Saving info: ./results/energies_forces_nacs_run-100_train.txt
2025-10-22 10:40:40.578 DEBUG: Saving info: ./results/energies_forces_nacs_run-100_train.txt
2025-10-22 10:40:40.812 DEBUG: Saving info: ./results/energies_forces_nacs_run-100_train.txt
2025-10-22 10:40:41.047 DEBUG: Saving info: ./results/energies_forces_nacs_run-100_train.txt
2025-10-22 10:40:41.281 DEBUG: Saving info: ./results/energies_forces_nacs_run-100_train.txt
2025-10-22 10:40:41.515 DEBUG: Saving info: ./results/energies_forces_nacs_run-100_train.txt
2025-10-22 10:40:41.750 DEBUG: Saving info: ./results/energies_forces_nacs_run-100_train.txt
2025-10-22 10:40:42.183 DEBUG: Saving info: ./results/energies_forces_nacs_run-100_train.txt
2025-10-22 10:40:42.184 DEBUG: Deleting old checkpoint file: ./checkpoints/energies_forces_nacs_run-100_epoch-4.pt
2025-10-22 10:40:42.185 DEBUG: Saving checkpoint: ./checkpoints/energies_forces_nacs_run-100_epoch-5.pt
2025-10-22 10:40:42.471 DEBUG: Saving info: ./results/energies_forces_nacs_run-100_train.txt
2025-10-22 10:40:42.705 DEBUG: Saving info: ./results/energies_forces_nacs_run-100_train.txt
2025-10-22 10:40:42.939 DEBUG: Saving info: ./results/energies_forces_nacs_run-100_train.txt
2025-10-22 10:40:43.174 DEBUG: Saving info: ./results/energies_forces_nacs_run-100_train.txt
2025-10-22 10:40:43.408 DEBUG: Saving info: ./results/energies_forces_nacs_run-100_train.txt
2025-10-22 10:40:43.642 DEBUG: Saving info: ./results/energies_forces_nacs_run-100_train.txt
2025-10-22 10:40:43.876 DEBUG: Saving info: ./results/energies_forces_nacs_run-100_train.txt
2025-10-22 10:40:44.111 DEBUG: Saving info: ./results/energies_forces_nacs_run-100_train.txt
2025-10-22 10:40:44.345 DEBUG: Saving info: ./results/energies_forces_nacs_run-100_train.txt
2025-10-22 10:40:44.580 DEBUG: Saving info: ./results/energies_forces_nacs_run-100_train.txt
2025-10-22 10:40:44.814 DEBUG: Saving info: ./results/energies_forces_nacs_run-100_train.txt
2025-10-22 10:40:45.048 DEBUG: Saving info: ./results/energies_forces_nacs_run-100_train.txt
2025-10-22 10:40:45.283 DEBUG: Saving info: ./results/energies_forces_nacs_run-100_train.txt
2025-10-22 10:40:45.518 DEBUG: Saving info: ./results/energies_forces_nacs_run-100_train.txt
2025-10-22 10:40:45.752 DEBUG: Saving info: ./results/energies_forces_nacs_run-100_train.txt
2025-10-22 10:40:45.987 DEBUG: Saving info: ./results/energies_forces_nacs_run-100_train.txt
2025-10-22 10:40:46.222 DEBUG: Saving info: ./results/energies_forces_nacs_run-100_train.txt
2025-10-22 10:40:46.456 DEBUG: Saving info: ./results/energies_forces_nacs_run-100_train.txt
2025-10-22 10:40:46.697 DEBUG: Saving info: ./results/energies_forces_nacs_run-100_train.txt
2025-10-22 10:40:46.932 DEBUG: Saving info: ./results/energies_forces_nacs_run-100_train.txt
2025-10-22 10:40:47.167 DEBUG: Saving info: ./results/energies_forces_nacs_run-100_train.txt
2025-10-22 10:40:47.402 DEBUG: Saving info: ./results/energies_forces_nacs_run-100_train.txt
2025-10-22 10:40:47.636 DEBUG: Saving info: ./results/energies_forces_nacs_run-100_train.txt
2025-10-22 10:40:47.870 DEBUG: Saving info: ./results/energies_forces_nacs_run-100_train.txt
2025-10-22 10:40:48.105 DEBUG: Saving info: ./results/energies_forces_nacs_run-100_train.txt
2025-10-22 10:40:48.340 DEBUG: Saving info: ./results/energies_forces_nacs_run-100_train.txt
2025-10-22 10:40:48.574 DEBUG: Saving info: ./results/energies_forces_nacs_run-100_train.txt
2025-10-22 10:40:48.809 DEBUG: Saving info: ./results/energies_forces_nacs_run-100_train.txt
2025-10-22 10:40:49.044 DEBUG: Saving info: ./results/energies_forces_nacs_run-100_train.txt
2025-10-22 10:40:49.279 DEBUG: Saving info: ./results/energies_forces_nacs_run-100_train.txt
2025-10-22 10:40:49.514 DEBUG: Saving info: ./results/energies_forces_nacs_run-100_train.txt
2025-10-22 10:40:49.748 DEBUG: Saving info: ./results/energies_forces_nacs_run-100_train.txt
2025-10-22 10:40:49.983 DEBUG: Saving info: ./results/energies_forces_nacs_run-100_train.txt
2025-10-22 10:40:50.218 DEBUG: Saving info: ./results/energies_forces_nacs_run-100_train.txt
2025-10-22 10:40:50.452 DEBUG: Saving info: ./results/energies_forces_nacs_run-100_train.txt
2025-10-22 10:40:50.686 DEBUG: Saving info: ./results/energies_forces_nacs_run-100_train.txt
2025-10-22 10:40:50.921 DEBUG: Saving info: ./results/energies_forces_nacs_run-100_train.txt
2025-10-22 10:40:51.156 DEBUG: Saving info: ./results/energies_forces_nacs_run-100_train.txt
2025-10-22 10:40:51.390 DEBUG: Saving info: ./results/energies_forces_nacs_run-100_train.txt
2025-10-22 10:40:51.625 DEBUG: Saving info: ./results/energies_forces_nacs_run-100_train.txt
2025-10-22 10:40:51.859 DEBUG: Saving info: ./results/energies_forces_nacs_run-100_train.txt
2025-10-22 10:40:52.094 DEBUG: Saving info: ./results/energies_forces_nacs_run-100_train.txt
2025-10-22 10:40:52.528 DEBUG: Saving info: ./results/energies_forces_nacs_run-100_train.txt
2025-10-22 10:40:52.529 DEBUG: Deleting old checkpoint file: ./checkpoints/energies_forces_nacs_run-100_epoch-5.pt
2025-10-22 10:40:52.530 DEBUG: Saving checkpoint: ./checkpoints/energies_forces_nacs_run-100_epoch-6.pt
2025-10-22 10:40:52.810 DEBUG: Saving info: ./results/energies_forces_nacs_run-100_train.txt
2025-10-22 10:40:53.045 DEBUG: Saving info: ./results/energies_forces_nacs_run-100_train.txt
2025-10-22 10:40:53.280 DEBUG: Saving info: ./results/energies_forces_nacs_run-100_train.txt
2025-10-22 10:40:53.515 DEBUG: Saving info: ./results/energies_forces_nacs_run-100_train.txt
2025-10-22 10:40:53.750 DEBUG: Saving info: ./results/energies_forces_nacs_run-100_train.txt
2025-10-22 10:40:53.984 DEBUG: Saving info: ./results/energies_forces_nacs_run-100_train.txt
2025-10-22 10:40:54.219 DEBUG: Saving info: ./results/energies_forces_nacs_run-100_train.txt
2025-10-22 10:40:54.454 DEBUG: Saving info: ./results/energies_forces_nacs_run-100_train.txt
2025-10-22 10:40:54.688 DEBUG: Saving info: ./results/energies_forces_nacs_run-100_train.txt
2025-10-22 10:40:54.923 DEBUG: Saving info: ./results/energies_forces_nacs_run-100_train.txt
2025-10-22 10:40:55.159 DEBUG: Saving info: ./results/energies_forces_nacs_run-100_train.txt
2025-10-22 10:40:55.393 DEBUG: Saving info: ./results/energies_forces_nacs_run-100_train.txt
2025-10-22 10:40:55.628 DEBUG: Saving info: ./results/energies_forces_nacs_run-100_train.txt
2025-10-22 10:40:55.862 DEBUG: Saving info: ./results/energies_forces_nacs_run-100_train.txt
2025-10-22 10:40:56.098 DEBUG: Saving info: ./results/energies_forces_nacs_run-100_train.txt
2025-10-22 10:40:56.332 DEBUG: Saving info: ./results/energies_forces_nacs_run-100_train.txt
2025-10-22 10:40:56.567 DEBUG: Saving info: ./results/energies_forces_nacs_run-100_train.txt
2025-10-22 10:40:56.803 DEBUG: Saving info: ./results/energies_forces_nacs_run-100_train.txt
2025-10-22 10:40:57.038 DEBUG: Saving info: ./results/energies_forces_nacs_run-100_train.txt
2025-10-22 10:40:57.273 DEBUG: Saving info: ./results/energies_forces_nacs_run-100_train.txt
2025-10-22 10:40:57.507 DEBUG: Saving info: ./results/energies_forces_nacs_run-100_train.txt
2025-10-22 10:40:57.743 DEBUG: Saving info: ./results/energies_forces_nacs_run-100_train.txt
2025-10-22 10:40:57.978 DEBUG: Saving info: ./results/energies_forces_nacs_run-100_train.txt
2025-10-22 10:40:58.213 DEBUG: Saving info: ./results/energies_forces_nacs_run-100_train.txt
2025-10-22 10:40:58.448 DEBUG: Saving info: ./results/energies_forces_nacs_run-100_train.txt
2025-10-22 10:40:58.683 DEBUG: Saving info: ./results/energies_forces_nacs_run-100_train.txt
2025-10-22 10:40:58.919 DEBUG: Saving info: ./results/energies_forces_nacs_run-100_train.txt
2025-10-22 10:40:59.154 DEBUG: Saving info: ./results/energies_forces_nacs_run-100_train.txt
2025-10-22 10:40:59.390 DEBUG: Saving info: ./results/energies_forces_nacs_run-100_train.txt
2025-10-22 10:40:59.627 DEBUG: Saving info: ./results/energies_forces_nacs_run-100_train.txt
2025-10-22 10:40:59.863 DEBUG: Saving info: ./results/energies_forces_nacs_run-100_train.txt
2025-10-22 10:41:00.099 DEBUG: Saving info: ./results/energies_forces_nacs_run-100_train.txt
2025-10-22 10:41:00.334 DEBUG: Saving info: ./results/energies_forces_nacs_run-100_train.txt
2025-10-22 10:41:00.569 DEBUG: Saving info: ./results/energies_forces_nacs_run-100_train.txt
2025-10-22 10:41:00.804 DEBUG: Saving info: ./results/energies_forces_nacs_run-100_train.txt
2025-10-22 10:41:01.040 DEBUG: Saving info: ./results/energies_forces_nacs_run-100_train.txt
2025-10-22 10:41:01.276 DEBUG: Saving info: ./results/energies_forces_nacs_run-100_train.txt
2025-10-22 10:41:01.511 DEBUG: Saving info: ./results/energies_forces_nacs_run-100_train.txt
2025-10-22 10:41:01.746 DEBUG: Saving info: ./results/energies_forces_nacs_run-100_train.txt
2025-10-22 10:41:01.982 DEBUG: Saving info: ./results/energies_forces_nacs_run-100_train.txt
2025-10-22 10:41:02.217 DEBUG: Saving info: ./results/energies_forces_nacs_run-100_train.txt
2025-10-22 10:41:02.452 DEBUG: Saving info: ./results/energies_forces_nacs_run-100_train.txt
2025-10-22 10:41:02.887 DEBUG: Saving info: ./results/energies_forces_nacs_run-100_train.txt
2025-10-22 10:41:02.888 DEBUG: Deleting old checkpoint file: ./checkpoints/energies_forces_nacs_run-100_epoch-6.pt
2025-10-22 10:41:02.889 DEBUG: Saving checkpoint: ./checkpoints/energies_forces_nacs_run-100_epoch-7.pt
2025-10-22 10:41:03.170 DEBUG: Saving info: ./results/energies_forces_nacs_run-100_train.txt
2025-10-22 10:41:03.405 DEBUG: Saving info: ./results/energies_forces_nacs_run-100_train.txt
2025-10-22 10:41:03.640 DEBUG: Saving info: ./results/energies_forces_nacs_run-100_train.txt
2025-10-22 10:41:03.875 DEBUG: Saving info: ./results/energies_forces_nacs_run-100_train.txt
2025-10-22 10:41:04.110 DEBUG: Saving info: ./results/energies_forces_nacs_run-100_train.txt
2025-10-22 10:41:04.346 DEBUG: Saving info: ./results/energies_forces_nacs_run-100_train.txt
2025-10-22 10:41:04.582 DEBUG: Saving info: ./results/energies_forces_nacs_run-100_train.txt
2025-10-22 10:41:04.818 DEBUG: Saving info: ./results/energies_forces_nacs_run-100_train.txt
2025-10-22 10:41:05.054 DEBUG: Saving info: ./results/energies_forces_nacs_run-100_train.txt
2025-10-22 10:41:05.289 DEBUG: Saving info: ./results/energies_forces_nacs_run-100_train.txt
2025-10-22 10:41:05.524 DEBUG: Saving info: ./results/energies_forces_nacs_run-100_train.txt
2025-10-22 10:41:05.760 DEBUG: Saving info: ./results/energies_forces_nacs_run-100_train.txt
2025-10-22 10:41:05.995 DEBUG: Saving info: ./results/energies_forces_nacs_run-100_train.txt
2025-10-22 10:41:06.231 DEBUG: Saving info: ./results/energies_forces_nacs_run-100_train.txt
2025-10-22 10:41:06.466 DEBUG: Saving info: ./results/energies_forces_nacs_run-100_train.txt
2025-10-22 10:41:06.702 DEBUG: Saving info: ./results/energies_forces_nacs_run-100_train.txt
2025-10-22 10:41:06.938 DEBUG: Saving info: ./results/energies_forces_nacs_run-100_train.txt
2025-10-22 10:41:07.174 DEBUG: Saving info: ./results/energies_forces_nacs_run-100_train.txt
2025-10-22 10:41:07.410 DEBUG: Saving info: ./results/energies_forces_nacs_run-100_train.txt
2025-10-22 10:41:07.646 DEBUG: Saving info: ./results/energies_forces_nacs_run-100_train.txt
2025-10-22 10:41:07.881 DEBUG: Saving info: ./results/energies_forces_nacs_run-100_train.txt
2025-10-22 10:41:08.117 DEBUG: Saving info: ./results/energies_forces_nacs_run-100_train.txt
2025-10-22 10:41:08.353 DEBUG: Saving info: ./results/energies_forces_nacs_run-100_train.txt
2025-10-22 10:41:08.588 DEBUG: Saving info: ./results/energies_forces_nacs_run-100_train.txt
2025-10-22 10:41:08.824 DEBUG: Saving info: ./results/energies_forces_nacs_run-100_train.txt
2025-10-22 10:41:09.060 DEBUG: Saving info: ./results/energies_forces_nacs_run-100_train.txt
2025-10-22 10:41:09.296 DEBUG: Saving info: ./results/energies_forces_nacs_run-100_train.txt
2025-10-22 10:41:09.532 DEBUG: Saving info: ./results/energies_forces_nacs_run-100_train.txt
2025-10-22 10:41:09.768 DEBUG: Saving info: ./results/energies_forces_nacs_run-100_train.txt
2025-10-22 10:41:10.004 DEBUG: Saving info: ./results/energies_forces_nacs_run-100_train.txt
2025-10-22 10:41:10.240 DEBUG: Saving info: ./results/energies_forces_nacs_run-100_train.txt
2025-10-22 10:41:10.476 DEBUG: Saving info: ./results/energies_forces_nacs_run-100_train.txt
2025-10-22 10:41:10.711 DEBUG: Saving info: ./results/energies_forces_nacs_run-100_train.txt
2025-10-22 10:41:10.947 DEBUG: Saving info: ./results/energies_forces_nacs_run-100_train.txt
2025-10-22 10:41:11.183 DEBUG: Saving info: ./results/energies_forces_nacs_run-100_train.txt
2025-10-22 10:41:11.419 DEBUG: Saving info: ./results/energies_forces_nacs_run-100_train.txt
2025-10-22 10:41:11.655 DEBUG: Saving info: ./results/energies_forces_nacs_run-100_train.txt
2025-10-22 10:41:11.891 DEBUG: Saving info: ./results/energies_forces_nacs_run-100_train.txt
2025-10-22 10:41:12.127 DEBUG: Saving info: ./results/energies_forces_nacs_run-100_train.txt
2025-10-22 10:41:12.366 DEBUG: Saving info: ./results/energies_forces_nacs_run-100_train.txt
2025-10-22 10:41:12.611 DEBUG: Saving info: ./results/energies_forces_nacs_run-100_train.txt
2025-10-22 10:41:12.847 DEBUG: Saving info: ./results/energies_forces_nacs_run-100_train.txt
2025-10-22 10:41:13.294 DEBUG: Saving info: ./results/energies_forces_nacs_run-100_train.txt
2025-10-22 10:41:13.295 DEBUG: Deleting old checkpoint file: ./checkpoints/energies_forces_nacs_run-100_epoch-7.pt
2025-10-22 10:41:13.297 DEBUG: Saving checkpoint: ./checkpoints/energies_forces_nacs_run-100_epoch-8.pt
2025-10-22 10:41:13.578 DEBUG: Saving info: ./results/energies_forces_nacs_run-100_train.txt
2025-10-22 10:41:13.814 DEBUG: Saving info: ./results/energies_forces_nacs_run-100_train.txt
2025-10-22 10:41:14.049 DEBUG: Saving info: ./results/energies_forces_nacs_run-100_train.txt
2025-10-22 10:41:14.290 DEBUG: Saving info: ./results/energies_forces_nacs_run-100_train.txt
2025-10-22 10:41:14.537 DEBUG: Saving info: ./results/energies_forces_nacs_run-100_train.txt
2025-10-22 10:41:14.784 DEBUG: Saving info: ./results/energies_forces_nacs_run-100_train.txt
2025-10-22 10:41:15.020 DEBUG: Saving info: ./results/energies_forces_nacs_run-100_train.txt
2025-10-22 10:41:15.260 DEBUG: Saving info: ./results/energies_forces_nacs_run-100_train.txt
2025-10-22 10:41:15.504 DEBUG: Saving info: ./results/energies_forces_nacs_run-100_train.txt
2025-10-22 10:41:15.744 DEBUG: Saving info: ./results/energies_forces_nacs_run-100_train.txt
2025-10-22 10:41:15.983 DEBUG: Saving info: ./results/energies_forces_nacs_run-100_train.txt
2025-10-22 10:41:16.226 DEBUG: Saving info: ./results/energies_forces_nacs_run-100_train.txt
2025-10-22 10:41:16.465 DEBUG: Saving info: ./results/energies_forces_nacs_run-100_train.txt
2025-10-22 10:41:16.709 DEBUG: Saving info: ./results/energies_forces_nacs_run-100_train.txt
2025-10-22 10:41:16.948 DEBUG: Saving info: ./results/energies_forces_nacs_run-100_train.txt
2025-10-22 10:41:17.192 DEBUG: Saving info: ./results/energies_forces_nacs_run-100_train.txt
2025-10-22 10:41:17.434 DEBUG: Saving info: ./results/energies_forces_nacs_run-100_train.txt
2025-10-22 10:41:17.678 DEBUG: Saving info: ./results/energies_forces_nacs_run-100_train.txt
2025-10-22 10:41:17.918 DEBUG: Saving info: ./results/energies_forces_nacs_run-100_train.txt
2025-10-22 10:41:18.161 DEBUG: Saving info: ./results/energies_forces_nacs_run-100_train.txt
2025-10-22 10:41:18.404 DEBUG: Saving info: ./results/energies_forces_nacs_run-100_train.txt
2025-10-22 10:41:18.645 DEBUG: Saving info: ./results/energies_forces_nacs_run-100_train.txt
2025-10-22 10:41:18.885 DEBUG: Saving info: ./results/energies_forces_nacs_run-100_train.txt
2025-10-22 10:41:19.124 DEBUG: Saving info: ./results/energies_forces_nacs_run-100_train.txt
2025-10-22 10:41:19.368 DEBUG: Saving info: ./results/energies_forces_nacs_run-100_train.txt
2025-10-22 10:41:19.619 DEBUG: Saving info: ./results/energies_forces_nacs_run-100_train.txt
2025-10-22 10:41:19.859 DEBUG: Saving info: ./results/energies_forces_nacs_run-100_train.txt
2025-10-22 10:41:20.097 DEBUG: Saving info: ./results/energies_forces_nacs_run-100_train.txt
2025-10-22 10:41:20.344 DEBUG: Saving info: ./results/energies_forces_nacs_run-100_train.txt
2025-10-22 10:41:20.589 DEBUG: Saving info: ./results/energies_forces_nacs_run-100_train.txt
2025-10-22 10:41:20.828 DEBUG: Saving info: ./results/energies_forces_nacs_run-100_train.txt
2025-10-22 10:41:21.074 DEBUG: Saving info: ./results/energies_forces_nacs_run-100_train.txt
2025-10-22 10:41:21.313 DEBUG: Saving info: ./results/energies_forces_nacs_run-100_train.txt
2025-10-22 10:41:21.558 DEBUG: Saving info: ./results/energies_forces_nacs_run-100_train.txt
2025-10-22 10:41:21.805 DEBUG: Saving info: ./results/energies_forces_nacs_run-100_train.txt
2025-10-22 10:41:22.048 DEBUG: Saving info: ./results/energies_forces_nacs_run-100_train.txt
2025-10-22 10:41:22.287 DEBUG: Saving info: ./results/energies_forces_nacs_run-100_train.txt
2025-10-22 10:41:22.525 DEBUG: Saving info: ./results/energies_forces_nacs_run-100_train.txt
2025-10-22 10:41:22.767 DEBUG: Saving info: ./results/energies_forces_nacs_run-100_train.txt
2025-10-22 10:41:23.012 DEBUG: Saving info: ./results/energies_forces_nacs_run-100_train.txt
2025-10-22 10:41:23.252 DEBUG: Saving info: ./results/energies_forces_nacs_run-100_train.txt
2025-10-22 10:41:23.500 DEBUG: Saving info: ./results/energies_forces_nacs_run-100_train.txt
2025-10-22 10:41:23.951 DEBUG: Saving info: ./results/energies_forces_nacs_run-100_train.txt
2025-10-22 10:41:23.951 DEBUG: Deleting old checkpoint file: ./checkpoints/energies_forces_nacs_run-100_epoch-8.pt
2025-10-22 10:41:23.953 DEBUG: Saving checkpoint: ./checkpoints/energies_forces_nacs_run-100_epoch-9.pt
2025-10-22 10:41:24.237 DEBUG: Saving info: ./results/energies_forces_nacs_run-100_train.txt
2025-10-22 10:41:24.485 DEBUG: Saving info: ./results/energies_forces_nacs_run-100_train.txt
2025-10-22 10:41:24.734 DEBUG: Saving info: ./results/energies_forces_nacs_run-100_train.txt
2025-10-22 10:41:24.983 DEBUG: Saving info: ./results/energies_forces_nacs_run-100_train.txt
2025-10-22 10:41:25.233 DEBUG: Saving info: ./results/energies_forces_nacs_run-100_train.txt
2025-10-22 10:41:25.474 DEBUG: Saving info: ./results/energies_forces_nacs_run-100_train.txt
2025-10-22 10:41:25.719 DEBUG: Saving info: ./results/energies_forces_nacs_run-100_train.txt
2025-10-22 10:41:25.961 DEBUG: Saving info: ./results/energies_forces_nacs_run-100_train.txt
2025-10-22 10:41:26.210 DEBUG: Saving info: ./results/energies_forces_nacs_run-100_train.txt
2025-10-22 10:41:26.455 DEBUG: Saving info: ./results/energies_forces_nacs_run-100_train.txt
2025-10-22 10:41:26.706 DEBUG: Saving info: ./results/energies_forces_nacs_run-100_train.txt
2025-10-22 10:41:26.958 DEBUG: Saving info: ./results/energies_forces_nacs_run-100_train.txt
2025-10-22 10:41:27.208 DEBUG: Saving info: ./results/energies_forces_nacs_run-100_train.txt
2025-10-22 10:41:27.458 DEBUG: Saving info: ./results/energies_forces_nacs_run-100_train.txt
2025-10-22 10:41:27.706 DEBUG: Saving info: ./results/energies_forces_nacs_run-100_train.txt
2025-10-22 10:41:27.945 DEBUG: Saving info: ./results/energies_forces_nacs_run-100_train.txt
2025-10-22 10:41:28.194 DEBUG: Saving info: ./results/energies_forces_nacs_run-100_train.txt
2025-10-22 10:41:28.444 DEBUG: Saving info: ./results/energies_forces_nacs_run-100_train.txt
2025-10-22 10:41:28.695 DEBUG: Saving info: ./results/energies_forces_nacs_run-100_train.txt
2025-10-22 10:41:28.946 DEBUG: Saving info: ./results/energies_forces_nacs_run-100_train.txt
2025-10-22 10:41:29.191 DEBUG: Saving info: ./results/energies_forces_nacs_run-100_train.txt
2025-10-22 10:41:29.436 DEBUG: Saving info: ./results/energies_forces_nacs_run-100_train.txt
2025-10-22 10:41:29.686 DEBUG: Saving info: ./results/energies_forces_nacs_run-100_train.txt
2025-10-22 10:41:29.934 DEBUG: Saving info: ./results/energies_forces_nacs_run-100_train.txt
2025-10-22 10:41:30.172 DEBUG: Saving info: ./results/energies_forces_nacs_run-100_train.txt
2025-10-22 10:41:30.420 DEBUG: Saving info: ./results/energies_forces_nacs_run-100_train.txt
2025-10-22 10:41:30.671 DEBUG: Saving info: ./results/energies_forces_nacs_run-100_train.txt
2025-10-22 10:41:30.921 DEBUG: Saving info: ./results/energies_forces_nacs_run-100_train.txt
2025-10-22 10:41:31.172 DEBUG: Saving info: ./results/energies_forces_nacs_run-100_train.txt
2025-10-22 10:41:31.423 DEBUG: Saving info: ./results/energies_forces_nacs_run-100_train.txt
2025-10-22 10:41:31.674 DEBUG: Saving info: ./results/energies_forces_nacs_run-100_train.txt
2025-10-22 10:41:31.926 DEBUG: Saving info: ./results/energies_forces_nacs_run-100_train.txt
2025-10-22 10:41:32.174 DEBUG: Saving info: ./results/energies_forces_nacs_run-100_train.txt
2025-10-22 10:41:32.427 DEBUG: Saving info: ./results/energies_forces_nacs_run-100_train.txt
2025-10-22 10:41:32.666 DEBUG: Saving info: ./results/energies_forces_nacs_run-100_train.txt
2025-10-22 10:41:32.916 DEBUG: Saving info: ./results/energies_forces_nacs_run-100_train.txt
2025-10-22 10:41:33.166 DEBUG: Saving info: ./results/energies_forces_nacs_run-100_train.txt
2025-10-22 10:41:33.414 DEBUG: Saving info: ./results/energies_forces_nacs_run-100_train.txt
2025-10-22 10:41:33.665 DEBUG: Saving info: ./results/energies_forces_nacs_run-100_train.txt
2025-10-22 10:41:33.916 DEBUG: Saving info: ./results/energies_forces_nacs_run-100_train.txt
2025-10-22 10:41:34.167 DEBUG: Saving info: ./results/energies_forces_nacs_run-100_train.txt
2025-10-22 10:41:34.415 DEBUG: Saving info: ./results/energies_forces_nacs_run-100_train.txt
2025-10-22 10:41:34.870 DEBUG: Saving info: ./results/energies_forces_nacs_run-100_train.txt
2025-10-22 10:41:34.871 DEBUG: Deleting old checkpoint file: ./checkpoints/energies_forces_nacs_run-100_epoch-9.pt
2025-10-22 10:41:34.872 DEBUG: Saving checkpoint: ./checkpoints/energies_forces_nacs_run-100_epoch-10.pt
2025-10-22 10:41:35.166 DEBUG: Saving info: ./results/energies_forces_nacs_run-100_train.txt
2025-10-22 10:41:35.417 DEBUG: Saving info: ./results/energies_forces_nacs_run-100_train.txt
2025-10-22 10:41:35.668 DEBUG: Saving info: ./results/energies_forces_nacs_run-100_train.txt
2025-10-22 10:41:35.919 DEBUG: Saving info: ./results/energies_forces_nacs_run-100_train.txt
2025-10-22 10:41:36.171 DEBUG: Saving info: ./results/energies_forces_nacs_run-100_train.txt
2025-10-22 10:41:36.421 DEBUG: Saving info: ./results/energies_forces_nacs_run-100_train.txt
2025-10-22 10:41:36.667 DEBUG: Saving info: ./results/energies_forces_nacs_run-100_train.txt
2025-10-22 10:41:36.913 DEBUG: Saving info: ./results/energies_forces_nacs_run-100_train.txt
2025-10-22 10:41:37.165 DEBUG: Saving info: ./results/energies_forces_nacs_run-100_train.txt
2025-10-22 10:41:37.416 DEBUG: Saving info: ./results/energies_forces_nacs_run-100_train.txt
2025-10-22 10:41:37.666 DEBUG: Saving info: ./results/energies_forces_nacs_run-100_train.txt
2025-10-22 10:41:37.917 DEBUG: Saving info: ./results/energies_forces_nacs_run-100_train.txt
2025-10-22 10:41:38.169 DEBUG: Saving info: ./results/energies_forces_nacs_run-100_train.txt
2025-10-22 10:41:38.420 DEBUG: Saving info: ./results/energies_forces_nacs_run-100_train.txt
2025-10-22 10:41:38.670 DEBUG: Saving info: ./results/energies_forces_nacs_run-100_train.txt
2025-10-22 10:41:38.920 DEBUG: Saving info: ./results/energies_forces_nacs_run-100_train.txt
2025-10-22 10:41:39.169 DEBUG: Saving info: ./results/energies_forces_nacs_run-100_train.txt
2025-10-22 10:41:39.420 DEBUG: Saving info: ./results/energies_forces_nacs_run-100_train.txt
2025-10-22 10:41:39.671 DEBUG: Saving info: ./results/energies_forces_nacs_run-100_train.txt
2025-10-22 10:41:39.923 DEBUG: Saving info: ./results/energies_forces_nacs_run-100_train.txt
2025-10-22 10:41:40.173 DEBUG: Saving info: ./results/energies_forces_nacs_run-100_train.txt
2025-10-22 10:41:40.425 DEBUG: Saving info: ./results/energies_forces_nacs_run-100_train.txt
2025-10-22 10:41:40.676 DEBUG: Saving info: ./results/energies_forces_nacs_run-100_train.txt
2025-10-22 10:41:40.926 DEBUG: Saving info: ./results/energies_forces_nacs_run-100_train.txt
2025-10-22 10:41:41.175 DEBUG: Saving info: ./results/energies_forces_nacs_run-100_train.txt
2025-10-22 10:41:41.418 DEBUG: Saving info: ./results/energies_forces_nacs_run-100_train.txt
2025-10-22 10:41:41.669 DEBUG: Saving info: ./results/energies_forces_nacs_run-100_train.txt
2025-10-22 10:41:41.919 DEBUG: Saving info: ./results/energies_forces_nacs_run-100_train.txt
2025-10-22 10:41:42.169 DEBUG: Saving info: ./results/energies_forces_nacs_run-100_train.txt
2025-10-22 10:41:42.420 DEBUG: Saving info: ./results/energies_forces_nacs_run-100_train.txt
2025-10-22 10:41:42.668 DEBUG: Saving info: ./results/energies_forces_nacs_run-100_train.txt
2025-10-22 10:41:42.919 DEBUG: Saving info: ./results/energies_forces_nacs_run-100_train.txt
2025-10-22 10:41:43.169 DEBUG: Saving info: ./results/energies_forces_nacs_run-100_train.txt
2025-10-22 10:41:43.419 DEBUG: Saving info: ./results/energies_forces_nacs_run-100_train.txt
2025-10-22 10:41:43.669 DEBUG: Saving info: ./results/energies_forces_nacs_run-100_train.txt
2025-10-22 10:41:43.920 DEBUG: Saving info: ./results/energies_forces_nacs_run-100_train.txt
2025-10-22 10:41:44.172 DEBUG: Saving info: ./results/energies_forces_nacs_run-100_train.txt
2025-10-22 10:41:44.422 DEBUG: Saving info: ./results/energies_forces_nacs_run-100_train.txt
2025-10-22 10:41:44.670 DEBUG: Saving info: ./results/energies_forces_nacs_run-100_train.txt
2025-10-22 10:41:44.921 DEBUG: Saving info: ./results/energies_forces_nacs_run-100_train.txt
2025-10-22 10:41:45.172 DEBUG: Saving info: ./results/energies_forces_nacs_run-100_train.txt
2025-10-22 10:41:45.424 DEBUG: Saving info: ./results/energies_forces_nacs_run-100_train.txt
2025-10-22 10:41:45.892 DEBUG: Saving info: ./results/energies_forces_nacs_run-100_train.txt
2025-10-22 10:41:45.893 DEBUG: Deleting old checkpoint file: ./checkpoints/energies_forces_nacs_run-100_epoch-10.pt
2025-10-22 10:41:45.894 DEBUG: Saving checkpoint: ./checkpoints/energies_forces_nacs_run-100_epoch-11.pt
2025-10-22 10:41:46.187 DEBUG: Saving info: ./results/energies_forces_nacs_run-100_train.txt
2025-10-22 10:41:46.438 DEBUG: Saving info: ./results/energies_forces_nacs_run-100_train.txt
2025-10-22 10:41:46.687 DEBUG: Saving info: ./results/energies_forces_nacs_run-100_train.txt
2025-10-22 10:41:46.934 DEBUG: Saving info: ./results/energies_forces_nacs_run-100_train.txt
2025-10-22 10:41:47.178 DEBUG: Saving info: ./results/energies_forces_nacs_run-100_train.txt
2025-10-22 10:41:47.429 DEBUG: Saving info: ./results/energies_forces_nacs_run-100_train.txt
2025-10-22 10:41:47.679 DEBUG: Saving info: ./results/energies_forces_nacs_run-100_train.txt
2025-10-22 10:41:47.928 DEBUG: Saving info: ./results/energies_forces_nacs_run-100_train.txt
2025-10-22 10:41:48.169 DEBUG: Saving info: ./results/energies_forces_nacs_run-100_train.txt
2025-10-22 10:41:48.420 DEBUG: Saving info: ./results/energies_forces_nacs_run-100_train.txt
2025-10-22 10:41:48.671 DEBUG: Saving info: ./results/energies_forces_nacs_run-100_train.txt
2025-10-22 10:41:48.922 DEBUG: Saving info: ./results/energies_forces_nacs_run-100_train.txt
2025-10-22 10:41:49.171 DEBUG: Saving info: ./results/energies_forces_nacs_run-100_train.txt
2025-10-22 10:41:49.422 DEBUG: Saving info: ./results/energies_forces_nacs_run-100_train.txt
2025-10-22 10:41:49.673 DEBUG: Saving info: ./results/energies_forces_nacs_run-100_train.txt
2025-10-22 10:41:49.923 DEBUG: Saving info: ./results/energies_forces_nacs_run-100_train.txt
2025-10-22 10:41:50.171 DEBUG: Saving info: ./results/energies_forces_nacs_run-100_train.txt
2025-10-22 10:41:50.423 DEBUG: Saving info: ./results/energies_forces_nacs_run-100_train.txt
2025-10-22 10:41:50.674 DEBUG: Saving info: ./results/energies_forces_nacs_run-100_train.txt
2025-10-22 10:41:50.925 DEBUG: Saving info: ./results/energies_forces_nacs_run-100_train.txt
2025-10-22 10:41:51.175 DEBUG: Saving info: ./results/energies_forces_nacs_run-100_train.txt
2025-10-22 10:41:51.421 DEBUG: Saving info: ./results/energies_forces_nacs_run-100_train.txt
2025-10-22 10:41:51.666 DEBUG: Saving info: ./results/energies_forces_nacs_run-100_train.txt
2025-10-22 10:41:51.916 DEBUG: Saving info: ./results/energies_forces_nacs_run-100_train.txt
2025-10-22 10:41:52.167 DEBUG: Saving info: ./results/energies_forces_nacs_run-100_train.txt
2025-10-22 10:41:52.419 DEBUG: Saving info: ./results/energies_forces_nacs_run-100_train.txt
2025-10-22 10:41:52.670 DEBUG: Saving info: ./results/energies_forces_nacs_run-100_train.txt
2025-10-22 10:41:52.920 DEBUG: Saving info: ./results/energies_forces_nacs_run-100_train.txt
2025-10-22 10:41:53.171 DEBUG: Saving info: ./results/energies_forces_nacs_run-100_train.txt
2025-10-22 10:41:53.421 DEBUG: Saving info: ./results/energies_forces_nacs_run-100_train.txt
2025-10-22 10:41:53.672 DEBUG: Saving info: ./results/energies_forces_nacs_run-100_train.txt
2025-10-22 10:41:53.921 DEBUG: Saving info: ./results/energies_forces_nacs_run-100_train.txt
2025-10-22 10:41:54.172 DEBUG: Saving info: ./results/energies_forces_nacs_run-100_train.txt
2025-10-22 10:41:54.422 DEBUG: Saving info: ./results/energies_forces_nacs_run-100_train.txt
2025-10-22 10:41:54.672 DEBUG: Saving info: ./results/energies_forces_nacs_run-100_train.txt
2025-10-22 10:41:54.923 DEBUG: Saving info: ./results/energies_forces_nacs_run-100_train.txt
2025-10-22 10:41:55.175 DEBUG: Saving info: ./results/energies_forces_nacs_run-100_train.txt
2025-10-22 10:41:55.425 DEBUG: Saving info: ./results/energies_forces_nacs_run-100_train.txt
2025-10-22 10:41:55.675 DEBUG: Saving info: ./results/energies_forces_nacs_run-100_train.txt
2025-10-22 10:41:55.920 DEBUG: Saving info: ./results/energies_forces_nacs_run-100_train.txt
2025-10-22 10:41:56.164 DEBUG: Saving info: ./results/energies_forces_nacs_run-100_train.txt
2025-10-22 10:41:56.416 DEBUG: Saving info: ./results/energies_forces_nacs_run-100_train.txt
2025-10-22 10:41:56.883 DEBUG: Saving info: ./results/energies_forces_nacs_run-100_train.txt
2025-10-22 10:41:56.884 DEBUG: Deleting old checkpoint file: ./checkpoints/energies_forces_nacs_run-100_epoch-11.pt
2025-10-22 10:41:56.886 DEBUG: Saving checkpoint: ./checkpoints/energies_forces_nacs_run-100_epoch-12.pt
2025-10-22 10:41:57.170 DEBUG: Saving info: ./results/energies_forces_nacs_run-100_train.txt
2025-10-22 10:41:57.415 DEBUG: Saving info: ./results/energies_forces_nacs_run-100_train.txt
2025-10-22 10:41:57.666 DEBUG: Saving info: ./results/energies_forces_nacs_run-100_train.txt
2025-10-22 10:41:57.917 DEBUG: Saving info: ./results/energies_forces_nacs_run-100_train.txt
2025-10-22 10:41:58.167 DEBUG: Saving info: ./results/energies_forces_nacs_run-100_train.txt
2025-10-22 10:41:58.409 DEBUG: Saving info: ./results/energies_forces_nacs_run-100_train.txt
2025-10-22 10:41:58.660 DEBUG: Saving info: ./results/energies_forces_nacs_run-100_train.txt
2025-10-22 10:41:58.909 DEBUG: Saving info: ./results/energies_forces_nacs_run-100_train.txt
2025-10-22 10:41:59.160 DEBUG: Saving info: ./results/energies_forces_nacs_run-100_train.txt
2025-10-22 10:41:59.411 DEBUG: Saving info: ./results/energies_forces_nacs_run-100_train.txt
2025-10-22 10:41:59.662 DEBUG: Saving info: ./results/energies_forces_nacs_run-100_train.txt
2025-10-22 10:41:59.913 DEBUG: Saving info: ./results/energies_forces_nacs_run-100_train.txt
2025-10-22 10:42:00.163 DEBUG: Saving info: ./results/energies_forces_nacs_run-100_train.txt
2025-10-22 10:42:00.414 DEBUG: Saving info: ./results/energies_forces_nacs_run-100_train.txt
2025-10-22 10:42:00.665 DEBUG: Saving info: ./results/energies_forces_nacs_run-100_train.txt
2025-10-22 10:42:00.917 DEBUG: Saving info: ./results/energies_forces_nacs_run-100_train.txt
2025-10-22 10:42:01.168 DEBUG: Saving info: ./results/energies_forces_nacs_run-100_train.txt
2025-10-22 10:42:01.418 DEBUG: Saving info: ./results/energies_forces_nacs_run-100_train.txt
2025-10-22 10:42:01.669 DEBUG: Saving info: ./results/energies_forces_nacs_run-100_train.txt
2025-10-22 10:42:01.920 DEBUG: Saving info: ./results/energies_forces_nacs_run-100_train.txt
2025-10-22 10:42:02.179 DEBUG: Saving info: ./results/energies_forces_nacs_run-100_train.txt
2025-10-22 10:42:02.430 DEBUG: Saving info: ./results/energies_forces_nacs_run-100_train.txt
2025-10-22 10:42:02.678 DEBUG: Saving info: ./results/energies_forces_nacs_run-100_train.txt
2025-10-22 10:42:02.927 DEBUG: Saving info: ./results/energies_forces_nacs_run-100_train.txt
2025-10-22 10:42:03.178 DEBUG: Saving info: ./results/energies_forces_nacs_run-100_train.txt
2025-10-22 10:42:03.429 DEBUG: Saving info: ./results/energies_forces_nacs_run-100_train.txt
2025-10-22 10:42:03.680 DEBUG: Saving info: ./results/energies_forces_nacs_run-100_train.txt
2025-10-22 10:42:03.930 DEBUG: Saving info: ./results/energies_forces_nacs_run-100_train.txt
2025-10-22 10:42:04.182 DEBUG: Saving info: ./results/energies_forces_nacs_run-100_train.txt
2025-10-22 10:42:04.432 DEBUG: Saving info: ./results/energies_forces_nacs_run-100_train.txt
2025-10-22 10:42:04.683 DEBUG: Saving info: ./results/energies_forces_nacs_run-100_train.txt
2025-10-22 10:42:04.933 DEBUG: Saving info: ./results/energies_forces_nacs_run-100_train.txt
2025-10-22 10:42:05.182 DEBUG: Saving info: ./results/energies_forces_nacs_run-100_train.txt
2025-10-22 10:42:05.433 DEBUG: Saving info: ./results/energies_forces_nacs_run-100_train.txt
2025-10-22 10:42:05.684 DEBUG: Saving info: ./results/energies_forces_nacs_run-100_train.txt
2025-10-22 10:42:05.935 DEBUG: Saving info: ./results/energies_forces_nacs_run-100_train.txt
2025-10-22 10:42:06.184 DEBUG: Saving info: ./results/energies_forces_nacs_run-100_train.txt
2025-10-22 10:42:06.435 DEBUG: Saving info: ./results/energies_forces_nacs_run-100_train.txt
2025-10-22 10:42:06.686 DEBUG: Saving info: ./results/energies_forces_nacs_run-100_train.txt
2025-10-22 10:42:06.937 DEBUG: Saving info: ./results/energies_forces_nacs_run-100_train.txt
2025-10-22 10:42:07.196 DEBUG: Saving info: ./results/energies_forces_nacs_run-100_train.txt
2025-10-22 10:42:07.445 DEBUG: Saving info: ./results/energies_forces_nacs_run-100_train.txt
2025-10-22 10:42:07.908 DEBUG: Saving info: ./results/energies_forces_nacs_run-100_train.txt
2025-10-22 10:42:07.909 DEBUG: Deleting old checkpoint file: ./checkpoints/energies_forces_nacs_run-100_epoch-12.pt
2025-10-22 10:42:07.910 DEBUG: Saving checkpoint: ./checkpoints/energies_forces_nacs_run-100_epoch-13.pt
2025-10-22 10:42:08.185 DEBUG: Saving info: ./results/energies_forces_nacs_run-100_train.txt
2025-10-22 10:42:08.429 DEBUG: Saving info: ./results/energies_forces_nacs_run-100_train.txt
2025-10-22 10:42:08.678 DEBUG: Saving info: ./results/energies_forces_nacs_run-100_train.txt
2025-10-22 10:42:08.929 DEBUG: Saving info: ./results/energies_forces_nacs_run-100_train.txt
2025-10-22 10:42:09.180 DEBUG: Saving info: ./results/energies_forces_nacs_run-100_train.txt
2025-10-22 10:42:09.430 DEBUG: Saving info: ./results/energies_forces_nacs_run-100_train.txt
2025-10-22 10:42:09.678 DEBUG: Saving info: ./results/energies_forces_nacs_run-100_train.txt
2025-10-22 10:42:09.929 DEBUG: Saving info: ./results/energies_forces_nacs_run-100_train.txt
2025-10-22 10:42:10.180 DEBUG: Saving info: ./results/energies_forces_nacs_run-100_train.txt
2025-10-22 10:42:10.430 DEBUG: Saving info: ./results/energies_forces_nacs_run-100_train.txt
2025-10-22 10:42:10.676 DEBUG: Saving info: ./results/energies_forces_nacs_run-100_train.txt
2025-10-22 10:42:10.923 DEBUG: Saving info: ./results/energies_forces_nacs_run-100_train.txt
2025-10-22 10:42:11.174 DEBUG: Saving info: ./results/energies_forces_nacs_run-100_train.txt
2025-10-22 10:42:11.425 DEBUG: Saving info: ./results/energies_forces_nacs_run-100_train.txt
2025-10-22 10:42:11.675 DEBUG: Saving info: ./results/energies_forces_nacs_run-100_train.txt
2025-10-22 10:42:11.922 DEBUG: Saving info: ./results/energies_forces_nacs_run-100_train.txt
2025-10-22 10:42:12.172 DEBUG: Saving info: ./results/energies_forces_nacs_run-100_train.txt
2025-10-22 10:42:12.424 DEBUG: Saving info: ./results/energies_forces_nacs_run-100_train.txt
2025-10-22 10:42:12.675 DEBUG: Saving info: ./results/energies_forces_nacs_run-100_train.txt
2025-10-22 10:42:12.926 DEBUG: Saving info: ./results/energies_forces_nacs_run-100_train.txt
2025-10-22 10:42:13.174 DEBUG: Saving info: ./results/energies_forces_nacs_run-100_train.txt
2025-10-22 10:42:13.426 DEBUG: Saving info: ./results/energies_forces_nacs_run-100_train.txt
2025-10-22 10:42:13.676 DEBUG: Saving info: ./results/energies_forces_nacs_run-100_train.txt
2025-10-22 10:42:13.926 DEBUG: Saving info: ./results/energies_forces_nacs_run-100_train.txt
2025-10-22 10:42:14.177 DEBUG: Saving info: ./results/energies_forces_nacs_run-100_train.txt
2025-10-22 10:42:14.428 DEBUG: Saving info: ./results/energies_forces_nacs_run-100_train.txt
2025-10-22 10:42:14.680 DEBUG: Saving info: ./results/energies_forces_nacs_run-100_train.txt
2025-10-22 10:42:14.930 DEBUG: Saving info: ./results/energies_forces_nacs_run-100_train.txt
2025-10-22 10:42:15.173 DEBUG: Saving info: ./results/energies_forces_nacs_run-100_train.txt
2025-10-22 10:42:15.417 DEBUG: Saving info: ./results/energies_forces_nacs_run-100_train.txt
2025-10-22 10:42:15.666 DEBUG: Saving info: ./results/energies_forces_nacs_run-100_train.txt
2025-10-22 10:42:15.918 DEBUG: Saving info: ./results/energies_forces_nacs_run-100_train.txt
2025-10-22 10:42:16.167 DEBUG: Saving info: ./results/energies_forces_nacs_run-100_train.txt
2025-10-22 10:42:16.418 DEBUG: Saving info: ./results/energies_forces_nacs_run-100_train.txt
2025-10-22 10:42:16.668 DEBUG: Saving info: ./results/energies_forces_nacs_run-100_train.txt
2025-10-22 10:42:16.919 DEBUG: Saving info: ./results/energies_forces_nacs_run-100_train.txt
2025-10-22 10:42:17.168 DEBUG: Saving info: ./results/energies_forces_nacs_run-100_train.txt
2025-10-22 10:42:17.417 DEBUG: Saving info: ./results/energies_forces_nacs_run-100_train.txt
2025-10-22 10:42:17.659 DEBUG: Saving info: ./results/energies_forces_nacs_run-100_train.txt
2025-10-22 10:42:17.909 DEBUG: Saving info: ./results/energies_forces_nacs_run-100_train.txt
2025-10-22 10:42:18.160 DEBUG: Saving info: ./results/energies_forces_nacs_run-100_train.txt
2025-10-22 10:42:18.411 DEBUG: Saving info: ./results/energies_forces_nacs_run-100_train.txt
2025-10-22 10:42:18.874 DEBUG: Saving info: ./results/energies_forces_nacs_run-100_train.txt
2025-10-22 10:42:18.875 DEBUG: Deleting old checkpoint file: ./checkpoints/energies_forces_nacs_run-100_epoch-13.pt
2025-10-22 10:42:18.876 DEBUG: Saving checkpoint: ./checkpoints/energies_forces_nacs_run-100_epoch-14.pt
2025-10-22 10:42:19.170 DEBUG: Saving info: ./results/energies_forces_nacs_run-100_train.txt
2025-10-22 10:42:19.419 DEBUG: Saving info: ./results/energies_forces_nacs_run-100_train.txt
2025-10-22 10:42:19.668 DEBUG: Saving info: ./results/energies_forces_nacs_run-100_train.txt
2025-10-22 10:42:19.917 DEBUG: Saving info: ./results/energies_forces_nacs_run-100_train.txt
2025-10-22 10:42:20.169 DEBUG: Saving info: ./results/energies_forces_nacs_run-100_train.txt
2025-10-22 10:42:20.420 DEBUG: Saving info: ./results/energies_forces_nacs_run-100_train.txt
2025-10-22 10:42:20.671 DEBUG: Saving info: ./results/energies_forces_nacs_run-100_train.txt
2025-10-22 10:42:20.918 DEBUG: Saving info: ./results/energies_forces_nacs_run-100_train.txt
2025-10-22 10:42:21.170 DEBUG: Saving info: ./results/energies_forces_nacs_run-100_train.txt
2025-10-22 10:42:21.421 DEBUG: Saving info: ./results/energies_forces_nacs_run-100_train.txt
2025-10-22 10:42:21.672 DEBUG: Saving info: ./results/energies_forces_nacs_run-100_train.txt
2025-10-22 10:42:21.922 DEBUG: Saving info: ./results/energies_forces_nacs_run-100_train.txt
2025-10-22 10:42:22.166 DEBUG: Saving info: ./results/energies_forces_nacs_run-100_train.txt
2025-10-22 10:42:22.417 DEBUG: Saving info: ./results/energies_forces_nacs_run-100_train.txt
2025-10-22 10:42:22.668 DEBUG: Saving info: ./results/energies_forces_nacs_run-100_train.txt
2025-10-22 10:42:22.918 DEBUG: Saving info: ./results/energies_forces_nacs_run-100_train.txt
2025-10-22 10:42:23.169 DEBUG: Saving info: ./results/energies_forces_nacs_run-100_train.txt
2025-10-22 10:42:23.419 DEBUG: Saving info: ./results/energies_forces_nacs_run-100_train.txt
2025-10-22 10:42:23.670 DEBUG: Saving info: ./results/energies_forces_nacs_run-100_train.txt
2025-10-22 10:42:23.921 DEBUG: Saving info: ./results/energies_forces_nacs_run-100_train.txt
2025-10-22 10:42:24.172 DEBUG: Saving info: ./results/energies_forces_nacs_run-100_train.txt
2025-10-22 10:42:24.419 DEBUG: Saving info: ./results/energies_forces_nacs_run-100_train.txt
2025-10-22 10:42:24.670 DEBUG: Saving info: ./results/energies_forces_nacs_run-100_train.txt
2025-10-22 10:42:24.921 DEBUG: Saving info: ./results/energies_forces_nacs_run-100_train.txt
2025-10-22 10:42:25.172 DEBUG: Saving info: ./results/energies_forces_nacs_run-100_train.txt
2025-10-22 10:42:25.423 DEBUG: Saving info: ./results/energies_forces_nacs_run-100_train.txt
2025-10-22 10:42:25.673 DEBUG: Saving info: ./results/energies_forces_nacs_run-100_train.txt
2025-10-22 10:42:25.925 DEBUG: Saving info: ./results/energies_forces_nacs_run-100_train.txt
2025-10-22 10:42:26.175 DEBUG: Saving info: ./results/energies_forces_nacs_run-100_train.txt
2025-10-22 10:42:26.426 DEBUG: Saving info: ./results/energies_forces_nacs_run-100_train.txt
2025-10-22 10:42:26.676 DEBUG: Saving info: ./results/energies_forces_nacs_run-100_train.txt
2025-10-22 10:42:26.927 DEBUG: Saving info: ./results/energies_forces_nacs_run-100_train.txt
2025-10-22 10:42:27.178 DEBUG: Saving info: ./results/energies_forces_nacs_run-100_train.txt
2025-10-22 10:42:27.429 DEBUG: Saving info: ./results/energies_forces_nacs_run-100_train.txt
2025-10-22 10:42:27.680 DEBUG: Saving info: ./results/energies_forces_nacs_run-100_train.txt
2025-10-22 10:42:27.931 DEBUG: Saving info: ./results/energies_forces_nacs_run-100_train.txt
2025-10-22 10:42:28.182 DEBUG: Saving info: ./results/energies_forces_nacs_run-100_train.txt
2025-10-22 10:42:28.433 DEBUG: Saving info: ./results/energies_forces_nacs_run-100_train.txt
2025-10-22 10:42:28.683 DEBUG: Saving info: ./results/energies_forces_nacs_run-100_train.txt
2025-10-22 10:42:28.934 DEBUG: Saving info: ./results/energies_forces_nacs_run-100_train.txt
2025-10-22 10:42:29.186 DEBUG: Saving info: ./results/energies_forces_nacs_run-100_train.txt
2025-10-22 10:42:29.436 DEBUG: Saving info: ./results/energies_forces_nacs_run-100_train.txt
2025-10-22 10:42:29.904 DEBUG: Saving info: ./results/energies_forces_nacs_run-100_train.txt
2025-10-22 10:42:29.905 DEBUG: Deleting old checkpoint file: ./checkpoints/energies_forces_nacs_run-100_epoch-14.pt
2025-10-22 10:42:29.907 DEBUG: Saving checkpoint: ./checkpoints/energies_forces_nacs_run-100_epoch-15.pt
2025-10-22 10:42:30.203 DEBUG: Saving info: ./results/energies_forces_nacs_run-100_train.txt
2025-10-22 10:42:30.454 DEBUG: Saving info: ./results/energies_forces_nacs_run-100_train.txt
2025-10-22 10:42:30.704 DEBUG: Saving info: ./results/energies_forces_nacs_run-100_train.txt
2025-10-22 10:42:30.956 DEBUG: Saving info: ./results/energies_forces_nacs_run-100_train.txt
2025-10-22 10:42:31.207 DEBUG: Saving info: ./results/energies_forces_nacs_run-100_train.txt
2025-10-22 10:42:31.458 DEBUG: Saving info: ./results/energies_forces_nacs_run-100_train.txt
2025-10-22 10:42:31.709 DEBUG: Saving info: ./results/energies_forces_nacs_run-100_train.txt
2025-10-22 10:42:31.960 DEBUG: Saving info: ./results/energies_forces_nacs_run-100_train.txt
2025-10-22 10:42:32.206 DEBUG: Saving info: ./results/energies_forces_nacs_run-100_train.txt
2025-10-22 10:42:32.456 DEBUG: Saving info: ./results/energies_forces_nacs_run-100_train.txt
2025-10-22 10:42:32.708 DEBUG: Saving info: ./results/energies_forces_nacs_run-100_train.txt
2025-10-22 10:42:32.959 DEBUG: Saving info: ./results/energies_forces_nacs_run-100_train.txt
2025-10-22 10:42:33.210 DEBUG: Saving info: ./results/energies_forces_nacs_run-100_train.txt
2025-10-22 10:42:33.461 DEBUG: Saving info: ./results/energies_forces_nacs_run-100_train.txt
2025-10-22 10:42:33.712 DEBUG: Saving info: ./results/energies_forces_nacs_run-100_train.txt
2025-10-22 10:42:33.962 DEBUG: Saving info: ./results/energies_forces_nacs_run-100_train.txt
2025-10-22 10:42:34.212 DEBUG: Saving info: ./results/energies_forces_nacs_run-100_train.txt
2025-10-22 10:42:34.463 DEBUG: Saving info: ./results/energies_forces_nacs_run-100_train.txt
2025-10-22 10:42:34.714 DEBUG: Saving info: ./results/energies_forces_nacs_run-100_train.txt
2025-10-22 10:42:34.965 DEBUG: Saving info: ./results/energies_forces_nacs_run-100_train.txt
2025-10-22 10:42:35.217 DEBUG: Saving info: ./results/energies_forces_nacs_run-100_train.txt
2025-10-22 10:42:35.468 DEBUG: Saving info: ./results/energies_forces_nacs_run-100_train.txt
2025-10-22 10:42:35.719 DEBUG: Saving info: ./results/energies_forces_nacs_run-100_train.txt
2025-10-22 10:42:35.970 DEBUG: Saving info: ./results/energies_forces_nacs_run-100_train.txt
2025-10-22 10:42:36.221 DEBUG: Saving info: ./results/energies_forces_nacs_run-100_train.txt
2025-10-22 10:42:36.468 DEBUG: Saving info: ./results/energies_forces_nacs_run-100_train.txt
2025-10-22 10:42:36.719 DEBUG: Saving info: ./results/energies_forces_nacs_run-100_train.txt
2025-10-22 10:42:36.970 DEBUG: Saving info: ./results/energies_forces_nacs_run-100_train.txt
2025-10-22 10:42:37.221 DEBUG: Saving info: ./results/energies_forces_nacs_run-100_train.txt
2025-10-22 10:42:37.472 DEBUG: Saving info: ./results/energies_forces_nacs_run-100_train.txt
2025-10-22 10:42:37.723 DEBUG: Saving info: ./results/energies_forces_nacs_run-100_train.txt
2025-10-22 10:42:37.975 DEBUG: Saving info: ./results/energies_forces_nacs_run-100_train.txt
2025-10-22 10:42:38.226 DEBUG: Saving info: ./results/energies_forces_nacs_run-100_train.txt
2025-10-22 10:42:38.477 DEBUG: Saving info: ./results/energies_forces_nacs_run-100_train.txt
2025-10-22 10:42:38.724 DEBUG: Saving info: ./results/energies_forces_nacs_run-100_train.txt
2025-10-22 10:42:38.978 DEBUG: Saving info: ./results/energies_forces_nacs_run-100_train.txt
2025-10-22 10:42:39.229 DEBUG: Saving info: ./results/energies_forces_nacs_run-100_train.txt
2025-10-22 10:42:39.480 DEBUG: Saving info: ./results/energies_forces_nacs_run-100_train.txt
2025-10-22 10:42:39.731 DEBUG: Saving info: ./results/energies_forces_nacs_run-100_train.txt
2025-10-22 10:42:39.982 DEBUG: Saving info: ./results/energies_forces_nacs_run-100_train.txt
2025-10-22 10:42:40.232 DEBUG: Saving info: ./results/energies_forces_nacs_run-100_train.txt
2025-10-22 10:42:40.483 DEBUG: Saving info: ./results/energies_forces_nacs_run-100_train.txt
2025-10-22 10:42:40.953 DEBUG: Saving info: ./results/energies_forces_nacs_run-100_train.txt
2025-10-22 10:42:40.954 DEBUG: Deleting old checkpoint file: ./checkpoints/energies_forces_nacs_run-100_epoch-15.pt
2025-10-22 10:42:40.955 DEBUG: Saving checkpoint: ./checkpoints/energies_forces_nacs_run-100_epoch-16.pt
2025-10-22 10:42:41.254 DEBUG: Saving info: ./results/energies_forces_nacs_run-100_train.txt
2025-10-22 10:42:41.505 DEBUG: Saving info: ./results/energies_forces_nacs_run-100_train.txt
2025-10-22 10:42:41.756 DEBUG: Saving info: ./results/energies_forces_nacs_run-100_train.txt
2025-10-22 10:42:42.007 DEBUG: Saving info: ./results/energies_forces_nacs_run-100_train.txt
2025-10-22 10:42:42.258 DEBUG: Saving info: ./results/energies_forces_nacs_run-100_train.txt
2025-10-22 10:42:42.509 DEBUG: Saving info: ./results/energies_forces_nacs_run-100_train.txt
2025-10-22 10:42:42.761 DEBUG: Saving info: ./results/energies_forces_nacs_run-100_train.txt
2025-10-22 10:42:43.012 DEBUG: Saving info: ./results/energies_forces_nacs_run-100_train.txt
2025-10-22 10:42:43.263 DEBUG: Saving info: ./results/energies_forces_nacs_run-100_train.txt
2025-10-22 10:42:43.515 DEBUG: Saving info: ./results/energies_forces_nacs_run-100_train.txt
2025-10-22 10:42:43.766 DEBUG: Saving info: ./results/energies_forces_nacs_run-100_train.txt
2025-10-22 10:42:44.017 DEBUG: Saving info: ./results/energies_forces_nacs_run-100_train.txt
2025-10-22 10:42:44.268 DEBUG: Saving info: ./results/energies_forces_nacs_run-100_train.txt
2025-10-22 10:42:44.519 DEBUG: Saving info: ./results/energies_forces_nacs_run-100_train.txt
2025-10-22 10:42:44.770 DEBUG: Saving info: ./results/energies_forces_nacs_run-100_train.txt
2025-10-22 10:42:45.022 DEBUG: Saving info: ./results/energies_forces_nacs_run-100_train.txt
2025-10-22 10:42:45.273 DEBUG: Saving info: ./results/energies_forces_nacs_run-100_train.txt
2025-10-22 10:42:45.524 DEBUG: Saving info: ./results/energies_forces_nacs_run-100_train.txt
2025-10-22 10:42:45.775 DEBUG: Saving info: ./results/energies_forces_nacs_run-100_train.txt
2025-10-22 10:42:46.025 DEBUG: Saving info: ./results/energies_forces_nacs_run-100_train.txt
2025-10-22 10:42:46.276 DEBUG: Saving info: ./results/energies_forces_nacs_run-100_train.txt
2025-10-22 10:42:46.527 DEBUG: Saving info: ./results/energies_forces_nacs_run-100_train.txt
2025-10-22 10:42:46.787 DEBUG: Saving info: ./results/energies_forces_nacs_run-100_train.txt
2025-10-22 10:42:47.038 DEBUG: Saving info: ./results/energies_forces_nacs_run-100_train.txt
2025-10-22 10:42:47.289 DEBUG: Saving info: ./results/energies_forces_nacs_run-100_train.txt
2025-10-22 10:42:47.540 DEBUG: Saving info: ./results/energies_forces_nacs_run-100_train.txt
2025-10-22 10:42:47.792 DEBUG: Saving info: ./results/energies_forces_nacs_run-100_train.txt
2025-10-22 10:42:48.043 DEBUG: Saving info: ./results/energies_forces_nacs_run-100_train.txt
2025-10-22 10:42:48.294 DEBUG: Saving info: ./results/energies_forces_nacs_run-100_train.txt
2025-10-22 10:42:48.545 DEBUG: Saving info: ./results/energies_forces_nacs_run-100_train.txt
2025-10-22 10:42:48.796 DEBUG: Saving info: ./results/energies_forces_nacs_run-100_train.txt
2025-10-22 10:42:49.048 DEBUG: Saving info: ./results/energies_forces_nacs_run-100_train.txt
2025-10-22 10:42:49.299 DEBUG: Saving info: ./results/energies_forces_nacs_run-100_train.txt
2025-10-22 10:42:49.551 DEBUG: Saving info: ./results/energies_forces_nacs_run-100_train.txt
2025-10-22 10:42:49.802 DEBUG: Saving info: ./results/energies_forces_nacs_run-100_train.txt
2025-10-22 10:42:50.053 DEBUG: Saving info: ./results/energies_forces_nacs_run-100_train.txt
2025-10-22 10:42:50.304 DEBUG: Saving info: ./results/energies_forces_nacs_run-100_train.txt
2025-10-22 10:42:50.556 DEBUG: Saving info: ./results/energies_forces_nacs_run-100_train.txt
2025-10-22 10:42:50.807 DEBUG: Saving info: ./results/energies_forces_nacs_run-100_train.txt
2025-10-22 10:42:51.058 DEBUG: Saving info: ./results/energies_forces_nacs_run-100_train.txt
2025-10-22 10:42:51.310 DEBUG: Saving info: ./results/energies_forces_nacs_run-100_train.txt
2025-10-22 10:42:51.561 DEBUG: Saving info: ./results/energies_forces_nacs_run-100_train.txt
2025-10-22 10:42:52.037 DEBUG: Saving info: ./results/energies_forces_nacs_run-100_train.txt
2025-10-22 10:42:52.038 DEBUG: Deleting old checkpoint file: ./checkpoints/energies_forces_nacs_run-100_epoch-16.pt
2025-10-22 10:42:52.040 DEBUG: Saving checkpoint: ./checkpoints/energies_forces_nacs_run-100_epoch-17.pt
2025-10-22 10:42:52.337 DEBUG: Saving info: ./results/energies_forces_nacs_run-100_train.txt
2025-10-22 10:42:52.588 DEBUG: Saving info: ./results/energies_forces_nacs_run-100_train.txt
2025-10-22 10:42:52.839 DEBUG: Saving info: ./results/energies_forces_nacs_run-100_train.txt
2025-10-22 10:42:53.090 DEBUG: Saving info: ./results/energies_forces_nacs_run-100_train.txt
2025-10-22 10:42:53.342 DEBUG: Saving info: ./results/energies_forces_nacs_run-100_train.txt
2025-10-22 10:42:53.593 DEBUG: Saving info: ./results/energies_forces_nacs_run-100_train.txt
2025-10-22 10:42:53.845 DEBUG: Saving info: ./results/energies_forces_nacs_run-100_train.txt
2025-10-22 10:42:54.096 DEBUG: Saving info: ./results/energies_forces_nacs_run-100_train.txt
2025-10-22 10:42:54.347 DEBUG: Saving info: ./results/energies_forces_nacs_run-100_train.txt
2025-10-22 10:42:54.598 DEBUG: Saving info: ./results/energies_forces_nacs_run-100_train.txt
2025-10-22 10:42:54.850 DEBUG: Saving info: ./results/energies_forces_nacs_run-100_train.txt
2025-10-22 10:42:55.101 DEBUG: Saving info: ./results/energies_forces_nacs_run-100_train.txt
2025-10-22 10:42:55.352 DEBUG: Saving info: ./results/energies_forces_nacs_run-100_train.txt
2025-10-22 10:42:55.603 DEBUG: Saving info: ./results/energies_forces_nacs_run-100_train.txt
2025-10-22 10:42:55.854 DEBUG: Saving info: ./results/energies_forces_nacs_run-100_train.txt
2025-10-22 10:42:56.105 DEBUG: Saving info: ./results/energies_forces_nacs_run-100_train.txt
2025-10-22 10:42:56.356 DEBUG: Saving info: ./results/energies_forces_nacs_run-100_train.txt
2025-10-22 10:42:56.607 DEBUG: Saving info: ./results/energies_forces_nacs_run-100_train.txt
2025-10-22 10:42:56.866 DEBUG: Saving info: ./results/energies_forces_nacs_run-100_train.txt
2025-10-22 10:42:57.118 DEBUG: Saving info: ./results/energies_forces_nacs_run-100_train.txt
2025-10-22 10:42:57.369 DEBUG: Saving info: ./results/energies_forces_nacs_run-100_train.txt
2025-10-22 10:42:57.620 DEBUG: Saving info: ./results/energies_forces_nacs_run-100_train.txt
2025-10-22 10:42:57.872 DEBUG: Saving info: ./results/energies_forces_nacs_run-100_train.txt
2025-10-22 10:42:58.124 DEBUG: Saving info: ./results/energies_forces_nacs_run-100_train.txt
2025-10-22 10:42:58.375 DEBUG: Saving info: ./results/energies_forces_nacs_run-100_train.txt
2025-10-22 10:42:58.626 DEBUG: Saving info: ./results/energies_forces_nacs_run-100_train.txt
2025-10-22 10:42:58.877 DEBUG: Saving info: ./results/energies_forces_nacs_run-100_train.txt
2025-10-22 10:42:59.128 DEBUG: Saving info: ./results/energies_forces_nacs_run-100_train.txt
2025-10-22 10:42:59.379 DEBUG: Saving info: ./results/energies_forces_nacs_run-100_train.txt
2025-10-22 10:42:59.630 DEBUG: Saving info: ./results/energies_forces_nacs_run-100_train.txt
2025-10-22 10:42:59.881 DEBUG: Saving info: ./results/energies_forces_nacs_run-100_train.txt
2025-10-22 10:43:00.132 DEBUG: Saving info: ./results/energies_forces_nacs_run-100_train.txt
2025-10-22 10:43:00.382 DEBUG: Saving info: ./results/energies_forces_nacs_run-100_train.txt
2025-10-22 10:45:49.150 INFO: ===========VERIFYING SETTINGS===========
2025-10-22 10:45:49.151 INFO: MACE version: 0.3.6
2025-10-22 10:45:49.151 DEBUG: Configuration: Namespace(config=None, name='energies_forces_nacs', seed=100, work_dir='.', nacs_key='smooth_nacs', log_dir='./logs', model_dir='.', checkpoints_dir='./checkpoints', results_dir='./results', downloads_dir='./downloads', device='cuda', default_dtype='float32', distributed=False, log_level='INFO', n_energies=4, error_table='EnergyNacsDipoleMAE', model='ExcitedMACE', r_max=5.0, num_permutational_invariant=16, radial_type='bessel', num_radial_basis=8, num_cutoff_basis=5, pair_repulsion=False, distance_transform='None', interaction='RealAgnosticResidualInteractionBlock', interaction_first='RealAgnosticResidualInteractionBlock', max_ell=3, correlation=3, num_interactions=2, MLP_irreps='128x0e', radial_MLP='[64, 64, 64]', hidden_irreps='128x0e + 128x1o', num_channels=128, max_L=1, gate='silu', scaling='rms_forces_scaling', avg_num_neighbors=1, compute_avg_num_neighbors=True, compute_stress=False, compute_forces=True, compute_dipoles=True, compute_nacs=True, compute_socs=False, train_file='ENERGIES_FORCES_NACS.xyz', valid_file=None, valid_fraction=0.1, test_file=None, test_dir=None, multi_processed_test=False, num_workers=0, pin_memory=True, atomic_numbers=None, mean=None, std=None, statistics_file=None, E0s='average', keep_isolated_atoms=False, energy_key='REF_energy', forces_key='REF_forces', virials_key='REF_virials', stress_key='REF_stress', dipoles_key='REF_dipoles', charges_key='REF_charges', loss='weighted', forces_weight=0.0, nacs_weight=0.0, socs_weight=0.0, soc_num=None, nac_num=6, swa_forces_weight=100.0, energy_weight=100.0, swa_energy_weight=1000.0, virials_weight=1.0, swa_virials_weight=10.0, stress_weight=1.0, swa_stress_weight=10.0, dipoles_weight=1.0, swa_dipole_weight=1.0, config_type_weights='{"Default":1.0}', huber_delta=0.01, optimizer='adam', beta=0.9, batch_size=20, valid_batch_size=10, lr=0.001, swa_lr=0.001, weight_decay=5e-07, amsgrad=True, scheduler='ReduceLROnPlateau', lr_factor=0.8, scheduler_patience=50, lr_scheduler_gamma=0.9993, swa=False, start_swa=None, ema=True, ema_decay=0.99, max_num_epochs=100, patience=2048, foundation_model=None, foundation_model_readout=True, eval_interval=1, keep_checkpoints=False, save_all_checkpoints=False, restart_latest=False, save_cpu=False, clip_grad=10.0, wandb=False, wandb_dir=None, wandb_project='', wandb_entity='', wandb_name='', wandb_log_hypers=['num_channels', 'max_L', 'correlation', 'lr', 'swa_lr', 'weight_decay', 'batch_size', 'max_num_epochs', 'start_swa', 'energy_weight', 'forces_weight'])
2025-10-22 10:45:49.178 INFO: CUDA version: 12.4, CUDA device: 0
2025-10-22 10:45:49.196 DEBUG: Popen(['git', 'version'], cwd=/home/rhyan/Exciton_model/X-MACE, stdin=None, shell=False, universal_newlines=False)
2025-10-22 10:45:49.197 DEBUG: Popen(['git', 'version'], cwd=/home/rhyan/Exciton_model/X-MACE, stdin=None, shell=False, universal_newlines=False)
2025-10-22 10:45:49.198 DEBUG: sys.platform='linux', git_executable='git'
2025-10-22 10:45:49.199 DEBUG: Popen(['git', 'cat-file', '--batch-check'], cwd=/home/rhyan/Exciton_model/X-MACE, stdin=<valid stream>, shell=False, universal_newlines=False)
2025-10-22 10:45:49.200 DEBUG: Current Git commit: 0861c52cf365064d060e006c179e4cc1785b61c2
2025-10-22 10:45:49.200 INFO: 
2025-10-22 10:45:49.200 INFO: ===========LOADING INPUT DATA===========
2025-10-22 10:45:50.625 INFO: Using random 10% of training set for validation with indices saved in: ./valid_indices_100.txt
2025-10-22 10:45:50.627 INFO: Atomic Numbers used: [1, 6, 7, 8]
2025-10-22 10:45:50.627 INFO: Isolated Atomic Energies (E0s) not in training file, using command line argument
2025-10-22 10:45:50.627 INFO: Computing average Atomic Energies using least squares regression
2025-10-22 10:45:50.635 INFO: Atomic Energies used (z: eV): {1: -967.8427909292559, 6: -1244.3693026233295, 7: -138.2632558470366, 8: -829.5795350822196}
2025-10-22 10:45:50.833 INFO: 
2025-10-22 10:45:50.833 INFO: ===========MODEL DETAILS===========
2025-10-22 10:45:51.027 INFO: Average number of neighbors: 15.7
2025-10-22 10:45:51.027 INFO: During training the following quantities will be reported: energy, forces, dipoles, nacs
2025-10-22 10:45:51.098 INFO: Building model
2025-10-22 10:45:51.099 INFO: Message passing with 128 channels and max_L=1 (128x0e + 128x1o)
2025-10-22 10:45:51.099 INFO: 2 layers, each with correlation order: 3 (body order: 4) and spherical harmonics up to: l=3
2025-10-22 10:45:51.099 INFO: 8 radial and 5 basis functions
2025-10-22 10:45:51.099 INFO: Radial cutoff: 5.0 Å (total receptive field for each atom: 10.0 Å)
2025-10-22 10:45:51.099 INFO: Distance transform for radial basis functions: None
2025-10-22 10:45:51.803 DEBUG: ExcitedMACE(
  (node_embedding): LinearNodeEmbeddingBlock(
    (linear): Linear(4x0e -> 128x0e | 512 weights)
  )
  (radial_embedding): RadialEmbeddingBlock(
    (bessel_fn): BesselBasis(r_max=5.0, num_basis=8, trainable=False)
    (cutoff_fn): PolynomialCutoff(p=5.0, r_max=5.0)
  )
  (spherical_harmonics): SphericalHarmonics()
  (atomic_energies_fn): AtomicEnergiesBlock(energies=[-967.8428, -1244.3693, -138.2633, -829.5795])
  (interactions): ModuleList(
    (0): RealAgnosticInteractionBlock(
      (linear_up): Linear(128x0e -> 128x0e | 16384 weights)
      (conv_tp): TensorProduct(128x0e x 1x0e+1x1o+1x2e+1x3o -> 128x0e+128x1o+128x2e+128x3o | 512 paths | 512 weights)
      (conv_tp_weights): FullyConnectedNet[8, 64, 64, 64, 512]
      (linear): Linear(128x0e+128x1o+128x2e+128x3o -> 128x0e+128x1o+128x2e+128x3o | 65536 weights)
      (skip_tp): FullyConnectedTensorProduct(128x0e+128x1o+128x2e+128x3o x 4x0e -> 128x0e+128x1o+128x2e+128x3o | 262144 paths | 262144 weights)
      (reshape): reshape_irreps()
    )
    (1): RealAgnosticResidualInteractionBlock(
      (linear_up): Linear(128x0e+128x1o -> 128x0e+128x1o | 32768 weights)
      (conv_tp): TensorProduct(128x0e+128x1o x 1x0e+1x1o+1x2e+1x3o -> 256x0e+384x1o+384x2e+256x3o | 1280 paths | 1280 weights)
      (conv_tp_weights): FullyConnectedNet[8, 64, 64, 64, 1280]
      (linear): Linear(256x0e+384x1o+384x2e+256x3o -> 128x0e+128x1o+128x2e+128x3o | 163840 weights)
      (skip_tp): FullyConnectedTensorProduct(128x0e+128x1o x 4x0e -> 128x0e | 65536 paths | 65536 weights)
      (reshape): reshape_irreps()
    )
  )
  (products): ModuleList(
    (0): EquivariantProductBasisBlock(
      (symmetric_contractions): SymmetricContraction(
        (contractions): ModuleList(
          (0): Contraction(
            (contractions_weighting): ModuleList(
              (0-1): 2 x GraphModule()
            )
            (contractions_features): ModuleList(
              (0-1): 2 x GraphModule()
            )
            (weights): ParameterList(
                (0): Parameter containing: [torch.float32 of size 4x4x128 (cuda:0)]
                (1): Parameter containing: [torch.float32 of size 4x1x128 (cuda:0)]
            )
            (graph_opt_main): GraphModule()
          )
          (1): Contraction(
            (contractions_weighting): ModuleList(
              (0-1): 2 x GraphModule()
            )
            (contractions_features): ModuleList(
              (0-1): 2 x GraphModule()
            )
            (weights): ParameterList(
                (0): Parameter containing: [torch.float32 of size 4x6x128 (cuda:0)]
                (1): Parameter containing: [torch.float32 of size 4x1x128 (cuda:0)]
            )
            (graph_opt_main): GraphModule()
          )
        )
      )
      (linear): Linear(128x0e+128x1o -> 128x0e+128x1o | 32768 weights)
    )
    (1): EquivariantProductBasisBlock(
      (symmetric_contractions): SymmetricContraction(
        (contractions): ModuleList(
          (0): Contraction(
            (contractions_weighting): ModuleList(
              (0-1): 2 x GraphModule()
            )
            (contractions_features): ModuleList(
              (0-1): 2 x GraphModule()
            )
            (weights): ParameterList(
                (0): Parameter containing: [torch.float32 of size 4x4x128 (cuda:0)]
                (1): Parameter containing: [torch.float32 of size 4x1x128 (cuda:0)]
            )
            (graph_opt_main): GraphModule()
          )
        )
      )
      (linear): Linear(128x0e -> 128x0e | 16384 weights)
    )
  )
  (readouts): ModuleList(
    (0): LinearReadoutBlock(
      (linear): Linear(128x0e+128x1o -> 4x0e+6x1o | 1280 weights)
    )
    (1): NonLinearReadoutBlock(
      (linear_1): Linear(128x0e -> 128x0e | 16384 weights)
      (non_linearity): Activation [x] (128x0e -> 128x0e)
      (linear_2): Linear(128x0e -> 4x0e+6x1o | 512 weights)
    )
  )
  (socs_readouts): ModuleList(
    (0): None
  )
)
2025-10-22 10:45:51.804 INFO: Total number of parameters: 864512
2025-10-22 10:45:51.804 INFO: 
2025-10-22 10:45:51.804 INFO: ===========OPTIMIZER INFORMATION===========
2025-10-22 10:45:51.804 INFO: Using ADAM as parameter optimizer
2025-10-22 10:45:51.804 INFO: Batch size: 20
2025-10-22 10:45:51.805 INFO: Using Exponential Moving Average with decay: 0.99
2025-10-22 10:45:51.805 INFO: Number of gradient updates: 4275
2025-10-22 10:45:51.805 INFO: Learning rate: 0.001, weight decay: 5e-07
2025-10-22 10:45:51.805 INFO: WeightedEnergyForcesNacsDipoleLoss(energy_weight=100.000, forces_weight=0.000, dipole_weight=1.000)
2025-10-22 10:45:51.805 INFO: Using gradient clipping with tolerance=10.000
2025-10-22 10:45:51.805 INFO: 
2025-10-22 10:45:51.805 INFO: ===========TRAINING===========
2025-10-22 10:45:51.806 INFO: Started training, reporting errors on validation set
2025-10-22 10:45:51.806 INFO: Loss metrics on validation set
2025-10-22 10:45:54.238 DEBUG: Saving info: ./results/energies_forces_nacs_run-100_train.txt
2025-10-22 10:49:25.074 INFO: ===========VERIFYING SETTINGS===========
2025-10-22 10:49:25.074 INFO: MACE version: 0.3.6
2025-10-22 10:49:25.074 DEBUG: Configuration: Namespace(config=None, name='energies_forces_nacs', seed=100, work_dir='.', nacs_key='smooth_nacs', log_dir='./logs', model_dir='.', checkpoints_dir='./checkpoints', results_dir='./results', downloads_dir='./downloads', device='cuda', default_dtype='float32', distributed=False, log_level='INFO', n_energies=4, error_table='EnergyNacsDipoleMAE', model='ExcitedMACE', r_max=5.0, num_permutational_invariant=16, radial_type='bessel', num_radial_basis=8, num_cutoff_basis=5, pair_repulsion=False, distance_transform='None', interaction='RealAgnosticResidualInteractionBlock', interaction_first='RealAgnosticResidualInteractionBlock', max_ell=3, correlation=3, num_interactions=2, MLP_irreps='128x0e', radial_MLP='[64, 64, 64]', hidden_irreps='128x0e + 128x1o', num_channels=128, max_L=1, gate='silu', scaling='rms_forces_scaling', avg_num_neighbors=1, compute_avg_num_neighbors=True, compute_stress=False, compute_forces=True, compute_dipoles=True, compute_nacs=True, compute_socs=False, train_file='ENERGIES_FORCES_NACS.xyz', valid_file=None, valid_fraction=0.1, test_file=None, test_dir=None, multi_processed_test=False, num_workers=0, pin_memory=True, atomic_numbers=None, mean=None, std=None, statistics_file=None, E0s='average', keep_isolated_atoms=False, energy_key='REF_energy', forces_key='REF_forces', virials_key='REF_virials', stress_key='REF_stress', dipoles_key='REF_dipoles', charges_key='REF_charges', loss='weighted', forces_weight=0.0, nacs_weight=0.0, socs_weight=0.0, soc_num=None, nac_num=6, swa_forces_weight=100.0, energy_weight=100.0, swa_energy_weight=1000.0, virials_weight=1.0, swa_virials_weight=10.0, stress_weight=1.0, swa_stress_weight=10.0, dipoles_weight=1.0, swa_dipole_weight=1.0, config_type_weights='{"Default":1.0}', huber_delta=0.01, optimizer='adam', beta=0.9, batch_size=20, valid_batch_size=10, lr=0.001, swa_lr=0.001, weight_decay=5e-07, amsgrad=True, scheduler='ReduceLROnPlateau', lr_factor=0.8, scheduler_patience=50, lr_scheduler_gamma=0.9993, swa=False, start_swa=None, ema=True, ema_decay=0.99, max_num_epochs=100, patience=2048, foundation_model=None, foundation_model_readout=True, eval_interval=1, keep_checkpoints=False, save_all_checkpoints=False, restart_latest=False, save_cpu=False, clip_grad=10.0, wandb=False, wandb_dir=None, wandb_project='', wandb_entity='', wandb_name='', wandb_log_hypers=['num_channels', 'max_L', 'correlation', 'lr', 'swa_lr', 'weight_decay', 'batch_size', 'max_num_epochs', 'start_swa', 'energy_weight', 'forces_weight'])
2025-10-22 10:49:25.103 INFO: CUDA version: 12.4, CUDA device: 0
2025-10-22 10:49:25.121 DEBUG: Popen(['git', 'version'], cwd=/home/rhyan/Exciton_model/X-MACE, stdin=None, shell=False, universal_newlines=False)
2025-10-22 10:49:25.122 DEBUG: Popen(['git', 'version'], cwd=/home/rhyan/Exciton_model/X-MACE, stdin=None, shell=False, universal_newlines=False)
2025-10-22 10:49:25.123 DEBUG: sys.platform='linux', git_executable='git'
2025-10-22 10:49:25.124 DEBUG: Popen(['git', 'cat-file', '--batch-check'], cwd=/home/rhyan/Exciton_model/X-MACE, stdin=<valid stream>, shell=False, universal_newlines=False)
2025-10-22 10:49:25.125 DEBUG: Current Git commit: 0861c52cf365064d060e006c179e4cc1785b61c2
2025-10-22 10:49:25.125 INFO: 
2025-10-22 10:49:25.125 INFO: ===========LOADING INPUT DATA===========
2025-10-22 10:49:26.557 INFO: Using random 10% of training set for validation with indices saved in: ./valid_indices_100.txt
2025-10-22 10:49:26.559 INFO: Atomic Numbers used: [1, 6, 7, 8]
2025-10-22 10:49:26.559 INFO: Isolated Atomic Energies (E0s) not in training file, using command line argument
2025-10-22 10:49:26.559 INFO: Computing average Atomic Energies using least squares regression
2025-10-22 10:49:26.567 INFO: Atomic Energies used (z: eV): {1: -967.8427909292559, 6: -1244.3693026233295, 7: -138.2632558470366, 8: -829.5795350822196}
2025-10-22 10:49:26.769 INFO: 
2025-10-22 10:49:26.769 INFO: ===========MODEL DETAILS===========
2025-10-22 10:49:26.986 INFO: Average number of neighbors: 15.7
2025-10-22 10:49:26.986 INFO: During training the following quantities will be reported: energy, forces, dipoles, nacs
2025-10-22 10:49:27.057 INFO: Building model
2025-10-22 10:49:27.057 INFO: Message passing with 128 channels and max_L=1 (128x0e + 128x1o)
2025-10-22 10:49:27.057 INFO: 2 layers, each with correlation order: 3 (body order: 4) and spherical harmonics up to: l=3
2025-10-22 10:49:27.057 INFO: 8 radial and 5 basis functions
2025-10-22 10:49:27.057 INFO: Radial cutoff: 5.0 Å (total receptive field for each atom: 10.0 Å)
2025-10-22 10:49:27.057 INFO: Distance transform for radial basis functions: None
2025-10-22 10:49:27.754 DEBUG: ExcitedMACE(
  (node_embedding): LinearNodeEmbeddingBlock(
    (linear): Linear(4x0e -> 128x0e | 512 weights)
  )
  (radial_embedding): RadialEmbeddingBlock(
    (bessel_fn): BesselBasis(r_max=5.0, num_basis=8, trainable=False)
    (cutoff_fn): PolynomialCutoff(p=5.0, r_max=5.0)
  )
  (spherical_harmonics): SphericalHarmonics()
  (atomic_energies_fn): AtomicEnergiesBlock(energies=[-967.8428, -1244.3693, -138.2633, -829.5795])
  (interactions): ModuleList(
    (0): RealAgnosticInteractionBlock(
      (linear_up): Linear(128x0e -> 128x0e | 16384 weights)
      (conv_tp): TensorProduct(128x0e x 1x0e+1x1o+1x2e+1x3o -> 128x0e+128x1o+128x2e+128x3o | 512 paths | 512 weights)
      (conv_tp_weights): FullyConnectedNet[8, 64, 64, 64, 512]
      (linear): Linear(128x0e+128x1o+128x2e+128x3o -> 128x0e+128x1o+128x2e+128x3o | 65536 weights)
      (skip_tp): FullyConnectedTensorProduct(128x0e+128x1o+128x2e+128x3o x 4x0e -> 128x0e+128x1o+128x2e+128x3o | 262144 paths | 262144 weights)
      (reshape): reshape_irreps()
    )
    (1): RealAgnosticResidualInteractionBlock(
      (linear_up): Linear(128x0e+128x1o -> 128x0e+128x1o | 32768 weights)
      (conv_tp): TensorProduct(128x0e+128x1o x 1x0e+1x1o+1x2e+1x3o -> 256x0e+384x1o+384x2e+256x3o | 1280 paths | 1280 weights)
      (conv_tp_weights): FullyConnectedNet[8, 64, 64, 64, 1280]
      (linear): Linear(256x0e+384x1o+384x2e+256x3o -> 128x0e+128x1o+128x2e+128x3o | 163840 weights)
      (skip_tp): FullyConnectedTensorProduct(128x0e+128x1o x 4x0e -> 128x0e | 65536 paths | 65536 weights)
      (reshape): reshape_irreps()
    )
  )
  (products): ModuleList(
    (0): EquivariantProductBasisBlock(
      (symmetric_contractions): SymmetricContraction(
        (contractions): ModuleList(
          (0): Contraction(
            (contractions_weighting): ModuleList(
              (0-1): 2 x GraphModule()
            )
            (contractions_features): ModuleList(
              (0-1): 2 x GraphModule()
            )
            (weights): ParameterList(
                (0): Parameter containing: [torch.float32 of size 4x4x128 (cuda:0)]
                (1): Parameter containing: [torch.float32 of size 4x1x128 (cuda:0)]
            )
            (graph_opt_main): GraphModule()
          )
          (1): Contraction(
            (contractions_weighting): ModuleList(
              (0-1): 2 x GraphModule()
            )
            (contractions_features): ModuleList(
              (0-1): 2 x GraphModule()
            )
            (weights): ParameterList(
                (0): Parameter containing: [torch.float32 of size 4x6x128 (cuda:0)]
                (1): Parameter containing: [torch.float32 of size 4x1x128 (cuda:0)]
            )
            (graph_opt_main): GraphModule()
          )
        )
      )
      (linear): Linear(128x0e+128x1o -> 128x0e+128x1o | 32768 weights)
    )
    (1): EquivariantProductBasisBlock(
      (symmetric_contractions): SymmetricContraction(
        (contractions): ModuleList(
          (0): Contraction(
            (contractions_weighting): ModuleList(
              (0-1): 2 x GraphModule()
            )
            (contractions_features): ModuleList(
              (0-1): 2 x GraphModule()
            )
            (weights): ParameterList(
                (0): Parameter containing: [torch.float32 of size 4x4x128 (cuda:0)]
                (1): Parameter containing: [torch.float32 of size 4x1x128 (cuda:0)]
            )
            (graph_opt_main): GraphModule()
          )
        )
      )
      (linear): Linear(128x0e -> 128x0e | 16384 weights)
    )
  )
  (readouts): ModuleList(
    (0): LinearReadoutBlock(
      (linear): Linear(128x0e+128x1o -> 4x0e+6x1o | 1280 weights)
    )
    (1): NonLinearReadoutBlock(
      (linear_1): Linear(128x0e -> 128x0e | 16384 weights)
      (non_linearity): Activation [x] (128x0e -> 128x0e)
      (linear_2): Linear(128x0e -> 4x0e+6x1o | 512 weights)
    )
  )
  (socs_readouts): ModuleList(
    (0): None
  )
)
2025-10-22 10:49:27.756 INFO: Total number of parameters: 864512
2025-10-22 10:49:27.756 INFO: 
2025-10-22 10:49:27.756 INFO: ===========OPTIMIZER INFORMATION===========
2025-10-22 10:49:27.756 INFO: Using ADAM as parameter optimizer
2025-10-22 10:49:27.756 INFO: Batch size: 20
2025-10-22 10:49:27.756 INFO: Using Exponential Moving Average with decay: 0.99
2025-10-22 10:49:27.756 INFO: Number of gradient updates: 4275
2025-10-22 10:49:27.756 INFO: Learning rate: 0.001, weight decay: 5e-07
2025-10-22 10:49:27.756 INFO: WeightedEnergyForcesNacsDipoleLoss(energy_weight=100.000, forces_weight=0.000, dipole_weight=1.000)
2025-10-22 10:49:27.757 INFO: Using gradient clipping with tolerance=10.000
2025-10-22 10:49:27.757 INFO: 
2025-10-22 10:49:27.757 INFO: ===========TRAINING===========
2025-10-22 10:49:27.757 INFO: Started training, reporting errors on validation set
2025-10-22 10:49:27.757 INFO: Loss metrics on validation set
2025-10-22 10:49:30.177 DEBUG: Saving info: ./results/energies_forces_nacs_run-100_train.txt
2025-10-22 10:49:30.751 DEBUG: Saving info: ./results/energies_forces_nacs_run-100_train.txt
2025-10-22 10:49:31.445 DEBUG: Saving info: ./results/energies_forces_nacs_run-100_train.txt
2025-10-22 10:49:32.193 DEBUG: Saving info: ./results/energies_forces_nacs_run-100_train.txt
2025-10-22 10:49:32.421 DEBUG: Saving info: ./results/energies_forces_nacs_run-100_train.txt
2025-10-22 10:49:32.650 DEBUG: Saving info: ./results/energies_forces_nacs_run-100_train.txt
2025-10-22 10:49:32.879 DEBUG: Saving info: ./results/energies_forces_nacs_run-100_train.txt
2025-10-22 10:49:33.107 DEBUG: Saving info: ./results/energies_forces_nacs_run-100_train.txt
2025-10-22 10:49:33.335 DEBUG: Saving info: ./results/energies_forces_nacs_run-100_train.txt
2025-10-22 10:49:33.563 DEBUG: Saving info: ./results/energies_forces_nacs_run-100_train.txt
2025-10-22 10:49:33.792 DEBUG: Saving info: ./results/energies_forces_nacs_run-100_train.txt
2025-10-22 10:49:34.020 DEBUG: Saving info: ./results/energies_forces_nacs_run-100_train.txt
2025-10-22 10:49:34.250 DEBUG: Saving info: ./results/energies_forces_nacs_run-100_train.txt
2025-10-22 10:49:34.479 DEBUG: Saving info: ./results/energies_forces_nacs_run-100_train.txt
2025-10-22 10:49:34.707 DEBUG: Saving info: ./results/energies_forces_nacs_run-100_train.txt
2025-10-22 10:49:34.936 DEBUG: Saving info: ./results/energies_forces_nacs_run-100_train.txt
2025-10-22 10:49:35.165 DEBUG: Saving info: ./results/energies_forces_nacs_run-100_train.txt
2025-10-22 10:49:35.394 DEBUG: Saving info: ./results/energies_forces_nacs_run-100_train.txt
2025-10-22 10:49:35.623 DEBUG: Saving info: ./results/energies_forces_nacs_run-100_train.txt
2025-10-22 10:49:35.852 DEBUG: Saving info: ./results/energies_forces_nacs_run-100_train.txt
2025-10-22 10:49:36.081 DEBUG: Saving info: ./results/energies_forces_nacs_run-100_train.txt
2025-10-22 10:49:36.310 DEBUG: Saving info: ./results/energies_forces_nacs_run-100_train.txt
2025-10-22 10:49:36.539 DEBUG: Saving info: ./results/energies_forces_nacs_run-100_train.txt
2025-10-22 10:49:36.768 DEBUG: Saving info: ./results/energies_forces_nacs_run-100_train.txt
2025-10-22 10:49:36.996 DEBUG: Saving info: ./results/energies_forces_nacs_run-100_train.txt
2025-10-22 10:49:37.226 DEBUG: Saving info: ./results/energies_forces_nacs_run-100_train.txt
2025-10-22 10:49:37.454 DEBUG: Saving info: ./results/energies_forces_nacs_run-100_train.txt
2025-10-22 10:49:37.687 DEBUG: Saving info: ./results/energies_forces_nacs_run-100_train.txt
2025-10-22 10:49:37.916 DEBUG: Saving info: ./results/energies_forces_nacs_run-100_train.txt
2025-10-22 10:49:38.145 DEBUG: Saving info: ./results/energies_forces_nacs_run-100_train.txt
2025-10-22 10:49:38.374 DEBUG: Saving info: ./results/energies_forces_nacs_run-100_train.txt
2025-10-22 10:49:38.603 DEBUG: Saving info: ./results/energies_forces_nacs_run-100_train.txt
2025-10-22 10:49:38.832 DEBUG: Saving info: ./results/energies_forces_nacs_run-100_train.txt
2025-10-22 10:49:39.061 DEBUG: Saving info: ./results/energies_forces_nacs_run-100_train.txt
2025-10-22 10:49:39.291 DEBUG: Saving info: ./results/energies_forces_nacs_run-100_train.txt
2025-10-22 10:49:39.520 DEBUG: Saving info: ./results/energies_forces_nacs_run-100_train.txt
2025-10-22 10:49:39.750 DEBUG: Saving info: ./results/energies_forces_nacs_run-100_train.txt
2025-10-22 10:49:39.979 DEBUG: Saving info: ./results/energies_forces_nacs_run-100_train.txt
2025-10-22 10:49:40.208 DEBUG: Saving info: ./results/energies_forces_nacs_run-100_train.txt
2025-10-22 10:49:40.437 DEBUG: Saving info: ./results/energies_forces_nacs_run-100_train.txt
2025-10-22 10:49:40.667 DEBUG: Saving info: ./results/energies_forces_nacs_run-100_train.txt
2025-10-22 10:49:40.897 DEBUG: Saving info: ./results/energies_forces_nacs_run-100_train.txt
2025-10-22 10:49:41.126 DEBUG: Saving info: ./results/energies_forces_nacs_run-100_train.txt
2025-10-22 10:49:41.549 DEBUG: Saving info: ./results/energies_forces_nacs_run-100_train.txt
2025-10-22 10:49:41.550 DEBUG: Saving checkpoint: ./checkpoints/energies_forces_nacs_run-100_epoch-0.pt
2025-10-22 10:49:41.819 DEBUG: Saving info: ./results/energies_forces_nacs_run-100_train.txt
2025-10-22 10:49:42.049 DEBUG: Saving info: ./results/energies_forces_nacs_run-100_train.txt
2025-10-22 10:49:42.278 DEBUG: Saving info: ./results/energies_forces_nacs_run-100_train.txt
2025-10-22 10:49:42.509 DEBUG: Saving info: ./results/energies_forces_nacs_run-100_train.txt
2025-10-22 10:49:42.738 DEBUG: Saving info: ./results/energies_forces_nacs_run-100_train.txt
2025-10-22 10:49:42.968 DEBUG: Saving info: ./results/energies_forces_nacs_run-100_train.txt
2025-10-22 10:49:43.198 DEBUG: Saving info: ./results/energies_forces_nacs_run-100_train.txt
2025-10-22 10:49:43.428 DEBUG: Saving info: ./results/energies_forces_nacs_run-100_train.txt
2025-10-22 10:49:43.656 DEBUG: Saving info: ./results/energies_forces_nacs_run-100_train.txt
2025-10-22 10:49:43.887 DEBUG: Saving info: ./results/energies_forces_nacs_run-100_train.txt
2025-10-22 10:49:44.116 DEBUG: Saving info: ./results/energies_forces_nacs_run-100_train.txt
2025-10-22 10:49:44.346 DEBUG: Saving info: ./results/energies_forces_nacs_run-100_train.txt
2025-10-22 10:49:44.575 DEBUG: Saving info: ./results/energies_forces_nacs_run-100_train.txt
2025-10-22 10:49:44.805 DEBUG: Saving info: ./results/energies_forces_nacs_run-100_train.txt
2025-10-22 10:49:45.034 DEBUG: Saving info: ./results/energies_forces_nacs_run-100_train.txt
2025-10-22 10:49:45.264 DEBUG: Saving info: ./results/energies_forces_nacs_run-100_train.txt
2025-10-22 10:49:45.493 DEBUG: Saving info: ./results/energies_forces_nacs_run-100_train.txt
2025-10-22 10:49:45.722 DEBUG: Saving info: ./results/energies_forces_nacs_run-100_train.txt
2025-10-22 10:49:45.951 DEBUG: Saving info: ./results/energies_forces_nacs_run-100_train.txt
2025-10-22 10:49:46.181 DEBUG: Saving info: ./results/energies_forces_nacs_run-100_train.txt
2025-10-22 10:49:46.412 DEBUG: Saving info: ./results/energies_forces_nacs_run-100_train.txt
2025-10-22 10:49:46.641 DEBUG: Saving info: ./results/energies_forces_nacs_run-100_train.txt
2025-10-22 10:49:46.871 DEBUG: Saving info: ./results/energies_forces_nacs_run-100_train.txt
2025-10-22 10:49:47.101 DEBUG: Saving info: ./results/energies_forces_nacs_run-100_train.txt
2025-10-22 10:49:47.332 DEBUG: Saving info: ./results/energies_forces_nacs_run-100_train.txt
2025-10-22 10:49:47.561 DEBUG: Saving info: ./results/energies_forces_nacs_run-100_train.txt
2025-10-22 10:49:47.791 DEBUG: Saving info: ./results/energies_forces_nacs_run-100_train.txt
2025-10-22 10:49:48.021 DEBUG: Saving info: ./results/energies_forces_nacs_run-100_train.txt
2025-10-22 10:49:48.251 DEBUG: Saving info: ./results/energies_forces_nacs_run-100_train.txt
2025-10-22 10:49:48.481 DEBUG: Saving info: ./results/energies_forces_nacs_run-100_train.txt
2025-10-22 10:49:48.711 DEBUG: Saving info: ./results/energies_forces_nacs_run-100_train.txt
2025-10-22 10:49:48.942 DEBUG: Saving info: ./results/energies_forces_nacs_run-100_train.txt
2025-10-22 10:49:49.172 DEBUG: Saving info: ./results/energies_forces_nacs_run-100_train.txt
2025-10-22 10:49:49.402 DEBUG: Saving info: ./results/energies_forces_nacs_run-100_train.txt
2025-10-22 10:49:49.632 DEBUG: Saving info: ./results/energies_forces_nacs_run-100_train.txt
2025-10-22 10:49:49.862 DEBUG: Saving info: ./results/energies_forces_nacs_run-100_train.txt
2025-10-22 10:49:50.093 DEBUG: Saving info: ./results/energies_forces_nacs_run-100_train.txt
2025-10-22 10:49:50.323 DEBUG: Saving info: ./results/energies_forces_nacs_run-100_train.txt
2025-10-22 10:49:50.553 DEBUG: Saving info: ./results/energies_forces_nacs_run-100_train.txt
2025-10-22 10:49:50.783 DEBUG: Saving info: ./results/energies_forces_nacs_run-100_train.txt
2025-10-22 10:49:51.013 DEBUG: Saving info: ./results/energies_forces_nacs_run-100_train.txt
2025-10-22 10:49:51.243 DEBUG: Saving info: ./results/energies_forces_nacs_run-100_train.txt
2025-10-22 10:49:51.668 DEBUG: Saving info: ./results/energies_forces_nacs_run-100_train.txt
2025-10-22 10:49:51.677 DEBUG: Deleting old checkpoint file: ./checkpoints/energies_forces_nacs_run-100_epoch-0.pt
2025-10-22 10:49:51.679 DEBUG: Saving checkpoint: ./checkpoints/energies_forces_nacs_run-100_epoch-1.pt
2025-10-22 10:49:51.946 DEBUG: Saving info: ./results/energies_forces_nacs_run-100_train.txt
2025-10-22 10:49:52.176 DEBUG: Saving info: ./results/energies_forces_nacs_run-100_train.txt
2025-10-22 10:49:52.406 DEBUG: Saving info: ./results/energies_forces_nacs_run-100_train.txt
2025-10-22 10:49:52.636 DEBUG: Saving info: ./results/energies_forces_nacs_run-100_train.txt
2025-10-22 10:49:52.866 DEBUG: Saving info: ./results/energies_forces_nacs_run-100_train.txt
2025-10-22 10:49:53.096 DEBUG: Saving info: ./results/energies_forces_nacs_run-100_train.txt
2025-10-22 10:49:53.327 DEBUG: Saving info: ./results/energies_forces_nacs_run-100_train.txt
2025-10-22 10:49:53.557 DEBUG: Saving info: ./results/energies_forces_nacs_run-100_train.txt
2025-10-22 10:49:53.788 DEBUG: Saving info: ./results/energies_forces_nacs_run-100_train.txt
2025-10-22 10:49:54.018 DEBUG: Saving info: ./results/energies_forces_nacs_run-100_train.txt
2025-10-22 10:49:54.248 DEBUG: Saving info: ./results/energies_forces_nacs_run-100_train.txt
2025-10-22 10:49:54.478 DEBUG: Saving info: ./results/energies_forces_nacs_run-100_train.txt
2025-10-22 10:49:54.709 DEBUG: Saving info: ./results/energies_forces_nacs_run-100_train.txt
2025-10-22 10:49:54.939 DEBUG: Saving info: ./results/energies_forces_nacs_run-100_train.txt
2025-10-22 10:49:55.170 DEBUG: Saving info: ./results/energies_forces_nacs_run-100_train.txt
2025-10-22 10:49:55.400 DEBUG: Saving info: ./results/energies_forces_nacs_run-100_train.txt
2025-10-22 10:49:55.631 DEBUG: Saving info: ./results/energies_forces_nacs_run-100_train.txt
2025-10-22 10:49:55.862 DEBUG: Saving info: ./results/energies_forces_nacs_run-100_train.txt
2025-10-22 10:49:56.092 DEBUG: Saving info: ./results/energies_forces_nacs_run-100_train.txt
2025-10-22 10:49:56.322 DEBUG: Saving info: ./results/energies_forces_nacs_run-100_train.txt
2025-10-22 10:49:56.553 DEBUG: Saving info: ./results/energies_forces_nacs_run-100_train.txt
2025-10-22 10:49:56.783 DEBUG: Saving info: ./results/energies_forces_nacs_run-100_train.txt
2025-10-22 10:49:57.014 DEBUG: Saving info: ./results/energies_forces_nacs_run-100_train.txt
2025-10-22 10:49:57.244 DEBUG: Saving info: ./results/energies_forces_nacs_run-100_train.txt
2025-10-22 10:49:57.475 DEBUG: Saving info: ./results/energies_forces_nacs_run-100_train.txt
2025-10-22 10:49:57.706 DEBUG: Saving info: ./results/energies_forces_nacs_run-100_train.txt
2025-10-22 10:49:57.937 DEBUG: Saving info: ./results/energies_forces_nacs_run-100_train.txt
2025-10-22 10:49:58.168 DEBUG: Saving info: ./results/energies_forces_nacs_run-100_train.txt
2025-10-22 10:49:58.397 DEBUG: Saving info: ./results/energies_forces_nacs_run-100_train.txt
2025-10-22 10:49:58.627 DEBUG: Saving info: ./results/energies_forces_nacs_run-100_train.txt
2025-10-22 10:49:58.858 DEBUG: Saving info: ./results/energies_forces_nacs_run-100_train.txt
2025-10-22 10:49:59.089 DEBUG: Saving info: ./results/energies_forces_nacs_run-100_train.txt
2025-10-22 10:49:59.320 DEBUG: Saving info: ./results/energies_forces_nacs_run-100_train.txt
2025-10-22 10:49:59.550 DEBUG: Saving info: ./results/energies_forces_nacs_run-100_train.txt
2025-10-22 10:49:59.780 DEBUG: Saving info: ./results/energies_forces_nacs_run-100_train.txt
2025-10-22 10:50:00.011 DEBUG: Saving info: ./results/energies_forces_nacs_run-100_train.txt
2025-10-22 10:50:00.242 DEBUG: Saving info: ./results/energies_forces_nacs_run-100_train.txt
2025-10-22 10:50:00.472 DEBUG: Saving info: ./results/energies_forces_nacs_run-100_train.txt
2025-10-22 10:50:00.703 DEBUG: Saving info: ./results/energies_forces_nacs_run-100_train.txt
2025-10-22 10:50:00.934 DEBUG: Saving info: ./results/energies_forces_nacs_run-100_train.txt
2025-10-22 10:50:01.165 DEBUG: Saving info: ./results/energies_forces_nacs_run-100_train.txt
2025-10-22 10:50:01.396 DEBUG: Saving info: ./results/energies_forces_nacs_run-100_train.txt
2025-10-22 10:50:01.823 DEBUG: Saving info: ./results/energies_forces_nacs_run-100_train.txt
2025-10-22 10:50:01.824 DEBUG: Deleting old checkpoint file: ./checkpoints/energies_forces_nacs_run-100_epoch-1.pt
2025-10-22 10:50:01.826 DEBUG: Saving checkpoint: ./checkpoints/energies_forces_nacs_run-100_epoch-2.pt
2025-10-22 10:50:02.095 DEBUG: Saving info: ./results/energies_forces_nacs_run-100_train.txt
2025-10-22 10:50:02.333 DEBUG: Saving info: ./results/energies_forces_nacs_run-100_train.txt
2025-10-22 10:50:02.564 DEBUG: Saving info: ./results/energies_forces_nacs_run-100_train.txt
2025-10-22 10:50:02.795 DEBUG: Saving info: ./results/energies_forces_nacs_run-100_train.txt
2025-10-22 10:50:03.026 DEBUG: Saving info: ./results/energies_forces_nacs_run-100_train.txt
2025-10-22 10:50:03.257 DEBUG: Saving info: ./results/energies_forces_nacs_run-100_train.txt
2025-10-22 10:50:03.487 DEBUG: Saving info: ./results/energies_forces_nacs_run-100_train.txt
2025-10-22 10:50:03.718 DEBUG: Saving info: ./results/energies_forces_nacs_run-100_train.txt
2025-10-22 10:50:03.949 DEBUG: Saving info: ./results/energies_forces_nacs_run-100_train.txt
2025-10-22 10:50:04.180 DEBUG: Saving info: ./results/energies_forces_nacs_run-100_train.txt
2025-10-22 10:50:04.411 DEBUG: Saving info: ./results/energies_forces_nacs_run-100_train.txt
2025-10-22 10:50:04.642 DEBUG: Saving info: ./results/energies_forces_nacs_run-100_train.txt
2025-10-22 10:50:04.873 DEBUG: Saving info: ./results/energies_forces_nacs_run-100_train.txt
2025-10-22 10:50:05.104 DEBUG: Saving info: ./results/energies_forces_nacs_run-100_train.txt
2025-10-22 10:50:05.335 DEBUG: Saving info: ./results/energies_forces_nacs_run-100_train.txt
2025-10-22 10:50:05.566 DEBUG: Saving info: ./results/energies_forces_nacs_run-100_train.txt
2025-10-22 10:50:05.797 DEBUG: Saving info: ./results/energies_forces_nacs_run-100_train.txt
2025-10-22 10:50:06.028 DEBUG: Saving info: ./results/energies_forces_nacs_run-100_train.txt
2025-10-22 10:50:06.260 DEBUG: Saving info: ./results/energies_forces_nacs_run-100_train.txt
2025-10-22 10:50:06.491 DEBUG: Saving info: ./results/energies_forces_nacs_run-100_train.txt
2025-10-22 10:50:06.722 DEBUG: Saving info: ./results/energies_forces_nacs_run-100_train.txt
2025-10-22 10:50:06.953 DEBUG: Saving info: ./results/energies_forces_nacs_run-100_train.txt
2025-10-22 10:50:07.185 DEBUG: Saving info: ./results/energies_forces_nacs_run-100_train.txt
2025-10-22 10:50:07.423 DEBUG: Saving info: ./results/energies_forces_nacs_run-100_train.txt
2025-10-22 10:50:07.655 DEBUG: Saving info: ./results/energies_forces_nacs_run-100_train.txt
2025-10-22 10:50:07.886 DEBUG: Saving info: ./results/energies_forces_nacs_run-100_train.txt
2025-10-22 10:50:08.117 DEBUG: Saving info: ./results/energies_forces_nacs_run-100_train.txt
2025-10-22 10:50:08.349 DEBUG: Saving info: ./results/energies_forces_nacs_run-100_train.txt
2025-10-22 10:50:08.580 DEBUG: Saving info: ./results/energies_forces_nacs_run-100_train.txt
2025-10-22 10:50:08.812 DEBUG: Saving info: ./results/energies_forces_nacs_run-100_train.txt
2025-10-22 10:50:09.044 DEBUG: Saving info: ./results/energies_forces_nacs_run-100_train.txt
2025-10-22 10:50:09.276 DEBUG: Saving info: ./results/energies_forces_nacs_run-100_train.txt
2025-10-22 10:50:09.508 DEBUG: Saving info: ./results/energies_forces_nacs_run-100_train.txt
2025-10-22 10:50:09.739 DEBUG: Saving info: ./results/energies_forces_nacs_run-100_train.txt
2025-10-22 10:50:09.971 DEBUG: Saving info: ./results/energies_forces_nacs_run-100_train.txt
2025-10-22 10:50:10.203 DEBUG: Saving info: ./results/energies_forces_nacs_run-100_train.txt
2025-10-22 10:50:10.434 DEBUG: Saving info: ./results/energies_forces_nacs_run-100_train.txt
2025-10-22 10:50:10.666 DEBUG: Saving info: ./results/energies_forces_nacs_run-100_train.txt
2025-10-22 10:50:10.897 DEBUG: Saving info: ./results/energies_forces_nacs_run-100_train.txt
2025-10-22 10:50:11.129 DEBUG: Saving info: ./results/energies_forces_nacs_run-100_train.txt
2025-10-22 10:50:11.361 DEBUG: Saving info: ./results/energies_forces_nacs_run-100_train.txt
2025-10-22 10:50:11.592 DEBUG: Saving info: ./results/energies_forces_nacs_run-100_train.txt
2025-10-22 10:50:12.021 DEBUG: Saving info: ./results/energies_forces_nacs_run-100_train.txt
2025-10-22 10:50:12.022 DEBUG: Deleting old checkpoint file: ./checkpoints/energies_forces_nacs_run-100_epoch-2.pt
2025-10-22 10:50:12.023 DEBUG: Saving checkpoint: ./checkpoints/energies_forces_nacs_run-100_epoch-3.pt
2025-10-22 10:50:12.292 DEBUG: Saving info: ./results/energies_forces_nacs_run-100_train.txt
2025-10-22 10:50:12.530 DEBUG: Saving info: ./results/energies_forces_nacs_run-100_train.txt
2025-10-22 10:50:12.762 DEBUG: Saving info: ./results/energies_forces_nacs_run-100_train.txt
2025-10-22 10:50:12.993 DEBUG: Saving info: ./results/energies_forces_nacs_run-100_train.txt
2025-10-22 10:50:13.225 DEBUG: Saving info: ./results/energies_forces_nacs_run-100_train.txt
2025-10-22 10:50:13.457 DEBUG: Saving info: ./results/energies_forces_nacs_run-100_train.txt
2025-10-22 10:50:13.688 DEBUG: Saving info: ./results/energies_forces_nacs_run-100_train.txt
2025-10-22 10:50:13.921 DEBUG: Saving info: ./results/energies_forces_nacs_run-100_train.txt
2025-10-22 10:50:14.152 DEBUG: Saving info: ./results/energies_forces_nacs_run-100_train.txt
2025-10-22 10:50:14.384 DEBUG: Saving info: ./results/energies_forces_nacs_run-100_train.txt
2025-10-22 10:50:14.616 DEBUG: Saving info: ./results/energies_forces_nacs_run-100_train.txt
2025-10-22 10:50:14.848 DEBUG: Saving info: ./results/energies_forces_nacs_run-100_train.txt
2025-10-22 10:50:15.081 DEBUG: Saving info: ./results/energies_forces_nacs_run-100_train.txt
2025-10-22 10:50:15.313 DEBUG: Saving info: ./results/energies_forces_nacs_run-100_train.txt
2025-10-22 10:50:15.544 DEBUG: Saving info: ./results/energies_forces_nacs_run-100_train.txt
2025-10-22 10:50:15.776 DEBUG: Saving info: ./results/energies_forces_nacs_run-100_train.txt
2025-10-22 10:50:16.007 DEBUG: Saving info: ./results/energies_forces_nacs_run-100_train.txt
2025-10-22 10:50:16.240 DEBUG: Saving info: ./results/energies_forces_nacs_run-100_train.txt
2025-10-22 10:50:16.471 DEBUG: Saving info: ./results/energies_forces_nacs_run-100_train.txt
2025-10-22 10:50:16.703 DEBUG: Saving info: ./results/energies_forces_nacs_run-100_train.txt
2025-10-22 10:50:16.935 DEBUG: Saving info: ./results/energies_forces_nacs_run-100_train.txt
2025-10-22 10:50:17.167 DEBUG: Saving info: ./results/energies_forces_nacs_run-100_train.txt
2025-10-22 10:50:17.399 DEBUG: Saving info: ./results/energies_forces_nacs_run-100_train.txt
2025-10-22 10:50:17.631 DEBUG: Saving info: ./results/energies_forces_nacs_run-100_train.txt
2025-10-22 10:50:17.863 DEBUG: Saving info: ./results/energies_forces_nacs_run-100_train.txt
2025-10-22 10:50:18.094 DEBUG: Saving info: ./results/energies_forces_nacs_run-100_train.txt
2025-10-22 10:50:18.326 DEBUG: Saving info: ./results/energies_forces_nacs_run-100_train.txt
2025-10-22 10:50:18.559 DEBUG: Saving info: ./results/energies_forces_nacs_run-100_train.txt
2025-10-22 10:50:18.791 DEBUG: Saving info: ./results/energies_forces_nacs_run-100_train.txt
2025-10-22 10:50:19.023 DEBUG: Saving info: ./results/energies_forces_nacs_run-100_train.txt
2025-10-22 10:50:19.255 DEBUG: Saving info: ./results/energies_forces_nacs_run-100_train.txt
2025-10-22 10:50:19.487 DEBUG: Saving info: ./results/energies_forces_nacs_run-100_train.txt
2025-10-22 10:50:19.720 DEBUG: Saving info: ./results/energies_forces_nacs_run-100_train.txt
2025-10-22 10:50:19.951 DEBUG: Saving info: ./results/energies_forces_nacs_run-100_train.txt
2025-10-22 10:50:20.184 DEBUG: Saving info: ./results/energies_forces_nacs_run-100_train.txt
2025-10-22 10:50:20.416 DEBUG: Saving info: ./results/energies_forces_nacs_run-100_train.txt
2025-10-22 10:51:32.931 INFO: ===========VERIFYING SETTINGS===========
2025-10-22 10:51:32.931 INFO: MACE version: 0.3.6
2025-10-22 10:51:32.931 DEBUG: Configuration: Namespace(config=None, name='energies_forces_nacs', seed=100, work_dir='.', nacs_key='smooth_nacs', log_dir='./logs', model_dir='.', checkpoints_dir='./checkpoints', results_dir='./results', downloads_dir='./downloads', device='cuda', default_dtype='float32', distributed=False, log_level='INFO', n_energies=4, error_table='EnergyNacsDipoleMAE', model='ExcitedMACE', r_max=5.0, num_permutational_invariant=16, radial_type='bessel', num_radial_basis=8, num_cutoff_basis=5, pair_repulsion=False, distance_transform='None', interaction='RealAgnosticResidualInteractionBlock', interaction_first='RealAgnosticResidualInteractionBlock', max_ell=3, correlation=3, num_interactions=2, MLP_irreps='128x0e', radial_MLP='[64, 64, 64]', hidden_irreps='128x0e + 128x1o', num_channels=128, max_L=1, gate='silu', scaling='rms_forces_scaling', avg_num_neighbors=1, compute_avg_num_neighbors=True, compute_stress=False, compute_forces=True, compute_dipoles=True, compute_nacs=True, compute_socs=False, train_file='ENERGIES_FORCES_NACS.xyz', valid_file=None, valid_fraction=0.1, test_file=None, test_dir=None, multi_processed_test=False, num_workers=0, pin_memory=True, atomic_numbers=None, mean=None, std=None, statistics_file=None, E0s='average', keep_isolated_atoms=False, energy_key='REF_energy', forces_key='REF_forces', virials_key='REF_virials', stress_key='REF_stress', dipoles_key='REF_dipoles', charges_key='REF_charges', loss='weighted', forces_weight=0.0, nacs_weight=0.0, socs_weight=0.0, soc_num=None, nac_num=6, swa_forces_weight=100.0, energy_weight=100.0, swa_energy_weight=1000.0, virials_weight=1.0, swa_virials_weight=10.0, stress_weight=1.0, swa_stress_weight=10.0, dipoles_weight=1.0, swa_dipole_weight=1.0, config_type_weights='{"Default":1.0}', huber_delta=0.01, optimizer='adam', beta=0.9, batch_size=20, valid_batch_size=10, lr=0.001, swa_lr=0.001, weight_decay=5e-07, amsgrad=True, scheduler='ReduceLROnPlateau', lr_factor=0.8, scheduler_patience=50, lr_scheduler_gamma=0.9993, swa=False, start_swa=None, ema=True, ema_decay=0.99, max_num_epochs=100, patience=2048, foundation_model=None, foundation_model_readout=True, eval_interval=1, keep_checkpoints=False, save_all_checkpoints=False, restart_latest=False, save_cpu=False, clip_grad=10.0, wandb=False, wandb_dir=None, wandb_project='', wandb_entity='', wandb_name='', wandb_log_hypers=['num_channels', 'max_L', 'correlation', 'lr', 'swa_lr', 'weight_decay', 'batch_size', 'max_num_epochs', 'start_swa', 'energy_weight', 'forces_weight'])
2025-10-22 10:51:32.960 INFO: CUDA version: 12.4, CUDA device: 0
2025-10-22 10:51:32.978 DEBUG: Popen(['git', 'version'], cwd=/home/rhyan/Exciton_model/X-MACE, stdin=None, shell=False, universal_newlines=False)
2025-10-22 10:51:32.979 DEBUG: Popen(['git', 'version'], cwd=/home/rhyan/Exciton_model/X-MACE, stdin=None, shell=False, universal_newlines=False)
2025-10-22 10:51:32.981 DEBUG: sys.platform='linux', git_executable='git'
2025-10-22 10:51:32.981 DEBUG: Popen(['git', 'cat-file', '--batch-check'], cwd=/home/rhyan/Exciton_model/X-MACE, stdin=<valid stream>, shell=False, universal_newlines=False)
2025-10-22 10:51:32.982 DEBUG: Current Git commit: 0861c52cf365064d060e006c179e4cc1785b61c2
2025-10-22 10:51:32.982 INFO: 
2025-10-22 10:51:32.982 INFO: ===========LOADING INPUT DATA===========
2025-10-22 10:51:34.414 INFO: Using random 10% of training set for validation with indices saved in: ./valid_indices_100.txt
2025-10-22 10:51:34.416 INFO: Atomic Numbers used: [1, 6, 7, 8]
2025-10-22 10:51:34.416 INFO: Isolated Atomic Energies (E0s) not in training file, using command line argument
2025-10-22 10:51:34.416 INFO: Computing average Atomic Energies using least squares regression
2025-10-22 10:51:34.423 INFO: Atomic Energies used (z: eV): {1: -967.8427909292559, 6: -1244.3693026233295, 7: -138.2632558470366, 8: -829.5795350822196}
2025-10-22 10:51:34.621 INFO: 
2025-10-22 10:51:34.621 INFO: ===========MODEL DETAILS===========
2025-10-22 10:51:34.847 INFO: Average number of neighbors: 15.7
2025-10-22 10:51:34.847 INFO: During training the following quantities will be reported: energy, forces, dipoles, nacs
2025-10-22 10:51:34.919 INFO: Building model
2025-10-22 10:51:34.919 INFO: Message passing with 128 channels and max_L=1 (128x0e + 128x1o)
2025-10-22 10:51:34.919 INFO: 2 layers, each with correlation order: 3 (body order: 4) and spherical harmonics up to: l=3
2025-10-22 10:51:34.919 INFO: 8 radial and 5 basis functions
2025-10-22 10:51:34.919 INFO: Radial cutoff: 5.0 Å (total receptive field for each atom: 10.0 Å)
2025-10-22 10:51:34.919 INFO: Distance transform for radial basis functions: None
2025-10-22 10:51:35.619 DEBUG: ExcitedMACE(
  (node_embedding): LinearNodeEmbeddingBlock(
    (linear): Linear(4x0e -> 128x0e | 512 weights)
  )
  (radial_embedding): RadialEmbeddingBlock(
    (bessel_fn): BesselBasis(r_max=5.0, num_basis=8, trainable=False)
    (cutoff_fn): PolynomialCutoff(p=5.0, r_max=5.0)
  )
  (spherical_harmonics): SphericalHarmonics()
  (atomic_energies_fn): AtomicEnergiesBlock(energies=[-967.8428, -1244.3693, -138.2633, -829.5795])
  (interactions): ModuleList(
    (0): RealAgnosticInteractionBlock(
      (linear_up): Linear(128x0e -> 128x0e | 16384 weights)
      (conv_tp): TensorProduct(128x0e x 1x0e+1x1o+1x2e+1x3o -> 128x0e+128x1o+128x2e+128x3o | 512 paths | 512 weights)
      (conv_tp_weights): FullyConnectedNet[8, 64, 64, 64, 512]
      (linear): Linear(128x0e+128x1o+128x2e+128x3o -> 128x0e+128x1o+128x2e+128x3o | 65536 weights)
      (skip_tp): FullyConnectedTensorProduct(128x0e+128x1o+128x2e+128x3o x 4x0e -> 128x0e+128x1o+128x2e+128x3o | 262144 paths | 262144 weights)
      (reshape): reshape_irreps()
    )
    (1): RealAgnosticResidualInteractionBlock(
      (linear_up): Linear(128x0e+128x1o -> 128x0e+128x1o | 32768 weights)
      (conv_tp): TensorProduct(128x0e+128x1o x 1x0e+1x1o+1x2e+1x3o -> 256x0e+384x1o+384x2e+256x3o | 1280 paths | 1280 weights)
      (conv_tp_weights): FullyConnectedNet[8, 64, 64, 64, 1280]
      (linear): Linear(256x0e+384x1o+384x2e+256x3o -> 128x0e+128x1o+128x2e+128x3o | 163840 weights)
      (skip_tp): FullyConnectedTensorProduct(128x0e+128x1o x 4x0e -> 128x0e | 65536 paths | 65536 weights)
      (reshape): reshape_irreps()
    )
  )
  (products): ModuleList(
    (0): EquivariantProductBasisBlock(
      (symmetric_contractions): SymmetricContraction(
        (contractions): ModuleList(
          (0): Contraction(
            (contractions_weighting): ModuleList(
              (0-1): 2 x GraphModule()
            )
            (contractions_features): ModuleList(
              (0-1): 2 x GraphModule()
            )
            (weights): ParameterList(
                (0): Parameter containing: [torch.float32 of size 4x4x128 (cuda:0)]
                (1): Parameter containing: [torch.float32 of size 4x1x128 (cuda:0)]
            )
            (graph_opt_main): GraphModule()
          )
          (1): Contraction(
            (contractions_weighting): ModuleList(
              (0-1): 2 x GraphModule()
            )
            (contractions_features): ModuleList(
              (0-1): 2 x GraphModule()
            )
            (weights): ParameterList(
                (0): Parameter containing: [torch.float32 of size 4x6x128 (cuda:0)]
                (1): Parameter containing: [torch.float32 of size 4x1x128 (cuda:0)]
            )
            (graph_opt_main): GraphModule()
          )
        )
      )
      (linear): Linear(128x0e+128x1o -> 128x0e+128x1o | 32768 weights)
    )
    (1): EquivariantProductBasisBlock(
      (symmetric_contractions): SymmetricContraction(
        (contractions): ModuleList(
          (0): Contraction(
            (contractions_weighting): ModuleList(
              (0-1): 2 x GraphModule()
            )
            (contractions_features): ModuleList(
              (0-1): 2 x GraphModule()
            )
            (weights): ParameterList(
                (0): Parameter containing: [torch.float32 of size 4x4x128 (cuda:0)]
                (1): Parameter containing: [torch.float32 of size 4x1x128 (cuda:0)]
            )
            (graph_opt_main): GraphModule()
          )
        )
      )
      (linear): Linear(128x0e -> 128x0e | 16384 weights)
    )
  )
  (readouts): ModuleList(
    (0): LinearReadoutBlock(
      (linear): Linear(128x0e+128x1o -> 4x0e+6x1o | 1280 weights)
    )
    (1): NonLinearReadoutBlock(
      (linear_1): Linear(128x0e -> 128x0e | 16384 weights)
      (non_linearity): Activation [x] (128x0e -> 128x0e)
      (linear_2): Linear(128x0e -> 4x0e+6x1o | 512 weights)
    )
  )
  (socs_readouts): ModuleList(
    (0): None
  )
)
2025-10-22 10:51:35.621 INFO: Total number of parameters: 864512
2025-10-22 10:51:35.621 INFO: 
2025-10-22 10:51:35.621 INFO: ===========OPTIMIZER INFORMATION===========
2025-10-22 10:51:35.621 INFO: Using ADAM as parameter optimizer
2025-10-22 10:51:35.621 INFO: Batch size: 20
2025-10-22 10:51:35.621 INFO: Using Exponential Moving Average with decay: 0.99
2025-10-22 10:51:35.621 INFO: Number of gradient updates: 4275
2025-10-22 10:51:35.621 INFO: Learning rate: 0.001, weight decay: 5e-07
2025-10-22 10:51:35.621 INFO: WeightedEnergyForcesNacsDipoleLoss(energy_weight=100.000, forces_weight=0.000, dipole_weight=1.000)
2025-10-22 10:51:35.622 INFO: Using gradient clipping with tolerance=10.000
2025-10-22 10:51:35.622 INFO: 
2025-10-22 10:51:35.622 INFO: ===========TRAINING===========
2025-10-22 10:51:35.622 INFO: Started training, reporting errors on validation set
2025-10-22 10:51:35.622 INFO: Loss metrics on validation set
2025-10-22 10:52:50.622 INFO: ===========VERIFYING SETTINGS===========
2025-10-22 10:52:50.622 INFO: MACE version: 0.3.6
2025-10-22 10:52:50.622 DEBUG: Configuration: Namespace(config=None, name='energies_forces_nacs', seed=100, work_dir='.', nacs_key='smooth_nacs', log_dir='./logs', model_dir='.', checkpoints_dir='./checkpoints', results_dir='./results', downloads_dir='./downloads', device='cuda', default_dtype='float32', distributed=False, log_level='INFO', n_energies=4, error_table='EnergyNacsDipoleMAE', model='ExcitedMACE', r_max=5.0, num_permutational_invariant=16, radial_type='bessel', num_radial_basis=8, num_cutoff_basis=5, pair_repulsion=False, distance_transform='None', interaction='RealAgnosticResidualInteractionBlock', interaction_first='RealAgnosticResidualInteractionBlock', max_ell=3, correlation=3, num_interactions=2, MLP_irreps='128x0e', radial_MLP='[64, 64, 64]', hidden_irreps='128x0e + 128x1o', num_channels=128, max_L=1, gate='silu', scaling='rms_forces_scaling', avg_num_neighbors=1, compute_avg_num_neighbors=True, compute_stress=False, compute_forces=True, compute_dipoles=True, compute_nacs=True, compute_socs=False, train_file='ENERGIES_FORCES_NACS.xyz', valid_file=None, valid_fraction=0.1, test_file=None, test_dir=None, multi_processed_test=False, num_workers=0, pin_memory=True, atomic_numbers=None, mean=None, std=None, statistics_file=None, E0s='average', keep_isolated_atoms=False, energy_key='REF_energy', forces_key='REF_forces', virials_key='REF_virials', stress_key='REF_stress', dipoles_key='REF_dipoles', charges_key='REF_charges', loss='weighted', forces_weight=0.0, nacs_weight=0.0, socs_weight=0.0, soc_num=None, nac_num=6, swa_forces_weight=100.0, energy_weight=100.0, swa_energy_weight=1000.0, virials_weight=1.0, swa_virials_weight=10.0, stress_weight=1.0, swa_stress_weight=10.0, dipoles_weight=1.0, swa_dipole_weight=1.0, config_type_weights='{"Default":1.0}', huber_delta=0.01, optimizer='adam', beta=0.9, batch_size=20, valid_batch_size=10, lr=0.001, swa_lr=0.001, weight_decay=5e-07, amsgrad=True, scheduler='ReduceLROnPlateau', lr_factor=0.8, scheduler_patience=50, lr_scheduler_gamma=0.9993, swa=False, start_swa=None, ema=True, ema_decay=0.99, max_num_epochs=100, patience=2048, foundation_model=None, foundation_model_readout=True, eval_interval=1, keep_checkpoints=False, save_all_checkpoints=False, restart_latest=False, save_cpu=False, clip_grad=10.0, wandb=False, wandb_dir=None, wandb_project='', wandb_entity='', wandb_name='', wandb_log_hypers=['num_channels', 'max_L', 'correlation', 'lr', 'swa_lr', 'weight_decay', 'batch_size', 'max_num_epochs', 'start_swa', 'energy_weight', 'forces_weight'])
2025-10-22 10:52:50.651 INFO: CUDA version: 12.4, CUDA device: 0
2025-10-22 10:52:50.669 DEBUG: Popen(['git', 'version'], cwd=/home/rhyan/Exciton_model/X-MACE, stdin=None, shell=False, universal_newlines=False)
2025-10-22 10:52:50.670 DEBUG: Popen(['git', 'version'], cwd=/home/rhyan/Exciton_model/X-MACE, stdin=None, shell=False, universal_newlines=False)
2025-10-22 10:52:50.672 DEBUG: sys.platform='linux', git_executable='git'
2025-10-22 10:52:50.672 DEBUG: Popen(['git', 'cat-file', '--batch-check'], cwd=/home/rhyan/Exciton_model/X-MACE, stdin=<valid stream>, shell=False, universal_newlines=False)
2025-10-22 10:52:50.673 DEBUG: Current Git commit: 0861c52cf365064d060e006c179e4cc1785b61c2
2025-10-22 10:52:50.673 INFO: 
2025-10-22 10:52:50.673 INFO: ===========LOADING INPUT DATA===========
2025-10-22 10:52:52.102 INFO: Using random 10% of training set for validation with indices saved in: ./valid_indices_100.txt
2025-10-22 10:52:52.106 INFO: Atomic Numbers used: [1, 6, 7, 8]
2025-10-22 10:52:52.106 INFO: Isolated Atomic Energies (E0s) not in training file, using command line argument
2025-10-22 10:52:52.106 INFO: Computing average Atomic Energies using least squares regression
2025-10-22 10:52:52.114 INFO: Atomic Energies used (z: eV): {1: -967.8427909292559, 6: -1244.3693026233295, 7: -138.2632558470366, 8: -829.5795350822196}
2025-10-22 10:52:52.315 INFO: 
2025-10-22 10:52:52.315 INFO: ===========MODEL DETAILS===========
2025-10-22 10:52:52.545 INFO: Average number of neighbors: 15.7
2025-10-22 10:52:52.545 INFO: During training the following quantities will be reported: energy, forces, dipoles, nacs
2025-10-22 10:52:52.616 INFO: Building model
2025-10-22 10:52:52.616 INFO: Message passing with 128 channels and max_L=1 (128x0e + 128x1o)
2025-10-22 10:52:52.616 INFO: 2 layers, each with correlation order: 3 (body order: 4) and spherical harmonics up to: l=3
2025-10-22 10:52:52.616 INFO: 8 radial and 5 basis functions
2025-10-22 10:52:52.616 INFO: Radial cutoff: 5.0 Å (total receptive field for each atom: 10.0 Å)
2025-10-22 10:52:52.616 INFO: Distance transform for radial basis functions: None
2025-10-22 10:52:53.321 DEBUG: ExcitedMACE(
  (node_embedding): LinearNodeEmbeddingBlock(
    (linear): Linear(4x0e -> 128x0e | 512 weights)
  )
  (radial_embedding): RadialEmbeddingBlock(
    (bessel_fn): BesselBasis(r_max=5.0, num_basis=8, trainable=False)
    (cutoff_fn): PolynomialCutoff(p=5.0, r_max=5.0)
  )
  (spherical_harmonics): SphericalHarmonics()
  (atomic_energies_fn): AtomicEnergiesBlock(energies=[-967.8428, -1244.3693, -138.2633, -829.5795])
  (interactions): ModuleList(
    (0): RealAgnosticInteractionBlock(
      (linear_up): Linear(128x0e -> 128x0e | 16384 weights)
      (conv_tp): TensorProduct(128x0e x 1x0e+1x1o+1x2e+1x3o -> 128x0e+128x1o+128x2e+128x3o | 512 paths | 512 weights)
      (conv_tp_weights): FullyConnectedNet[8, 64, 64, 64, 512]
      (linear): Linear(128x0e+128x1o+128x2e+128x3o -> 128x0e+128x1o+128x2e+128x3o | 65536 weights)
      (skip_tp): FullyConnectedTensorProduct(128x0e+128x1o+128x2e+128x3o x 4x0e -> 128x0e+128x1o+128x2e+128x3o | 262144 paths | 262144 weights)
      (reshape): reshape_irreps()
    )
    (1): RealAgnosticResidualInteractionBlock(
      (linear_up): Linear(128x0e+128x1o -> 128x0e+128x1o | 32768 weights)
      (conv_tp): TensorProduct(128x0e+128x1o x 1x0e+1x1o+1x2e+1x3o -> 256x0e+384x1o+384x2e+256x3o | 1280 paths | 1280 weights)
      (conv_tp_weights): FullyConnectedNet[8, 64, 64, 64, 1280]
      (linear): Linear(256x0e+384x1o+384x2e+256x3o -> 128x0e+128x1o+128x2e+128x3o | 163840 weights)
      (skip_tp): FullyConnectedTensorProduct(128x0e+128x1o x 4x0e -> 128x0e | 65536 paths | 65536 weights)
      (reshape): reshape_irreps()
    )
  )
  (products): ModuleList(
    (0): EquivariantProductBasisBlock(
      (symmetric_contractions): SymmetricContraction(
        (contractions): ModuleList(
          (0): Contraction(
            (contractions_weighting): ModuleList(
              (0-1): 2 x GraphModule()
            )
            (contractions_features): ModuleList(
              (0-1): 2 x GraphModule()
            )
            (weights): ParameterList(
                (0): Parameter containing: [torch.float32 of size 4x4x128 (cuda:0)]
                (1): Parameter containing: [torch.float32 of size 4x1x128 (cuda:0)]
            )
            (graph_opt_main): GraphModule()
          )
          (1): Contraction(
            (contractions_weighting): ModuleList(
              (0-1): 2 x GraphModule()
            )
            (contractions_features): ModuleList(
              (0-1): 2 x GraphModule()
            )
            (weights): ParameterList(
                (0): Parameter containing: [torch.float32 of size 4x6x128 (cuda:0)]
                (1): Parameter containing: [torch.float32 of size 4x1x128 (cuda:0)]
            )
            (graph_opt_main): GraphModule()
          )
        )
      )
      (linear): Linear(128x0e+128x1o -> 128x0e+128x1o | 32768 weights)
    )
    (1): EquivariantProductBasisBlock(
      (symmetric_contractions): SymmetricContraction(
        (contractions): ModuleList(
          (0): Contraction(
            (contractions_weighting): ModuleList(
              (0-1): 2 x GraphModule()
            )
            (contractions_features): ModuleList(
              (0-1): 2 x GraphModule()
            )
            (weights): ParameterList(
                (0): Parameter containing: [torch.float32 of size 4x4x128 (cuda:0)]
                (1): Parameter containing: [torch.float32 of size 4x1x128 (cuda:0)]
            )
            (graph_opt_main): GraphModule()
          )
        )
      )
      (linear): Linear(128x0e -> 128x0e | 16384 weights)
    )
  )
  (readouts): ModuleList(
    (0): LinearReadoutBlock(
      (linear): Linear(128x0e+128x1o -> 4x0e+6x1o | 1280 weights)
    )
    (1): NonLinearReadoutBlock(
      (linear_1): Linear(128x0e -> 128x0e | 16384 weights)
      (non_linearity): Activation [x] (128x0e -> 128x0e)
      (linear_2): Linear(128x0e -> 4x0e+6x1o | 512 weights)
    )
  )
  (socs_readouts): ModuleList(
    (0): None
  )
)
2025-10-22 10:52:53.322 INFO: Total number of parameters: 864512
2025-10-22 10:52:53.322 INFO: 
2025-10-22 10:52:53.322 INFO: ===========OPTIMIZER INFORMATION===========
2025-10-22 10:52:53.322 INFO: Using ADAM as parameter optimizer
2025-10-22 10:52:53.322 INFO: Batch size: 20
2025-10-22 10:52:53.322 INFO: Using Exponential Moving Average with decay: 0.99
2025-10-22 10:52:53.322 INFO: Number of gradient updates: 4275
2025-10-22 10:52:53.322 INFO: Learning rate: 0.001, weight decay: 5e-07
2025-10-22 10:52:53.322 INFO: WeightedEnergyForcesNacsDipoleLoss(energy_weight=100.000, forces_weight=0.000, dipole_weight=1.000)
2025-10-22 10:52:53.323 INFO: Using gradient clipping with tolerance=10.000
2025-10-22 10:52:53.323 INFO: 
2025-10-22 10:52:53.323 INFO: ===========TRAINING===========
2025-10-22 10:52:53.323 INFO: Started training, reporting errors on validation set
2025-10-22 10:52:53.323 INFO: Loss metrics on validation set
2025-10-22 10:52:55.740 DEBUG: Saving info: ./results/energies_forces_nacs_run-100_train.txt
2025-10-22 10:52:56.314 DEBUG: Saving info: ./results/energies_forces_nacs_run-100_train.txt
2025-10-22 10:52:57.009 DEBUG: Saving info: ./results/energies_forces_nacs_run-100_train.txt
2025-10-22 10:52:57.759 DEBUG: Saving info: ./results/energies_forces_nacs_run-100_train.txt
2025-10-22 10:52:57.986 DEBUG: Saving info: ./results/energies_forces_nacs_run-100_train.txt
2025-10-22 10:52:58.214 DEBUG: Saving info: ./results/energies_forces_nacs_run-100_train.txt
2025-10-22 10:52:58.442 DEBUG: Saving info: ./results/energies_forces_nacs_run-100_train.txt
2025-10-22 10:52:58.671 DEBUG: Saving info: ./results/energies_forces_nacs_run-100_train.txt
2025-10-22 10:52:58.900 DEBUG: Saving info: ./results/energies_forces_nacs_run-100_train.txt
2025-10-22 10:52:59.129 DEBUG: Saving info: ./results/energies_forces_nacs_run-100_train.txt
2025-10-22 10:52:59.357 DEBUG: Saving info: ./results/energies_forces_nacs_run-100_train.txt
2025-10-22 10:52:59.587 DEBUG: Saving info: ./results/energies_forces_nacs_run-100_train.txt
2025-10-22 10:52:59.815 DEBUG: Saving info: ./results/energies_forces_nacs_run-100_train.txt
2025-10-22 10:53:00.045 DEBUG: Saving info: ./results/energies_forces_nacs_run-100_train.txt
2025-10-22 10:53:00.274 DEBUG: Saving info: ./results/energies_forces_nacs_run-100_train.txt
2025-10-22 10:53:00.502 DEBUG: Saving info: ./results/energies_forces_nacs_run-100_train.txt
2025-10-22 10:53:00.731 DEBUG: Saving info: ./results/energies_forces_nacs_run-100_train.txt
2025-10-22 10:53:00.960 DEBUG: Saving info: ./results/energies_forces_nacs_run-100_train.txt
2025-10-22 10:53:01.189 DEBUG: Saving info: ./results/energies_forces_nacs_run-100_train.txt
2025-10-22 10:53:01.418 DEBUG: Saving info: ./results/energies_forces_nacs_run-100_train.txt
2025-10-22 10:53:01.647 DEBUG: Saving info: ./results/energies_forces_nacs_run-100_train.txt
2025-10-22 10:53:01.876 DEBUG: Saving info: ./results/energies_forces_nacs_run-100_train.txt
2025-10-22 10:53:02.106 DEBUG: Saving info: ./results/energies_forces_nacs_run-100_train.txt
2025-10-22 10:53:02.335 DEBUG: Saving info: ./results/energies_forces_nacs_run-100_train.txt
2025-10-22 10:53:02.564 DEBUG: Saving info: ./results/energies_forces_nacs_run-100_train.txt
2025-10-22 10:53:02.793 DEBUG: Saving info: ./results/energies_forces_nacs_run-100_train.txt
2025-10-22 10:53:03.022 DEBUG: Saving info: ./results/energies_forces_nacs_run-100_train.txt
2025-10-22 10:53:03.251 DEBUG: Saving info: ./results/energies_forces_nacs_run-100_train.txt
2025-10-22 10:53:03.478 DEBUG: Saving info: ./results/energies_forces_nacs_run-100_train.txt
2025-10-22 10:53:03.708 DEBUG: Saving info: ./results/energies_forces_nacs_run-100_train.txt
2025-10-22 10:53:03.937 DEBUG: Saving info: ./results/energies_forces_nacs_run-100_train.txt
2025-10-22 10:53:04.166 DEBUG: Saving info: ./results/energies_forces_nacs_run-100_train.txt
2025-10-22 10:53:04.395 DEBUG: Saving info: ./results/energies_forces_nacs_run-100_train.txt
2025-10-22 10:53:04.625 DEBUG: Saving info: ./results/energies_forces_nacs_run-100_train.txt
2025-10-22 10:53:04.854 DEBUG: Saving info: ./results/energies_forces_nacs_run-100_train.txt
2025-10-22 10:53:05.084 DEBUG: Saving info: ./results/energies_forces_nacs_run-100_train.txt
2025-10-22 10:53:05.314 DEBUG: Saving info: ./results/energies_forces_nacs_run-100_train.txt
2025-10-22 10:53:05.543 DEBUG: Saving info: ./results/energies_forces_nacs_run-100_train.txt
2025-10-22 10:53:05.772 DEBUG: Saving info: ./results/energies_forces_nacs_run-100_train.txt
2025-10-22 10:53:06.001 DEBUG: Saving info: ./results/energies_forces_nacs_run-100_train.txt
2025-10-22 10:53:06.231 DEBUG: Saving info: ./results/energies_forces_nacs_run-100_train.txt
2025-10-22 10:53:06.461 DEBUG: Saving info: ./results/energies_forces_nacs_run-100_train.txt
2025-10-22 10:53:06.690 DEBUG: Saving info: ./results/energies_forces_nacs_run-100_train.txt
2025-10-22 10:53:07.114 DEBUG: Saving info: ./results/energies_forces_nacs_run-100_train.txt
2025-10-22 10:53:07.115 DEBUG: Saving checkpoint: ./checkpoints/energies_forces_nacs_run-100_epoch-0.pt
2025-10-22 10:53:07.389 DEBUG: Saving info: ./results/energies_forces_nacs_run-100_train.txt
2025-10-22 10:53:07.618 DEBUG: Saving info: ./results/energies_forces_nacs_run-100_train.txt
2025-10-22 10:53:07.848 DEBUG: Saving info: ./results/energies_forces_nacs_run-100_train.txt
2025-10-22 10:53:08.078 DEBUG: Saving info: ./results/energies_forces_nacs_run-100_train.txt
2025-10-22 10:53:08.308 DEBUG: Saving info: ./results/energies_forces_nacs_run-100_train.txt
2025-10-22 10:53:08.537 DEBUG: Saving info: ./results/energies_forces_nacs_run-100_train.txt
2025-10-22 10:53:08.767 DEBUG: Saving info: ./results/energies_forces_nacs_run-100_train.txt
2025-10-22 10:53:08.997 DEBUG: Saving info: ./results/energies_forces_nacs_run-100_train.txt
2025-10-22 10:53:09.227 DEBUG: Saving info: ./results/energies_forces_nacs_run-100_train.txt
2025-10-22 10:53:09.457 DEBUG: Saving info: ./results/energies_forces_nacs_run-100_train.txt
2025-10-22 10:53:09.687 DEBUG: Saving info: ./results/energies_forces_nacs_run-100_train.txt
2025-10-22 10:53:09.917 DEBUG: Saving info: ./results/energies_forces_nacs_run-100_train.txt
2025-10-22 10:53:10.147 DEBUG: Saving info: ./results/energies_forces_nacs_run-100_train.txt
2025-10-22 10:53:10.377 DEBUG: Saving info: ./results/energies_forces_nacs_run-100_train.txt
2025-10-22 10:53:10.606 DEBUG: Saving info: ./results/energies_forces_nacs_run-100_train.txt
2025-10-22 10:53:10.836 DEBUG: Saving info: ./results/energies_forces_nacs_run-100_train.txt
2025-10-22 10:53:11.066 DEBUG: Saving info: ./results/energies_forces_nacs_run-100_train.txt
2025-10-22 10:53:11.296 DEBUG: Saving info: ./results/energies_forces_nacs_run-100_train.txt
2025-10-22 10:53:11.526 DEBUG: Saving info: ./results/energies_forces_nacs_run-100_train.txt
2025-10-22 10:53:11.756 DEBUG: Saving info: ./results/energies_forces_nacs_run-100_train.txt
2025-10-22 10:53:11.987 DEBUG: Saving info: ./results/energies_forces_nacs_run-100_train.txt
2025-10-22 10:53:12.217 DEBUG: Saving info: ./results/energies_forces_nacs_run-100_train.txt
2025-10-22 10:53:12.447 DEBUG: Saving info: ./results/energies_forces_nacs_run-100_train.txt
2025-10-22 10:53:12.677 DEBUG: Saving info: ./results/energies_forces_nacs_run-100_train.txt
2025-10-22 10:53:12.907 DEBUG: Saving info: ./results/energies_forces_nacs_run-100_train.txt
2025-10-22 10:53:13.137 DEBUG: Saving info: ./results/energies_forces_nacs_run-100_train.txt
2025-10-22 10:53:13.367 DEBUG: Saving info: ./results/energies_forces_nacs_run-100_train.txt
2025-10-22 10:53:13.597 DEBUG: Saving info: ./results/energies_forces_nacs_run-100_train.txt
2025-10-22 10:53:13.827 DEBUG: Saving info: ./results/energies_forces_nacs_run-100_train.txt
2025-10-22 10:53:14.057 DEBUG: Saving info: ./results/energies_forces_nacs_run-100_train.txt
2025-10-22 10:53:14.288 DEBUG: Saving info: ./results/energies_forces_nacs_run-100_train.txt
2025-10-22 10:53:14.518 DEBUG: Saving info: ./results/energies_forces_nacs_run-100_train.txt
2025-10-22 10:53:14.749 DEBUG: Saving info: ./results/energies_forces_nacs_run-100_train.txt
2025-10-22 10:53:14.978 DEBUG: Saving info: ./results/energies_forces_nacs_run-100_train.txt
2025-10-22 10:53:15.208 DEBUG: Saving info: ./results/energies_forces_nacs_run-100_train.txt
2025-10-22 10:53:15.438 DEBUG: Saving info: ./results/energies_forces_nacs_run-100_train.txt
2025-10-22 10:53:15.669 DEBUG: Saving info: ./results/energies_forces_nacs_run-100_train.txt
2025-10-22 10:53:15.899 DEBUG: Saving info: ./results/energies_forces_nacs_run-100_train.txt
2025-10-22 10:53:16.129 DEBUG: Saving info: ./results/energies_forces_nacs_run-100_train.txt
2025-10-22 10:53:16.359 DEBUG: Saving info: ./results/energies_forces_nacs_run-100_train.txt
2025-10-22 10:53:16.590 DEBUG: Saving info: ./results/energies_forces_nacs_run-100_train.txt
2025-10-22 10:53:16.820 DEBUG: Saving info: ./results/energies_forces_nacs_run-100_train.txt
2025-10-22 10:53:17.246 DEBUG: Saving info: ./results/energies_forces_nacs_run-100_train.txt
2025-10-22 10:53:17.247 DEBUG: Deleting old checkpoint file: ./checkpoints/energies_forces_nacs_run-100_epoch-0.pt
2025-10-22 10:53:17.248 DEBUG: Saving checkpoint: ./checkpoints/energies_forces_nacs_run-100_epoch-1.pt
2025-10-22 10:53:17.515 DEBUG: Saving info: ./results/energies_forces_nacs_run-100_train.txt
2025-10-22 10:53:17.746 DEBUG: Saving info: ./results/energies_forces_nacs_run-100_train.txt
2025-10-22 10:53:17.976 DEBUG: Saving info: ./results/energies_forces_nacs_run-100_train.txt
2025-10-22 10:53:18.207 DEBUG: Saving info: ./results/energies_forces_nacs_run-100_train.txt
2025-10-22 10:53:18.438 DEBUG: Saving info: ./results/energies_forces_nacs_run-100_train.txt
2025-10-22 10:53:18.668 DEBUG: Saving info: ./results/energies_forces_nacs_run-100_train.txt
2025-10-22 10:53:18.898 DEBUG: Saving info: ./results/energies_forces_nacs_run-100_train.txt
2025-10-22 10:53:19.129 DEBUG: Saving info: ./results/energies_forces_nacs_run-100_train.txt
2025-10-22 10:53:19.360 DEBUG: Saving info: ./results/energies_forces_nacs_run-100_train.txt
2025-10-22 10:53:19.591 DEBUG: Saving info: ./results/energies_forces_nacs_run-100_train.txt
2025-10-22 10:53:19.821 DEBUG: Saving info: ./results/energies_forces_nacs_run-100_train.txt
2025-10-22 10:53:20.052 DEBUG: Saving info: ./results/energies_forces_nacs_run-100_train.txt
2025-10-22 10:53:20.283 DEBUG: Saving info: ./results/energies_forces_nacs_run-100_train.txt
2025-10-22 10:53:20.513 DEBUG: Saving info: ./results/energies_forces_nacs_run-100_train.txt
2025-10-22 10:53:20.744 DEBUG: Saving info: ./results/energies_forces_nacs_run-100_train.txt
2025-10-22 10:53:20.974 DEBUG: Saving info: ./results/energies_forces_nacs_run-100_train.txt
2025-10-22 10:53:21.205 DEBUG: Saving info: ./results/energies_forces_nacs_run-100_train.txt
2025-10-22 10:53:21.436 DEBUG: Saving info: ./results/energies_forces_nacs_run-100_train.txt
2025-10-22 10:53:21.667 DEBUG: Saving info: ./results/energies_forces_nacs_run-100_train.txt
2025-10-22 10:53:21.897 DEBUG: Saving info: ./results/energies_forces_nacs_run-100_train.txt
2025-10-22 10:53:22.128 DEBUG: Saving info: ./results/energies_forces_nacs_run-100_train.txt
2025-10-22 10:53:22.359 DEBUG: Saving info: ./results/energies_forces_nacs_run-100_train.txt
2025-10-22 10:53:22.590 DEBUG: Saving info: ./results/energies_forces_nacs_run-100_train.txt
2025-10-22 10:53:22.821 DEBUG: Saving info: ./results/energies_forces_nacs_run-100_train.txt
2025-10-22 10:53:23.052 DEBUG: Saving info: ./results/energies_forces_nacs_run-100_train.txt
2025-10-22 10:53:23.283 DEBUG: Saving info: ./results/energies_forces_nacs_run-100_train.txt
2025-10-22 10:53:23.515 DEBUG: Saving info: ./results/energies_forces_nacs_run-100_train.txt
2025-10-22 10:53:23.746 DEBUG: Saving info: ./results/energies_forces_nacs_run-100_train.txt
2025-10-22 10:53:23.977 DEBUG: Saving info: ./results/energies_forces_nacs_run-100_train.txt
2025-10-22 10:53:24.208 DEBUG: Saving info: ./results/energies_forces_nacs_run-100_train.txt
2025-10-22 10:53:24.440 DEBUG: Saving info: ./results/energies_forces_nacs_run-100_train.txt
2025-10-22 10:53:24.670 DEBUG: Saving info: ./results/energies_forces_nacs_run-100_train.txt
2025-10-22 10:53:24.902 DEBUG: Saving info: ./results/energies_forces_nacs_run-100_train.txt
2025-10-22 10:53:25.133 DEBUG: Saving info: ./results/energies_forces_nacs_run-100_train.txt
2025-10-22 10:53:25.364 DEBUG: Saving info: ./results/energies_forces_nacs_run-100_train.txt
2025-10-22 10:53:25.595 DEBUG: Saving info: ./results/energies_forces_nacs_run-100_train.txt
2025-10-22 10:53:25.826 DEBUG: Saving info: ./results/energies_forces_nacs_run-100_train.txt
2025-10-22 10:53:26.057 DEBUG: Saving info: ./results/energies_forces_nacs_run-100_train.txt
2025-10-22 10:53:26.288 DEBUG: Saving info: ./results/energies_forces_nacs_run-100_train.txt
2025-10-22 10:53:26.520 DEBUG: Saving info: ./results/energies_forces_nacs_run-100_train.txt
2025-10-22 10:53:26.751 DEBUG: Saving info: ./results/energies_forces_nacs_run-100_train.txt
2025-10-22 10:53:26.982 DEBUG: Saving info: ./results/energies_forces_nacs_run-100_train.txt
2025-10-22 10:53:27.408 DEBUG: Saving info: ./results/energies_forces_nacs_run-100_train.txt
2025-10-22 10:53:27.409 DEBUG: Deleting old checkpoint file: ./checkpoints/energies_forces_nacs_run-100_epoch-1.pt
2025-10-22 10:53:27.410 DEBUG: Saving checkpoint: ./checkpoints/energies_forces_nacs_run-100_epoch-2.pt
2025-10-22 10:53:27.677 DEBUG: Saving info: ./results/energies_forces_nacs_run-100_train.txt
2025-10-22 10:53:27.909 DEBUG: Saving info: ./results/energies_forces_nacs_run-100_train.txt
2025-10-22 10:53:28.141 DEBUG: Saving info: ./results/energies_forces_nacs_run-100_train.txt
2025-10-22 10:53:28.372 DEBUG: Saving info: ./results/energies_forces_nacs_run-100_train.txt
2025-10-22 10:53:28.603 DEBUG: Saving info: ./results/energies_forces_nacs_run-100_train.txt
2025-10-22 10:53:28.835 DEBUG: Saving info: ./results/energies_forces_nacs_run-100_train.txt
2025-10-22 10:53:29.066 DEBUG: Saving info: ./results/energies_forces_nacs_run-100_train.txt
2025-10-22 10:53:29.298 DEBUG: Saving info: ./results/energies_forces_nacs_run-100_train.txt
2025-10-22 10:53:29.529 DEBUG: Saving info: ./results/energies_forces_nacs_run-100_train.txt
2025-10-22 10:53:29.761 DEBUG: Saving info: ./results/energies_forces_nacs_run-100_train.txt
2025-10-22 10:53:29.991 DEBUG: Saving info: ./results/energies_forces_nacs_run-100_train.txt
2025-10-22 10:53:30.223 DEBUG: Saving info: ./results/energies_forces_nacs_run-100_train.txt
2025-10-22 10:53:30.455 DEBUG: Saving info: ./results/energies_forces_nacs_run-100_train.txt
2025-10-22 10:53:30.687 DEBUG: Saving info: ./results/energies_forces_nacs_run-100_train.txt
2025-10-22 10:53:30.919 DEBUG: Saving info: ./results/energies_forces_nacs_run-100_train.txt
2025-10-22 10:53:31.150 DEBUG: Saving info: ./results/energies_forces_nacs_run-100_train.txt
2025-10-22 10:53:31.382 DEBUG: Saving info: ./results/energies_forces_nacs_run-100_train.txt
2025-10-22 10:53:31.614 DEBUG: Saving info: ./results/energies_forces_nacs_run-100_train.txt
2025-10-22 10:53:31.846 DEBUG: Saving info: ./results/energies_forces_nacs_run-100_train.txt
2025-10-22 10:53:32.078 DEBUG: Saving info: ./results/energies_forces_nacs_run-100_train.txt
2025-10-22 10:53:32.310 DEBUG: Saving info: ./results/energies_forces_nacs_run-100_train.txt
2025-10-22 10:53:32.542 DEBUG: Saving info: ./results/energies_forces_nacs_run-100_train.txt
2025-10-22 10:53:32.774 DEBUG: Saving info: ./results/energies_forces_nacs_run-100_train.txt
2025-10-22 10:53:33.006 DEBUG: Saving info: ./results/energies_forces_nacs_run-100_train.txt
2025-10-22 10:53:33.238 DEBUG: Saving info: ./results/energies_forces_nacs_run-100_train.txt
