2025-10-22 09:19:39.974 INFO: ===========VERIFYING SETTINGS===========
2025-10-22 09:19:39.974 INFO: MACE version: 0.3.6
2025-10-22 09:19:39.974 DEBUG: Configuration: Namespace(config=None, name='energies_forces', seed=100, work_dir='.', nacs_key='smooth_nacs', log_dir='./logs', model_dir='.', checkpoints_dir='./checkpoints', results_dir='./results', downloads_dir='./downloads', device='cuda', default_dtype='float32', distributed=False, log_level='INFO', n_energies=8, error_table='EnergyNacsDipoleMAE', model='AutoencoderExcitedMACE', r_max=5.0, num_permutational_invariant=16, radial_type='bessel', num_radial_basis=8, num_cutoff_basis=5, pair_repulsion=False, distance_transform='None', interaction='RealAgnosticResidualInteractionBlock', interaction_first='RealAgnosticResidualInteractionBlock', max_ell=3, correlation=3, num_interactions=2, MLP_irreps='128x0e', radial_MLP='[64, 64, 64]', hidden_irreps='128x0e + 128x1o', num_channels=128, max_L=1, gate='silu', scaling='rms_forces_scaling', avg_num_neighbors=1, compute_avg_num_neighbors=True, compute_stress=False, compute_forces=True, compute_dipoles=True, compute_nacs=False, compute_socs=True, train_file='ENERGIES_FORCES.xyz', valid_file=None, valid_fraction=0.1, test_file=None, test_dir=None, multi_processed_test=False, num_workers=0, pin_memory=True, atomic_numbers=None, mean=None, std=None, statistics_file=None, E0s='average', keep_isolated_atoms=False, energy_key='REF_energy', forces_key='REF_forces', virials_key='REF_virials', stress_key='REF_stress', dipoles_key='REF_dipoles', charges_key='REF_charges', loss='weighted', forces_weight=1.0, nacs_weight=100.0, socs_weight=100.0, soc_num=None, swa_forces_weight=100.0, energy_weight=100.0, swa_energy_weight=1000.0, virials_weight=1.0, swa_virials_weight=10.0, stress_weight=1.0, swa_stress_weight=10.0, dipoles_weight=1.0, swa_dipole_weight=1.0, config_type_weights='{"Default":1.0}', huber_delta=0.01, optimizer='adam', beta=0.9, batch_size=100, valid_batch_size=10, lr=0.0001, swa_lr=0.001, weight_decay=5e-07, amsgrad=True, scheduler='ReduceLROnPlateau', lr_factor=0.8, scheduler_patience=50, lr_scheduler_gamma=0.9993, swa=False, start_swa=None, ema=True, ema_decay=0.99, max_num_epochs=100, patience=2048, foundation_model=None, foundation_model_readout=True, eval_interval=1, keep_checkpoints=False, save_all_checkpoints=False, restart_latest=False, save_cpu=False, clip_grad=10.0, wandb=False, wandb_dir=None, wandb_project='', wandb_entity='', wandb_name='', wandb_log_hypers=['num_channels', 'max_L', 'correlation', 'lr', 'swa_lr', 'weight_decay', 'batch_size', 'max_num_epochs', 'start_swa', 'energy_weight', 'forces_weight'])
2025-10-22 09:19:40.016 INFO: CUDA version: 12.4, CUDA device: 0
2025-10-22 09:19:40.034 DEBUG: Popen(['git', 'version'], cwd=/home/rhyan/Exciton_model/X-MACE, stdin=None, shell=False, universal_newlines=False)
2025-10-22 09:19:40.035 DEBUG: Popen(['git', 'version'], cwd=/home/rhyan/Exciton_model/X-MACE, stdin=None, shell=False, universal_newlines=False)
2025-10-22 09:19:40.036 DEBUG: sys.platform='linux', git_executable='git'
2025-10-22 09:19:40.036 DEBUG: Popen(['git', 'cat-file', '--batch-check'], cwd=/home/rhyan/Exciton_model/X-MACE, stdin=<valid stream>, shell=False, universal_newlines=False)
2025-10-22 09:19:40.038 DEBUG: Current Git commit: 0861c52cf365064d060e006c179e4cc1785b61c2
2025-10-22 09:19:40.038 INFO: 
2025-10-22 09:19:40.038 INFO: ===========LOADING INPUT DATA===========
2025-10-22 09:19:55.913 INFO: ===========VERIFYING SETTINGS===========
2025-10-22 09:19:55.913 INFO: MACE version: 0.3.6
2025-10-22 09:19:55.913 DEBUG: Configuration: Namespace(config=None, name='energies_forces', seed=100, work_dir='.', nacs_key='smooth_nacs', log_dir='./logs', model_dir='.', checkpoints_dir='./checkpoints', results_dir='./results', downloads_dir='./downloads', device='cuda', default_dtype='float32', distributed=False, log_level='INFO', n_energies=8, error_table='EnergyNacsDipoleMAE', model='AutoencoderExcitedMACE', r_max=5.0, num_permutational_invariant=16, radial_type='bessel', num_radial_basis=8, num_cutoff_basis=5, pair_repulsion=False, distance_transform='None', interaction='RealAgnosticResidualInteractionBlock', interaction_first='RealAgnosticResidualInteractionBlock', max_ell=3, correlation=3, num_interactions=2, MLP_irreps='128x0e', radial_MLP='[64, 64, 64]', hidden_irreps='128x0e + 128x1o', num_channels=128, max_L=1, gate='silu', scaling='rms_forces_scaling', avg_num_neighbors=1, compute_avg_num_neighbors=True, compute_stress=False, compute_forces=True, compute_dipoles=True, compute_nacs=False, compute_socs=False, train_file='ENERGIES_FORCES.xyz', valid_file=None, valid_fraction=0.1, test_file=None, test_dir=None, multi_processed_test=False, num_workers=0, pin_memory=True, atomic_numbers=None, mean=None, std=None, statistics_file=None, E0s='average', keep_isolated_atoms=False, energy_key='REF_energy', forces_key='REF_forces', virials_key='REF_virials', stress_key='REF_stress', dipoles_key='REF_dipoles', charges_key='REF_charges', loss='weighted', forces_weight=1.0, nacs_weight=100.0, socs_weight=100.0, soc_num=None, swa_forces_weight=100.0, energy_weight=100.0, swa_energy_weight=1000.0, virials_weight=1.0, swa_virials_weight=10.0, stress_weight=1.0, swa_stress_weight=10.0, dipoles_weight=1.0, swa_dipole_weight=1.0, config_type_weights='{"Default":1.0}', huber_delta=0.01, optimizer='adam', beta=0.9, batch_size=100, valid_batch_size=10, lr=0.0001, swa_lr=0.001, weight_decay=5e-07, amsgrad=True, scheduler='ReduceLROnPlateau', lr_factor=0.8, scheduler_patience=50, lr_scheduler_gamma=0.9993, swa=False, start_swa=None, ema=True, ema_decay=0.99, max_num_epochs=100, patience=2048, foundation_model=None, foundation_model_readout=True, eval_interval=1, keep_checkpoints=False, save_all_checkpoints=False, restart_latest=False, save_cpu=False, clip_grad=10.0, wandb=False, wandb_dir=None, wandb_project='', wandb_entity='', wandb_name='', wandb_log_hypers=['num_channels', 'max_L', 'correlation', 'lr', 'swa_lr', 'weight_decay', 'batch_size', 'max_num_epochs', 'start_swa', 'energy_weight', 'forces_weight'])
2025-10-22 09:19:55.949 INFO: CUDA version: 12.4, CUDA device: 0
2025-10-22 09:19:55.967 DEBUG: Popen(['git', 'version'], cwd=/home/rhyan/Exciton_model/X-MACE, stdin=None, shell=False, universal_newlines=False)
2025-10-22 09:19:55.968 DEBUG: Popen(['git', 'version'], cwd=/home/rhyan/Exciton_model/X-MACE, stdin=None, shell=False, universal_newlines=False)
2025-10-22 09:19:55.969 DEBUG: sys.platform='linux', git_executable='git'
2025-10-22 09:19:55.970 DEBUG: Popen(['git', 'cat-file', '--batch-check'], cwd=/home/rhyan/Exciton_model/X-MACE, stdin=<valid stream>, shell=False, universal_newlines=False)
2025-10-22 09:19:55.971 DEBUG: Current Git commit: 0861c52cf365064d060e006c179e4cc1785b61c2
2025-10-22 09:19:55.971 INFO: 
2025-10-22 09:19:55.971 INFO: ===========LOADING INPUT DATA===========
2025-10-22 09:19:56.953 INFO: Using random 10% of training set for validation with indices saved in: ./valid_indices_100.txt
2025-10-22 09:19:56.955 INFO: Atomic Numbers used: [1, 6, 7, 8]
2025-10-22 09:19:56.955 INFO: Isolated Atomic Energies (E0s) not in training file, using command line argument
2025-10-22 09:19:56.955 INFO: Computing average Atomic Energies using least squares regression
2025-10-22 09:19:56.962 INFO: Atomic Energies used (z: eV): {1: 0.0, 6: 0.0, 7: 0.0, 8: 0.0}
2025-10-22 09:19:57.144 INFO: 
2025-10-22 09:19:57.144 INFO: ===========MODEL DETAILS===========
2025-10-22 09:19:57.315 INFO: Average number of neighbors: 15.6
2025-10-22 09:19:57.315 INFO: During training the following quantities will be reported: energy, forces, dipoles, nacs
2025-10-22 09:19:57.361 INFO: Building model
2025-10-22 09:19:57.361 INFO: Message passing with 128 channels and max_L=1 (128x0e + 128x1o)
2025-10-22 09:19:57.361 INFO: 2 layers, each with correlation order: 3 (body order: 4) and spherical harmonics up to: l=3
2025-10-22 09:19:57.361 INFO: 8 radial and 5 basis functions
2025-10-22 09:19:57.361 INFO: Radial cutoff: 5.0 Å (total receptive field for each atom: 10.0 Å)
2025-10-22 09:19:57.361 INFO: Distance transform for radial basis functions: None
2025-10-22 09:19:58.151 DEBUG: AutoencoderExcitedMACE(
  (node_embedding): LinearNodeEmbeddingBlock(
    (linear): Linear(4x0e -> 128x0e | 512 weights)
  )
  (radial_embedding): RadialEmbeddingBlock(
    (bessel_fn): BesselBasis(r_max=5.0, num_basis=8, trainable=False)
    (cutoff_fn): PolynomialCutoff(p=5.0, r_max=5.0)
  )
  (perm_encoder): PermutationInvariantEncoder(
    (elementwise_nn): Sequential(
      (0): Linear(in_features=1, out_features=16, bias=True)
      (1): ELU(alpha=1.0)
      (2): Linear(in_features=16, out_features=16, bias=True)
      (3): ELU(alpha=1.0)
      (4): Linear(in_features=16, out_features=16, bias=True)
      (5): ELU(alpha=1.0)
      (6): Linear(in_features=16, out_features=16, bias=True)
      (7): ELU(alpha=1.0)
    )
    (post_aggregation_nn): Sequential(
      (0): Linear(in_features=16, out_features=16, bias=True)
      (1): ELU(alpha=1.0)
      (2): Linear(in_features=16, out_features=16, bias=True)
      (3): ELU(alpha=1.0)
      (4): Linear(in_features=16, out_features=16, bias=True)
      (5): ELU(alpha=1.0)
      (6): Linear(in_features=16, out_features=16, bias=True)
    )
  )
  (perm_decoder): PermutationInvariantDecoder(
    (decoder_nn): Sequential(
      (0): Linear(in_features=16, out_features=128, bias=True)
      (1): ELU(alpha=1.0)
      (2): Linear(in_features=128, out_features=128, bias=True)
      (3): ELU(alpha=1.0)
      (4): Linear(in_features=128, out_features=128, bias=True)
      (5): ELU(alpha=1.0)
      (6): Linear(in_features=128, out_features=128, bias=True)
      (7): ELU(alpha=1.0)
      (8): Linear(in_features=128, out_features=15, bias=True)
    )
  )
  (spherical_harmonics): SphericalHarmonics()
  (atomic_energies_fn): AtomicEnergiesBlock(energies=[0.0000, 0.0000, 0.0000, 0.0000])
  (interactions): ModuleList(
    (0): RealAgnosticInteractionBlock(
      (linear_up): Linear(128x0e -> 128x0e | 16384 weights)
      (conv_tp): TensorProduct(128x0e x 1x0e+1x1o+1x2e+1x3o -> 128x0e+128x1o+128x2e+128x3o | 512 paths | 512 weights)
      (conv_tp_weights): FullyConnectedNet[8, 64, 64, 64, 512]
      (linear): Linear(128x0e+128x1o+128x2e+128x3o -> 128x0e+128x1o+128x2e+128x3o | 65536 weights)
      (skip_tp): FullyConnectedTensorProduct(128x0e+128x1o+128x2e+128x3o x 4x0e -> 128x0e+128x1o+128x2e+128x3o | 262144 paths | 262144 weights)
      (reshape): reshape_irreps()
    )
    (1): RealAgnosticResidualInteractionBlock(
      (linear_up): Linear(128x0e+128x1o -> 128x0e+128x1o | 32768 weights)
      (conv_tp): TensorProduct(128x0e+128x1o x 1x0e+1x1o+1x2e+1x3o -> 256x0e+384x1o+384x2e+256x3o | 1280 paths | 1280 weights)
      (conv_tp_weights): FullyConnectedNet[8, 64, 64, 64, 1280]
      (linear): Linear(256x0e+384x1o+384x2e+256x3o -> 128x0e+128x1o+128x2e+128x3o | 163840 weights)
      (skip_tp): FullyConnectedTensorProduct(128x0e+128x1o x 4x0e -> 128x0e | 65536 paths | 65536 weights)
      (reshape): reshape_irreps()
    )
  )
  (products): ModuleList(
    (0): EquivariantProductBasisBlock(
      (symmetric_contractions): SymmetricContraction(
        (contractions): ModuleList(
          (0): Contraction(
            (contractions_weighting): ModuleList(
              (0-1): 2 x GraphModule()
            )
            (contractions_features): ModuleList(
              (0-1): 2 x GraphModule()
            )
            (weights): ParameterList(
                (0): Parameter containing: [torch.float32 of size 4x4x128 (cuda:0)]
                (1): Parameter containing: [torch.float32 of size 4x1x128 (cuda:0)]
            )
            (graph_opt_main): GraphModule()
          )
          (1): Contraction(
            (contractions_weighting): ModuleList(
              (0-1): 2 x GraphModule()
            )
            (contractions_features): ModuleList(
              (0-1): 2 x GraphModule()
            )
            (weights): ParameterList(
                (0): Parameter containing: [torch.float32 of size 4x6x128 (cuda:0)]
                (1): Parameter containing: [torch.float32 of size 4x1x128 (cuda:0)]
            )
            (graph_opt_main): GraphModule()
          )
        )
      )
      (linear): Linear(128x0e+128x1o -> 128x0e+128x1o | 32768 weights)
    )
    (1): EquivariantProductBasisBlock(
      (symmetric_contractions): SymmetricContraction(
        (contractions): ModuleList(
          (0): Contraction(
            (contractions_weighting): ModuleList(
              (0-1): 2 x GraphModule()
            )
            (contractions_features): ModuleList(
              (0-1): 2 x GraphModule()
            )
            (weights): ParameterList(
                (0): Parameter containing: [torch.float32 of size 4x4x128 (cuda:0)]
                (1): Parameter containing: [torch.float32 of size 4x1x128 (cuda:0)]
            )
            (graph_opt_main): GraphModule()
          )
        )
      )
      (linear): Linear(128x0e -> 128x0e | 16384 weights)
    )
  )
  (readouts): ModuleList(
    (0): LinearDipoleReadoutBlock(
      (linear): Linear(128x0e+128x1o -> 8x0e+36x1o | 5632 weights)
    )
    (1): NonLinearDipoleReadoutBlock(
      (equivariant_nonlin): Gate (128x0e -> 128x0e)
      (linear_1): Linear(128x0e -> 128x0e | 16384 weights)
      (linear_2): Linear(128x0e -> 8x0e+36x1o | 1024 weights)
    )
  )
  (invariant_readouts): ModuleList(
    (0): LinearReadoutBlock(
      (linear): Linear(128x0e+128x1o -> 16x0e | 2048 weights)
    )
    (1): NonLinearReadoutBlock(
      (linear_1): Linear(128x0e -> 128x0e | 16384 weights)
      (non_linearity): Activation [x] (128x0e -> 128x0e)
      (linear_2): Linear(128x0e -> 16x0e | 2048 weights)
    )
  )
)
2025-10-22 09:19:58.153 INFO: Total number of parameters: 945439
2025-10-22 09:19:58.153 INFO: 
2025-10-22 09:19:58.153 INFO: ===========OPTIMIZER INFORMATION===========
2025-10-22 09:19:58.153 INFO: Using ADAM as parameter optimizer
2025-10-22 09:19:58.153 INFO: Batch size: 100
2025-10-22 09:19:58.153 INFO: Using Exponential Moving Average with decay: 0.99
2025-10-22 09:19:58.153 INFO: Number of gradient updates: 769
2025-10-22 09:19:58.153 INFO: Learning rate: 0.0001, weight decay: 5e-07
2025-10-22 09:19:58.153 INFO: InvariantsWeightedEnergyForcesNacsDipoleLoss(energy_weight=100.000, forces_weight=1.000, dipole_weight=1.000)
2025-10-22 09:19:58.154 INFO: Using gradient clipping with tolerance=10.000
2025-10-22 09:19:58.154 INFO: 
2025-10-22 09:19:58.154 INFO: ===========TRAINING===========
2025-10-22 09:19:58.154 INFO: Started training, reporting errors on validation set
2025-10-22 09:19:58.154 INFO: Loss metrics on validation set
2025-10-22 09:24:09.817 INFO: ===========VERIFYING SETTINGS===========
2025-10-22 09:24:09.817 INFO: MACE version: 0.3.6
2025-10-22 09:24:09.817 DEBUG: Configuration: Namespace(config=None, name='energies_forces', seed=100, work_dir='.', nacs_key='smooth_nacs', log_dir='./logs', model_dir='.', checkpoints_dir='./checkpoints', results_dir='./results', downloads_dir='./downloads', device='cuda', default_dtype='float32', distributed=False, log_level='INFO', n_energies=8, error_table='EnergyNacsDipoleMAE', model='AutoencoderExcitedMACE', r_max=5.0, num_permutational_invariant=16, radial_type='bessel', num_radial_basis=8, num_cutoff_basis=5, pair_repulsion=False, distance_transform='None', interaction='RealAgnosticResidualInteractionBlock', interaction_first='RealAgnosticResidualInteractionBlock', max_ell=3, correlation=3, num_interactions=2, MLP_irreps='128x0e', radial_MLP='[64, 64, 64]', hidden_irreps='128x0e + 128x1o', num_channels=128, max_L=1, gate='silu', scaling='rms_forces_scaling', avg_num_neighbors=1, compute_avg_num_neighbors=True, compute_stress=False, compute_forces=True, compute_dipoles=True, compute_nacs=False, compute_socs=False, train_file='ENERGIES_FORCES.xyz', valid_file=None, valid_fraction=0.1, test_file=None, test_dir=None, multi_processed_test=False, num_workers=0, pin_memory=True, atomic_numbers=None, mean=None, std=None, statistics_file=None, E0s='average', keep_isolated_atoms=False, energy_key='REF_energy', forces_key='REF_forces', virials_key='REF_virials', stress_key='REF_stress', dipoles_key='REF_dipoles', charges_key='REF_charges', loss='weighted', forces_weight=1.0, nacs_weight=100.0, socs_weight=100.0, soc_num=None, swa_forces_weight=100.0, energy_weight=100.0, swa_energy_weight=1000.0, virials_weight=1.0, swa_virials_weight=10.0, stress_weight=1.0, swa_stress_weight=10.0, dipoles_weight=1.0, swa_dipole_weight=1.0, config_type_weights='{"Default":1.0}', huber_delta=0.01, optimizer='adam', beta=0.9, batch_size=100, valid_batch_size=10, lr=0.0001, swa_lr=0.001, weight_decay=5e-07, amsgrad=True, scheduler='ReduceLROnPlateau', lr_factor=0.8, scheduler_patience=50, lr_scheduler_gamma=0.9993, swa=False, start_swa=None, ema=True, ema_decay=0.99, max_num_epochs=100, patience=2048, foundation_model=None, foundation_model_readout=True, eval_interval=1, keep_checkpoints=False, save_all_checkpoints=False, restart_latest=False, save_cpu=False, clip_grad=10.0, wandb=False, wandb_dir=None, wandb_project='', wandb_entity='', wandb_name='', wandb_log_hypers=['num_channels', 'max_L', 'correlation', 'lr', 'swa_lr', 'weight_decay', 'batch_size', 'max_num_epochs', 'start_swa', 'energy_weight', 'forces_weight'])
2025-10-22 09:24:09.859 INFO: CUDA version: 12.4, CUDA device: 0
2025-10-22 09:24:09.877 DEBUG: Popen(['git', 'version'], cwd=/home/rhyan/Exciton_model/X-MACE, stdin=None, shell=False, universal_newlines=False)
2025-10-22 09:24:09.879 DEBUG: Popen(['git', 'version'], cwd=/home/rhyan/Exciton_model/X-MACE, stdin=None, shell=False, universal_newlines=False)
2025-10-22 09:24:09.880 DEBUG: sys.platform='linux', git_executable='git'
2025-10-22 09:24:09.880 DEBUG: Popen(['git', 'cat-file', '--batch-check'], cwd=/home/rhyan/Exciton_model/X-MACE, stdin=<valid stream>, shell=False, universal_newlines=False)
2025-10-22 09:24:09.881 DEBUG: Current Git commit: 0861c52cf365064d060e006c179e4cc1785b61c2
2025-10-22 09:24:09.881 INFO: 
2025-10-22 09:24:09.881 INFO: ===========LOADING INPUT DATA===========
2025-10-22 09:24:10.864 INFO: Using random 10% of training set for validation with indices saved in: ./valid_indices_100.txt
2025-10-22 09:24:10.865 INFO: Atomic Numbers used: [1, 6, 7, 8]
2025-10-22 09:24:10.865 INFO: Isolated Atomic Energies (E0s) not in training file, using command line argument
2025-10-22 09:24:10.865 INFO: Computing average Atomic Energies using least squares regression
2025-10-22 09:24:10.873 INFO: Atomic Energies used (z: eV): {1: 0.0, 6: 0.0, 7: 0.0, 8: 0.0}
2025-10-22 09:24:11.051 INFO: 
2025-10-22 09:24:11.051 INFO: ===========MODEL DETAILS===========
2025-10-22 09:24:11.211 INFO: Average number of neighbors: 15.6
2025-10-22 09:24:11.211 INFO: During training the following quantities will be reported: energy, forces, dipoles, nacs
2025-10-22 09:24:11.257 INFO: Building model
2025-10-22 09:24:11.257 INFO: Message passing with 128 channels and max_L=1 (128x0e + 128x1o)
2025-10-22 09:24:11.258 INFO: 2 layers, each with correlation order: 3 (body order: 4) and spherical harmonics up to: l=3
2025-10-22 09:24:11.258 INFO: 8 radial and 5 basis functions
2025-10-22 09:24:11.258 INFO: Radial cutoff: 5.0 Å (total receptive field for each atom: 10.0 Å)
2025-10-22 09:24:11.258 INFO: Distance transform for radial basis functions: None
2025-10-22 09:24:12.021 DEBUG: AutoencoderExcitedMACE(
  (node_embedding): LinearNodeEmbeddingBlock(
    (linear): Linear(4x0e -> 128x0e | 512 weights)
  )
  (radial_embedding): RadialEmbeddingBlock(
    (bessel_fn): BesselBasis(r_max=5.0, num_basis=8, trainable=False)
    (cutoff_fn): PolynomialCutoff(p=5.0, r_max=5.0)
  )
  (perm_encoder): PermutationInvariantEncoder(
    (elementwise_nn): Sequential(
      (0): Linear(in_features=1, out_features=16, bias=True)
      (1): ELU(alpha=1.0)
      (2): Linear(in_features=16, out_features=16, bias=True)
      (3): ELU(alpha=1.0)
      (4): Linear(in_features=16, out_features=16, bias=True)
      (5): ELU(alpha=1.0)
      (6): Linear(in_features=16, out_features=16, bias=True)
      (7): ELU(alpha=1.0)
    )
    (post_aggregation_nn): Sequential(
      (0): Linear(in_features=16, out_features=16, bias=True)
      (1): ELU(alpha=1.0)
      (2): Linear(in_features=16, out_features=16, bias=True)
      (3): ELU(alpha=1.0)
      (4): Linear(in_features=16, out_features=16, bias=True)
      (5): ELU(alpha=1.0)
      (6): Linear(in_features=16, out_features=16, bias=True)
    )
  )
  (perm_decoder): PermutationInvariantDecoder(
    (decoder_nn): Sequential(
      (0): Linear(in_features=16, out_features=128, bias=True)
      (1): ELU(alpha=1.0)
      (2): Linear(in_features=128, out_features=128, bias=True)
      (3): ELU(alpha=1.0)
      (4): Linear(in_features=128, out_features=128, bias=True)
      (5): ELU(alpha=1.0)
      (6): Linear(in_features=128, out_features=128, bias=True)
      (7): ELU(alpha=1.0)
      (8): Linear(in_features=128, out_features=15, bias=True)
    )
  )
  (spherical_harmonics): SphericalHarmonics()
  (atomic_energies_fn): AtomicEnergiesBlock(energies=[0.0000, 0.0000, 0.0000, 0.0000])
  (interactions): ModuleList(
    (0): RealAgnosticInteractionBlock(
      (linear_up): Linear(128x0e -> 128x0e | 16384 weights)
      (conv_tp): TensorProduct(128x0e x 1x0e+1x1o+1x2e+1x3o -> 128x0e+128x1o+128x2e+128x3o | 512 paths | 512 weights)
      (conv_tp_weights): FullyConnectedNet[8, 64, 64, 64, 512]
      (linear): Linear(128x0e+128x1o+128x2e+128x3o -> 128x0e+128x1o+128x2e+128x3o | 65536 weights)
      (skip_tp): FullyConnectedTensorProduct(128x0e+128x1o+128x2e+128x3o x 4x0e -> 128x0e+128x1o+128x2e+128x3o | 262144 paths | 262144 weights)
      (reshape): reshape_irreps()
    )
    (1): RealAgnosticResidualInteractionBlock(
      (linear_up): Linear(128x0e+128x1o -> 128x0e+128x1o | 32768 weights)
      (conv_tp): TensorProduct(128x0e+128x1o x 1x0e+1x1o+1x2e+1x3o -> 256x0e+384x1o+384x2e+256x3o | 1280 paths | 1280 weights)
      (conv_tp_weights): FullyConnectedNet[8, 64, 64, 64, 1280]
      (linear): Linear(256x0e+384x1o+384x2e+256x3o -> 128x0e+128x1o+128x2e+128x3o | 163840 weights)
      (skip_tp): FullyConnectedTensorProduct(128x0e+128x1o x 4x0e -> 128x0e | 65536 paths | 65536 weights)
      (reshape): reshape_irreps()
    )
  )
  (products): ModuleList(
    (0): EquivariantProductBasisBlock(
      (symmetric_contractions): SymmetricContraction(
        (contractions): ModuleList(
          (0): Contraction(
            (contractions_weighting): ModuleList(
              (0-1): 2 x GraphModule()
            )
            (contractions_features): ModuleList(
              (0-1): 2 x GraphModule()
            )
            (weights): ParameterList(
                (0): Parameter containing: [torch.float32 of size 4x4x128 (cuda:0)]
                (1): Parameter containing: [torch.float32 of size 4x1x128 (cuda:0)]
            )
            (graph_opt_main): GraphModule()
          )
          (1): Contraction(
            (contractions_weighting): ModuleList(
              (0-1): 2 x GraphModule()
            )
            (contractions_features): ModuleList(
              (0-1): 2 x GraphModule()
            )
            (weights): ParameterList(
                (0): Parameter containing: [torch.float32 of size 4x6x128 (cuda:0)]
                (1): Parameter containing: [torch.float32 of size 4x1x128 (cuda:0)]
            )
            (graph_opt_main): GraphModule()
          )
        )
      )
      (linear): Linear(128x0e+128x1o -> 128x0e+128x1o | 32768 weights)
    )
    (1): EquivariantProductBasisBlock(
      (symmetric_contractions): SymmetricContraction(
        (contractions): ModuleList(
          (0): Contraction(
            (contractions_weighting): ModuleList(
              (0-1): 2 x GraphModule()
            )
            (contractions_features): ModuleList(
              (0-1): 2 x GraphModule()
            )
            (weights): ParameterList(
                (0): Parameter containing: [torch.float32 of size 4x4x128 (cuda:0)]
                (1): Parameter containing: [torch.float32 of size 4x1x128 (cuda:0)]
            )
            (graph_opt_main): GraphModule()
          )
        )
      )
      (linear): Linear(128x0e -> 128x0e | 16384 weights)
    )
  )
  (readouts): ModuleList(
    (0): LinearReadoutBlock(
      (linear): Linear(128x0e+128x1o -> 8x0e | 1024 weights)
    )
    (1): NonLinearReadoutBlock(
      (linear_1): Linear(128x0e -> 128x0e | 16384 weights)
      (non_linearity): Activation [x] (128x0e -> 128x0e)
      (linear_2): Linear(128x0e -> 8x0e | 1024 weights)
    )
  )
  (invariant_readouts): ModuleList(
    (0): LinearReadoutBlock(
      (linear): Linear(128x0e+128x1o -> 16x0e | 2048 weights)
    )
    (1): NonLinearReadoutBlock(
      (linear_1): Linear(128x0e -> 128x0e | 16384 weights)
      (non_linearity): Activation [x] (128x0e -> 128x0e)
      (linear_2): Linear(128x0e -> 16x0e | 2048 weights)
    )
  )
)
2025-10-22 09:24:12.022 INFO: Total number of parameters: 940831
2025-10-22 09:24:12.022 INFO: 
2025-10-22 09:24:12.022 INFO: ===========OPTIMIZER INFORMATION===========
2025-10-22 09:24:12.022 INFO: Using ADAM as parameter optimizer
2025-10-22 09:24:12.022 INFO: Batch size: 100
2025-10-22 09:24:12.022 INFO: Using Exponential Moving Average with decay: 0.99
2025-10-22 09:24:12.022 INFO: Number of gradient updates: 769
2025-10-22 09:24:12.022 INFO: Learning rate: 0.0001, weight decay: 5e-07
2025-10-22 09:24:12.022 INFO: InvariantsWeightedEnergyForcesNacsDipoleLoss(energy_weight=100.000, forces_weight=1.000, dipole_weight=1.000)
2025-10-22 09:24:12.024 INFO: Using gradient clipping with tolerance=10.000
2025-10-22 09:24:12.024 INFO: 
2025-10-22 09:24:12.024 INFO: ===========TRAINING===========
2025-10-22 09:24:12.024 INFO: Started training, reporting errors on validation set
2025-10-22 09:24:12.024 INFO: Loss metrics on validation set
2025-10-22 09:24:27.220 INFO: ===========VERIFYING SETTINGS===========
2025-10-22 09:24:27.221 INFO: MACE version: 0.3.6
2025-10-22 09:24:27.221 DEBUG: Configuration: Namespace(config=None, name='energies_forces', seed=100, work_dir='.', nacs_key='smooth_nacs', log_dir='./logs', model_dir='.', checkpoints_dir='./checkpoints', results_dir='./results', downloads_dir='./downloads', device='cuda', default_dtype='float32', distributed=False, log_level='INFO', n_energies=8, error_table='EnergyNacsDipoleMAE', model='AutoencoderExcitedMACE', r_max=5.0, num_permutational_invariant=16, radial_type='bessel', num_radial_basis=8, num_cutoff_basis=5, pair_repulsion=False, distance_transform='None', interaction='RealAgnosticResidualInteractionBlock', interaction_first='RealAgnosticResidualInteractionBlock', max_ell=3, correlation=3, num_interactions=2, MLP_irreps='128x0e', radial_MLP='[64, 64, 64]', hidden_irreps='128x0e + 128x1o', num_channels=128, max_L=1, gate='silu', scaling='rms_forces_scaling', avg_num_neighbors=1, compute_avg_num_neighbors=True, compute_stress=False, compute_forces=True, compute_dipoles=True, compute_nacs=False, compute_socs=False, train_file='ENERGIES_FORCES.xyz', valid_file=None, valid_fraction=0.1, test_file=None, test_dir=None, multi_processed_test=False, num_workers=0, pin_memory=True, atomic_numbers=None, mean=None, std=None, statistics_file=None, E0s='average', keep_isolated_atoms=False, energy_key='REF_energy', forces_key='REF_forces', virials_key='REF_virials', stress_key='REF_stress', dipoles_key='REF_dipoles', charges_key='REF_charges', loss='weighted', forces_weight=1.0, nacs_weight=100.0, socs_weight=100.0, soc_num=None, swa_forces_weight=100.0, energy_weight=100.0, swa_energy_weight=1000.0, virials_weight=1.0, swa_virials_weight=10.0, stress_weight=1.0, swa_stress_weight=10.0, dipoles_weight=1.0, swa_dipole_weight=1.0, config_type_weights='{"Default":1.0}', huber_delta=0.01, optimizer='adam', beta=0.9, batch_size=100, valid_batch_size=10, lr=0.0001, swa_lr=0.001, weight_decay=5e-07, amsgrad=True, scheduler='ReduceLROnPlateau', lr_factor=0.8, scheduler_patience=50, lr_scheduler_gamma=0.9993, swa=False, start_swa=None, ema=True, ema_decay=0.99, max_num_epochs=100, patience=2048, foundation_model=None, foundation_model_readout=True, eval_interval=1, keep_checkpoints=False, save_all_checkpoints=False, restart_latest=False, save_cpu=False, clip_grad=10.0, wandb=False, wandb_dir=None, wandb_project='', wandb_entity='', wandb_name='', wandb_log_hypers=['num_channels', 'max_L', 'correlation', 'lr', 'swa_lr', 'weight_decay', 'batch_size', 'max_num_epochs', 'start_swa', 'energy_weight', 'forces_weight'])
2025-10-22 09:24:27.262 INFO: CUDA version: 12.4, CUDA device: 0
2025-10-22 09:24:27.280 DEBUG: Popen(['git', 'version'], cwd=/home/rhyan/Exciton_model/X-MACE, stdin=None, shell=False, universal_newlines=False)
2025-10-22 09:24:27.281 DEBUG: Popen(['git', 'version'], cwd=/home/rhyan/Exciton_model/X-MACE, stdin=None, shell=False, universal_newlines=False)
2025-10-22 09:24:27.282 DEBUG: sys.platform='linux', git_executable='git'
2025-10-22 09:24:27.283 DEBUG: Popen(['git', 'cat-file', '--batch-check'], cwd=/home/rhyan/Exciton_model/X-MACE, stdin=<valid stream>, shell=False, universal_newlines=False)
2025-10-22 09:24:27.284 DEBUG: Current Git commit: 0861c52cf365064d060e006c179e4cc1785b61c2
2025-10-22 09:24:27.284 INFO: 
2025-10-22 09:24:27.284 INFO: ===========LOADING INPUT DATA===========
2025-10-22 09:24:28.268 INFO: Using random 10% of training set for validation with indices saved in: ./valid_indices_100.txt
2025-10-22 09:24:28.270 INFO: Atomic Numbers used: [1, 6, 7, 8]
2025-10-22 09:24:28.270 INFO: Isolated Atomic Energies (E0s) not in training file, using command line argument
2025-10-22 09:24:28.270 INFO: Computing average Atomic Energies using least squares regression
2025-10-22 09:24:28.278 INFO: Atomic Energies used (z: eV): {1: 0.0, 6: 0.0, 7: 0.0, 8: 0.0}
2025-10-22 09:24:28.463 INFO: 
2025-10-22 09:24:28.463 INFO: ===========MODEL DETAILS===========
2025-10-22 09:24:28.628 INFO: Average number of neighbors: 15.6
2025-10-22 09:24:28.628 INFO: During training the following quantities will be reported: energy, forces, dipoles, nacs
2025-10-22 09:24:28.673 INFO: Building model
2025-10-22 09:24:28.674 INFO: Message passing with 128 channels and max_L=1 (128x0e + 128x1o)
2025-10-22 09:24:28.674 INFO: 2 layers, each with correlation order: 3 (body order: 4) and spherical harmonics up to: l=3
2025-10-22 09:24:28.674 INFO: 8 radial and 5 basis functions
2025-10-22 09:24:28.674 INFO: Radial cutoff: 5.0 Å (total receptive field for each atom: 10.0 Å)
2025-10-22 09:24:28.674 INFO: Distance transform for radial basis functions: None
2025-10-22 09:24:29.435 DEBUG: AutoencoderExcitedMACE(
  (node_embedding): LinearNodeEmbeddingBlock(
    (linear): Linear(4x0e -> 128x0e | 512 weights)
  )
  (radial_embedding): RadialEmbeddingBlock(
    (bessel_fn): BesselBasis(r_max=5.0, num_basis=8, trainable=False)
    (cutoff_fn): PolynomialCutoff(p=5.0, r_max=5.0)
  )
  (perm_encoder): PermutationInvariantEncoder(
    (elementwise_nn): Sequential(
      (0): Linear(in_features=1, out_features=16, bias=True)
      (1): ELU(alpha=1.0)
      (2): Linear(in_features=16, out_features=16, bias=True)
      (3): ELU(alpha=1.0)
      (4): Linear(in_features=16, out_features=16, bias=True)
      (5): ELU(alpha=1.0)
      (6): Linear(in_features=16, out_features=16, bias=True)
      (7): ELU(alpha=1.0)
    )
    (post_aggregation_nn): Sequential(
      (0): Linear(in_features=16, out_features=16, bias=True)
      (1): ELU(alpha=1.0)
      (2): Linear(in_features=16, out_features=16, bias=True)
      (3): ELU(alpha=1.0)
      (4): Linear(in_features=16, out_features=16, bias=True)
      (5): ELU(alpha=1.0)
      (6): Linear(in_features=16, out_features=16, bias=True)
    )
  )
  (perm_decoder): PermutationInvariantDecoder(
    (decoder_nn): Sequential(
      (0): Linear(in_features=16, out_features=128, bias=True)
      (1): ELU(alpha=1.0)
      (2): Linear(in_features=128, out_features=128, bias=True)
      (3): ELU(alpha=1.0)
      (4): Linear(in_features=128, out_features=128, bias=True)
      (5): ELU(alpha=1.0)
      (6): Linear(in_features=128, out_features=128, bias=True)
      (7): ELU(alpha=1.0)
      (8): Linear(in_features=128, out_features=15, bias=True)
    )
  )
  (spherical_harmonics): SphericalHarmonics()
  (atomic_energies_fn): AtomicEnergiesBlock(energies=[0.0000, 0.0000, 0.0000, 0.0000])
  (interactions): ModuleList(
    (0): RealAgnosticInteractionBlock(
      (linear_up): Linear(128x0e -> 128x0e | 16384 weights)
      (conv_tp): TensorProduct(128x0e x 1x0e+1x1o+1x2e+1x3o -> 128x0e+128x1o+128x2e+128x3o | 512 paths | 512 weights)
      (conv_tp_weights): FullyConnectedNet[8, 64, 64, 64, 512]
      (linear): Linear(128x0e+128x1o+128x2e+128x3o -> 128x0e+128x1o+128x2e+128x3o | 65536 weights)
      (skip_tp): FullyConnectedTensorProduct(128x0e+128x1o+128x2e+128x3o x 4x0e -> 128x0e+128x1o+128x2e+128x3o | 262144 paths | 262144 weights)
      (reshape): reshape_irreps()
    )
    (1): RealAgnosticResidualInteractionBlock(
      (linear_up): Linear(128x0e+128x1o -> 128x0e+128x1o | 32768 weights)
      (conv_tp): TensorProduct(128x0e+128x1o x 1x0e+1x1o+1x2e+1x3o -> 256x0e+384x1o+384x2e+256x3o | 1280 paths | 1280 weights)
      (conv_tp_weights): FullyConnectedNet[8, 64, 64, 64, 1280]
      (linear): Linear(256x0e+384x1o+384x2e+256x3o -> 128x0e+128x1o+128x2e+128x3o | 163840 weights)
      (skip_tp): FullyConnectedTensorProduct(128x0e+128x1o x 4x0e -> 128x0e | 65536 paths | 65536 weights)
      (reshape): reshape_irreps()
    )
  )
  (products): ModuleList(
    (0): EquivariantProductBasisBlock(
      (symmetric_contractions): SymmetricContraction(
        (contractions): ModuleList(
          (0): Contraction(
            (contractions_weighting): ModuleList(
              (0-1): 2 x GraphModule()
            )
            (contractions_features): ModuleList(
              (0-1): 2 x GraphModule()
            )
            (weights): ParameterList(
                (0): Parameter containing: [torch.float32 of size 4x4x128 (cuda:0)]
                (1): Parameter containing: [torch.float32 of size 4x1x128 (cuda:0)]
            )
            (graph_opt_main): GraphModule()
          )
          (1): Contraction(
            (contractions_weighting): ModuleList(
              (0-1): 2 x GraphModule()
            )
            (contractions_features): ModuleList(
              (0-1): 2 x GraphModule()
            )
            (weights): ParameterList(
                (0): Parameter containing: [torch.float32 of size 4x6x128 (cuda:0)]
                (1): Parameter containing: [torch.float32 of size 4x1x128 (cuda:0)]
            )
            (graph_opt_main): GraphModule()
          )
        )
      )
      (linear): Linear(128x0e+128x1o -> 128x0e+128x1o | 32768 weights)
    )
    (1): EquivariantProductBasisBlock(
      (symmetric_contractions): SymmetricContraction(
        (contractions): ModuleList(
          (0): Contraction(
            (contractions_weighting): ModuleList(
              (0-1): 2 x GraphModule()
            )
            (contractions_features): ModuleList(
              (0-1): 2 x GraphModule()
            )
            (weights): ParameterList(
                (0): Parameter containing: [torch.float32 of size 4x4x128 (cuda:0)]
                (1): Parameter containing: [torch.float32 of size 4x1x128 (cuda:0)]
            )
            (graph_opt_main): GraphModule()
          )
        )
      )
      (linear): Linear(128x0e -> 128x0e | 16384 weights)
    )
  )
  (readouts): ModuleList(
    (0): LinearReadoutBlock(
      (linear): Linear(128x0e+128x1o -> 8x0e | 1024 weights)
    )
    (1): NonLinearReadoutBlock(
      (linear_1): Linear(128x0e -> 128x0e | 16384 weights)
      (non_linearity): Activation [x] (128x0e -> 128x0e)
      (linear_2): Linear(128x0e -> 8x0e | 1024 weights)
    )
  )
  (invariant_readouts): ModuleList(
    (0): LinearReadoutBlock(
      (linear): Linear(128x0e+128x1o -> 16x0e | 2048 weights)
    )
    (1): NonLinearReadoutBlock(
      (linear_1): Linear(128x0e -> 128x0e | 16384 weights)
      (non_linearity): Activation [x] (128x0e -> 128x0e)
      (linear_2): Linear(128x0e -> 16x0e | 2048 weights)
    )
  )
)
2025-10-22 09:24:29.437 INFO: Total number of parameters: 940831
2025-10-22 09:24:29.437 INFO: 
2025-10-22 09:24:29.437 INFO: ===========OPTIMIZER INFORMATION===========
2025-10-22 09:24:29.437 INFO: Using ADAM as parameter optimizer
2025-10-22 09:24:29.437 INFO: Batch size: 100
2025-10-22 09:24:29.437 INFO: Using Exponential Moving Average with decay: 0.99
2025-10-22 09:24:29.437 INFO: Number of gradient updates: 769
2025-10-22 09:24:29.437 INFO: Learning rate: 0.0001, weight decay: 5e-07
2025-10-22 09:24:29.437 INFO: InvariantsWeightedEnergyForcesNacsDipoleLoss(energy_weight=100.000, forces_weight=1.000, dipole_weight=1.000)
2025-10-22 09:24:29.439 INFO: Using gradient clipping with tolerance=10.000
2025-10-22 09:24:29.439 INFO: 
2025-10-22 09:24:29.439 INFO: ===========TRAINING===========
2025-10-22 09:24:29.439 INFO: Started training, reporting errors on validation set
2025-10-22 09:24:29.439 INFO: Loss metrics on validation set
2025-10-22 09:26:34.455 INFO: ===========VERIFYING SETTINGS===========
2025-10-22 09:26:34.455 INFO: MACE version: 0.3.6
2025-10-22 09:26:34.455 DEBUG: Configuration: Namespace(config=None, name='energies_forces', seed=100, work_dir='.', nacs_key='smooth_nacs', log_dir='./logs', model_dir='.', checkpoints_dir='./checkpoints', results_dir='./results', downloads_dir='./downloads', device='cuda', default_dtype='float32', distributed=False, log_level='INFO', n_energies=8, error_table='EnergyNacsDipoleMAE', model='AutoencoderExcitedMACE', r_max=5.0, num_permutational_invariant=10, radial_type='bessel', num_radial_basis=8, num_cutoff_basis=5, pair_repulsion=False, distance_transform='None', interaction='RealAgnosticResidualInteractionBlock', interaction_first='RealAgnosticResidualInteractionBlock', max_ell=3, correlation=3, num_interactions=2, MLP_irreps='128x0e', radial_MLP='[64, 64, 64]', hidden_irreps='128x0e + 128x1o', num_channels=128, max_L=1, gate='silu', scaling='rms_forces_scaling', avg_num_neighbors=1, compute_avg_num_neighbors=True, compute_stress=False, compute_forces=True, compute_dipoles=True, compute_nacs=False, compute_socs=False, train_file='ENERGIES_FORCES.xyz', valid_file=None, valid_fraction=0.1, test_file=None, test_dir=None, multi_processed_test=False, num_workers=0, pin_memory=True, atomic_numbers=None, mean=None, std=None, statistics_file=None, E0s='average', keep_isolated_atoms=False, energy_key='REF_energy', forces_key='REF_forces', virials_key='REF_virials', stress_key='REF_stress', dipoles_key='REF_dipoles', charges_key='REF_charges', loss='weighted', forces_weight=1.0, nacs_weight=100.0, socs_weight=100.0, soc_num=None, swa_forces_weight=100.0, energy_weight=100.0, swa_energy_weight=1000.0, virials_weight=1.0, swa_virials_weight=10.0, stress_weight=1.0, swa_stress_weight=10.0, dipoles_weight=1.0, swa_dipole_weight=1.0, config_type_weights='{"Default":1.0}', huber_delta=0.01, optimizer='adam', beta=0.9, batch_size=100, valid_batch_size=10, lr=0.0001, swa_lr=0.001, weight_decay=5e-07, amsgrad=True, scheduler='ReduceLROnPlateau', lr_factor=0.8, scheduler_patience=50, lr_scheduler_gamma=0.9993, swa=False, start_swa=None, ema=True, ema_decay=0.99, max_num_epochs=100, patience=2048, foundation_model=None, foundation_model_readout=True, eval_interval=1, keep_checkpoints=False, save_all_checkpoints=False, restart_latest=False, save_cpu=False, clip_grad=10.0, wandb=False, wandb_dir=None, wandb_project='', wandb_entity='', wandb_name='', wandb_log_hypers=['num_channels', 'max_L', 'correlation', 'lr', 'swa_lr', 'weight_decay', 'batch_size', 'max_num_epochs', 'start_swa', 'energy_weight', 'forces_weight'])
2025-10-22 09:26:34.497 INFO: CUDA version: 12.4, CUDA device: 0
2025-10-22 09:26:34.515 DEBUG: Popen(['git', 'version'], cwd=/home/rhyan/Exciton_model/X-MACE, stdin=None, shell=False, universal_newlines=False)
2025-10-22 09:26:34.516 DEBUG: Popen(['git', 'version'], cwd=/home/rhyan/Exciton_model/X-MACE, stdin=None, shell=False, universal_newlines=False)
2025-10-22 09:26:34.517 DEBUG: sys.platform='linux', git_executable='git'
2025-10-22 09:26:34.518 DEBUG: Popen(['git', 'cat-file', '--batch-check'], cwd=/home/rhyan/Exciton_model/X-MACE, stdin=<valid stream>, shell=False, universal_newlines=False)
2025-10-22 09:26:34.519 DEBUG: Current Git commit: 0861c52cf365064d060e006c179e4cc1785b61c2
2025-10-22 09:26:34.519 INFO: 
2025-10-22 09:26:34.519 INFO: ===========LOADING INPUT DATA===========
2025-10-22 09:26:35.505 INFO: Using random 10% of training set for validation with indices saved in: ./valid_indices_100.txt
2025-10-22 09:26:35.506 INFO: Atomic Numbers used: [1, 6, 7, 8]
2025-10-22 09:26:35.506 INFO: Isolated Atomic Energies (E0s) not in training file, using command line argument
2025-10-22 09:26:35.506 INFO: Computing average Atomic Energies using least squares regression
2025-10-22 09:26:35.514 INFO: Atomic Energies used (z: eV): {1: 0.0, 6: 0.0, 7: 0.0, 8: 0.0}
2025-10-22 09:26:35.693 INFO: 
2025-10-22 09:26:35.693 INFO: ===========MODEL DETAILS===========
2025-10-22 09:26:35.854 INFO: Average number of neighbors: 15.6
2025-10-22 09:26:35.855 INFO: During training the following quantities will be reported: energy, forces, dipoles, nacs
2025-10-22 09:26:35.901 INFO: Building model
2025-10-22 09:26:35.901 INFO: Message passing with 128 channels and max_L=1 (128x0e + 128x1o)
2025-10-22 09:26:35.901 INFO: 2 layers, each with correlation order: 3 (body order: 4) and spherical harmonics up to: l=3
2025-10-22 09:26:35.901 INFO: 8 radial and 5 basis functions
2025-10-22 09:26:35.901 INFO: Radial cutoff: 5.0 Å (total receptive field for each atom: 10.0 Å)
2025-10-22 09:26:35.901 INFO: Distance transform for radial basis functions: None
2025-10-22 09:26:36.659 DEBUG: AutoencoderExcitedMACE(
  (node_embedding): LinearNodeEmbeddingBlock(
    (linear): Linear(4x0e -> 128x0e | 512 weights)
  )
  (radial_embedding): RadialEmbeddingBlock(
    (bessel_fn): BesselBasis(r_max=5.0, num_basis=8, trainable=False)
    (cutoff_fn): PolynomialCutoff(p=5.0, r_max=5.0)
  )
  (perm_encoder): PermutationInvariantEncoder(
    (elementwise_nn): Sequential(
      (0): Linear(in_features=1, out_features=16, bias=True)
      (1): ELU(alpha=1.0)
      (2): Linear(in_features=16, out_features=16, bias=True)
      (3): ELU(alpha=1.0)
      (4): Linear(in_features=16, out_features=16, bias=True)
      (5): ELU(alpha=1.0)
      (6): Linear(in_features=16, out_features=16, bias=True)
      (7): ELU(alpha=1.0)
    )
    (post_aggregation_nn): Sequential(
      (0): Linear(in_features=16, out_features=16, bias=True)
      (1): ELU(alpha=1.0)
      (2): Linear(in_features=16, out_features=16, bias=True)
      (3): ELU(alpha=1.0)
      (4): Linear(in_features=16, out_features=16, bias=True)
      (5): ELU(alpha=1.0)
      (6): Linear(in_features=16, out_features=10, bias=True)
    )
  )
  (perm_decoder): PermutationInvariantDecoder(
    (decoder_nn): Sequential(
      (0): Linear(in_features=10, out_features=128, bias=True)
      (1): ELU(alpha=1.0)
      (2): Linear(in_features=128, out_features=128, bias=True)
      (3): ELU(alpha=1.0)
      (4): Linear(in_features=128, out_features=128, bias=True)
      (5): ELU(alpha=1.0)
      (6): Linear(in_features=128, out_features=128, bias=True)
      (7): ELU(alpha=1.0)
      (8): Linear(in_features=128, out_features=15, bias=True)
    )
  )
  (spherical_harmonics): SphericalHarmonics()
  (atomic_energies_fn): AtomicEnergiesBlock(energies=[0.0000, 0.0000, 0.0000, 0.0000])
  (interactions): ModuleList(
    (0): RealAgnosticInteractionBlock(
      (linear_up): Linear(128x0e -> 128x0e | 16384 weights)
      (conv_tp): TensorProduct(128x0e x 1x0e+1x1o+1x2e+1x3o -> 128x0e+128x1o+128x2e+128x3o | 512 paths | 512 weights)
      (conv_tp_weights): FullyConnectedNet[8, 64, 64, 64, 512]
      (linear): Linear(128x0e+128x1o+128x2e+128x3o -> 128x0e+128x1o+128x2e+128x3o | 65536 weights)
      (skip_tp): FullyConnectedTensorProduct(128x0e+128x1o+128x2e+128x3o x 4x0e -> 128x0e+128x1o+128x2e+128x3o | 262144 paths | 262144 weights)
      (reshape): reshape_irreps()
    )
    (1): RealAgnosticResidualInteractionBlock(
      (linear_up): Linear(128x0e+128x1o -> 128x0e+128x1o | 32768 weights)
      (conv_tp): TensorProduct(128x0e+128x1o x 1x0e+1x1o+1x2e+1x3o -> 256x0e+384x1o+384x2e+256x3o | 1280 paths | 1280 weights)
      (conv_tp_weights): FullyConnectedNet[8, 64, 64, 64, 1280]
      (linear): Linear(256x0e+384x1o+384x2e+256x3o -> 128x0e+128x1o+128x2e+128x3o | 163840 weights)
      (skip_tp): FullyConnectedTensorProduct(128x0e+128x1o x 4x0e -> 128x0e | 65536 paths | 65536 weights)
      (reshape): reshape_irreps()
    )
  )
  (products): ModuleList(
    (0): EquivariantProductBasisBlock(
      (symmetric_contractions): SymmetricContraction(
        (contractions): ModuleList(
          (0): Contraction(
            (contractions_weighting): ModuleList(
              (0-1): 2 x GraphModule()
            )
            (contractions_features): ModuleList(
              (0-1): 2 x GraphModule()
            )
            (weights): ParameterList(
                (0): Parameter containing: [torch.float32 of size 4x4x128 (cuda:0)]
                (1): Parameter containing: [torch.float32 of size 4x1x128 (cuda:0)]
            )
            (graph_opt_main): GraphModule()
          )
          (1): Contraction(
            (contractions_weighting): ModuleList(
              (0-1): 2 x GraphModule()
            )
            (contractions_features): ModuleList(
              (0-1): 2 x GraphModule()
            )
            (weights): ParameterList(
                (0): Parameter containing: [torch.float32 of size 4x6x128 (cuda:0)]
                (1): Parameter containing: [torch.float32 of size 4x1x128 (cuda:0)]
            )
            (graph_opt_main): GraphModule()
          )
        )
      )
      (linear): Linear(128x0e+128x1o -> 128x0e+128x1o | 32768 weights)
    )
    (1): EquivariantProductBasisBlock(
      (symmetric_contractions): SymmetricContraction(
        (contractions): ModuleList(
          (0): Contraction(
            (contractions_weighting): ModuleList(
              (0-1): 2 x GraphModule()
            )
            (contractions_features): ModuleList(
              (0-1): 2 x GraphModule()
            )
            (weights): ParameterList(
                (0): Parameter containing: [torch.float32 of size 4x4x128 (cuda:0)]
                (1): Parameter containing: [torch.float32 of size 4x1x128 (cuda:0)]
            )
            (graph_opt_main): GraphModule()
          )
        )
      )
      (linear): Linear(128x0e -> 128x0e | 16384 weights)
    )
  )
  (readouts): ModuleList(
    (0): LinearReadoutBlock(
      (linear): Linear(128x0e+128x1o -> 8x0e | 1024 weights)
    )
    (1): NonLinearReadoutBlock(
      (linear_1): Linear(128x0e -> 128x0e | 16384 weights)
      (non_linearity): Activation [x] (128x0e -> 128x0e)
      (linear_2): Linear(128x0e -> 8x0e | 1024 weights)
    )
  )
  (invariant_readouts): ModuleList(
    (0): LinearReadoutBlock(
      (linear): Linear(128x0e+128x1o -> 10x0e | 1280 weights)
    )
    (1): NonLinearReadoutBlock(
      (linear_1): Linear(128x0e -> 128x0e | 16384 weights)
      (non_linearity): Activation [x] (128x0e -> 128x0e)
      (linear_2): Linear(128x0e -> 10x0e | 1280 weights)
    )
  )
)
2025-10-22 09:26:36.661 INFO: Total number of parameters: 938425
2025-10-22 09:26:36.661 INFO: 
2025-10-22 09:26:36.661 INFO: ===========OPTIMIZER INFORMATION===========
2025-10-22 09:26:36.661 INFO: Using ADAM as parameter optimizer
2025-10-22 09:26:36.661 INFO: Batch size: 100
2025-10-22 09:26:36.661 INFO: Using Exponential Moving Average with decay: 0.99
2025-10-22 09:26:36.661 INFO: Number of gradient updates: 769
2025-10-22 09:26:36.661 INFO: Learning rate: 0.0001, weight decay: 5e-07
2025-10-22 09:26:36.661 INFO: InvariantsWeightedEnergyForcesNacsDipoleLoss(energy_weight=100.000, forces_weight=1.000, dipole_weight=1.000)
2025-10-22 09:26:36.662 INFO: Using gradient clipping with tolerance=10.000
2025-10-22 09:26:36.662 INFO: 
2025-10-22 09:26:36.662 INFO: ===========TRAINING===========
2025-10-22 09:26:36.662 INFO: Started training, reporting errors on validation set
2025-10-22 09:26:36.663 INFO: Loss metrics on validation set
2025-10-22 09:28:19.307 INFO: ===========VERIFYING SETTINGS===========
2025-10-22 09:28:19.307 INFO: MACE version: 0.3.6
2025-10-22 09:28:19.307 DEBUG: Configuration: Namespace(config=None, name='energies_forces', seed=100, work_dir='.', nacs_key='smooth_nacs', log_dir='./logs', model_dir='.', checkpoints_dir='./checkpoints', results_dir='./results', downloads_dir='./downloads', device='cuda', default_dtype='float32', distributed=False, log_level='INFO', n_energies=8, error_table='EnergyNacsDipoleMAE', model='AutoencoderExcitedMACE', r_max=5.0, num_permutational_invariant=10, radial_type='bessel', num_radial_basis=8, num_cutoff_basis=5, pair_repulsion=False, distance_transform='None', interaction='RealAgnosticResidualInteractionBlock', interaction_first='RealAgnosticResidualInteractionBlock', max_ell=3, correlation=3, num_interactions=2, MLP_irreps='128x0e', radial_MLP='[64, 64, 64]', hidden_irreps='128x0e + 128x1o', num_channels=128, max_L=1, gate='silu', scaling='rms_forces_scaling', avg_num_neighbors=1, compute_avg_num_neighbors=True, compute_stress=False, compute_forces=True, compute_dipoles=True, compute_nacs=False, compute_socs=False, train_file='ENERGIES_FORCES.xyz', valid_file=None, valid_fraction=0.1, test_file=None, test_dir=None, multi_processed_test=False, num_workers=0, pin_memory=True, atomic_numbers=None, mean=None, std=None, statistics_file=None, E0s='average', keep_isolated_atoms=False, energy_key='REF_energy', forces_key='REF_forces', virials_key='REF_virials', stress_key='REF_stress', dipoles_key='REF_dipoles', charges_key='REF_charges', loss='weighted', forces_weight=1.0, nacs_weight=100.0, socs_weight=100.0, soc_num=None, swa_forces_weight=100.0, energy_weight=100.0, swa_energy_weight=1000.0, virials_weight=1.0, swa_virials_weight=10.0, stress_weight=1.0, swa_stress_weight=10.0, dipoles_weight=1.0, swa_dipole_weight=1.0, config_type_weights='{"Default":1.0}', huber_delta=0.01, optimizer='adam', beta=0.9, batch_size=100, valid_batch_size=10, lr=0.0001, swa_lr=0.001, weight_decay=5e-07, amsgrad=True, scheduler='ReduceLROnPlateau', lr_factor=0.8, scheduler_patience=50, lr_scheduler_gamma=0.9993, swa=False, start_swa=None, ema=True, ema_decay=0.99, max_num_epochs=100, patience=2048, foundation_model=None, foundation_model_readout=True, eval_interval=1, keep_checkpoints=False, save_all_checkpoints=False, restart_latest=False, save_cpu=False, clip_grad=10.0, wandb=False, wandb_dir=None, wandb_project='', wandb_entity='', wandb_name='', wandb_log_hypers=['num_channels', 'max_L', 'correlation', 'lr', 'swa_lr', 'weight_decay', 'batch_size', 'max_num_epochs', 'start_swa', 'energy_weight', 'forces_weight'])
2025-10-22 09:28:19.349 INFO: CUDA version: 12.4, CUDA device: 0
2025-10-22 09:28:19.366 DEBUG: Popen(['git', 'version'], cwd=/home/rhyan/Exciton_model/X-MACE, stdin=None, shell=False, universal_newlines=False)
2025-10-22 09:28:19.368 DEBUG: Popen(['git', 'version'], cwd=/home/rhyan/Exciton_model/X-MACE, stdin=None, shell=False, universal_newlines=False)
2025-10-22 09:28:19.369 DEBUG: sys.platform='linux', git_executable='git'
2025-10-22 09:28:19.369 DEBUG: Popen(['git', 'cat-file', '--batch-check'], cwd=/home/rhyan/Exciton_model/X-MACE, stdin=<valid stream>, shell=False, universal_newlines=False)
2025-10-22 09:28:19.370 DEBUG: Current Git commit: 0861c52cf365064d060e006c179e4cc1785b61c2
2025-10-22 09:28:19.370 INFO: 
2025-10-22 09:28:19.371 INFO: ===========LOADING INPUT DATA===========
2025-10-22 09:28:20.352 INFO: Using random 10% of training set for validation with indices saved in: ./valid_indices_100.txt
2025-10-22 09:28:20.354 INFO: Atomic Numbers used: [1, 6, 7, 8]
2025-10-22 09:28:20.354 INFO: Isolated Atomic Energies (E0s) not in training file, using command line argument
2025-10-22 09:28:20.354 INFO: Computing average Atomic Energies using least squares regression
2025-10-22 09:28:20.362 INFO: Atomic Energies used (z: eV): {1: 0.0, 6: 0.0, 7: 0.0, 8: 0.0}
2025-10-22 09:28:20.544 INFO: 
2025-10-22 09:28:20.544 INFO: ===========MODEL DETAILS===========
2025-10-22 09:28:20.709 INFO: Average number of neighbors: 15.6
2025-10-22 09:28:20.709 INFO: During training the following quantities will be reported: energy, forces, dipoles, nacs
2025-10-22 09:28:20.755 INFO: Building model
2025-10-22 09:28:20.755 INFO: Message passing with 128 channels and max_L=1 (128x0e + 128x1o)
2025-10-22 09:28:20.755 INFO: 2 layers, each with correlation order: 3 (body order: 4) and spherical harmonics up to: l=3
2025-10-22 09:28:20.755 INFO: 8 radial and 5 basis functions
2025-10-22 09:28:20.756 INFO: Radial cutoff: 5.0 Å (total receptive field for each atom: 10.0 Å)
2025-10-22 09:28:20.756 INFO: Distance transform for radial basis functions: None
2025-10-22 09:28:21.512 DEBUG: AutoencoderExcitedMACE(
  (node_embedding): LinearNodeEmbeddingBlock(
    (linear): Linear(4x0e -> 128x0e | 512 weights)
  )
  (radial_embedding): RadialEmbeddingBlock(
    (bessel_fn): BesselBasis(r_max=5.0, num_basis=8, trainable=False)
    (cutoff_fn): PolynomialCutoff(p=5.0, r_max=5.0)
  )
  (perm_encoder): PermutationInvariantEncoder(
    (elementwise_nn): Sequential(
      (0): Linear(in_features=1, out_features=16, bias=True)
      (1): ELU(alpha=1.0)
      (2): Linear(in_features=16, out_features=16, bias=True)
      (3): ELU(alpha=1.0)
      (4): Linear(in_features=16, out_features=16, bias=True)
      (5): ELU(alpha=1.0)
      (6): Linear(in_features=16, out_features=16, bias=True)
      (7): ELU(alpha=1.0)
    )
    (post_aggregation_nn): Sequential(
      (0): Linear(in_features=16, out_features=16, bias=True)
      (1): ELU(alpha=1.0)
      (2): Linear(in_features=16, out_features=16, bias=True)
      (3): ELU(alpha=1.0)
      (4): Linear(in_features=16, out_features=16, bias=True)
      (5): ELU(alpha=1.0)
      (6): Linear(in_features=16, out_features=10, bias=True)
    )
  )
  (perm_decoder): PermutationInvariantDecoder(
    (decoder_nn): Sequential(
      (0): Linear(in_features=10, out_features=128, bias=True)
      (1): ELU(alpha=1.0)
      (2): Linear(in_features=128, out_features=128, bias=True)
      (3): ELU(alpha=1.0)
      (4): Linear(in_features=128, out_features=128, bias=True)
      (5): ELU(alpha=1.0)
      (6): Linear(in_features=128, out_features=128, bias=True)
      (7): ELU(alpha=1.0)
      (8): Linear(in_features=128, out_features=15, bias=True)
    )
  )
  (spherical_harmonics): SphericalHarmonics()
  (atomic_energies_fn): AtomicEnergiesBlock(energies=[0.0000, 0.0000, 0.0000, 0.0000])
  (interactions): ModuleList(
    (0): RealAgnosticInteractionBlock(
      (linear_up): Linear(128x0e -> 128x0e | 16384 weights)
      (conv_tp): TensorProduct(128x0e x 1x0e+1x1o+1x2e+1x3o -> 128x0e+128x1o+128x2e+128x3o | 512 paths | 512 weights)
      (conv_tp_weights): FullyConnectedNet[8, 64, 64, 64, 512]
      (linear): Linear(128x0e+128x1o+128x2e+128x3o -> 128x0e+128x1o+128x2e+128x3o | 65536 weights)
      (skip_tp): FullyConnectedTensorProduct(128x0e+128x1o+128x2e+128x3o x 4x0e -> 128x0e+128x1o+128x2e+128x3o | 262144 paths | 262144 weights)
      (reshape): reshape_irreps()
    )
    (1): RealAgnosticResidualInteractionBlock(
      (linear_up): Linear(128x0e+128x1o -> 128x0e+128x1o | 32768 weights)
      (conv_tp): TensorProduct(128x0e+128x1o x 1x0e+1x1o+1x2e+1x3o -> 256x0e+384x1o+384x2e+256x3o | 1280 paths | 1280 weights)
      (conv_tp_weights): FullyConnectedNet[8, 64, 64, 64, 1280]
      (linear): Linear(256x0e+384x1o+384x2e+256x3o -> 128x0e+128x1o+128x2e+128x3o | 163840 weights)
      (skip_tp): FullyConnectedTensorProduct(128x0e+128x1o x 4x0e -> 128x0e | 65536 paths | 65536 weights)
      (reshape): reshape_irreps()
    )
  )
  (products): ModuleList(
    (0): EquivariantProductBasisBlock(
      (symmetric_contractions): SymmetricContraction(
        (contractions): ModuleList(
          (0): Contraction(
            (contractions_weighting): ModuleList(
              (0-1): 2 x GraphModule()
            )
            (contractions_features): ModuleList(
              (0-1): 2 x GraphModule()
            )
            (weights): ParameterList(
                (0): Parameter containing: [torch.float32 of size 4x4x128 (cuda:0)]
                (1): Parameter containing: [torch.float32 of size 4x1x128 (cuda:0)]
            )
            (graph_opt_main): GraphModule()
          )
          (1): Contraction(
            (contractions_weighting): ModuleList(
              (0-1): 2 x GraphModule()
            )
            (contractions_features): ModuleList(
              (0-1): 2 x GraphModule()
            )
            (weights): ParameterList(
                (0): Parameter containing: [torch.float32 of size 4x6x128 (cuda:0)]
                (1): Parameter containing: [torch.float32 of size 4x1x128 (cuda:0)]
            )
            (graph_opt_main): GraphModule()
          )
        )
      )
      (linear): Linear(128x0e+128x1o -> 128x0e+128x1o | 32768 weights)
    )
    (1): EquivariantProductBasisBlock(
      (symmetric_contractions): SymmetricContraction(
        (contractions): ModuleList(
          (0): Contraction(
            (contractions_weighting): ModuleList(
              (0-1): 2 x GraphModule()
            )
            (contractions_features): ModuleList(
              (0-1): 2 x GraphModule()
            )
            (weights): ParameterList(
                (0): Parameter containing: [torch.float32 of size 4x4x128 (cuda:0)]
                (1): Parameter containing: [torch.float32 of size 4x1x128 (cuda:0)]
            )
            (graph_opt_main): GraphModule()
          )
        )
      )
      (linear): Linear(128x0e -> 128x0e | 16384 weights)
    )
  )
  (readouts): ModuleList(
    (0): LinearReadoutBlock(
      (linear): Linear(128x0e+128x1o -> 8x0e | 1024 weights)
    )
    (1): NonLinearReadoutBlock(
      (linear_1): Linear(128x0e -> 128x0e | 16384 weights)
      (non_linearity): Activation [x] (128x0e -> 128x0e)
      (linear_2): Linear(128x0e -> 8x0e | 1024 weights)
    )
  )
  (invariant_readouts): ModuleList(
    (0): LinearReadoutBlock(
      (linear): Linear(128x0e+128x1o -> 10x0e | 1280 weights)
    )
    (1): NonLinearReadoutBlock(
      (linear_1): Linear(128x0e -> 128x0e | 16384 weights)
      (non_linearity): Activation [x] (128x0e -> 128x0e)
      (linear_2): Linear(128x0e -> 10x0e | 1280 weights)
    )
  )
)
2025-10-22 09:28:21.514 INFO: Total number of parameters: 938425
2025-10-22 09:28:21.514 INFO: 
2025-10-22 09:28:21.514 INFO: ===========OPTIMIZER INFORMATION===========
2025-10-22 09:28:21.514 INFO: Using ADAM as parameter optimizer
2025-10-22 09:28:21.514 INFO: Batch size: 100
2025-10-22 09:28:21.514 INFO: Using Exponential Moving Average with decay: 0.99
2025-10-22 09:28:21.514 INFO: Number of gradient updates: 769
2025-10-22 09:28:21.514 INFO: Learning rate: 0.0001, weight decay: 5e-07
2025-10-22 09:28:21.514 INFO: InvariantsWeightedEnergyForcesNacsDipoleLoss(energy_weight=100.000, forces_weight=1.000, dipole_weight=1.000)
2025-10-22 09:28:21.515 INFO: Using gradient clipping with tolerance=10.000
2025-10-22 09:28:21.515 INFO: 
2025-10-22 09:28:21.515 INFO: ===========TRAINING===========
2025-10-22 09:28:21.515 INFO: Started training, reporting errors on validation set
2025-10-22 09:28:21.515 INFO: Loss metrics on validation set
2025-10-22 09:29:30.129 INFO: ===========VERIFYING SETTINGS===========
2025-10-22 09:29:30.129 INFO: MACE version: 0.3.6
2025-10-22 09:29:30.129 DEBUG: Configuration: Namespace(config=None, name='energies_forces', seed=100, work_dir='.', nacs_key='smooth_nacs', log_dir='./logs', model_dir='.', checkpoints_dir='./checkpoints', results_dir='./results', downloads_dir='./downloads', device='cuda', default_dtype='float32', distributed=False, log_level='INFO', n_energies=8, error_table='EnergyNacsDipoleMAE', model='AutoencoderExcitedMACE', r_max=5.0, num_permutational_invariant=16, radial_type='bessel', num_radial_basis=8, num_cutoff_basis=5, pair_repulsion=False, distance_transform='None', interaction='RealAgnosticResidualInteractionBlock', interaction_first='RealAgnosticResidualInteractionBlock', max_ell=3, correlation=3, num_interactions=2, MLP_irreps='128x0e', radial_MLP='[64, 64, 64]', hidden_irreps='128x0e + 128x1o', num_channels=128, max_L=1, gate='silu', scaling='rms_forces_scaling', avg_num_neighbors=1, compute_avg_num_neighbors=True, compute_stress=False, compute_forces=True, compute_dipoles=True, compute_nacs=False, compute_socs=False, train_file='ENERGIES_FORCES.xyz', valid_file=None, valid_fraction=0.1, test_file=None, test_dir=None, multi_processed_test=False, num_workers=0, pin_memory=True, atomic_numbers=None, mean=None, std=None, statistics_file=None, E0s='average', keep_isolated_atoms=False, energy_key='REF_energy', forces_key='REF_forces', virials_key='REF_virials', stress_key='REF_stress', dipoles_key='REF_dipoles', charges_key='REF_charges', loss='weighted', forces_weight=1.0, nacs_weight=100.0, socs_weight=100.0, soc_num=None, swa_forces_weight=100.0, energy_weight=100.0, swa_energy_weight=1000.0, virials_weight=1.0, swa_virials_weight=10.0, stress_weight=1.0, swa_stress_weight=10.0, dipoles_weight=1.0, swa_dipole_weight=1.0, config_type_weights='{"Default":1.0}', huber_delta=0.01, optimizer='adam', beta=0.9, batch_size=100, valid_batch_size=10, lr=0.0001, swa_lr=0.001, weight_decay=5e-07, amsgrad=True, scheduler='ReduceLROnPlateau', lr_factor=0.8, scheduler_patience=50, lr_scheduler_gamma=0.9993, swa=False, start_swa=None, ema=True, ema_decay=0.99, max_num_epochs=100, patience=2048, foundation_model=None, foundation_model_readout=True, eval_interval=1, keep_checkpoints=False, save_all_checkpoints=False, restart_latest=False, save_cpu=False, clip_grad=10.0, wandb=False, wandb_dir=None, wandb_project='', wandb_entity='', wandb_name='', wandb_log_hypers=['num_channels', 'max_L', 'correlation', 'lr', 'swa_lr', 'weight_decay', 'batch_size', 'max_num_epochs', 'start_swa', 'energy_weight', 'forces_weight'])
2025-10-22 09:29:30.158 INFO: CUDA version: 12.4, CUDA device: 0
2025-10-22 09:29:30.176 DEBUG: Popen(['git', 'version'], cwd=/home/rhyan/Exciton_model/X-MACE, stdin=None, shell=False, universal_newlines=False)
2025-10-22 09:29:30.177 DEBUG: Popen(['git', 'version'], cwd=/home/rhyan/Exciton_model/X-MACE, stdin=None, shell=False, universal_newlines=False)
2025-10-22 09:29:30.178 DEBUG: sys.platform='linux', git_executable='git'
2025-10-22 09:29:30.179 DEBUG: Popen(['git', 'cat-file', '--batch-check'], cwd=/home/rhyan/Exciton_model/X-MACE, stdin=<valid stream>, shell=False, universal_newlines=False)
2025-10-22 09:29:30.180 DEBUG: Current Git commit: 0861c52cf365064d060e006c179e4cc1785b61c2
2025-10-22 09:29:30.180 INFO: 
2025-10-22 09:29:30.180 INFO: ===========LOADING INPUT DATA===========
2025-10-22 09:29:31.161 INFO: Using random 10% of training set for validation with indices saved in: ./valid_indices_100.txt
2025-10-22 09:29:31.162 INFO: Atomic Numbers used: [1, 6, 7, 8]
2025-10-22 09:29:31.162 INFO: Isolated Atomic Energies (E0s) not in training file, using command line argument
2025-10-22 09:29:31.162 INFO: Computing average Atomic Energies using least squares regression
2025-10-22 09:29:31.170 INFO: Atomic Energies used (z: eV): {1: 0.0, 6: 0.0, 7: 0.0, 8: 0.0}
2025-10-22 09:29:31.352 INFO: 
2025-10-22 09:29:31.352 INFO: ===========MODEL DETAILS===========
2025-10-22 09:29:31.519 INFO: Average number of neighbors: 15.6
2025-10-22 09:29:31.519 INFO: During training the following quantities will be reported: energy, forces, dipoles, nacs
2025-10-22 09:29:31.565 INFO: Building model
2025-10-22 09:29:31.565 INFO: Message passing with 128 channels and max_L=1 (128x0e + 128x1o)
2025-10-22 09:29:31.565 INFO: 2 layers, each with correlation order: 3 (body order: 4) and spherical harmonics up to: l=3
2025-10-22 09:29:31.566 INFO: 8 radial and 5 basis functions
2025-10-22 09:29:31.566 INFO: Radial cutoff: 5.0 Å (total receptive field for each atom: 10.0 Å)
2025-10-22 09:29:31.566 INFO: Distance transform for radial basis functions: None
2025-10-22 09:29:32.320 DEBUG: AutoencoderExcitedMACE(
  (node_embedding): LinearNodeEmbeddingBlock(
    (linear): Linear(4x0e -> 128x0e | 512 weights)
  )
  (radial_embedding): RadialEmbeddingBlock(
    (bessel_fn): BesselBasis(r_max=5.0, num_basis=8, trainable=False)
    (cutoff_fn): PolynomialCutoff(p=5.0, r_max=5.0)
  )
  (perm_encoder): PermutationInvariantEncoder(
    (elementwise_nn): Sequential(
      (0): Linear(in_features=1, out_features=16, bias=True)
      (1): ELU(alpha=1.0)
      (2): Linear(in_features=16, out_features=16, bias=True)
      (3): ELU(alpha=1.0)
      (4): Linear(in_features=16, out_features=16, bias=True)
      (5): ELU(alpha=1.0)
      (6): Linear(in_features=16, out_features=16, bias=True)
      (7): ELU(alpha=1.0)
    )
    (post_aggregation_nn): Sequential(
      (0): Linear(in_features=16, out_features=16, bias=True)
      (1): ELU(alpha=1.0)
      (2): Linear(in_features=16, out_features=16, bias=True)
      (3): ELU(alpha=1.0)
      (4): Linear(in_features=16, out_features=16, bias=True)
      (5): ELU(alpha=1.0)
      (6): Linear(in_features=16, out_features=16, bias=True)
    )
  )
  (perm_decoder): PermutationInvariantDecoder(
    (decoder_nn): Sequential(
      (0): Linear(in_features=16, out_features=128, bias=True)
      (1): ELU(alpha=1.0)
      (2): Linear(in_features=128, out_features=128, bias=True)
      (3): ELU(alpha=1.0)
      (4): Linear(in_features=128, out_features=128, bias=True)
      (5): ELU(alpha=1.0)
      (6): Linear(in_features=128, out_features=128, bias=True)
      (7): ELU(alpha=1.0)
      (8): Linear(in_features=128, out_features=15, bias=True)
    )
  )
  (spherical_harmonics): SphericalHarmonics()
  (atomic_energies_fn): AtomicEnergiesBlock(energies=[0.0000, 0.0000, 0.0000, 0.0000])
  (interactions): ModuleList(
    (0): RealAgnosticInteractionBlock(
      (linear_up): Linear(128x0e -> 128x0e | 16384 weights)
      (conv_tp): TensorProduct(128x0e x 1x0e+1x1o+1x2e+1x3o -> 128x0e+128x1o+128x2e+128x3o | 512 paths | 512 weights)
      (conv_tp_weights): FullyConnectedNet[8, 64, 64, 64, 512]
      (linear): Linear(128x0e+128x1o+128x2e+128x3o -> 128x0e+128x1o+128x2e+128x3o | 65536 weights)
      (skip_tp): FullyConnectedTensorProduct(128x0e+128x1o+128x2e+128x3o x 4x0e -> 128x0e+128x1o+128x2e+128x3o | 262144 paths | 262144 weights)
      (reshape): reshape_irreps()
    )
    (1): RealAgnosticResidualInteractionBlock(
      (linear_up): Linear(128x0e+128x1o -> 128x0e+128x1o | 32768 weights)
      (conv_tp): TensorProduct(128x0e+128x1o x 1x0e+1x1o+1x2e+1x3o -> 256x0e+384x1o+384x2e+256x3o | 1280 paths | 1280 weights)
      (conv_tp_weights): FullyConnectedNet[8, 64, 64, 64, 1280]
      (linear): Linear(256x0e+384x1o+384x2e+256x3o -> 128x0e+128x1o+128x2e+128x3o | 163840 weights)
      (skip_tp): FullyConnectedTensorProduct(128x0e+128x1o x 4x0e -> 128x0e | 65536 paths | 65536 weights)
      (reshape): reshape_irreps()
    )
  )
  (products): ModuleList(
    (0): EquivariantProductBasisBlock(
      (symmetric_contractions): SymmetricContraction(
        (contractions): ModuleList(
          (0): Contraction(
            (contractions_weighting): ModuleList(
              (0-1): 2 x GraphModule()
            )
            (contractions_features): ModuleList(
              (0-1): 2 x GraphModule()
            )
            (weights): ParameterList(
                (0): Parameter containing: [torch.float32 of size 4x4x128 (cuda:0)]
                (1): Parameter containing: [torch.float32 of size 4x1x128 (cuda:0)]
            )
            (graph_opt_main): GraphModule()
          )
          (1): Contraction(
            (contractions_weighting): ModuleList(
              (0-1): 2 x GraphModule()
            )
            (contractions_features): ModuleList(
              (0-1): 2 x GraphModule()
            )
            (weights): ParameterList(
                (0): Parameter containing: [torch.float32 of size 4x6x128 (cuda:0)]
                (1): Parameter containing: [torch.float32 of size 4x1x128 (cuda:0)]
            )
            (graph_opt_main): GraphModule()
          )
        )
      )
      (linear): Linear(128x0e+128x1o -> 128x0e+128x1o | 32768 weights)
    )
    (1): EquivariantProductBasisBlock(
      (symmetric_contractions): SymmetricContraction(
        (contractions): ModuleList(
          (0): Contraction(
            (contractions_weighting): ModuleList(
              (0-1): 2 x GraphModule()
            )
            (contractions_features): ModuleList(
              (0-1): 2 x GraphModule()
            )
            (weights): ParameterList(
                (0): Parameter containing: [torch.float32 of size 4x4x128 (cuda:0)]
                (1): Parameter containing: [torch.float32 of size 4x1x128 (cuda:0)]
            )
            (graph_opt_main): GraphModule()
          )
        )
      )
      (linear): Linear(128x0e -> 128x0e | 16384 weights)
    )
  )
  (readouts): ModuleList(
    (0): LinearReadoutBlock(
      (linear): Linear(128x0e+128x1o -> 8x0e | 1024 weights)
    )
    (1): NonLinearReadoutBlock(
      (linear_1): Linear(128x0e -> 128x0e | 16384 weights)
      (non_linearity): Activation [x] (128x0e -> 128x0e)
      (linear_2): Linear(128x0e -> 8x0e | 1024 weights)
    )
  )
  (invariant_readouts): ModuleList(
    (0): LinearReadoutBlock(
      (linear): Linear(128x0e+128x1o -> 16x0e | 2048 weights)
    )
    (1): NonLinearReadoutBlock(
      (linear_1): Linear(128x0e -> 128x0e | 16384 weights)
      (non_linearity): Activation [x] (128x0e -> 128x0e)
      (linear_2): Linear(128x0e -> 16x0e | 2048 weights)
    )
  )
)
2025-10-22 09:29:32.322 INFO: Total number of parameters: 940831
2025-10-22 09:29:32.322 INFO: 
2025-10-22 09:29:32.322 INFO: ===========OPTIMIZER INFORMATION===========
2025-10-22 09:29:32.322 INFO: Using ADAM as parameter optimizer
2025-10-22 09:29:32.322 INFO: Batch size: 100
2025-10-22 09:29:32.322 INFO: Using Exponential Moving Average with decay: 0.99
2025-10-22 09:29:32.322 INFO: Number of gradient updates: 769
2025-10-22 09:29:32.322 INFO: Learning rate: 0.0001, weight decay: 5e-07
2025-10-22 09:29:32.322 INFO: InvariantsWeightedEnergyForcesNacsDipoleLoss(energy_weight=100.000, forces_weight=1.000, dipole_weight=1.000)
2025-10-22 09:29:32.323 INFO: Using gradient clipping with tolerance=10.000
2025-10-22 09:29:32.323 INFO: 
2025-10-22 09:29:32.323 INFO: ===========TRAINING===========
2025-10-22 09:29:32.323 INFO: Started training, reporting errors on validation set
2025-10-22 09:29:32.323 INFO: Loss metrics on validation set
2025-10-22 09:29:47.530 INFO: ===========VERIFYING SETTINGS===========
2025-10-22 09:29:47.530 INFO: MACE version: 0.3.6
2025-10-22 09:29:47.530 DEBUG: Configuration: Namespace(config=None, name='energies_forces', seed=100, work_dir='.', nacs_key='smooth_nacs', log_dir='./logs', model_dir='.', checkpoints_dir='./checkpoints', results_dir='./results', downloads_dir='./downloads', device='cuda', default_dtype='float32', distributed=False, log_level='INFO', n_energies=8, error_table='EnergyNacsDipoleMAE', model='AutoencoderExcitedMACE', r_max=5.0, num_permutational_invariant=16, radial_type='bessel', num_radial_basis=8, num_cutoff_basis=5, pair_repulsion=False, distance_transform='None', interaction='RealAgnosticResidualInteractionBlock', interaction_first='RealAgnosticResidualInteractionBlock', max_ell=3, correlation=3, num_interactions=2, MLP_irreps='128x0e', radial_MLP='[64, 64, 64]', hidden_irreps='128x0e + 128x1o', num_channels=128, max_L=1, gate='silu', scaling='rms_forces_scaling', avg_num_neighbors=1, compute_avg_num_neighbors=True, compute_stress=False, compute_forces=True, compute_dipoles=True, compute_nacs=False, compute_socs=False, train_file='ENERGIES_FORCES.xyz', valid_file=None, valid_fraction=0.1, test_file=None, test_dir=None, multi_processed_test=False, num_workers=0, pin_memory=True, atomic_numbers=None, mean=None, std=None, statistics_file=None, E0s='average', keep_isolated_atoms=False, energy_key='REF_energy', forces_key='REF_forces', virials_key='REF_virials', stress_key='REF_stress', dipoles_key='REF_dipoles', charges_key='REF_charges', loss='weighted', forces_weight=1.0, nacs_weight=100.0, socs_weight=100.0, soc_num=None, swa_forces_weight=100.0, energy_weight=100.0, swa_energy_weight=1000.0, virials_weight=1.0, swa_virials_weight=10.0, stress_weight=1.0, swa_stress_weight=10.0, dipoles_weight=1.0, swa_dipole_weight=1.0, config_type_weights='{"Default":1.0}', huber_delta=0.01, optimizer='adam', beta=0.9, batch_size=100, valid_batch_size=10, lr=0.0001, swa_lr=0.001, weight_decay=5e-07, amsgrad=True, scheduler='ReduceLROnPlateau', lr_factor=0.8, scheduler_patience=50, lr_scheduler_gamma=0.9993, swa=False, start_swa=None, ema=True, ema_decay=0.99, max_num_epochs=100, patience=2048, foundation_model=None, foundation_model_readout=True, eval_interval=1, keep_checkpoints=False, save_all_checkpoints=False, restart_latest=False, save_cpu=False, clip_grad=10.0, wandb=False, wandb_dir=None, wandb_project='', wandb_entity='', wandb_name='', wandb_log_hypers=['num_channels', 'max_L', 'correlation', 'lr', 'swa_lr', 'weight_decay', 'batch_size', 'max_num_epochs', 'start_swa', 'energy_weight', 'forces_weight'])
2025-10-22 09:29:47.559 INFO: CUDA version: 12.4, CUDA device: 0
2025-10-22 09:29:47.576 DEBUG: Popen(['git', 'version'], cwd=/home/rhyan/Exciton_model/X-MACE, stdin=None, shell=False, universal_newlines=False)
2025-10-22 09:29:47.578 DEBUG: Popen(['git', 'version'], cwd=/home/rhyan/Exciton_model/X-MACE, stdin=None, shell=False, universal_newlines=False)
2025-10-22 09:29:47.579 DEBUG: sys.platform='linux', git_executable='git'
2025-10-22 09:29:47.580 DEBUG: Popen(['git', 'cat-file', '--batch-check'], cwd=/home/rhyan/Exciton_model/X-MACE, stdin=<valid stream>, shell=False, universal_newlines=False)
2025-10-22 09:29:47.581 DEBUG: Current Git commit: 0861c52cf365064d060e006c179e4cc1785b61c2
2025-10-22 09:29:47.581 INFO: 
2025-10-22 09:29:47.581 INFO: ===========LOADING INPUT DATA===========
2025-10-22 09:29:48.561 INFO: Using random 10% of training set for validation with indices saved in: ./valid_indices_100.txt
2025-10-22 09:29:48.563 INFO: Atomic Numbers used: [1, 6, 7, 8]
2025-10-22 09:29:48.563 INFO: Isolated Atomic Energies (E0s) not in training file, using command line argument
2025-10-22 09:29:48.563 INFO: Computing average Atomic Energies using least squares regression
2025-10-22 09:29:48.571 INFO: Atomic Energies used (z: eV): {1: 0.0, 6: 0.0, 7: 0.0, 8: 0.0}
2025-10-22 09:29:48.749 INFO: 
2025-10-22 09:29:48.749 INFO: ===========MODEL DETAILS===========
2025-10-22 09:29:48.921 INFO: Average number of neighbors: 15.6
2025-10-22 09:29:48.921 INFO: During training the following quantities will be reported: energy, forces, dipoles, nacs
2025-10-22 09:29:48.965 INFO: Building model
2025-10-22 09:29:48.965 INFO: Message passing with 128 channels and max_L=1 (128x0e + 128x1o)
2025-10-22 09:29:48.965 INFO: 2 layers, each with correlation order: 3 (body order: 4) and spherical harmonics up to: l=3
2025-10-22 09:29:48.965 INFO: 8 radial and 5 basis functions
2025-10-22 09:29:48.965 INFO: Radial cutoff: 5.0 Å (total receptive field for each atom: 10.0 Å)
2025-10-22 09:29:48.965 INFO: Distance transform for radial basis functions: None
2025-10-22 09:29:49.732 DEBUG: AutoencoderExcitedMACE(
  (node_embedding): LinearNodeEmbeddingBlock(
    (linear): Linear(4x0e -> 128x0e | 512 weights)
  )
  (radial_embedding): RadialEmbeddingBlock(
    (bessel_fn): BesselBasis(r_max=5.0, num_basis=8, trainable=False)
    (cutoff_fn): PolynomialCutoff(p=5.0, r_max=5.0)
  )
  (perm_encoder): PermutationInvariantEncoder(
    (elementwise_nn): Sequential(
      (0): Linear(in_features=1, out_features=16, bias=True)
      (1): ELU(alpha=1.0)
      (2): Linear(in_features=16, out_features=16, bias=True)
      (3): ELU(alpha=1.0)
      (4): Linear(in_features=16, out_features=16, bias=True)
      (5): ELU(alpha=1.0)
      (6): Linear(in_features=16, out_features=16, bias=True)
      (7): ELU(alpha=1.0)
    )
    (post_aggregation_nn): Sequential(
      (0): Linear(in_features=16, out_features=16, bias=True)
      (1): ELU(alpha=1.0)
      (2): Linear(in_features=16, out_features=16, bias=True)
      (3): ELU(alpha=1.0)
      (4): Linear(in_features=16, out_features=16, bias=True)
      (5): ELU(alpha=1.0)
      (6): Linear(in_features=16, out_features=16, bias=True)
    )
  )
  (perm_decoder): PermutationInvariantDecoder(
    (decoder_nn): Sequential(
      (0): Linear(in_features=16, out_features=128, bias=True)
      (1): ELU(alpha=1.0)
      (2): Linear(in_features=128, out_features=128, bias=True)
      (3): ELU(alpha=1.0)
      (4): Linear(in_features=128, out_features=128, bias=True)
      (5): ELU(alpha=1.0)
      (6): Linear(in_features=128, out_features=128, bias=True)
      (7): ELU(alpha=1.0)
      (8): Linear(in_features=128, out_features=15, bias=True)
    )
  )
  (spherical_harmonics): SphericalHarmonics()
  (atomic_energies_fn): AtomicEnergiesBlock(energies=[0.0000, 0.0000, 0.0000, 0.0000])
  (interactions): ModuleList(
    (0): RealAgnosticInteractionBlock(
      (linear_up): Linear(128x0e -> 128x0e | 16384 weights)
      (conv_tp): TensorProduct(128x0e x 1x0e+1x1o+1x2e+1x3o -> 128x0e+128x1o+128x2e+128x3o | 512 paths | 512 weights)
      (conv_tp_weights): FullyConnectedNet[8, 64, 64, 64, 512]
      (linear): Linear(128x0e+128x1o+128x2e+128x3o -> 128x0e+128x1o+128x2e+128x3o | 65536 weights)
      (skip_tp): FullyConnectedTensorProduct(128x0e+128x1o+128x2e+128x3o x 4x0e -> 128x0e+128x1o+128x2e+128x3o | 262144 paths | 262144 weights)
      (reshape): reshape_irreps()
    )
    (1): RealAgnosticResidualInteractionBlock(
      (linear_up): Linear(128x0e+128x1o -> 128x0e+128x1o | 32768 weights)
      (conv_tp): TensorProduct(128x0e+128x1o x 1x0e+1x1o+1x2e+1x3o -> 256x0e+384x1o+384x2e+256x3o | 1280 paths | 1280 weights)
      (conv_tp_weights): FullyConnectedNet[8, 64, 64, 64, 1280]
      (linear): Linear(256x0e+384x1o+384x2e+256x3o -> 128x0e+128x1o+128x2e+128x3o | 163840 weights)
      (skip_tp): FullyConnectedTensorProduct(128x0e+128x1o x 4x0e -> 128x0e | 65536 paths | 65536 weights)
      (reshape): reshape_irreps()
    )
  )
  (products): ModuleList(
    (0): EquivariantProductBasisBlock(
      (symmetric_contractions): SymmetricContraction(
        (contractions): ModuleList(
          (0): Contraction(
            (contractions_weighting): ModuleList(
              (0-1): 2 x GraphModule()
            )
            (contractions_features): ModuleList(
              (0-1): 2 x GraphModule()
            )
            (weights): ParameterList(
                (0): Parameter containing: [torch.float32 of size 4x4x128 (cuda:0)]
                (1): Parameter containing: [torch.float32 of size 4x1x128 (cuda:0)]
            )
            (graph_opt_main): GraphModule()
          )
          (1): Contraction(
            (contractions_weighting): ModuleList(
              (0-1): 2 x GraphModule()
            )
            (contractions_features): ModuleList(
              (0-1): 2 x GraphModule()
            )
            (weights): ParameterList(
                (0): Parameter containing: [torch.float32 of size 4x6x128 (cuda:0)]
                (1): Parameter containing: [torch.float32 of size 4x1x128 (cuda:0)]
            )
            (graph_opt_main): GraphModule()
          )
        )
      )
      (linear): Linear(128x0e+128x1o -> 128x0e+128x1o | 32768 weights)
    )
    (1): EquivariantProductBasisBlock(
      (symmetric_contractions): SymmetricContraction(
        (contractions): ModuleList(
          (0): Contraction(
            (contractions_weighting): ModuleList(
              (0-1): 2 x GraphModule()
            )
            (contractions_features): ModuleList(
              (0-1): 2 x GraphModule()
            )
            (weights): ParameterList(
                (0): Parameter containing: [torch.float32 of size 4x4x128 (cuda:0)]
                (1): Parameter containing: [torch.float32 of size 4x1x128 (cuda:0)]
            )
            (graph_opt_main): GraphModule()
          )
        )
      )
      (linear): Linear(128x0e -> 128x0e | 16384 weights)
    )
  )
  (readouts): ModuleList(
    (0): LinearReadoutBlock(
      (linear): Linear(128x0e+128x1o -> 8x0e | 1024 weights)
    )
    (1): NonLinearReadoutBlock(
      (linear_1): Linear(128x0e -> 128x0e | 16384 weights)
      (non_linearity): Activation [x] (128x0e -> 128x0e)
      (linear_2): Linear(128x0e -> 8x0e | 1024 weights)
    )
  )
  (invariant_readouts): ModuleList(
    (0): LinearReadoutBlock(
      (linear): Linear(128x0e+128x1o -> 16x0e | 2048 weights)
    )
    (1): NonLinearReadoutBlock(
      (linear_1): Linear(128x0e -> 128x0e | 16384 weights)
      (non_linearity): Activation [x] (128x0e -> 128x0e)
      (linear_2): Linear(128x0e -> 16x0e | 2048 weights)
    )
  )
)
2025-10-22 09:29:49.734 INFO: Total number of parameters: 940831
2025-10-22 09:29:49.734 INFO: 
2025-10-22 09:29:49.734 INFO: ===========OPTIMIZER INFORMATION===========
2025-10-22 09:29:49.734 INFO: Using ADAM as parameter optimizer
2025-10-22 09:29:49.734 INFO: Batch size: 100
2025-10-22 09:29:49.734 INFO: Using Exponential Moving Average with decay: 0.99
2025-10-22 09:29:49.734 INFO: Number of gradient updates: 769
2025-10-22 09:29:49.734 INFO: Learning rate: 0.0001, weight decay: 5e-07
2025-10-22 09:29:49.734 INFO: InvariantsWeightedEnergyForcesNacsDipoleLoss(energy_weight=100.000, forces_weight=1.000, dipole_weight=1.000)
2025-10-22 09:29:49.735 INFO: Using gradient clipping with tolerance=10.000
2025-10-22 09:29:49.735 INFO: 
2025-10-22 09:29:49.735 INFO: ===========TRAINING===========
2025-10-22 09:29:49.735 INFO: Started training, reporting errors on validation set
2025-10-22 09:29:49.735 INFO: Loss metrics on validation set
2025-10-22 09:30:52.195 INFO: ===========VERIFYING SETTINGS===========
2025-10-22 09:30:52.195 INFO: MACE version: 0.3.6
2025-10-22 09:30:52.195 DEBUG: Configuration: Namespace(config=None, name='energies_forces', seed=100, work_dir='.', nacs_key='smooth_nacs', log_dir='./logs', model_dir='.', checkpoints_dir='./checkpoints', results_dir='./results', downloads_dir='./downloads', device='cuda', default_dtype='float32', distributed=False, log_level='INFO', n_energies=8, error_table='EnergyNacsDipoleMAE', model='AutoencoderExcitedMACE', r_max=5.0, num_permutational_invariant=16, radial_type='bessel', num_radial_basis=8, num_cutoff_basis=5, pair_repulsion=False, distance_transform='None', interaction='RealAgnosticResidualInteractionBlock', interaction_first='RealAgnosticResidualInteractionBlock', max_ell=3, correlation=3, num_interactions=2, MLP_irreps='128x0e', radial_MLP='[64, 64, 64]', hidden_irreps='128x0e + 128x1o', num_channels=128, max_L=1, gate='silu', scaling='rms_forces_scaling', avg_num_neighbors=1, compute_avg_num_neighbors=True, compute_stress=False, compute_forces=True, compute_dipoles=True, compute_nacs=False, compute_socs=False, train_file='ENERGIES_FORCES.xyz', valid_file=None, valid_fraction=0.1, test_file=None, test_dir=None, multi_processed_test=False, num_workers=0, pin_memory=True, atomic_numbers=None, mean=None, std=None, statistics_file=None, E0s='average', keep_isolated_atoms=False, energy_key='REF_energy', forces_key='REF_forces', virials_key='REF_virials', stress_key='REF_stress', dipoles_key='REF_dipoles', charges_key='REF_charges', loss='weighted', forces_weight=1.0, nacs_weight=100.0, socs_weight=100.0, soc_num=None, swa_forces_weight=100.0, energy_weight=100.0, swa_energy_weight=1000.0, virials_weight=1.0, swa_virials_weight=10.0, stress_weight=1.0, swa_stress_weight=10.0, dipoles_weight=1.0, swa_dipole_weight=1.0, config_type_weights='{"Default":1.0}', huber_delta=0.01, optimizer='adam', beta=0.9, batch_size=100, valid_batch_size=10, lr=0.0001, swa_lr=0.001, weight_decay=5e-07, amsgrad=True, scheduler='ReduceLROnPlateau', lr_factor=0.8, scheduler_patience=50, lr_scheduler_gamma=0.9993, swa=False, start_swa=None, ema=True, ema_decay=0.99, max_num_epochs=100, patience=2048, foundation_model=None, foundation_model_readout=True, eval_interval=1, keep_checkpoints=False, save_all_checkpoints=False, restart_latest=False, save_cpu=False, clip_grad=10.0, wandb=False, wandb_dir=None, wandb_project='', wandb_entity='', wandb_name='', wandb_log_hypers=['num_channels', 'max_L', 'correlation', 'lr', 'swa_lr', 'weight_decay', 'batch_size', 'max_num_epochs', 'start_swa', 'energy_weight', 'forces_weight'])
2025-10-22 09:30:52.223 INFO: CUDA version: 12.4, CUDA device: 0
2025-10-22 09:30:52.240 DEBUG: Popen(['git', 'version'], cwd=/home/rhyan/Exciton_model/X-MACE, stdin=None, shell=False, universal_newlines=False)
2025-10-22 09:30:52.242 DEBUG: Popen(['git', 'version'], cwd=/home/rhyan/Exciton_model/X-MACE, stdin=None, shell=False, universal_newlines=False)
2025-10-22 09:30:52.243 DEBUG: sys.platform='linux', git_executable='git'
2025-10-22 09:30:52.244 DEBUG: Popen(['git', 'cat-file', '--batch-check'], cwd=/home/rhyan/Exciton_model/X-MACE, stdin=<valid stream>, shell=False, universal_newlines=False)
2025-10-22 09:30:52.245 DEBUG: Current Git commit: 0861c52cf365064d060e006c179e4cc1785b61c2
2025-10-22 09:30:52.245 INFO: 
2025-10-22 09:30:52.245 INFO: ===========LOADING INPUT DATA===========
2025-10-22 09:30:53.225 INFO: Using random 10% of training set for validation with indices saved in: ./valid_indices_100.txt
2025-10-22 09:30:53.227 INFO: Atomic Numbers used: [1, 6, 7, 8]
2025-10-22 09:30:53.227 INFO: Isolated Atomic Energies (E0s) not in training file, using command line argument
2025-10-22 09:30:53.227 INFO: Computing average Atomic Energies using least squares regression
2025-10-22 09:30:53.234 INFO: Atomic Energies used (z: eV): {1: 0.0, 6: 0.0, 7: 0.0, 8: 0.0}
2025-10-22 09:30:53.413 INFO: 
2025-10-22 09:30:53.413 INFO: ===========MODEL DETAILS===========
2025-10-22 09:30:53.574 INFO: Average number of neighbors: 15.6
2025-10-22 09:30:53.574 INFO: During training the following quantities will be reported: energy, forces, dipoles, nacs
2025-10-22 09:30:53.619 INFO: Building model
2025-10-22 09:30:53.619 INFO: Message passing with 128 channels and max_L=1 (128x0e + 128x1o)
2025-10-22 09:30:53.619 INFO: 2 layers, each with correlation order: 3 (body order: 4) and spherical harmonics up to: l=3
2025-10-22 09:30:53.620 INFO: 8 radial and 5 basis functions
2025-10-22 09:30:53.620 INFO: Radial cutoff: 5.0 Å (total receptive field for each atom: 10.0 Å)
2025-10-22 09:30:53.620 INFO: Distance transform for radial basis functions: None
2025-10-22 09:30:54.379 DEBUG: AutoencoderExcitedMACE(
  (node_embedding): LinearNodeEmbeddingBlock(
    (linear): Linear(4x0e -> 128x0e | 512 weights)
  )
  (radial_embedding): RadialEmbeddingBlock(
    (bessel_fn): BesselBasis(r_max=5.0, num_basis=8, trainable=False)
    (cutoff_fn): PolynomialCutoff(p=5.0, r_max=5.0)
  )
  (perm_encoder): PermutationInvariantEncoder(
    (elementwise_nn): Sequential(
      (0): Linear(in_features=1, out_features=16, bias=True)
      (1): ELU(alpha=1.0)
      (2): Linear(in_features=16, out_features=16, bias=True)
      (3): ELU(alpha=1.0)
      (4): Linear(in_features=16, out_features=16, bias=True)
      (5): ELU(alpha=1.0)
      (6): Linear(in_features=16, out_features=16, bias=True)
      (7): ELU(alpha=1.0)
    )
    (post_aggregation_nn): Sequential(
      (0): Linear(in_features=16, out_features=16, bias=True)
      (1): ELU(alpha=1.0)
      (2): Linear(in_features=16, out_features=16, bias=True)
      (3): ELU(alpha=1.0)
      (4): Linear(in_features=16, out_features=16, bias=True)
      (5): ELU(alpha=1.0)
      (6): Linear(in_features=16, out_features=16, bias=True)
    )
  )
  (perm_decoder): PermutationInvariantDecoder(
    (decoder_nn): Sequential(
      (0): Linear(in_features=16, out_features=128, bias=True)
      (1): ELU(alpha=1.0)
      (2): Linear(in_features=128, out_features=128, bias=True)
      (3): ELU(alpha=1.0)
      (4): Linear(in_features=128, out_features=128, bias=True)
      (5): ELU(alpha=1.0)
      (6): Linear(in_features=128, out_features=128, bias=True)
      (7): ELU(alpha=1.0)
      (8): Linear(in_features=128, out_features=15, bias=True)
    )
  )
  (spherical_harmonics): SphericalHarmonics()
  (atomic_energies_fn): AtomicEnergiesBlock(energies=[0.0000, 0.0000, 0.0000, 0.0000])
  (interactions): ModuleList(
    (0): RealAgnosticInteractionBlock(
      (linear_up): Linear(128x0e -> 128x0e | 16384 weights)
      (conv_tp): TensorProduct(128x0e x 1x0e+1x1o+1x2e+1x3o -> 128x0e+128x1o+128x2e+128x3o | 512 paths | 512 weights)
      (conv_tp_weights): FullyConnectedNet[8, 64, 64, 64, 512]
      (linear): Linear(128x0e+128x1o+128x2e+128x3o -> 128x0e+128x1o+128x2e+128x3o | 65536 weights)
      (skip_tp): FullyConnectedTensorProduct(128x0e+128x1o+128x2e+128x3o x 4x0e -> 128x0e+128x1o+128x2e+128x3o | 262144 paths | 262144 weights)
      (reshape): reshape_irreps()
    )
    (1): RealAgnosticResidualInteractionBlock(
      (linear_up): Linear(128x0e+128x1o -> 128x0e+128x1o | 32768 weights)
      (conv_tp): TensorProduct(128x0e+128x1o x 1x0e+1x1o+1x2e+1x3o -> 256x0e+384x1o+384x2e+256x3o | 1280 paths | 1280 weights)
      (conv_tp_weights): FullyConnectedNet[8, 64, 64, 64, 1280]
      (linear): Linear(256x0e+384x1o+384x2e+256x3o -> 128x0e+128x1o+128x2e+128x3o | 163840 weights)
      (skip_tp): FullyConnectedTensorProduct(128x0e+128x1o x 4x0e -> 128x0e | 65536 paths | 65536 weights)
      (reshape): reshape_irreps()
    )
  )
  (products): ModuleList(
    (0): EquivariantProductBasisBlock(
      (symmetric_contractions): SymmetricContraction(
        (contractions): ModuleList(
          (0): Contraction(
            (contractions_weighting): ModuleList(
              (0-1): 2 x GraphModule()
            )
            (contractions_features): ModuleList(
              (0-1): 2 x GraphModule()
            )
            (weights): ParameterList(
                (0): Parameter containing: [torch.float32 of size 4x4x128 (cuda:0)]
                (1): Parameter containing: [torch.float32 of size 4x1x128 (cuda:0)]
            )
            (graph_opt_main): GraphModule()
          )
          (1): Contraction(
            (contractions_weighting): ModuleList(
              (0-1): 2 x GraphModule()
            )
            (contractions_features): ModuleList(
              (0-1): 2 x GraphModule()
            )
            (weights): ParameterList(
                (0): Parameter containing: [torch.float32 of size 4x6x128 (cuda:0)]
                (1): Parameter containing: [torch.float32 of size 4x1x128 (cuda:0)]
            )
            (graph_opt_main): GraphModule()
          )
        )
      )
      (linear): Linear(128x0e+128x1o -> 128x0e+128x1o | 32768 weights)
    )
    (1): EquivariantProductBasisBlock(
      (symmetric_contractions): SymmetricContraction(
        (contractions): ModuleList(
          (0): Contraction(
            (contractions_weighting): ModuleList(
              (0-1): 2 x GraphModule()
            )
            (contractions_features): ModuleList(
              (0-1): 2 x GraphModule()
            )
            (weights): ParameterList(
                (0): Parameter containing: [torch.float32 of size 4x4x128 (cuda:0)]
                (1): Parameter containing: [torch.float32 of size 4x1x128 (cuda:0)]
            )
            (graph_opt_main): GraphModule()
          )
        )
      )
      (linear): Linear(128x0e -> 128x0e | 16384 weights)
    )
  )
  (readouts): ModuleList(
    (0): LinearReadoutBlock(
      (linear): Linear(128x0e+128x1o -> 8x0e | 1024 weights)
    )
    (1): NonLinearReadoutBlock(
      (linear_1): Linear(128x0e -> 128x0e | 16384 weights)
      (non_linearity): Activation [x] (128x0e -> 128x0e)
      (linear_2): Linear(128x0e -> 8x0e | 1024 weights)
    )
  )
  (invariant_readouts): ModuleList(
    (0): LinearReadoutBlock(
      (linear): Linear(128x0e+128x1o -> 16x0e | 2048 weights)
    )
    (1): NonLinearReadoutBlock(
      (linear_1): Linear(128x0e -> 128x0e | 16384 weights)
      (non_linearity): Activation [x] (128x0e -> 128x0e)
      (linear_2): Linear(128x0e -> 16x0e | 2048 weights)
    )
  )
)
2025-10-22 09:30:54.381 INFO: Total number of parameters: 940831
2025-10-22 09:30:54.381 INFO: 
2025-10-22 09:30:54.381 INFO: ===========OPTIMIZER INFORMATION===========
2025-10-22 09:30:54.381 INFO: Using ADAM as parameter optimizer
2025-10-22 09:30:54.381 INFO: Batch size: 100
2025-10-22 09:30:54.381 INFO: Using Exponential Moving Average with decay: 0.99
2025-10-22 09:30:54.382 INFO: Number of gradient updates: 769
2025-10-22 09:30:54.382 INFO: Learning rate: 0.0001, weight decay: 5e-07
2025-10-22 09:30:54.382 INFO: InvariantsWeightedEnergyForcesNacsDipoleLoss(energy_weight=100.000, forces_weight=1.000, dipole_weight=1.000)
2025-10-22 09:30:54.383 INFO: Using gradient clipping with tolerance=10.000
2025-10-22 09:30:54.383 INFO: 
2025-10-22 09:30:54.383 INFO: ===========TRAINING===========
2025-10-22 09:30:54.383 INFO: Started training, reporting errors on validation set
2025-10-22 09:30:54.383 INFO: Loss metrics on validation set
2025-10-22 09:31:18.103 INFO: ===========VERIFYING SETTINGS===========
2025-10-22 09:31:18.103 INFO: MACE version: 0.3.6
2025-10-22 09:31:18.103 DEBUG: Configuration: Namespace(config=None, name='energies_forces', seed=100, work_dir='.', nacs_key='smooth_nacs', log_dir='./logs', model_dir='.', checkpoints_dir='./checkpoints', results_dir='./results', downloads_dir='./downloads', device='cuda', default_dtype='float32', distributed=False, log_level='INFO', n_energies=8, error_table='EnergyNacsDipoleMAE', model='AutoencoderExcitedMACE', r_max=5.0, num_permutational_invariant=16, radial_type='bessel', num_radial_basis=8, num_cutoff_basis=5, pair_repulsion=False, distance_transform='None', interaction='RealAgnosticResidualInteractionBlock', interaction_first='RealAgnosticResidualInteractionBlock', max_ell=3, correlation=3, num_interactions=2, MLP_irreps='128x0e', radial_MLP='[64, 64, 64]', hidden_irreps='128x0e + 128x1o', num_channels=128, max_L=1, gate='silu', scaling='rms_forces_scaling', avg_num_neighbors=1, compute_avg_num_neighbors=True, compute_stress=False, compute_forces=True, compute_dipoles=True, compute_nacs=False, compute_socs=False, train_file='ENERGIES_FORCES.xyz', valid_file=None, valid_fraction=0.1, test_file=None, test_dir=None, multi_processed_test=False, num_workers=0, pin_memory=True, atomic_numbers=None, mean=None, std=None, statistics_file=None, E0s='average', keep_isolated_atoms=False, energy_key='REF_energy', forces_key='REF_forces', virials_key='REF_virials', stress_key='REF_stress', dipoles_key='REF_dipoles', charges_key='REF_charges', loss='weighted', forces_weight=1.0, nacs_weight=100.0, socs_weight=100.0, soc_num=None, swa_forces_weight=100.0, energy_weight=100.0, swa_energy_weight=1000.0, virials_weight=1.0, swa_virials_weight=10.0, stress_weight=1.0, swa_stress_weight=10.0, dipoles_weight=1.0, swa_dipole_weight=1.0, config_type_weights='{"Default":1.0}', huber_delta=0.01, optimizer='adam', beta=0.9, batch_size=100, valid_batch_size=10, lr=0.0001, swa_lr=0.001, weight_decay=5e-07, amsgrad=True, scheduler='ReduceLROnPlateau', lr_factor=0.8, scheduler_patience=50, lr_scheduler_gamma=0.9993, swa=False, start_swa=None, ema=True, ema_decay=0.99, max_num_epochs=100, patience=2048, foundation_model=None, foundation_model_readout=True, eval_interval=1, keep_checkpoints=False, save_all_checkpoints=False, restart_latest=False, save_cpu=False, clip_grad=10.0, wandb=False, wandb_dir=None, wandb_project='', wandb_entity='', wandb_name='', wandb_log_hypers=['num_channels', 'max_L', 'correlation', 'lr', 'swa_lr', 'weight_decay', 'batch_size', 'max_num_epochs', 'start_swa', 'energy_weight', 'forces_weight'])
2025-10-22 09:31:18.131 INFO: CUDA version: 12.4, CUDA device: 0
2025-10-22 09:31:18.149 DEBUG: Popen(['git', 'version'], cwd=/home/rhyan/Exciton_model/X-MACE, stdin=None, shell=False, universal_newlines=False)
2025-10-22 09:31:18.150 DEBUG: Popen(['git', 'version'], cwd=/home/rhyan/Exciton_model/X-MACE, stdin=None, shell=False, universal_newlines=False)
2025-10-22 09:31:18.152 DEBUG: sys.platform='linux', git_executable='git'
2025-10-22 09:31:18.152 DEBUG: Popen(['git', 'cat-file', '--batch-check'], cwd=/home/rhyan/Exciton_model/X-MACE, stdin=<valid stream>, shell=False, universal_newlines=False)
2025-10-22 09:31:18.153 DEBUG: Current Git commit: 0861c52cf365064d060e006c179e4cc1785b61c2
2025-10-22 09:31:18.153 INFO: 
2025-10-22 09:31:18.153 INFO: ===========LOADING INPUT DATA===========
2025-10-22 09:31:19.131 INFO: Using random 10% of training set for validation with indices saved in: ./valid_indices_100.txt
2025-10-22 09:31:19.133 INFO: Atomic Numbers used: [1, 6, 7, 8]
2025-10-22 09:31:19.133 INFO: Isolated Atomic Energies (E0s) not in training file, using command line argument
2025-10-22 09:31:19.133 INFO: Computing average Atomic Energies using least squares regression
2025-10-22 09:31:19.140 INFO: Atomic Energies used (z: eV): {1: 0.0, 6: 0.0, 7: 0.0, 8: 0.0}
2025-10-22 09:31:19.320 INFO: 
2025-10-22 09:31:19.320 INFO: ===========MODEL DETAILS===========
2025-10-22 09:31:19.498 INFO: Average number of neighbors: 15.6
2025-10-22 09:31:19.498 INFO: During training the following quantities will be reported: energy, forces, dipoles, nacs
2025-10-22 09:31:19.544 INFO: Building model
2025-10-22 09:31:19.544 INFO: Message passing with 128 channels and max_L=1 (128x0e + 128x1o)
2025-10-22 09:31:19.544 INFO: 2 layers, each with correlation order: 3 (body order: 4) and spherical harmonics up to: l=3
2025-10-22 09:31:19.544 INFO: 8 radial and 5 basis functions
2025-10-22 09:31:19.544 INFO: Radial cutoff: 5.0 Å (total receptive field for each atom: 10.0 Å)
2025-10-22 09:31:19.544 INFO: Distance transform for radial basis functions: None
2025-10-22 09:31:20.297 DEBUG: AutoencoderExcitedMACE(
  (node_embedding): LinearNodeEmbeddingBlock(
    (linear): Linear(4x0e -> 128x0e | 512 weights)
  )
  (radial_embedding): RadialEmbeddingBlock(
    (bessel_fn): BesselBasis(r_max=5.0, num_basis=8, trainable=False)
    (cutoff_fn): PolynomialCutoff(p=5.0, r_max=5.0)
  )
  (perm_encoder): PermutationInvariantEncoder(
    (elementwise_nn): Sequential(
      (0): Linear(in_features=1, out_features=16, bias=True)
      (1): ELU(alpha=1.0)
      (2): Linear(in_features=16, out_features=16, bias=True)
      (3): ELU(alpha=1.0)
      (4): Linear(in_features=16, out_features=16, bias=True)
      (5): ELU(alpha=1.0)
      (6): Linear(in_features=16, out_features=16, bias=True)
      (7): ELU(alpha=1.0)
    )
    (post_aggregation_nn): Sequential(
      (0): Linear(in_features=16, out_features=16, bias=True)
      (1): ELU(alpha=1.0)
      (2): Linear(in_features=16, out_features=16, bias=True)
      (3): ELU(alpha=1.0)
      (4): Linear(in_features=16, out_features=16, bias=True)
      (5): ELU(alpha=1.0)
      (6): Linear(in_features=16, out_features=16, bias=True)
    )
  )
  (perm_decoder): PermutationInvariantDecoder(
    (decoder_nn): Sequential(
      (0): Linear(in_features=16, out_features=128, bias=True)
      (1): ELU(alpha=1.0)
      (2): Linear(in_features=128, out_features=128, bias=True)
      (3): ELU(alpha=1.0)
      (4): Linear(in_features=128, out_features=128, bias=True)
      (5): ELU(alpha=1.0)
      (6): Linear(in_features=128, out_features=128, bias=True)
      (7): ELU(alpha=1.0)
      (8): Linear(in_features=128, out_features=15, bias=True)
    )
  )
  (spherical_harmonics): SphericalHarmonics()
  (atomic_energies_fn): AtomicEnergiesBlock(energies=[0.0000, 0.0000, 0.0000, 0.0000])
  (interactions): ModuleList(
    (0): RealAgnosticInteractionBlock(
      (linear_up): Linear(128x0e -> 128x0e | 16384 weights)
      (conv_tp): TensorProduct(128x0e x 1x0e+1x1o+1x2e+1x3o -> 128x0e+128x1o+128x2e+128x3o | 512 paths | 512 weights)
      (conv_tp_weights): FullyConnectedNet[8, 64, 64, 64, 512]
      (linear): Linear(128x0e+128x1o+128x2e+128x3o -> 128x0e+128x1o+128x2e+128x3o | 65536 weights)
      (skip_tp): FullyConnectedTensorProduct(128x0e+128x1o+128x2e+128x3o x 4x0e -> 128x0e+128x1o+128x2e+128x3o | 262144 paths | 262144 weights)
      (reshape): reshape_irreps()
    )
    (1): RealAgnosticResidualInteractionBlock(
      (linear_up): Linear(128x0e+128x1o -> 128x0e+128x1o | 32768 weights)
      (conv_tp): TensorProduct(128x0e+128x1o x 1x0e+1x1o+1x2e+1x3o -> 256x0e+384x1o+384x2e+256x3o | 1280 paths | 1280 weights)
      (conv_tp_weights): FullyConnectedNet[8, 64, 64, 64, 1280]
      (linear): Linear(256x0e+384x1o+384x2e+256x3o -> 128x0e+128x1o+128x2e+128x3o | 163840 weights)
      (skip_tp): FullyConnectedTensorProduct(128x0e+128x1o x 4x0e -> 128x0e | 65536 paths | 65536 weights)
      (reshape): reshape_irreps()
    )
  )
  (products): ModuleList(
    (0): EquivariantProductBasisBlock(
      (symmetric_contractions): SymmetricContraction(
        (contractions): ModuleList(
          (0): Contraction(
            (contractions_weighting): ModuleList(
              (0-1): 2 x GraphModule()
            )
            (contractions_features): ModuleList(
              (0-1): 2 x GraphModule()
            )
            (weights): ParameterList(
                (0): Parameter containing: [torch.float32 of size 4x4x128 (cuda:0)]
                (1): Parameter containing: [torch.float32 of size 4x1x128 (cuda:0)]
            )
            (graph_opt_main): GraphModule()
          )
          (1): Contraction(
            (contractions_weighting): ModuleList(
              (0-1): 2 x GraphModule()
            )
            (contractions_features): ModuleList(
              (0-1): 2 x GraphModule()
            )
            (weights): ParameterList(
                (0): Parameter containing: [torch.float32 of size 4x6x128 (cuda:0)]
                (1): Parameter containing: [torch.float32 of size 4x1x128 (cuda:0)]
            )
            (graph_opt_main): GraphModule()
          )
        )
      )
      (linear): Linear(128x0e+128x1o -> 128x0e+128x1o | 32768 weights)
    )
    (1): EquivariantProductBasisBlock(
      (symmetric_contractions): SymmetricContraction(
        (contractions): ModuleList(
          (0): Contraction(
            (contractions_weighting): ModuleList(
              (0-1): 2 x GraphModule()
            )
            (contractions_features): ModuleList(
              (0-1): 2 x GraphModule()
            )
            (weights): ParameterList(
                (0): Parameter containing: [torch.float32 of size 4x4x128 (cuda:0)]
                (1): Parameter containing: [torch.float32 of size 4x1x128 (cuda:0)]
            )
            (graph_opt_main): GraphModule()
          )
        )
      )
      (linear): Linear(128x0e -> 128x0e | 16384 weights)
    )
  )
  (readouts): ModuleList(
    (0): LinearReadoutBlock(
      (linear): Linear(128x0e+128x1o -> 8x0e | 1024 weights)
    )
    (1): NonLinearReadoutBlock(
      (linear_1): Linear(128x0e -> 128x0e | 16384 weights)
      (non_linearity): Activation [x] (128x0e -> 128x0e)
      (linear_2): Linear(128x0e -> 8x0e | 1024 weights)
    )
  )
  (invariant_readouts): ModuleList(
    (0): LinearReadoutBlock(
      (linear): Linear(128x0e+128x1o -> 16x0e | 2048 weights)
    )
    (1): NonLinearReadoutBlock(
      (linear_1): Linear(128x0e -> 128x0e | 16384 weights)
      (non_linearity): Activation [x] (128x0e -> 128x0e)
      (linear_2): Linear(128x0e -> 16x0e | 2048 weights)
    )
  )
)
2025-10-22 09:31:20.298 INFO: Total number of parameters: 940831
2025-10-22 09:31:20.306 INFO: 
2025-10-22 09:31:20.306 INFO: ===========OPTIMIZER INFORMATION===========
2025-10-22 09:31:20.306 INFO: Using ADAM as parameter optimizer
2025-10-22 09:31:20.306 INFO: Batch size: 100
2025-10-22 09:31:20.306 INFO: Using Exponential Moving Average with decay: 0.99
2025-10-22 09:31:20.306 INFO: Number of gradient updates: 769
2025-10-22 09:31:20.306 INFO: Learning rate: 0.0001, weight decay: 5e-07
2025-10-22 09:31:20.306 INFO: InvariantsWeightedEnergyForcesNacsDipoleLoss(energy_weight=100.000, forces_weight=1.000, dipole_weight=1.000)
2025-10-22 09:31:20.307 INFO: Using gradient clipping with tolerance=10.000
2025-10-22 09:31:20.307 INFO: 
2025-10-22 09:31:20.308 INFO: ===========TRAINING===========
2025-10-22 09:31:20.308 INFO: Started training, reporting errors on validation set
2025-10-22 09:31:20.308 INFO: Loss metrics on validation set
2025-10-22 09:32:02.583 INFO: ===========VERIFYING SETTINGS===========
2025-10-22 09:32:02.583 INFO: MACE version: 0.3.6
2025-10-22 09:32:02.583 DEBUG: Configuration: Namespace(config=None, name='energies_forces', seed=100, work_dir='.', nacs_key='smooth_nacs', log_dir='./logs', model_dir='.', checkpoints_dir='./checkpoints', results_dir='./results', downloads_dir='./downloads', device='cuda', default_dtype='float32', distributed=False, log_level='INFO', n_energies=8, error_table='EnergyNacsDipoleMAE', model='AutoencoderExcitedMACE', r_max=5.0, num_permutational_invariant=16, radial_type='bessel', num_radial_basis=8, num_cutoff_basis=5, pair_repulsion=False, distance_transform='None', interaction='RealAgnosticResidualInteractionBlock', interaction_first='RealAgnosticResidualInteractionBlock', max_ell=3, correlation=3, num_interactions=2, MLP_irreps='128x0e', radial_MLP='[64, 64, 64]', hidden_irreps='128x0e + 128x1o', num_channels=128, max_L=1, gate='silu', scaling='rms_forces_scaling', avg_num_neighbors=1, compute_avg_num_neighbors=True, compute_stress=False, compute_forces=True, compute_dipoles=True, compute_nacs=False, compute_socs=False, train_file='ENERGIES_FORCES.xyz', valid_file=None, valid_fraction=0.1, test_file=None, test_dir=None, multi_processed_test=False, num_workers=0, pin_memory=True, atomic_numbers=None, mean=None, std=None, statistics_file=None, E0s='average', keep_isolated_atoms=False, energy_key='REF_energy', forces_key='REF_forces', virials_key='REF_virials', stress_key='REF_stress', dipoles_key='REF_dipoles', charges_key='REF_charges', loss='weighted', forces_weight=1.0, nacs_weight=100.0, socs_weight=100.0, soc_num=None, swa_forces_weight=100.0, energy_weight=100.0, swa_energy_weight=1000.0, virials_weight=1.0, swa_virials_weight=10.0, stress_weight=1.0, swa_stress_weight=10.0, dipoles_weight=1.0, swa_dipole_weight=1.0, config_type_weights='{"Default":1.0}', huber_delta=0.01, optimizer='adam', beta=0.9, batch_size=100, valid_batch_size=10, lr=0.0001, swa_lr=0.001, weight_decay=5e-07, amsgrad=True, scheduler='ReduceLROnPlateau', lr_factor=0.8, scheduler_patience=50, lr_scheduler_gamma=0.9993, swa=False, start_swa=None, ema=True, ema_decay=0.99, max_num_epochs=100, patience=2048, foundation_model=None, foundation_model_readout=True, eval_interval=1, keep_checkpoints=False, save_all_checkpoints=False, restart_latest=False, save_cpu=False, clip_grad=10.0, wandb=False, wandb_dir=None, wandb_project='', wandb_entity='', wandb_name='', wandb_log_hypers=['num_channels', 'max_L', 'correlation', 'lr', 'swa_lr', 'weight_decay', 'batch_size', 'max_num_epochs', 'start_swa', 'energy_weight', 'forces_weight'])
2025-10-22 09:32:02.612 INFO: CUDA version: 12.4, CUDA device: 0
2025-10-22 09:32:02.629 DEBUG: Popen(['git', 'version'], cwd=/home/rhyan/Exciton_model/X-MACE, stdin=None, shell=False, universal_newlines=False)
2025-10-22 09:32:02.631 DEBUG: Popen(['git', 'version'], cwd=/home/rhyan/Exciton_model/X-MACE, stdin=None, shell=False, universal_newlines=False)
2025-10-22 09:32:02.632 DEBUG: sys.platform='linux', git_executable='git'
2025-10-22 09:32:02.633 DEBUG: Popen(['git', 'cat-file', '--batch-check'], cwd=/home/rhyan/Exciton_model/X-MACE, stdin=<valid stream>, shell=False, universal_newlines=False)
2025-10-22 09:32:02.634 DEBUG: Current Git commit: 0861c52cf365064d060e006c179e4cc1785b61c2
2025-10-22 09:32:02.634 INFO: 
2025-10-22 09:32:02.634 INFO: ===========LOADING INPUT DATA===========
2025-10-22 09:32:03.615 INFO: Using random 10% of training set for validation with indices saved in: ./valid_indices_100.txt
2025-10-22 09:32:03.616 INFO: Atomic Numbers used: [1, 6, 7, 8]
2025-10-22 09:32:03.616 INFO: Isolated Atomic Energies (E0s) not in training file, using command line argument
2025-10-22 09:32:03.616 INFO: Computing average Atomic Energies using least squares regression
2025-10-22 09:32:03.623 INFO: Atomic Energies used (z: eV): {1: 0.0, 6: 0.0, 7: 0.0, 8: 0.0}
2025-10-22 09:32:03.801 INFO: 
2025-10-22 09:32:03.801 INFO: ===========MODEL DETAILS===========
2025-10-22 09:32:03.990 INFO: Average number of neighbors: 15.6
2025-10-22 09:32:03.990 INFO: During training the following quantities will be reported: energy, forces, dipoles, nacs
2025-10-22 09:32:04.036 INFO: Building model
2025-10-22 09:32:04.037 INFO: Message passing with 128 channels and max_L=1 (128x0e + 128x1o)
2025-10-22 09:32:04.037 INFO: 2 layers, each with correlation order: 3 (body order: 4) and spherical harmonics up to: l=3
2025-10-22 09:32:04.037 INFO: 8 radial and 5 basis functions
2025-10-22 09:32:04.037 INFO: Radial cutoff: 5.0 Å (total receptive field for each atom: 10.0 Å)
2025-10-22 09:32:04.037 INFO: Distance transform for radial basis functions: None
2025-10-22 09:32:04.796 DEBUG: AutoencoderExcitedMACE(
  (node_embedding): LinearNodeEmbeddingBlock(
    (linear): Linear(4x0e -> 128x0e | 512 weights)
  )
  (radial_embedding): RadialEmbeddingBlock(
    (bessel_fn): BesselBasis(r_max=5.0, num_basis=8, trainable=False)
    (cutoff_fn): PolynomialCutoff(p=5.0, r_max=5.0)
  )
  (perm_encoder): PermutationInvariantEncoder(
    (elementwise_nn): Sequential(
      (0): Linear(in_features=1, out_features=16, bias=True)
      (1): ELU(alpha=1.0)
      (2): Linear(in_features=16, out_features=16, bias=True)
      (3): ELU(alpha=1.0)
      (4): Linear(in_features=16, out_features=16, bias=True)
      (5): ELU(alpha=1.0)
      (6): Linear(in_features=16, out_features=16, bias=True)
      (7): ELU(alpha=1.0)
    )
    (post_aggregation_nn): Sequential(
      (0): Linear(in_features=16, out_features=16, bias=True)
      (1): ELU(alpha=1.0)
      (2): Linear(in_features=16, out_features=16, bias=True)
      (3): ELU(alpha=1.0)
      (4): Linear(in_features=16, out_features=16, bias=True)
      (5): ELU(alpha=1.0)
      (6): Linear(in_features=16, out_features=16, bias=True)
    )
  )
  (perm_decoder): PermutationInvariantDecoder(
    (decoder_nn): Sequential(
      (0): Linear(in_features=16, out_features=128, bias=True)
      (1): ELU(alpha=1.0)
      (2): Linear(in_features=128, out_features=128, bias=True)
      (3): ELU(alpha=1.0)
      (4): Linear(in_features=128, out_features=128, bias=True)
      (5): ELU(alpha=1.0)
      (6): Linear(in_features=128, out_features=128, bias=True)
      (7): ELU(alpha=1.0)
      (8): Linear(in_features=128, out_features=15, bias=True)
    )
  )
  (spherical_harmonics): SphericalHarmonics()
  (atomic_energies_fn): AtomicEnergiesBlock(energies=[0.0000, 0.0000, 0.0000, 0.0000])
  (interactions): ModuleList(
    (0): RealAgnosticInteractionBlock(
      (linear_up): Linear(128x0e -> 128x0e | 16384 weights)
      (conv_tp): TensorProduct(128x0e x 1x0e+1x1o+1x2e+1x3o -> 128x0e+128x1o+128x2e+128x3o | 512 paths | 512 weights)
      (conv_tp_weights): FullyConnectedNet[8, 64, 64, 64, 512]
      (linear): Linear(128x0e+128x1o+128x2e+128x3o -> 128x0e+128x1o+128x2e+128x3o | 65536 weights)
      (skip_tp): FullyConnectedTensorProduct(128x0e+128x1o+128x2e+128x3o x 4x0e -> 128x0e+128x1o+128x2e+128x3o | 262144 paths | 262144 weights)
      (reshape): reshape_irreps()
    )
    (1): RealAgnosticResidualInteractionBlock(
      (linear_up): Linear(128x0e+128x1o -> 128x0e+128x1o | 32768 weights)
      (conv_tp): TensorProduct(128x0e+128x1o x 1x0e+1x1o+1x2e+1x3o -> 256x0e+384x1o+384x2e+256x3o | 1280 paths | 1280 weights)
      (conv_tp_weights): FullyConnectedNet[8, 64, 64, 64, 1280]
      (linear): Linear(256x0e+384x1o+384x2e+256x3o -> 128x0e+128x1o+128x2e+128x3o | 163840 weights)
      (skip_tp): FullyConnectedTensorProduct(128x0e+128x1o x 4x0e -> 128x0e | 65536 paths | 65536 weights)
      (reshape): reshape_irreps()
    )
  )
  (products): ModuleList(
    (0): EquivariantProductBasisBlock(
      (symmetric_contractions): SymmetricContraction(
        (contractions): ModuleList(
          (0): Contraction(
            (contractions_weighting): ModuleList(
              (0-1): 2 x GraphModule()
            )
            (contractions_features): ModuleList(
              (0-1): 2 x GraphModule()
            )
            (weights): ParameterList(
                (0): Parameter containing: [torch.float32 of size 4x4x128 (cuda:0)]
                (1): Parameter containing: [torch.float32 of size 4x1x128 (cuda:0)]
            )
            (graph_opt_main): GraphModule()
          )
          (1): Contraction(
            (contractions_weighting): ModuleList(
              (0-1): 2 x GraphModule()
            )
            (contractions_features): ModuleList(
              (0-1): 2 x GraphModule()
            )
            (weights): ParameterList(
                (0): Parameter containing: [torch.float32 of size 4x6x128 (cuda:0)]
                (1): Parameter containing: [torch.float32 of size 4x1x128 (cuda:0)]
            )
            (graph_opt_main): GraphModule()
          )
        )
      )
      (linear): Linear(128x0e+128x1o -> 128x0e+128x1o | 32768 weights)
    )
    (1): EquivariantProductBasisBlock(
      (symmetric_contractions): SymmetricContraction(
        (contractions): ModuleList(
          (0): Contraction(
            (contractions_weighting): ModuleList(
              (0-1): 2 x GraphModule()
            )
            (contractions_features): ModuleList(
              (0-1): 2 x GraphModule()
            )
            (weights): ParameterList(
                (0): Parameter containing: [torch.float32 of size 4x4x128 (cuda:0)]
                (1): Parameter containing: [torch.float32 of size 4x1x128 (cuda:0)]
            )
            (graph_opt_main): GraphModule()
          )
        )
      )
      (linear): Linear(128x0e -> 128x0e | 16384 weights)
    )
  )
  (readouts): ModuleList(
    (0): LinearReadoutBlock(
      (linear): Linear(128x0e+128x1o -> 8x0e | 1024 weights)
    )
    (1): NonLinearReadoutBlock(
      (linear_1): Linear(128x0e -> 128x0e | 16384 weights)
      (non_linearity): Activation [x] (128x0e -> 128x0e)
      (linear_2): Linear(128x0e -> 8x0e | 1024 weights)
    )
  )
  (invariant_readouts): ModuleList(
    (0): LinearReadoutBlock(
      (linear): Linear(128x0e+128x1o -> 16x0e | 2048 weights)
    )
    (1): NonLinearReadoutBlock(
      (linear_1): Linear(128x0e -> 128x0e | 16384 weights)
      (non_linearity): Activation [x] (128x0e -> 128x0e)
      (linear_2): Linear(128x0e -> 16x0e | 2048 weights)
    )
  )
)
2025-10-22 09:32:04.798 INFO: Total number of parameters: 940831
2025-10-22 09:32:04.798 INFO: 
2025-10-22 09:32:04.798 INFO: ===========OPTIMIZER INFORMATION===========
2025-10-22 09:32:04.798 INFO: Using ADAM as parameter optimizer
2025-10-22 09:32:04.798 INFO: Batch size: 100
2025-10-22 09:32:04.798 INFO: Using Exponential Moving Average with decay: 0.99
2025-10-22 09:32:04.798 INFO: Number of gradient updates: 769
2025-10-22 09:32:04.798 INFO: Learning rate: 0.0001, weight decay: 5e-07
2025-10-22 09:32:04.798 INFO: InvariantsWeightedEnergyForcesNacsDipoleLoss(energy_weight=100.000, forces_weight=1.000, dipole_weight=1.000)
2025-10-22 09:32:04.799 INFO: Using gradient clipping with tolerance=10.000
2025-10-22 09:32:04.799 INFO: 
2025-10-22 09:32:04.799 INFO: ===========TRAINING===========
2025-10-22 09:32:04.799 INFO: Started training, reporting errors on validation set
2025-10-22 09:32:04.799 INFO: Loss metrics on validation set
2025-10-22 09:32:24.754 INFO: ===========VERIFYING SETTINGS===========
2025-10-22 09:32:24.754 INFO: MACE version: 0.3.6
2025-10-22 09:32:24.755 DEBUG: Configuration: Namespace(config=None, name='energies_forces', seed=100, work_dir='.', nacs_key='smooth_nacs', log_dir='./logs', model_dir='.', checkpoints_dir='./checkpoints', results_dir='./results', downloads_dir='./downloads', device='cuda', default_dtype='float32', distributed=False, log_level='INFO', n_energies=8, error_table='EnergyNacsDipoleMAE', model='AutoencoderExcitedMACE', r_max=5.0, num_permutational_invariant=16, radial_type='bessel', num_radial_basis=8, num_cutoff_basis=5, pair_repulsion=False, distance_transform='None', interaction='RealAgnosticResidualInteractionBlock', interaction_first='RealAgnosticResidualInteractionBlock', max_ell=3, correlation=3, num_interactions=2, MLP_irreps='128x0e', radial_MLP='[64, 64, 64]', hidden_irreps='128x0e + 128x1o', num_channels=128, max_L=1, gate='silu', scaling='rms_forces_scaling', avg_num_neighbors=1, compute_avg_num_neighbors=True, compute_stress=False, compute_forces=True, compute_dipoles=True, compute_nacs=False, compute_socs=False, train_file='ENERGIES_FORCES.xyz', valid_file=None, valid_fraction=0.1, test_file=None, test_dir=None, multi_processed_test=False, num_workers=0, pin_memory=True, atomic_numbers=None, mean=None, std=None, statistics_file=None, E0s='average', keep_isolated_atoms=False, energy_key='REF_energy', forces_key='REF_forces', virials_key='REF_virials', stress_key='REF_stress', dipoles_key='REF_dipoles', charges_key='REF_charges', loss='weighted', forces_weight=1.0, nacs_weight=100.0, socs_weight=100.0, soc_num=None, swa_forces_weight=100.0, energy_weight=100.0, swa_energy_weight=1000.0, virials_weight=1.0, swa_virials_weight=10.0, stress_weight=1.0, swa_stress_weight=10.0, dipoles_weight=1.0, swa_dipole_weight=1.0, config_type_weights='{"Default":1.0}', huber_delta=0.01, optimizer='adam', beta=0.9, batch_size=100, valid_batch_size=10, lr=0.0001, swa_lr=0.001, weight_decay=5e-07, amsgrad=True, scheduler='ReduceLROnPlateau', lr_factor=0.8, scheduler_patience=50, lr_scheduler_gamma=0.9993, swa=False, start_swa=None, ema=True, ema_decay=0.99, max_num_epochs=100, patience=2048, foundation_model=None, foundation_model_readout=True, eval_interval=1, keep_checkpoints=False, save_all_checkpoints=False, restart_latest=False, save_cpu=False, clip_grad=10.0, wandb=False, wandb_dir=None, wandb_project='', wandb_entity='', wandb_name='', wandb_log_hypers=['num_channels', 'max_L', 'correlation', 'lr', 'swa_lr', 'weight_decay', 'batch_size', 'max_num_epochs', 'start_swa', 'energy_weight', 'forces_weight'])
2025-10-22 09:32:24.796 INFO: CUDA version: 12.4, CUDA device: 0
2025-10-22 09:32:24.813 DEBUG: Popen(['git', 'version'], cwd=/home/rhyan/Exciton_model/X-MACE, stdin=None, shell=False, universal_newlines=False)
2025-10-22 09:32:24.815 DEBUG: Popen(['git', 'version'], cwd=/home/rhyan/Exciton_model/X-MACE, stdin=None, shell=False, universal_newlines=False)
2025-10-22 09:32:24.816 DEBUG: sys.platform='linux', git_executable='git'
2025-10-22 09:32:24.817 DEBUG: Popen(['git', 'cat-file', '--batch-check'], cwd=/home/rhyan/Exciton_model/X-MACE, stdin=<valid stream>, shell=False, universal_newlines=False)
2025-10-22 09:32:24.818 DEBUG: Current Git commit: 0861c52cf365064d060e006c179e4cc1785b61c2
2025-10-22 09:32:24.818 INFO: 
2025-10-22 09:32:24.818 INFO: ===========LOADING INPUT DATA===========
2025-10-22 09:32:25.801 INFO: Using random 10% of training set for validation with indices saved in: ./valid_indices_100.txt
2025-10-22 09:32:25.802 INFO: Atomic Numbers used: [1, 6, 7, 8]
2025-10-22 09:32:25.802 INFO: Isolated Atomic Energies (E0s) not in training file, using command line argument
2025-10-22 09:32:25.802 INFO: Computing average Atomic Energies using least squares regression
2025-10-22 09:32:25.810 INFO: Atomic Energies used (z: eV): {1: 0.0, 6: 0.0, 7: 0.0, 8: 0.0}
2025-10-22 09:32:25.991 INFO: 
2025-10-22 09:32:25.991 INFO: ===========MODEL DETAILS===========
2025-10-22 09:32:26.155 INFO: Average number of neighbors: 15.6
2025-10-22 09:32:26.155 INFO: During training the following quantities will be reported: energy, forces, dipoles, nacs
2025-10-22 09:32:26.202 INFO: Building model
2025-10-22 09:32:26.202 INFO: Message passing with 128 channels and max_L=1 (128x0e + 128x1o)
2025-10-22 09:32:26.202 INFO: 2 layers, each with correlation order: 3 (body order: 4) and spherical harmonics up to: l=3
2025-10-22 09:32:26.202 INFO: 8 radial and 5 basis functions
2025-10-22 09:32:26.202 INFO: Radial cutoff: 5.0 Å (total receptive field for each atom: 10.0 Å)
2025-10-22 09:32:26.202 INFO: Distance transform for radial basis functions: None
2025-10-22 09:32:26.965 DEBUG: AutoencoderExcitedMACE(
  (node_embedding): LinearNodeEmbeddingBlock(
    (linear): Linear(4x0e -> 128x0e | 512 weights)
  )
  (radial_embedding): RadialEmbeddingBlock(
    (bessel_fn): BesselBasis(r_max=5.0, num_basis=8, trainable=False)
    (cutoff_fn): PolynomialCutoff(p=5.0, r_max=5.0)
  )
  (perm_encoder): PermutationInvariantEncoder(
    (elementwise_nn): Sequential(
      (0): Linear(in_features=1, out_features=16, bias=True)
      (1): ELU(alpha=1.0)
      (2): Linear(in_features=16, out_features=16, bias=True)
      (3): ELU(alpha=1.0)
      (4): Linear(in_features=16, out_features=16, bias=True)
      (5): ELU(alpha=1.0)
      (6): Linear(in_features=16, out_features=16, bias=True)
      (7): ELU(alpha=1.0)
    )
    (post_aggregation_nn): Sequential(
      (0): Linear(in_features=16, out_features=16, bias=True)
      (1): ELU(alpha=1.0)
      (2): Linear(in_features=16, out_features=16, bias=True)
      (3): ELU(alpha=1.0)
      (4): Linear(in_features=16, out_features=16, bias=True)
      (5): ELU(alpha=1.0)
      (6): Linear(in_features=16, out_features=16, bias=True)
    )
  )
  (perm_decoder): PermutationInvariantDecoder(
    (decoder_nn): Sequential(
      (0): Linear(in_features=16, out_features=128, bias=True)
      (1): ELU(alpha=1.0)
      (2): Linear(in_features=128, out_features=128, bias=True)
      (3): ELU(alpha=1.0)
      (4): Linear(in_features=128, out_features=128, bias=True)
      (5): ELU(alpha=1.0)
      (6): Linear(in_features=128, out_features=128, bias=True)
      (7): ELU(alpha=1.0)
      (8): Linear(in_features=128, out_features=15, bias=True)
    )
  )
  (spherical_harmonics): SphericalHarmonics()
  (atomic_energies_fn): AtomicEnergiesBlock(energies=[0.0000, 0.0000, 0.0000, 0.0000])
  (interactions): ModuleList(
    (0): RealAgnosticInteractionBlock(
      (linear_up): Linear(128x0e -> 128x0e | 16384 weights)
      (conv_tp): TensorProduct(128x0e x 1x0e+1x1o+1x2e+1x3o -> 128x0e+128x1o+128x2e+128x3o | 512 paths | 512 weights)
      (conv_tp_weights): FullyConnectedNet[8, 64, 64, 64, 512]
      (linear): Linear(128x0e+128x1o+128x2e+128x3o -> 128x0e+128x1o+128x2e+128x3o | 65536 weights)
      (skip_tp): FullyConnectedTensorProduct(128x0e+128x1o+128x2e+128x3o x 4x0e -> 128x0e+128x1o+128x2e+128x3o | 262144 paths | 262144 weights)
      (reshape): reshape_irreps()
    )
    (1): RealAgnosticResidualInteractionBlock(
      (linear_up): Linear(128x0e+128x1o -> 128x0e+128x1o | 32768 weights)
      (conv_tp): TensorProduct(128x0e+128x1o x 1x0e+1x1o+1x2e+1x3o -> 256x0e+384x1o+384x2e+256x3o | 1280 paths | 1280 weights)
      (conv_tp_weights): FullyConnectedNet[8, 64, 64, 64, 1280]
      (linear): Linear(256x0e+384x1o+384x2e+256x3o -> 128x0e+128x1o+128x2e+128x3o | 163840 weights)
      (skip_tp): FullyConnectedTensorProduct(128x0e+128x1o x 4x0e -> 128x0e | 65536 paths | 65536 weights)
      (reshape): reshape_irreps()
    )
  )
  (products): ModuleList(
    (0): EquivariantProductBasisBlock(
      (symmetric_contractions): SymmetricContraction(
        (contractions): ModuleList(
          (0): Contraction(
            (contractions_weighting): ModuleList(
              (0-1): 2 x GraphModule()
            )
            (contractions_features): ModuleList(
              (0-1): 2 x GraphModule()
            )
            (weights): ParameterList(
                (0): Parameter containing: [torch.float32 of size 4x4x128 (cuda:0)]
                (1): Parameter containing: [torch.float32 of size 4x1x128 (cuda:0)]
            )
            (graph_opt_main): GraphModule()
          )
          (1): Contraction(
            (contractions_weighting): ModuleList(
              (0-1): 2 x GraphModule()
            )
            (contractions_features): ModuleList(
              (0-1): 2 x GraphModule()
            )
            (weights): ParameterList(
                (0): Parameter containing: [torch.float32 of size 4x6x128 (cuda:0)]
                (1): Parameter containing: [torch.float32 of size 4x1x128 (cuda:0)]
            )
            (graph_opt_main): GraphModule()
          )
        )
      )
      (linear): Linear(128x0e+128x1o -> 128x0e+128x1o | 32768 weights)
    )
    (1): EquivariantProductBasisBlock(
      (symmetric_contractions): SymmetricContraction(
        (contractions): ModuleList(
          (0): Contraction(
            (contractions_weighting): ModuleList(
              (0-1): 2 x GraphModule()
            )
            (contractions_features): ModuleList(
              (0-1): 2 x GraphModule()
            )
            (weights): ParameterList(
                (0): Parameter containing: [torch.float32 of size 4x4x128 (cuda:0)]
                (1): Parameter containing: [torch.float32 of size 4x1x128 (cuda:0)]
            )
            (graph_opt_main): GraphModule()
          )
        )
      )
      (linear): Linear(128x0e -> 128x0e | 16384 weights)
    )
  )
  (readouts): ModuleList(
    (0): LinearReadoutBlock(
      (linear): Linear(128x0e+128x1o -> 8x0e | 1024 weights)
    )
    (1): NonLinearReadoutBlock(
      (linear_1): Linear(128x0e -> 128x0e | 16384 weights)
      (non_linearity): Activation [x] (128x0e -> 128x0e)
      (linear_2): Linear(128x0e -> 8x0e | 1024 weights)
    )
  )
  (invariant_readouts): ModuleList(
    (0): LinearReadoutBlock(
      (linear): Linear(128x0e+128x1o -> 16x0e | 2048 weights)
    )
    (1): NonLinearReadoutBlock(
      (linear_1): Linear(128x0e -> 128x0e | 16384 weights)
      (non_linearity): Activation [x] (128x0e -> 128x0e)
      (linear_2): Linear(128x0e -> 16x0e | 2048 weights)
    )
  )
)
2025-10-22 09:32:26.967 INFO: Total number of parameters: 940831
2025-10-22 09:32:26.967 INFO: 
2025-10-22 09:32:26.967 INFO: ===========OPTIMIZER INFORMATION===========
2025-10-22 09:32:26.967 INFO: Using ADAM as parameter optimizer
2025-10-22 09:32:26.967 INFO: Batch size: 100
2025-10-22 09:32:26.967 INFO: Using Exponential Moving Average with decay: 0.99
2025-10-22 09:32:26.967 INFO: Number of gradient updates: 769
2025-10-22 09:32:26.967 INFO: Learning rate: 0.0001, weight decay: 5e-07
2025-10-22 09:32:26.967 INFO: InvariantsWeightedEnergyForcesNacsDipoleLoss(energy_weight=100.000, forces_weight=1.000, dipole_weight=1.000)
2025-10-22 09:32:26.968 INFO: Using gradient clipping with tolerance=10.000
2025-10-22 09:32:26.968 INFO: 
2025-10-22 09:32:26.968 INFO: ===========TRAINING===========
2025-10-22 09:32:26.969 INFO: Started training, reporting errors on validation set
2025-10-22 09:32:26.969 INFO: Loss metrics on validation set
2025-10-22 09:35:53.979 INFO: ===========VERIFYING SETTINGS===========
2025-10-22 09:35:53.979 INFO: MACE version: 0.3.6
2025-10-22 09:35:53.979 DEBUG: Configuration: Namespace(config=None, name='energies_forces', seed=100, work_dir='.', nacs_key='smooth_nacs', log_dir='./logs', model_dir='.', checkpoints_dir='./checkpoints', results_dir='./results', downloads_dir='./downloads', device='cuda', default_dtype='float32', distributed=False, log_level='INFO', n_energies=8, error_table='EnergyNacsDipoleMAE', model='AutoencoderExcitedMACE', r_max=5.0, num_permutational_invariant=16, radial_type='bessel', num_radial_basis=8, num_cutoff_basis=5, pair_repulsion=False, distance_transform='None', interaction='RealAgnosticResidualInteractionBlock', interaction_first='RealAgnosticResidualInteractionBlock', max_ell=3, correlation=3, num_interactions=2, MLP_irreps='128x0e', radial_MLP='[64, 64, 64]', hidden_irreps='128x0e + 128x1o', num_channels=128, max_L=1, gate='silu', scaling='rms_forces_scaling', avg_num_neighbors=1, compute_avg_num_neighbors=True, compute_stress=False, compute_forces=True, compute_dipoles=True, compute_nacs=False, compute_socs=False, train_file='ENERGIES_FORCES.xyz', valid_file=None, valid_fraction=0.1, test_file=None, test_dir=None, multi_processed_test=False, num_workers=0, pin_memory=True, atomic_numbers=None, mean=None, std=None, statistics_file=None, E0s='average', keep_isolated_atoms=False, energy_key='REF_energy', forces_key='REF_forces', virials_key='REF_virials', stress_key='REF_stress', dipoles_key='REF_dipoles', charges_key='REF_charges', loss='weighted', forces_weight=1.0, nacs_weight=100.0, socs_weight=100.0, soc_num=None, swa_forces_weight=100.0, energy_weight=100.0, swa_energy_weight=1000.0, virials_weight=1.0, swa_virials_weight=10.0, stress_weight=1.0, swa_stress_weight=10.0, dipoles_weight=1.0, swa_dipole_weight=1.0, config_type_weights='{"Default":1.0}', huber_delta=0.01, optimizer='adam', beta=0.9, batch_size=100, valid_batch_size=10, lr=0.0001, swa_lr=0.001, weight_decay=5e-07, amsgrad=True, scheduler='ReduceLROnPlateau', lr_factor=0.8, scheduler_patience=50, lr_scheduler_gamma=0.9993, swa=False, start_swa=None, ema=True, ema_decay=0.99, max_num_epochs=100, patience=2048, foundation_model=None, foundation_model_readout=True, eval_interval=1, keep_checkpoints=False, save_all_checkpoints=False, restart_latest=False, save_cpu=False, clip_grad=10.0, wandb=False, wandb_dir=None, wandb_project='', wandb_entity='', wandb_name='', wandb_log_hypers=['num_channels', 'max_L', 'correlation', 'lr', 'swa_lr', 'weight_decay', 'batch_size', 'max_num_epochs', 'start_swa', 'energy_weight', 'forces_weight'])
2025-10-22 09:35:54.021 INFO: CUDA version: 12.4, CUDA device: 0
2025-10-22 09:35:54.039 DEBUG: Popen(['git', 'version'], cwd=/home/rhyan/Exciton_model/X-MACE, stdin=None, shell=False, universal_newlines=False)
2025-10-22 09:35:54.040 DEBUG: Popen(['git', 'version'], cwd=/home/rhyan/Exciton_model/X-MACE, stdin=None, shell=False, universal_newlines=False)
2025-10-22 09:35:54.041 DEBUG: sys.platform='linux', git_executable='git'
2025-10-22 09:35:54.042 DEBUG: Popen(['git', 'cat-file', '--batch-check'], cwd=/home/rhyan/Exciton_model/X-MACE, stdin=<valid stream>, shell=False, universal_newlines=False)
2025-10-22 09:35:54.043 DEBUG: Current Git commit: 0861c52cf365064d060e006c179e4cc1785b61c2
2025-10-22 09:35:54.043 INFO: 
2025-10-22 09:35:54.043 INFO: ===========LOADING INPUT DATA===========
2025-10-22 09:35:55.022 INFO: Using random 10% of training set for validation with indices saved in: ./valid_indices_100.txt
2025-10-22 09:35:55.024 INFO: Atomic Numbers used: [1, 6, 7, 8]
2025-10-22 09:35:55.024 INFO: Isolated Atomic Energies (E0s) not in training file, using command line argument
2025-10-22 09:35:55.024 INFO: Computing average Atomic Energies using least squares regression
2025-10-22 09:35:55.031 INFO: Atomic Energies used (z: eV): {1: 0.0, 6: 0.0, 7: 0.0, 8: 0.0}
2025-10-22 09:35:55.209 INFO: 
2025-10-22 09:35:55.209 INFO: ===========MODEL DETAILS===========
2025-10-22 09:35:55.372 INFO: Average number of neighbors: 15.6
2025-10-22 09:35:55.372 INFO: During training the following quantities will be reported: energy, forces, dipoles, nacs
2025-10-22 09:35:55.418 INFO: Building model
2025-10-22 09:35:55.418 INFO: Message passing with 128 channels and max_L=1 (128x0e + 128x1o)
2025-10-22 09:35:55.418 INFO: 2 layers, each with correlation order: 3 (body order: 4) and spherical harmonics up to: l=3
2025-10-22 09:35:55.418 INFO: 8 radial and 5 basis functions
2025-10-22 09:35:55.418 INFO: Radial cutoff: 5.0 Å (total receptive field for each atom: 10.0 Å)
2025-10-22 09:35:55.418 INFO: Distance transform for radial basis functions: None
2025-10-22 09:35:56.182 DEBUG: AutoencoderExcitedMACE(
  (node_embedding): LinearNodeEmbeddingBlock(
    (linear): Linear(4x0e -> 128x0e | 512 weights)
  )
  (radial_embedding): RadialEmbeddingBlock(
    (bessel_fn): BesselBasis(r_max=5.0, num_basis=8, trainable=False)
    (cutoff_fn): PolynomialCutoff(p=5.0, r_max=5.0)
  )
  (perm_encoder): PermutationInvariantEncoder(
    (elementwise_nn): Sequential(
      (0): Linear(in_features=1, out_features=16, bias=True)
      (1): ELU(alpha=1.0)
      (2): Linear(in_features=16, out_features=16, bias=True)
      (3): ELU(alpha=1.0)
      (4): Linear(in_features=16, out_features=16, bias=True)
      (5): ELU(alpha=1.0)
      (6): Linear(in_features=16, out_features=16, bias=True)
      (7): ELU(alpha=1.0)
    )
    (post_aggregation_nn): Sequential(
      (0): Linear(in_features=16, out_features=16, bias=True)
      (1): ELU(alpha=1.0)
      (2): Linear(in_features=16, out_features=16, bias=True)
      (3): ELU(alpha=1.0)
      (4): Linear(in_features=16, out_features=16, bias=True)
      (5): ELU(alpha=1.0)
      (6): Linear(in_features=16, out_features=16, bias=True)
    )
  )
  (perm_decoder): PermutationInvariantDecoder(
    (decoder_nn): Sequential(
      (0): Linear(in_features=16, out_features=128, bias=True)
      (1): ELU(alpha=1.0)
      (2): Linear(in_features=128, out_features=128, bias=True)
      (3): ELU(alpha=1.0)
      (4): Linear(in_features=128, out_features=128, bias=True)
      (5): ELU(alpha=1.0)
      (6): Linear(in_features=128, out_features=128, bias=True)
      (7): ELU(alpha=1.0)
      (8): Linear(in_features=128, out_features=15, bias=True)
    )
  )
  (spherical_harmonics): SphericalHarmonics()
  (atomic_energies_fn): AtomicEnergiesBlock(energies=[0.0000, 0.0000, 0.0000, 0.0000])
  (interactions): ModuleList(
    (0): RealAgnosticInteractionBlock(
      (linear_up): Linear(128x0e -> 128x0e | 16384 weights)
      (conv_tp): TensorProduct(128x0e x 1x0e+1x1o+1x2e+1x3o -> 128x0e+128x1o+128x2e+128x3o | 512 paths | 512 weights)
      (conv_tp_weights): FullyConnectedNet[8, 64, 64, 64, 512]
      (linear): Linear(128x0e+128x1o+128x2e+128x3o -> 128x0e+128x1o+128x2e+128x3o | 65536 weights)
      (skip_tp): FullyConnectedTensorProduct(128x0e+128x1o+128x2e+128x3o x 4x0e -> 128x0e+128x1o+128x2e+128x3o | 262144 paths | 262144 weights)
      (reshape): reshape_irreps()
    )
    (1): RealAgnosticResidualInteractionBlock(
      (linear_up): Linear(128x0e+128x1o -> 128x0e+128x1o | 32768 weights)
      (conv_tp): TensorProduct(128x0e+128x1o x 1x0e+1x1o+1x2e+1x3o -> 256x0e+384x1o+384x2e+256x3o | 1280 paths | 1280 weights)
      (conv_tp_weights): FullyConnectedNet[8, 64, 64, 64, 1280]
      (linear): Linear(256x0e+384x1o+384x2e+256x3o -> 128x0e+128x1o+128x2e+128x3o | 163840 weights)
      (skip_tp): FullyConnectedTensorProduct(128x0e+128x1o x 4x0e -> 128x0e | 65536 paths | 65536 weights)
      (reshape): reshape_irreps()
    )
  )
  (products): ModuleList(
    (0): EquivariantProductBasisBlock(
      (symmetric_contractions): SymmetricContraction(
        (contractions): ModuleList(
          (0): Contraction(
            (contractions_weighting): ModuleList(
              (0-1): 2 x GraphModule()
            )
            (contractions_features): ModuleList(
              (0-1): 2 x GraphModule()
            )
            (weights): ParameterList(
                (0): Parameter containing: [torch.float32 of size 4x4x128 (cuda:0)]
                (1): Parameter containing: [torch.float32 of size 4x1x128 (cuda:0)]
            )
            (graph_opt_main): GraphModule()
          )
          (1): Contraction(
            (contractions_weighting): ModuleList(
              (0-1): 2 x GraphModule()
            )
            (contractions_features): ModuleList(
              (0-1): 2 x GraphModule()
            )
            (weights): ParameterList(
                (0): Parameter containing: [torch.float32 of size 4x6x128 (cuda:0)]
                (1): Parameter containing: [torch.float32 of size 4x1x128 (cuda:0)]
            )
            (graph_opt_main): GraphModule()
          )
        )
      )
      (linear): Linear(128x0e+128x1o -> 128x0e+128x1o | 32768 weights)
    )
    (1): EquivariantProductBasisBlock(
      (symmetric_contractions): SymmetricContraction(
        (contractions): ModuleList(
          (0): Contraction(
            (contractions_weighting): ModuleList(
              (0-1): 2 x GraphModule()
            )
            (contractions_features): ModuleList(
              (0-1): 2 x GraphModule()
            )
            (weights): ParameterList(
                (0): Parameter containing: [torch.float32 of size 4x4x128 (cuda:0)]
                (1): Parameter containing: [torch.float32 of size 4x1x128 (cuda:0)]
            )
            (graph_opt_main): GraphModule()
          )
        )
      )
      (linear): Linear(128x0e -> 128x0e | 16384 weights)
    )
  )
  (readouts): ModuleList(
    (0): LinearReadoutBlock(
      (linear): Linear(128x0e+128x1o -> 8x0e | 1024 weights)
    )
    (1): NonLinearReadoutBlock(
      (linear_1): Linear(128x0e -> 128x0e | 16384 weights)
      (non_linearity): Activation [x] (128x0e -> 128x0e)
      (linear_2): Linear(128x0e -> 8x0e | 1024 weights)
    )
  )
  (invariant_readouts): ModuleList(
    (0): LinearReadoutBlock(
      (linear): Linear(128x0e+128x1o -> 16x0e | 2048 weights)
    )
    (1): NonLinearReadoutBlock(
      (linear_1): Linear(128x0e -> 128x0e | 16384 weights)
      (non_linearity): Activation [x] (128x0e -> 128x0e)
      (linear_2): Linear(128x0e -> 16x0e | 2048 weights)
    )
  )
)
2025-10-22 09:35:56.184 INFO: Total number of parameters: 940831
2025-10-22 09:35:56.184 INFO: 
2025-10-22 09:35:56.184 INFO: ===========OPTIMIZER INFORMATION===========
2025-10-22 09:35:56.184 INFO: Using ADAM as parameter optimizer
2025-10-22 09:35:56.184 INFO: Batch size: 100
2025-10-22 09:35:56.184 INFO: Using Exponential Moving Average with decay: 0.99
2025-10-22 09:35:56.184 INFO: Number of gradient updates: 769
2025-10-22 09:35:56.184 INFO: Learning rate: 0.0001, weight decay: 5e-07
2025-10-22 09:35:56.184 INFO: InvariantsWeightedEnergyForcesNacsDipoleLoss(energy_weight=100.000, forces_weight=1.000, dipole_weight=1.000)
2025-10-22 09:35:56.185 INFO: Using gradient clipping with tolerance=10.000
2025-10-22 09:35:56.185 INFO: 
2025-10-22 09:35:56.185 INFO: ===========TRAINING===========
2025-10-22 09:35:56.185 INFO: Started training, reporting errors on validation set
2025-10-22 09:35:56.185 INFO: Loss metrics on validation set
2025-10-22 09:36:42.029 INFO: ===========VERIFYING SETTINGS===========
2025-10-22 09:36:42.029 INFO: MACE version: 0.3.6
2025-10-22 09:36:42.029 DEBUG: Configuration: Namespace(config=None, name='energies_forces', seed=100, work_dir='.', nacs_key='smooth_nacs', log_dir='./logs', model_dir='.', checkpoints_dir='./checkpoints', results_dir='./results', downloads_dir='./downloads', device='cuda', default_dtype='float32', distributed=False, log_level='INFO', n_energies=8, error_table='EnergyNacsDipoleMAE', model='AutoencoderExcitedMACE', r_max=5.0, num_permutational_invariant=16, radial_type='bessel', num_radial_basis=8, num_cutoff_basis=5, pair_repulsion=False, distance_transform='None', interaction='RealAgnosticResidualInteractionBlock', interaction_first='RealAgnosticResidualInteractionBlock', max_ell=3, correlation=3, num_interactions=2, MLP_irreps='128x0e', radial_MLP='[64, 64, 64]', hidden_irreps='128x0e + 128x1o', num_channels=128, max_L=1, gate='silu', scaling='rms_forces_scaling', avg_num_neighbors=1, compute_avg_num_neighbors=True, compute_stress=False, compute_forces=True, compute_dipoles=True, compute_nacs=False, compute_socs=False, train_file='ENERGIES_FORCES.xyz', valid_file=None, valid_fraction=0.1, test_file=None, test_dir=None, multi_processed_test=False, num_workers=0, pin_memory=True, atomic_numbers=None, mean=None, std=None, statistics_file=None, E0s='average', keep_isolated_atoms=False, energy_key='REF_energy', forces_key='REF_forces', virials_key='REF_virials', stress_key='REF_stress', dipoles_key='REF_dipoles', charges_key='REF_charges', loss='weighted', forces_weight=1.0, nacs_weight=100.0, socs_weight=100.0, soc_num=None, swa_forces_weight=100.0, energy_weight=100.0, swa_energy_weight=1000.0, virials_weight=1.0, swa_virials_weight=10.0, stress_weight=1.0, swa_stress_weight=10.0, dipoles_weight=1.0, swa_dipole_weight=1.0, config_type_weights='{"Default":1.0}', huber_delta=0.01, optimizer='adam', beta=0.9, batch_size=100, valid_batch_size=10, lr=0.0001, swa_lr=0.001, weight_decay=5e-07, amsgrad=True, scheduler='ReduceLROnPlateau', lr_factor=0.8, scheduler_patience=50, lr_scheduler_gamma=0.9993, swa=False, start_swa=None, ema=True, ema_decay=0.99, max_num_epochs=100, patience=2048, foundation_model=None, foundation_model_readout=True, eval_interval=1, keep_checkpoints=False, save_all_checkpoints=False, restart_latest=False, save_cpu=False, clip_grad=10.0, wandb=False, wandb_dir=None, wandb_project='', wandb_entity='', wandb_name='', wandb_log_hypers=['num_channels', 'max_L', 'correlation', 'lr', 'swa_lr', 'weight_decay', 'batch_size', 'max_num_epochs', 'start_swa', 'energy_weight', 'forces_weight'])
2025-10-22 09:36:42.071 INFO: CUDA version: 12.4, CUDA device: 0
2025-10-22 09:36:42.089 DEBUG: Popen(['git', 'version'], cwd=/home/rhyan/Exciton_model/X-MACE, stdin=None, shell=False, universal_newlines=False)
2025-10-22 09:36:42.090 DEBUG: Popen(['git', 'version'], cwd=/home/rhyan/Exciton_model/X-MACE, stdin=None, shell=False, universal_newlines=False)
2025-10-22 09:36:42.092 DEBUG: sys.platform='linux', git_executable='git'
2025-10-22 09:36:42.092 DEBUG: Popen(['git', 'cat-file', '--batch-check'], cwd=/home/rhyan/Exciton_model/X-MACE, stdin=<valid stream>, shell=False, universal_newlines=False)
2025-10-22 09:36:42.094 DEBUG: Current Git commit: 0861c52cf365064d060e006c179e4cc1785b61c2
2025-10-22 09:36:42.094 INFO: 
2025-10-22 09:36:42.094 INFO: ===========LOADING INPUT DATA===========
2025-10-22 09:36:43.076 INFO: Using random 10% of training set for validation with indices saved in: ./valid_indices_100.txt
2025-10-22 09:36:43.078 INFO: Atomic Numbers used: [1, 6, 7, 8]
2025-10-22 09:36:43.078 INFO: Isolated Atomic Energies (E0s) not in training file, using command line argument
2025-10-22 09:36:43.078 INFO: Computing average Atomic Energies using least squares regression
2025-10-22 09:36:43.085 INFO: Atomic Energies used (z: eV): {1: 0.0, 6: 0.0, 7: 0.0, 8: 0.0}
2025-10-22 09:36:43.264 INFO: 
2025-10-22 09:36:43.264 INFO: ===========MODEL DETAILS===========
2025-10-22 09:36:43.425 INFO: Average number of neighbors: 15.6
2025-10-22 09:36:43.425 INFO: During training the following quantities will be reported: energy, forces, dipoles, nacs
2025-10-22 09:36:43.471 INFO: Building model
2025-10-22 09:36:43.471 INFO: Message passing with 128 channels and max_L=1 (128x0e + 128x1o)
2025-10-22 09:36:43.471 INFO: 2 layers, each with correlation order: 3 (body order: 4) and spherical harmonics up to: l=3
2025-10-22 09:36:43.471 INFO: 8 radial and 5 basis functions
2025-10-22 09:36:43.471 INFO: Radial cutoff: 5.0 Å (total receptive field for each atom: 10.0 Å)
2025-10-22 09:36:43.471 INFO: Distance transform for radial basis functions: None
2025-10-22 09:36:44.229 DEBUG: AutoencoderExcitedMACE(
  (node_embedding): LinearNodeEmbeddingBlock(
    (linear): Linear(4x0e -> 128x0e | 512 weights)
  )
  (radial_embedding): RadialEmbeddingBlock(
    (bessel_fn): BesselBasis(r_max=5.0, num_basis=8, trainable=False)
    (cutoff_fn): PolynomialCutoff(p=5.0, r_max=5.0)
  )
  (perm_encoder): PermutationInvariantEncoder(
    (elementwise_nn): Sequential(
      (0): Linear(in_features=1, out_features=16, bias=True)
      (1): ELU(alpha=1.0)
      (2): Linear(in_features=16, out_features=16, bias=True)
      (3): ELU(alpha=1.0)
      (4): Linear(in_features=16, out_features=16, bias=True)
      (5): ELU(alpha=1.0)
      (6): Linear(in_features=16, out_features=16, bias=True)
      (7): ELU(alpha=1.0)
    )
    (post_aggregation_nn): Sequential(
      (0): Linear(in_features=16, out_features=16, bias=True)
      (1): ELU(alpha=1.0)
      (2): Linear(in_features=16, out_features=16, bias=True)
      (3): ELU(alpha=1.0)
      (4): Linear(in_features=16, out_features=16, bias=True)
      (5): ELU(alpha=1.0)
      (6): Linear(in_features=16, out_features=16, bias=True)
    )
  )
  (perm_decoder): PermutationInvariantDecoder(
    (decoder_nn): Sequential(
      (0): Linear(in_features=16, out_features=128, bias=True)
      (1): ELU(alpha=1.0)
      (2): Linear(in_features=128, out_features=128, bias=True)
      (3): ELU(alpha=1.0)
      (4): Linear(in_features=128, out_features=128, bias=True)
      (5): ELU(alpha=1.0)
      (6): Linear(in_features=128, out_features=128, bias=True)
      (7): ELU(alpha=1.0)
      (8): Linear(in_features=128, out_features=15, bias=True)
    )
  )
  (spherical_harmonics): SphericalHarmonics()
  (atomic_energies_fn): AtomicEnergiesBlock(energies=[0.0000, 0.0000, 0.0000, 0.0000])
  (interactions): ModuleList(
    (0): RealAgnosticInteractionBlock(
      (linear_up): Linear(128x0e -> 128x0e | 16384 weights)
      (conv_tp): TensorProduct(128x0e x 1x0e+1x1o+1x2e+1x3o -> 128x0e+128x1o+128x2e+128x3o | 512 paths | 512 weights)
      (conv_tp_weights): FullyConnectedNet[8, 64, 64, 64, 512]
      (linear): Linear(128x0e+128x1o+128x2e+128x3o -> 128x0e+128x1o+128x2e+128x3o | 65536 weights)
      (skip_tp): FullyConnectedTensorProduct(128x0e+128x1o+128x2e+128x3o x 4x0e -> 128x0e+128x1o+128x2e+128x3o | 262144 paths | 262144 weights)
      (reshape): reshape_irreps()
    )
    (1): RealAgnosticResidualInteractionBlock(
      (linear_up): Linear(128x0e+128x1o -> 128x0e+128x1o | 32768 weights)
      (conv_tp): TensorProduct(128x0e+128x1o x 1x0e+1x1o+1x2e+1x3o -> 256x0e+384x1o+384x2e+256x3o | 1280 paths | 1280 weights)
      (conv_tp_weights): FullyConnectedNet[8, 64, 64, 64, 1280]
      (linear): Linear(256x0e+384x1o+384x2e+256x3o -> 128x0e+128x1o+128x2e+128x3o | 163840 weights)
      (skip_tp): FullyConnectedTensorProduct(128x0e+128x1o x 4x0e -> 128x0e | 65536 paths | 65536 weights)
      (reshape): reshape_irreps()
    )
  )
  (products): ModuleList(
    (0): EquivariantProductBasisBlock(
      (symmetric_contractions): SymmetricContraction(
        (contractions): ModuleList(
          (0): Contraction(
            (contractions_weighting): ModuleList(
              (0-1): 2 x GraphModule()
            )
            (contractions_features): ModuleList(
              (0-1): 2 x GraphModule()
            )
            (weights): ParameterList(
                (0): Parameter containing: [torch.float32 of size 4x4x128 (cuda:0)]
                (1): Parameter containing: [torch.float32 of size 4x1x128 (cuda:0)]
            )
            (graph_opt_main): GraphModule()
          )
          (1): Contraction(
            (contractions_weighting): ModuleList(
              (0-1): 2 x GraphModule()
            )
            (contractions_features): ModuleList(
              (0-1): 2 x GraphModule()
            )
            (weights): ParameterList(
                (0): Parameter containing: [torch.float32 of size 4x6x128 (cuda:0)]
                (1): Parameter containing: [torch.float32 of size 4x1x128 (cuda:0)]
            )
            (graph_opt_main): GraphModule()
          )
        )
      )
      (linear): Linear(128x0e+128x1o -> 128x0e+128x1o | 32768 weights)
    )
    (1): EquivariantProductBasisBlock(
      (symmetric_contractions): SymmetricContraction(
        (contractions): ModuleList(
          (0): Contraction(
            (contractions_weighting): ModuleList(
              (0-1): 2 x GraphModule()
            )
            (contractions_features): ModuleList(
              (0-1): 2 x GraphModule()
            )
            (weights): ParameterList(
                (0): Parameter containing: [torch.float32 of size 4x4x128 (cuda:0)]
                (1): Parameter containing: [torch.float32 of size 4x1x128 (cuda:0)]
            )
            (graph_opt_main): GraphModule()
          )
        )
      )
      (linear): Linear(128x0e -> 128x0e | 16384 weights)
    )
  )
  (readouts): ModuleList(
    (0): LinearReadoutBlock(
      (linear): Linear(128x0e+128x1o -> 8x0e | 1024 weights)
    )
    (1): NonLinearReadoutBlock(
      (linear_1): Linear(128x0e -> 128x0e | 16384 weights)
      (non_linearity): Activation [x] (128x0e -> 128x0e)
      (linear_2): Linear(128x0e -> 8x0e | 1024 weights)
    )
  )
  (invariant_readouts): ModuleList(
    (0): LinearReadoutBlock(
      (linear): Linear(128x0e+128x1o -> 16x0e | 2048 weights)
    )
    (1): NonLinearReadoutBlock(
      (linear_1): Linear(128x0e -> 128x0e | 16384 weights)
      (non_linearity): Activation [x] (128x0e -> 128x0e)
      (linear_2): Linear(128x0e -> 16x0e | 2048 weights)
    )
  )
)
2025-10-22 09:36:44.231 INFO: Total number of parameters: 940831
2025-10-22 09:36:44.231 INFO: 
2025-10-22 09:36:44.231 INFO: ===========OPTIMIZER INFORMATION===========
2025-10-22 09:36:44.231 INFO: Using ADAM as parameter optimizer
2025-10-22 09:36:44.231 INFO: Batch size: 100
2025-10-22 09:36:44.231 INFO: Using Exponential Moving Average with decay: 0.99
2025-10-22 09:36:44.231 INFO: Number of gradient updates: 769
2025-10-22 09:36:44.231 INFO: Learning rate: 0.0001, weight decay: 5e-07
2025-10-22 09:36:44.231 INFO: InvariantsWeightedEnergyForcesNacsDipoleLoss(energy_weight=100.000, forces_weight=1.000, dipole_weight=1.000)
2025-10-22 09:36:44.232 INFO: Using gradient clipping with tolerance=10.000
2025-10-22 09:36:44.232 INFO: 
2025-10-22 09:36:44.232 INFO: ===========TRAINING===========
2025-10-22 09:36:44.232 INFO: Started training, reporting errors on validation set
2025-10-22 09:36:44.232 INFO: Loss metrics on validation set
2025-10-22 09:37:41.651 INFO: ===========VERIFYING SETTINGS===========
2025-10-22 09:37:41.651 INFO: MACE version: 0.3.6
2025-10-22 09:37:41.651 DEBUG: Configuration: Namespace(config=None, name='energies_forces', seed=100, work_dir='.', nacs_key='smooth_nacs', log_dir='./logs', model_dir='.', checkpoints_dir='./checkpoints', results_dir='./results', downloads_dir='./downloads', device='cuda', default_dtype='float32', distributed=False, log_level='INFO', n_energies=8, error_table='EnergyNacsDipoleMAE', model='AutoencoderExcitedMACE', r_max=5.0, num_permutational_invariant=16, radial_type='bessel', num_radial_basis=8, num_cutoff_basis=5, pair_repulsion=False, distance_transform='None', interaction='RealAgnosticResidualInteractionBlock', interaction_first='RealAgnosticResidualInteractionBlock', max_ell=3, correlation=3, num_interactions=2, MLP_irreps='128x0e', radial_MLP='[64, 64, 64]', hidden_irreps='128x0e + 128x1o', num_channels=128, max_L=1, gate='silu', scaling='rms_forces_scaling', avg_num_neighbors=1, compute_avg_num_neighbors=True, compute_stress=False, compute_forces=True, compute_dipoles=True, compute_nacs=False, compute_socs=False, train_file='ENERGIES_FORCES.xyz', valid_file=None, valid_fraction=0.1, test_file=None, test_dir=None, multi_processed_test=False, num_workers=0, pin_memory=True, atomic_numbers=None, mean=None, std=None, statistics_file=None, E0s='average', keep_isolated_atoms=False, energy_key='REF_energy', forces_key='REF_forces', virials_key='REF_virials', stress_key='REF_stress', dipoles_key='REF_dipoles', charges_key='REF_charges', loss='weighted', forces_weight=1.0, nacs_weight=100.0, socs_weight=100.0, soc_num=None, swa_forces_weight=100.0, energy_weight=100.0, swa_energy_weight=1000.0, virials_weight=1.0, swa_virials_weight=10.0, stress_weight=1.0, swa_stress_weight=10.0, dipoles_weight=1.0, swa_dipole_weight=1.0, config_type_weights='{"Default":1.0}', huber_delta=0.01, optimizer='adam', beta=0.9, batch_size=100, valid_batch_size=10, lr=0.0001, swa_lr=0.001, weight_decay=5e-07, amsgrad=True, scheduler='ReduceLROnPlateau', lr_factor=0.8, scheduler_patience=50, lr_scheduler_gamma=0.9993, swa=False, start_swa=None, ema=True, ema_decay=0.99, max_num_epochs=100, patience=2048, foundation_model=None, foundation_model_readout=True, eval_interval=1, keep_checkpoints=False, save_all_checkpoints=False, restart_latest=False, save_cpu=False, clip_grad=10.0, wandb=False, wandb_dir=None, wandb_project='', wandb_entity='', wandb_name='', wandb_log_hypers=['num_channels', 'max_L', 'correlation', 'lr', 'swa_lr', 'weight_decay', 'batch_size', 'max_num_epochs', 'start_swa', 'energy_weight', 'forces_weight'])
2025-10-22 09:37:41.693 INFO: CUDA version: 12.4, CUDA device: 0
2025-10-22 09:37:41.710 DEBUG: Popen(['git', 'version'], cwd=/home/rhyan/Exciton_model/X-MACE, stdin=None, shell=False, universal_newlines=False)
2025-10-22 09:37:41.712 DEBUG: Popen(['git', 'version'], cwd=/home/rhyan/Exciton_model/X-MACE, stdin=None, shell=False, universal_newlines=False)
2025-10-22 09:37:41.713 DEBUG: sys.platform='linux', git_executable='git'
2025-10-22 09:37:41.714 DEBUG: Popen(['git', 'cat-file', '--batch-check'], cwd=/home/rhyan/Exciton_model/X-MACE, stdin=<valid stream>, shell=False, universal_newlines=False)
2025-10-22 09:37:41.715 DEBUG: Current Git commit: 0861c52cf365064d060e006c179e4cc1785b61c2
2025-10-22 09:37:41.715 INFO: 
2025-10-22 09:37:41.715 INFO: ===========LOADING INPUT DATA===========
2025-10-22 09:37:42.693 INFO: Using random 10% of training set for validation with indices saved in: ./valid_indices_100.txt
2025-10-22 09:37:42.695 INFO: Atomic Numbers used: [1, 6, 7, 8]
2025-10-22 09:37:42.695 INFO: Isolated Atomic Energies (E0s) not in training file, using command line argument
2025-10-22 09:37:42.695 INFO: Computing average Atomic Energies using least squares regression
2025-10-22 09:37:42.702 INFO: Atomic Energies used (z: eV): {1: 0.0, 6: 0.0, 7: 0.0, 8: 0.0}
2025-10-22 09:37:42.880 INFO: 
2025-10-22 09:37:42.880 INFO: ===========MODEL DETAILS===========
2025-10-22 09:37:43.041 INFO: Average number of neighbors: 15.6
2025-10-22 09:37:43.041 INFO: During training the following quantities will be reported: energy, forces, dipoles, nacs
2025-10-22 09:37:43.088 INFO: Building model
2025-10-22 09:37:43.088 INFO: Message passing with 128 channels and max_L=1 (128x0e + 128x1o)
2025-10-22 09:37:43.088 INFO: 2 layers, each with correlation order: 3 (body order: 4) and spherical harmonics up to: l=3
2025-10-22 09:37:43.088 INFO: 8 radial and 5 basis functions
2025-10-22 09:37:43.088 INFO: Radial cutoff: 5.0 Å (total receptive field for each atom: 10.0 Å)
2025-10-22 09:37:43.088 INFO: Distance transform for radial basis functions: None
2025-10-22 09:37:43.854 DEBUG: AutoencoderExcitedMACE(
  (node_embedding): LinearNodeEmbeddingBlock(
    (linear): Linear(4x0e -> 128x0e | 512 weights)
  )
  (radial_embedding): RadialEmbeddingBlock(
    (bessel_fn): BesselBasis(r_max=5.0, num_basis=8, trainable=False)
    (cutoff_fn): PolynomialCutoff(p=5.0, r_max=5.0)
  )
  (perm_encoder): PermutationInvariantEncoder(
    (elementwise_nn): Sequential(
      (0): Linear(in_features=1, out_features=16, bias=True)
      (1): ELU(alpha=1.0)
      (2): Linear(in_features=16, out_features=16, bias=True)
      (3): ELU(alpha=1.0)
      (4): Linear(in_features=16, out_features=16, bias=True)
      (5): ELU(alpha=1.0)
      (6): Linear(in_features=16, out_features=16, bias=True)
      (7): ELU(alpha=1.0)
    )
    (post_aggregation_nn): Sequential(
      (0): Linear(in_features=16, out_features=16, bias=True)
      (1): ELU(alpha=1.0)
      (2): Linear(in_features=16, out_features=16, bias=True)
      (3): ELU(alpha=1.0)
      (4): Linear(in_features=16, out_features=16, bias=True)
      (5): ELU(alpha=1.0)
      (6): Linear(in_features=16, out_features=16, bias=True)
    )
  )
  (perm_decoder): PermutationInvariantDecoder(
    (decoder_nn): Sequential(
      (0): Linear(in_features=16, out_features=128, bias=True)
      (1): ELU(alpha=1.0)
      (2): Linear(in_features=128, out_features=128, bias=True)
      (3): ELU(alpha=1.0)
      (4): Linear(in_features=128, out_features=128, bias=True)
      (5): ELU(alpha=1.0)
      (6): Linear(in_features=128, out_features=128, bias=True)
      (7): ELU(alpha=1.0)
      (8): Linear(in_features=128, out_features=15, bias=True)
    )
  )
  (spherical_harmonics): SphericalHarmonics()
  (atomic_energies_fn): AtomicEnergiesBlock(energies=[0.0000, 0.0000, 0.0000, 0.0000])
  (interactions): ModuleList(
    (0): RealAgnosticInteractionBlock(
      (linear_up): Linear(128x0e -> 128x0e | 16384 weights)
      (conv_tp): TensorProduct(128x0e x 1x0e+1x1o+1x2e+1x3o -> 128x0e+128x1o+128x2e+128x3o | 512 paths | 512 weights)
      (conv_tp_weights): FullyConnectedNet[8, 64, 64, 64, 512]
      (linear): Linear(128x0e+128x1o+128x2e+128x3o -> 128x0e+128x1o+128x2e+128x3o | 65536 weights)
      (skip_tp): FullyConnectedTensorProduct(128x0e+128x1o+128x2e+128x3o x 4x0e -> 128x0e+128x1o+128x2e+128x3o | 262144 paths | 262144 weights)
      (reshape): reshape_irreps()
    )
    (1): RealAgnosticResidualInteractionBlock(
      (linear_up): Linear(128x0e+128x1o -> 128x0e+128x1o | 32768 weights)
      (conv_tp): TensorProduct(128x0e+128x1o x 1x0e+1x1o+1x2e+1x3o -> 256x0e+384x1o+384x2e+256x3o | 1280 paths | 1280 weights)
      (conv_tp_weights): FullyConnectedNet[8, 64, 64, 64, 1280]
      (linear): Linear(256x0e+384x1o+384x2e+256x3o -> 128x0e+128x1o+128x2e+128x3o | 163840 weights)
      (skip_tp): FullyConnectedTensorProduct(128x0e+128x1o x 4x0e -> 128x0e | 65536 paths | 65536 weights)
      (reshape): reshape_irreps()
    )
  )
  (products): ModuleList(
    (0): EquivariantProductBasisBlock(
      (symmetric_contractions): SymmetricContraction(
        (contractions): ModuleList(
          (0): Contraction(
            (contractions_weighting): ModuleList(
              (0-1): 2 x GraphModule()
            )
            (contractions_features): ModuleList(
              (0-1): 2 x GraphModule()
            )
            (weights): ParameterList(
                (0): Parameter containing: [torch.float32 of size 4x4x128 (cuda:0)]
                (1): Parameter containing: [torch.float32 of size 4x1x128 (cuda:0)]
            )
            (graph_opt_main): GraphModule()
          )
          (1): Contraction(
            (contractions_weighting): ModuleList(
              (0-1): 2 x GraphModule()
            )
            (contractions_features): ModuleList(
              (0-1): 2 x GraphModule()
            )
            (weights): ParameterList(
                (0): Parameter containing: [torch.float32 of size 4x6x128 (cuda:0)]
                (1): Parameter containing: [torch.float32 of size 4x1x128 (cuda:0)]
            )
            (graph_opt_main): GraphModule()
          )
        )
      )
      (linear): Linear(128x0e+128x1o -> 128x0e+128x1o | 32768 weights)
    )
    (1): EquivariantProductBasisBlock(
      (symmetric_contractions): SymmetricContraction(
        (contractions): ModuleList(
          (0): Contraction(
            (contractions_weighting): ModuleList(
              (0-1): 2 x GraphModule()
            )
            (contractions_features): ModuleList(
              (0-1): 2 x GraphModule()
            )
            (weights): ParameterList(
                (0): Parameter containing: [torch.float32 of size 4x4x128 (cuda:0)]
                (1): Parameter containing: [torch.float32 of size 4x1x128 (cuda:0)]
            )
            (graph_opt_main): GraphModule()
          )
        )
      )
      (linear): Linear(128x0e -> 128x0e | 16384 weights)
    )
  )
  (readouts): ModuleList(
    (0): LinearReadoutBlock(
      (linear): Linear(128x0e+128x1o -> 8x0e | 1024 weights)
    )
    (1): NonLinearReadoutBlock(
      (linear_1): Linear(128x0e -> 128x0e | 16384 weights)
      (non_linearity): Activation [x] (128x0e -> 128x0e)
      (linear_2): Linear(128x0e -> 8x0e | 1024 weights)
    )
  )
  (invariant_readouts): ModuleList(
    (0): LinearReadoutBlock(
      (linear): Linear(128x0e+128x1o -> 16x0e | 2048 weights)
    )
    (1): NonLinearReadoutBlock(
      (linear_1): Linear(128x0e -> 128x0e | 16384 weights)
      (non_linearity): Activation [x] (128x0e -> 128x0e)
      (linear_2): Linear(128x0e -> 16x0e | 2048 weights)
    )
  )
)
2025-10-22 09:37:43.855 INFO: Total number of parameters: 940831
2025-10-22 09:37:43.855 INFO: 
2025-10-22 09:37:43.855 INFO: ===========OPTIMIZER INFORMATION===========
2025-10-22 09:37:43.855 INFO: Using ADAM as parameter optimizer
2025-10-22 09:37:43.855 INFO: Batch size: 100
2025-10-22 09:37:43.856 INFO: Using Exponential Moving Average with decay: 0.99
2025-10-22 09:37:43.856 INFO: Number of gradient updates: 769
2025-10-22 09:37:43.856 INFO: Learning rate: 0.0001, weight decay: 5e-07
2025-10-22 09:37:43.856 INFO: InvariantsWeightedEnergyForcesNacsDipoleLoss(energy_weight=100.000, forces_weight=1.000, dipole_weight=1.000)
2025-10-22 09:37:43.857 INFO: Using gradient clipping with tolerance=10.000
2025-10-22 09:37:43.857 INFO: 
2025-10-22 09:37:43.857 INFO: ===========TRAINING===========
2025-10-22 09:37:43.857 INFO: Started training, reporting errors on validation set
2025-10-22 09:37:43.857 INFO: Loss metrics on validation set
2025-10-22 09:38:03.269 INFO: ===========VERIFYING SETTINGS===========
2025-10-22 09:38:03.269 INFO: MACE version: 0.3.6
2025-10-22 09:38:03.270 DEBUG: Configuration: Namespace(config=None, name='energies_forces', seed=100, work_dir='.', nacs_key='smooth_nacs', log_dir='./logs', model_dir='.', checkpoints_dir='./checkpoints', results_dir='./results', downloads_dir='./downloads', device='cuda', default_dtype='float32', distributed=False, log_level='INFO', n_energies=8, error_table='EnergyNacsDipoleMAE', model='AutoencoderExcitedMACE', r_max=5.0, num_permutational_invariant=16, radial_type='bessel', num_radial_basis=8, num_cutoff_basis=5, pair_repulsion=False, distance_transform='None', interaction='RealAgnosticResidualInteractionBlock', interaction_first='RealAgnosticResidualInteractionBlock', max_ell=3, correlation=3, num_interactions=2, MLP_irreps='128x0e', radial_MLP='[64, 64, 64]', hidden_irreps='128x0e + 128x1o', num_channels=128, max_L=1, gate='silu', scaling='rms_forces_scaling', avg_num_neighbors=1, compute_avg_num_neighbors=True, compute_stress=False, compute_forces=True, compute_dipoles=True, compute_nacs=False, compute_socs=False, train_file='ENERGIES_FORCES.xyz', valid_file=None, valid_fraction=0.1, test_file=None, test_dir=None, multi_processed_test=False, num_workers=0, pin_memory=True, atomic_numbers=None, mean=None, std=None, statistics_file=None, E0s='average', keep_isolated_atoms=False, energy_key='REF_energy', forces_key='REF_forces', virials_key='REF_virials', stress_key='REF_stress', dipoles_key='REF_dipoles', charges_key='REF_charges', loss='weighted', forces_weight=1.0, nacs_weight=100.0, socs_weight=100.0, soc_num=None, swa_forces_weight=100.0, energy_weight=100.0, swa_energy_weight=1000.0, virials_weight=1.0, swa_virials_weight=10.0, stress_weight=1.0, swa_stress_weight=10.0, dipoles_weight=1.0, swa_dipole_weight=1.0, config_type_weights='{"Default":1.0}', huber_delta=0.01, optimizer='adam', beta=0.9, batch_size=100, valid_batch_size=10, lr=0.0001, swa_lr=0.001, weight_decay=5e-07, amsgrad=True, scheduler='ReduceLROnPlateau', lr_factor=0.8, scheduler_patience=50, lr_scheduler_gamma=0.9993, swa=False, start_swa=None, ema=True, ema_decay=0.99, max_num_epochs=100, patience=2048, foundation_model=None, foundation_model_readout=True, eval_interval=1, keep_checkpoints=False, save_all_checkpoints=False, restart_latest=False, save_cpu=False, clip_grad=10.0, wandb=False, wandb_dir=None, wandb_project='', wandb_entity='', wandb_name='', wandb_log_hypers=['num_channels', 'max_L', 'correlation', 'lr', 'swa_lr', 'weight_decay', 'batch_size', 'max_num_epochs', 'start_swa', 'energy_weight', 'forces_weight'])
2025-10-22 09:38:03.298 INFO: CUDA version: 12.4, CUDA device: 0
2025-10-22 09:38:03.316 DEBUG: Popen(['git', 'version'], cwd=/home/rhyan/Exciton_model/X-MACE, stdin=None, shell=False, universal_newlines=False)
2025-10-22 09:38:03.317 DEBUG: Popen(['git', 'version'], cwd=/home/rhyan/Exciton_model/X-MACE, stdin=None, shell=False, universal_newlines=False)
2025-10-22 09:38:03.318 DEBUG: sys.platform='linux', git_executable='git'
2025-10-22 09:38:03.318 DEBUG: Popen(['git', 'cat-file', '--batch-check'], cwd=/home/rhyan/Exciton_model/X-MACE, stdin=<valid stream>, shell=False, universal_newlines=False)
2025-10-22 09:38:03.320 DEBUG: Current Git commit: 0861c52cf365064d060e006c179e4cc1785b61c2
2025-10-22 09:38:03.320 INFO: 
2025-10-22 09:38:03.320 INFO: ===========LOADING INPUT DATA===========
2025-10-22 09:38:04.301 INFO: Using random 10% of training set for validation with indices saved in: ./valid_indices_100.txt
2025-10-22 09:38:04.302 INFO: Atomic Numbers used: [1, 6, 7, 8]
2025-10-22 09:38:04.303 INFO: Isolated Atomic Energies (E0s) not in training file, using command line argument
2025-10-22 09:38:04.303 INFO: Computing average Atomic Energies using least squares regression
2025-10-22 09:38:04.310 INFO: Atomic Energies used (z: eV): {1: 0.0, 6: 0.0, 7: 0.0, 8: 0.0}
2025-10-22 09:38:04.488 INFO: 
2025-10-22 09:38:04.488 INFO: ===========MODEL DETAILS===========
2025-10-22 09:38:04.651 INFO: Average number of neighbors: 15.6
2025-10-22 09:38:04.651 INFO: During training the following quantities will be reported: energy, forces, dipoles, nacs
2025-10-22 09:38:04.697 INFO: Building model
2025-10-22 09:38:04.697 INFO: Message passing with 128 channels and max_L=1 (128x0e + 128x1o)
2025-10-22 09:38:04.697 INFO: 2 layers, each with correlation order: 3 (body order: 4) and spherical harmonics up to: l=3
2025-10-22 09:38:04.697 INFO: 8 radial and 5 basis functions
2025-10-22 09:38:04.697 INFO: Radial cutoff: 5.0 Å (total receptive field for each atom: 10.0 Å)
2025-10-22 09:38:04.697 INFO: Distance transform for radial basis functions: None
2025-10-22 09:38:05.453 DEBUG: AutoencoderExcitedMACE(
  (node_embedding): LinearNodeEmbeddingBlock(
    (linear): Linear(4x0e -> 128x0e | 512 weights)
  )
  (radial_embedding): RadialEmbeddingBlock(
    (bessel_fn): BesselBasis(r_max=5.0, num_basis=8, trainable=False)
    (cutoff_fn): PolynomialCutoff(p=5.0, r_max=5.0)
  )
  (perm_encoder): PermutationInvariantEncoder(
    (elementwise_nn): Sequential(
      (0): Linear(in_features=1, out_features=16, bias=True)
      (1): ELU(alpha=1.0)
      (2): Linear(in_features=16, out_features=16, bias=True)
      (3): ELU(alpha=1.0)
      (4): Linear(in_features=16, out_features=16, bias=True)
      (5): ELU(alpha=1.0)
      (6): Linear(in_features=16, out_features=16, bias=True)
      (7): ELU(alpha=1.0)
    )
    (post_aggregation_nn): Sequential(
      (0): Linear(in_features=16, out_features=16, bias=True)
      (1): ELU(alpha=1.0)
      (2): Linear(in_features=16, out_features=16, bias=True)
      (3): ELU(alpha=1.0)
      (4): Linear(in_features=16, out_features=16, bias=True)
      (5): ELU(alpha=1.0)
      (6): Linear(in_features=16, out_features=16, bias=True)
    )
  )
  (perm_decoder): PermutationInvariantDecoder(
    (decoder_nn): Sequential(
      (0): Linear(in_features=16, out_features=128, bias=True)
      (1): ELU(alpha=1.0)
      (2): Linear(in_features=128, out_features=128, bias=True)
      (3): ELU(alpha=1.0)
      (4): Linear(in_features=128, out_features=128, bias=True)
      (5): ELU(alpha=1.0)
      (6): Linear(in_features=128, out_features=128, bias=True)
      (7): ELU(alpha=1.0)
      (8): Linear(in_features=128, out_features=15, bias=True)
    )
  )
  (spherical_harmonics): SphericalHarmonics()
  (atomic_energies_fn): AtomicEnergiesBlock(energies=[0.0000, 0.0000, 0.0000, 0.0000])
  (interactions): ModuleList(
    (0): RealAgnosticInteractionBlock(
      (linear_up): Linear(128x0e -> 128x0e | 16384 weights)
      (conv_tp): TensorProduct(128x0e x 1x0e+1x1o+1x2e+1x3o -> 128x0e+128x1o+128x2e+128x3o | 512 paths | 512 weights)
      (conv_tp_weights): FullyConnectedNet[8, 64, 64, 64, 512]
      (linear): Linear(128x0e+128x1o+128x2e+128x3o -> 128x0e+128x1o+128x2e+128x3o | 65536 weights)
      (skip_tp): FullyConnectedTensorProduct(128x0e+128x1o+128x2e+128x3o x 4x0e -> 128x0e+128x1o+128x2e+128x3o | 262144 paths | 262144 weights)
      (reshape): reshape_irreps()
    )
    (1): RealAgnosticResidualInteractionBlock(
      (linear_up): Linear(128x0e+128x1o -> 128x0e+128x1o | 32768 weights)
      (conv_tp): TensorProduct(128x0e+128x1o x 1x0e+1x1o+1x2e+1x3o -> 256x0e+384x1o+384x2e+256x3o | 1280 paths | 1280 weights)
      (conv_tp_weights): FullyConnectedNet[8, 64, 64, 64, 1280]
      (linear): Linear(256x0e+384x1o+384x2e+256x3o -> 128x0e+128x1o+128x2e+128x3o | 163840 weights)
      (skip_tp): FullyConnectedTensorProduct(128x0e+128x1o x 4x0e -> 128x0e | 65536 paths | 65536 weights)
      (reshape): reshape_irreps()
    )
  )
  (products): ModuleList(
    (0): EquivariantProductBasisBlock(
      (symmetric_contractions): SymmetricContraction(
        (contractions): ModuleList(
          (0): Contraction(
            (contractions_weighting): ModuleList(
              (0-1): 2 x GraphModule()
            )
            (contractions_features): ModuleList(
              (0-1): 2 x GraphModule()
            )
            (weights): ParameterList(
                (0): Parameter containing: [torch.float32 of size 4x4x128 (cuda:0)]
                (1): Parameter containing: [torch.float32 of size 4x1x128 (cuda:0)]
            )
            (graph_opt_main): GraphModule()
          )
          (1): Contraction(
            (contractions_weighting): ModuleList(
              (0-1): 2 x GraphModule()
            )
            (contractions_features): ModuleList(
              (0-1): 2 x GraphModule()
            )
            (weights): ParameterList(
                (0): Parameter containing: [torch.float32 of size 4x6x128 (cuda:0)]
                (1): Parameter containing: [torch.float32 of size 4x1x128 (cuda:0)]
            )
            (graph_opt_main): GraphModule()
          )
        )
      )
      (linear): Linear(128x0e+128x1o -> 128x0e+128x1o | 32768 weights)
    )
    (1): EquivariantProductBasisBlock(
      (symmetric_contractions): SymmetricContraction(
        (contractions): ModuleList(
          (0): Contraction(
            (contractions_weighting): ModuleList(
              (0-1): 2 x GraphModule()
            )
            (contractions_features): ModuleList(
              (0-1): 2 x GraphModule()
            )
            (weights): ParameterList(
                (0): Parameter containing: [torch.float32 of size 4x4x128 (cuda:0)]
                (1): Parameter containing: [torch.float32 of size 4x1x128 (cuda:0)]
            )
            (graph_opt_main): GraphModule()
          )
        )
      )
      (linear): Linear(128x0e -> 128x0e | 16384 weights)
    )
  )
  (readouts): ModuleList(
    (0): LinearReadoutBlock(
      (linear): Linear(128x0e+128x1o -> 8x0e | 1024 weights)
    )
    (1): NonLinearReadoutBlock(
      (linear_1): Linear(128x0e -> 128x0e | 16384 weights)
      (non_linearity): Activation [x] (128x0e -> 128x0e)
      (linear_2): Linear(128x0e -> 8x0e | 1024 weights)
    )
  )
  (invariant_readouts): ModuleList(
    (0): LinearReadoutBlock(
      (linear): Linear(128x0e+128x1o -> 16x0e | 2048 weights)
    )
    (1): NonLinearReadoutBlock(
      (linear_1): Linear(128x0e -> 128x0e | 16384 weights)
      (non_linearity): Activation [x] (128x0e -> 128x0e)
      (linear_2): Linear(128x0e -> 16x0e | 2048 weights)
    )
  )
)
2025-10-22 09:38:05.455 INFO: Total number of parameters: 940831
2025-10-22 09:38:05.455 INFO: 
2025-10-22 09:38:05.455 INFO: ===========OPTIMIZER INFORMATION===========
2025-10-22 09:38:05.455 INFO: Using ADAM as parameter optimizer
2025-10-22 09:38:05.455 INFO: Batch size: 100
2025-10-22 09:38:05.455 INFO: Using Exponential Moving Average with decay: 0.99
2025-10-22 09:38:05.455 INFO: Number of gradient updates: 769
2025-10-22 09:38:05.455 INFO: Learning rate: 0.0001, weight decay: 5e-07
2025-10-22 09:38:05.455 INFO: InvariantsWeightedEnergyForcesNacsDipoleLoss(energy_weight=100.000, forces_weight=1.000, dipole_weight=1.000)
2025-10-22 09:38:05.456 INFO: Using gradient clipping with tolerance=10.000
2025-10-22 09:38:05.456 INFO: 
2025-10-22 09:38:05.456 INFO: ===========TRAINING===========
2025-10-22 09:38:05.456 INFO: Started training, reporting errors on validation set
2025-10-22 09:38:05.456 INFO: Loss metrics on validation set
2025-10-22 09:38:38.168 INFO: ===========VERIFYING SETTINGS===========
2025-10-22 09:38:38.168 INFO: MACE version: 0.3.6
2025-10-22 09:38:38.168 DEBUG: Configuration: Namespace(config=None, name='energies_forces', seed=100, work_dir='.', nacs_key='smooth_nacs', log_dir='./logs', model_dir='.', checkpoints_dir='./checkpoints', results_dir='./results', downloads_dir='./downloads', device='cuda', default_dtype='float32', distributed=False, log_level='INFO', n_energies=8, error_table='EnergyNacsDipoleMAE', model='AutoencoderExcitedMACE', r_max=5.0, num_permutational_invariant=16, radial_type='bessel', num_radial_basis=8, num_cutoff_basis=5, pair_repulsion=False, distance_transform='None', interaction='RealAgnosticResidualInteractionBlock', interaction_first='RealAgnosticResidualInteractionBlock', max_ell=3, correlation=3, num_interactions=2, MLP_irreps='128x0e', radial_MLP='[64, 64, 64]', hidden_irreps='128x0e + 128x1o', num_channels=128, max_L=1, gate='silu', scaling='rms_forces_scaling', avg_num_neighbors=1, compute_avg_num_neighbors=True, compute_stress=False, compute_forces=True, compute_dipoles=True, compute_nacs=False, compute_socs=False, train_file='ENERGIES_FORCES.xyz', valid_file=None, valid_fraction=0.1, test_file=None, test_dir=None, multi_processed_test=False, num_workers=0, pin_memory=True, atomic_numbers=None, mean=None, std=None, statistics_file=None, E0s='average', keep_isolated_atoms=False, energy_key='REF_energy', forces_key='REF_forces', virials_key='REF_virials', stress_key='REF_stress', dipoles_key='REF_dipoles', charges_key='REF_charges', loss='weighted', forces_weight=1.0, nacs_weight=100.0, socs_weight=100.0, soc_num=None, swa_forces_weight=100.0, energy_weight=100.0, swa_energy_weight=1000.0, virials_weight=1.0, swa_virials_weight=10.0, stress_weight=1.0, swa_stress_weight=10.0, dipoles_weight=1.0, swa_dipole_weight=1.0, config_type_weights='{"Default":1.0}', huber_delta=0.01, optimizer='adam', beta=0.9, batch_size=100, valid_batch_size=10, lr=0.0001, swa_lr=0.001, weight_decay=5e-07, amsgrad=True, scheduler='ReduceLROnPlateau', lr_factor=0.8, scheduler_patience=50, lr_scheduler_gamma=0.9993, swa=False, start_swa=None, ema=True, ema_decay=0.99, max_num_epochs=100, patience=2048, foundation_model=None, foundation_model_readout=True, eval_interval=1, keep_checkpoints=False, save_all_checkpoints=False, restart_latest=False, save_cpu=False, clip_grad=10.0, wandb=False, wandb_dir=None, wandb_project='', wandb_entity='', wandb_name='', wandb_log_hypers=['num_channels', 'max_L', 'correlation', 'lr', 'swa_lr', 'weight_decay', 'batch_size', 'max_num_epochs', 'start_swa', 'energy_weight', 'forces_weight'])
2025-10-22 09:38:38.196 INFO: CUDA version: 12.4, CUDA device: 0
2025-10-22 09:38:38.214 DEBUG: Popen(['git', 'version'], cwd=/home/rhyan/Exciton_model/X-MACE, stdin=None, shell=False, universal_newlines=False)
2025-10-22 09:38:38.216 DEBUG: Popen(['git', 'version'], cwd=/home/rhyan/Exciton_model/X-MACE, stdin=None, shell=False, universal_newlines=False)
2025-10-22 09:38:38.217 DEBUG: sys.platform='linux', git_executable='git'
2025-10-22 09:38:38.217 DEBUG: Popen(['git', 'cat-file', '--batch-check'], cwd=/home/rhyan/Exciton_model/X-MACE, stdin=<valid stream>, shell=False, universal_newlines=False)
2025-10-22 09:38:38.218 DEBUG: Current Git commit: 0861c52cf365064d060e006c179e4cc1785b61c2
2025-10-22 09:38:38.218 INFO: 
2025-10-22 09:38:38.218 INFO: ===========LOADING INPUT DATA===========
2025-10-22 09:38:39.204 INFO: Using random 10% of training set for validation with indices saved in: ./valid_indices_100.txt
2025-10-22 09:38:39.206 INFO: Atomic Numbers used: [1, 6, 7, 8]
2025-10-22 09:38:39.206 INFO: Isolated Atomic Energies (E0s) not in training file, using command line argument
2025-10-22 09:38:39.206 INFO: Computing average Atomic Energies using least squares regression
2025-10-22 09:38:39.214 INFO: Atomic Energies used (z: eV): {1: 0.0, 6: 0.0, 7: 0.0, 8: 0.0}
2025-10-22 09:38:39.393 INFO: 
2025-10-22 09:38:39.393 INFO: ===========MODEL DETAILS===========
2025-10-22 09:38:39.549 INFO: Average number of neighbors: 15.6
2025-10-22 09:38:39.549 INFO: During training the following quantities will be reported: energy, forces, dipoles, nacs
2025-10-22 09:38:39.595 INFO: Building model
2025-10-22 09:38:39.595 INFO: Message passing with 128 channels and max_L=1 (128x0e + 128x1o)
2025-10-22 09:38:39.595 INFO: 2 layers, each with correlation order: 3 (body order: 4) and spherical harmonics up to: l=3
2025-10-22 09:38:39.595 INFO: 8 radial and 5 basis functions
2025-10-22 09:38:39.596 INFO: Radial cutoff: 5.0 Å (total receptive field for each atom: 10.0 Å)
2025-10-22 09:38:39.596 INFO: Distance transform for radial basis functions: None
2025-10-22 09:38:40.359 DEBUG: AutoencoderExcitedMACE(
  (node_embedding): LinearNodeEmbeddingBlock(
    (linear): Linear(4x0e -> 128x0e | 512 weights)
  )
  (radial_embedding): RadialEmbeddingBlock(
    (bessel_fn): BesselBasis(r_max=5.0, num_basis=8, trainable=False)
    (cutoff_fn): PolynomialCutoff(p=5.0, r_max=5.0)
  )
  (perm_encoder): PermutationInvariantEncoder(
    (elementwise_nn): Sequential(
      (0): Linear(in_features=1, out_features=16, bias=True)
      (1): ELU(alpha=1.0)
      (2): Linear(in_features=16, out_features=16, bias=True)
      (3): ELU(alpha=1.0)
      (4): Linear(in_features=16, out_features=16, bias=True)
      (5): ELU(alpha=1.0)
      (6): Linear(in_features=16, out_features=16, bias=True)
      (7): ELU(alpha=1.0)
    )
    (post_aggregation_nn): Sequential(
      (0): Linear(in_features=16, out_features=16, bias=True)
      (1): ELU(alpha=1.0)
      (2): Linear(in_features=16, out_features=16, bias=True)
      (3): ELU(alpha=1.0)
      (4): Linear(in_features=16, out_features=16, bias=True)
      (5): ELU(alpha=1.0)
      (6): Linear(in_features=16, out_features=16, bias=True)
    )
  )
  (perm_decoder): PermutationInvariantDecoder(
    (decoder_nn): Sequential(
      (0): Linear(in_features=16, out_features=128, bias=True)
      (1): ELU(alpha=1.0)
      (2): Linear(in_features=128, out_features=128, bias=True)
      (3): ELU(alpha=1.0)
      (4): Linear(in_features=128, out_features=128, bias=True)
      (5): ELU(alpha=1.0)
      (6): Linear(in_features=128, out_features=128, bias=True)
      (7): ELU(alpha=1.0)
      (8): Linear(in_features=128, out_features=15, bias=True)
    )
  )
  (spherical_harmonics): SphericalHarmonics()
  (atomic_energies_fn): AtomicEnergiesBlock(energies=[0.0000, 0.0000, 0.0000, 0.0000])
  (interactions): ModuleList(
    (0): RealAgnosticInteractionBlock(
      (linear_up): Linear(128x0e -> 128x0e | 16384 weights)
      (conv_tp): TensorProduct(128x0e x 1x0e+1x1o+1x2e+1x3o -> 128x0e+128x1o+128x2e+128x3o | 512 paths | 512 weights)
      (conv_tp_weights): FullyConnectedNet[8, 64, 64, 64, 512]
      (linear): Linear(128x0e+128x1o+128x2e+128x3o -> 128x0e+128x1o+128x2e+128x3o | 65536 weights)
      (skip_tp): FullyConnectedTensorProduct(128x0e+128x1o+128x2e+128x3o x 4x0e -> 128x0e+128x1o+128x2e+128x3o | 262144 paths | 262144 weights)
      (reshape): reshape_irreps()
    )
    (1): RealAgnosticResidualInteractionBlock(
      (linear_up): Linear(128x0e+128x1o -> 128x0e+128x1o | 32768 weights)
      (conv_tp): TensorProduct(128x0e+128x1o x 1x0e+1x1o+1x2e+1x3o -> 256x0e+384x1o+384x2e+256x3o | 1280 paths | 1280 weights)
      (conv_tp_weights): FullyConnectedNet[8, 64, 64, 64, 1280]
      (linear): Linear(256x0e+384x1o+384x2e+256x3o -> 128x0e+128x1o+128x2e+128x3o | 163840 weights)
      (skip_tp): FullyConnectedTensorProduct(128x0e+128x1o x 4x0e -> 128x0e | 65536 paths | 65536 weights)
      (reshape): reshape_irreps()
    )
  )
  (products): ModuleList(
    (0): EquivariantProductBasisBlock(
      (symmetric_contractions): SymmetricContraction(
        (contractions): ModuleList(
          (0): Contraction(
            (contractions_weighting): ModuleList(
              (0-1): 2 x GraphModule()
            )
            (contractions_features): ModuleList(
              (0-1): 2 x GraphModule()
            )
            (weights): ParameterList(
                (0): Parameter containing: [torch.float32 of size 4x4x128 (cuda:0)]
                (1): Parameter containing: [torch.float32 of size 4x1x128 (cuda:0)]
            )
            (graph_opt_main): GraphModule()
          )
          (1): Contraction(
            (contractions_weighting): ModuleList(
              (0-1): 2 x GraphModule()
            )
            (contractions_features): ModuleList(
              (0-1): 2 x GraphModule()
            )
            (weights): ParameterList(
                (0): Parameter containing: [torch.float32 of size 4x6x128 (cuda:0)]
                (1): Parameter containing: [torch.float32 of size 4x1x128 (cuda:0)]
            )
            (graph_opt_main): GraphModule()
          )
        )
      )
      (linear): Linear(128x0e+128x1o -> 128x0e+128x1o | 32768 weights)
    )
    (1): EquivariantProductBasisBlock(
      (symmetric_contractions): SymmetricContraction(
        (contractions): ModuleList(
          (0): Contraction(
            (contractions_weighting): ModuleList(
              (0-1): 2 x GraphModule()
            )
            (contractions_features): ModuleList(
              (0-1): 2 x GraphModule()
            )
            (weights): ParameterList(
                (0): Parameter containing: [torch.float32 of size 4x4x128 (cuda:0)]
                (1): Parameter containing: [torch.float32 of size 4x1x128 (cuda:0)]
            )
            (graph_opt_main): GraphModule()
          )
        )
      )
      (linear): Linear(128x0e -> 128x0e | 16384 weights)
    )
  )
  (readouts): ModuleList(
    (0): LinearReadoutBlock(
      (linear): Linear(128x0e+128x1o -> 8x0e | 1024 weights)
    )
    (1): NonLinearReadoutBlock(
      (linear_1): Linear(128x0e -> 128x0e | 16384 weights)
      (non_linearity): Activation [x] (128x0e -> 128x0e)
      (linear_2): Linear(128x0e -> 8x0e | 1024 weights)
    )
  )
  (invariant_readouts): ModuleList(
    (0): LinearReadoutBlock(
      (linear): Linear(128x0e+128x1o -> 16x0e | 2048 weights)
    )
    (1): NonLinearReadoutBlock(
      (linear_1): Linear(128x0e -> 128x0e | 16384 weights)
      (non_linearity): Activation [x] (128x0e -> 128x0e)
      (linear_2): Linear(128x0e -> 16x0e | 2048 weights)
    )
  )
)
2025-10-22 09:38:40.360 INFO: Total number of parameters: 940831
2025-10-22 09:38:40.367 INFO: 
2025-10-22 09:38:40.367 INFO: ===========OPTIMIZER INFORMATION===========
2025-10-22 09:38:40.367 INFO: Using ADAM as parameter optimizer
2025-10-22 09:38:40.367 INFO: Batch size: 100
2025-10-22 09:38:40.367 INFO: Using Exponential Moving Average with decay: 0.99
2025-10-22 09:38:40.367 INFO: Number of gradient updates: 769
2025-10-22 09:38:40.367 INFO: Learning rate: 0.0001, weight decay: 5e-07
2025-10-22 09:38:40.367 INFO: InvariantsWeightedEnergyForcesNacsDipoleLoss(energy_weight=100.000, forces_weight=1.000, dipole_weight=1.000)
2025-10-22 09:38:40.369 INFO: Using gradient clipping with tolerance=10.000
2025-10-22 09:38:40.369 INFO: 
2025-10-22 09:38:40.369 INFO: ===========TRAINING===========
2025-10-22 09:38:40.369 INFO: Started training, reporting errors on validation set
2025-10-22 09:38:40.369 INFO: Loss metrics on validation set
2025-10-22 09:39:32.940 INFO: ===========VERIFYING SETTINGS===========
2025-10-22 09:39:32.940 INFO: MACE version: 0.3.6
2025-10-22 09:39:32.940 DEBUG: Configuration: Namespace(config=None, name='energies_forces', seed=100, work_dir='.', nacs_key='smooth_nacs', log_dir='./logs', model_dir='.', checkpoints_dir='./checkpoints', results_dir='./results', downloads_dir='./downloads', device='cuda', default_dtype='float32', distributed=False, log_level='INFO', n_energies=8, error_table='EnergyNacsDipoleMAE', model='AutoencoderExcitedMACE', r_max=5.0, num_permutational_invariant=16, radial_type='bessel', num_radial_basis=8, num_cutoff_basis=5, pair_repulsion=False, distance_transform='None', interaction='RealAgnosticResidualInteractionBlock', interaction_first='RealAgnosticResidualInteractionBlock', max_ell=3, correlation=3, num_interactions=2, MLP_irreps='128x0e', radial_MLP='[64, 64, 64]', hidden_irreps='128x0e + 128x1o', num_channels=128, max_L=1, gate='silu', scaling='rms_forces_scaling', avg_num_neighbors=1, compute_avg_num_neighbors=True, compute_stress=False, compute_forces=True, compute_dipoles=True, compute_nacs=False, compute_socs=False, train_file='ENERGIES_FORCES.xyz', valid_file=None, valid_fraction=0.1, test_file=None, test_dir=None, multi_processed_test=False, num_workers=0, pin_memory=True, atomic_numbers=None, mean=None, std=None, statistics_file=None, E0s='average', keep_isolated_atoms=False, energy_key='REF_energy', forces_key='REF_forces', virials_key='REF_virials', stress_key='REF_stress', dipoles_key='REF_dipoles', charges_key='REF_charges', loss='weighted', forces_weight=1.0, nacs_weight=100.0, socs_weight=100.0, soc_num=None, swa_forces_weight=100.0, energy_weight=100.0, swa_energy_weight=1000.0, virials_weight=1.0, swa_virials_weight=10.0, stress_weight=1.0, swa_stress_weight=10.0, dipoles_weight=1.0, swa_dipole_weight=1.0, config_type_weights='{"Default":1.0}', huber_delta=0.01, optimizer='adam', beta=0.9, batch_size=100, valid_batch_size=10, lr=0.0001, swa_lr=0.001, weight_decay=5e-07, amsgrad=True, scheduler='ReduceLROnPlateau', lr_factor=0.8, scheduler_patience=50, lr_scheduler_gamma=0.9993, swa=False, start_swa=None, ema=True, ema_decay=0.99, max_num_epochs=100, patience=2048, foundation_model=None, foundation_model_readout=True, eval_interval=1, keep_checkpoints=False, save_all_checkpoints=False, restart_latest=False, save_cpu=False, clip_grad=10.0, wandb=False, wandb_dir=None, wandb_project='', wandb_entity='', wandb_name='', wandb_log_hypers=['num_channels', 'max_L', 'correlation', 'lr', 'swa_lr', 'weight_decay', 'batch_size', 'max_num_epochs', 'start_swa', 'energy_weight', 'forces_weight'])
2025-10-22 09:39:32.967 INFO: CUDA version: 12.4, CUDA device: 0
2025-10-22 09:39:32.985 DEBUG: Popen(['git', 'version'], cwd=/home/rhyan/Exciton_model/X-MACE, stdin=None, shell=False, universal_newlines=False)
2025-10-22 09:39:32.986 DEBUG: Popen(['git', 'version'], cwd=/home/rhyan/Exciton_model/X-MACE, stdin=None, shell=False, universal_newlines=False)
2025-10-22 09:39:32.988 DEBUG: sys.platform='linux', git_executable='git'
2025-10-22 09:39:32.988 DEBUG: Popen(['git', 'cat-file', '--batch-check'], cwd=/home/rhyan/Exciton_model/X-MACE, stdin=<valid stream>, shell=False, universal_newlines=False)
2025-10-22 09:39:32.989 DEBUG: Current Git commit: 0861c52cf365064d060e006c179e4cc1785b61c2
2025-10-22 09:39:32.990 INFO: 
2025-10-22 09:39:32.990 INFO: ===========LOADING INPUT DATA===========
2025-10-22 09:39:33.969 INFO: Using random 10% of training set for validation with indices saved in: ./valid_indices_100.txt
2025-10-22 09:39:33.971 INFO: Atomic Numbers used: [1, 6, 7, 8]
2025-10-22 09:39:33.971 INFO: Isolated Atomic Energies (E0s) not in training file, using command line argument
2025-10-22 09:39:33.971 INFO: Computing average Atomic Energies using least squares regression
2025-10-22 09:39:33.979 INFO: Atomic Energies used (z: eV): {1: 0.0, 6: 0.0, 7: 0.0, 8: 0.0}
2025-10-22 09:39:34.160 INFO: 
2025-10-22 09:39:34.160 INFO: ===========MODEL DETAILS===========
2025-10-22 09:39:34.315 INFO: Average number of neighbors: 15.6
2025-10-22 09:39:34.315 INFO: During training the following quantities will be reported: energy, forces, dipoles, nacs
2025-10-22 09:39:34.361 INFO: Building model
2025-10-22 09:39:34.361 INFO: Message passing with 128 channels and max_L=1 (128x0e + 128x1o)
2025-10-22 09:39:34.361 INFO: 2 layers, each with correlation order: 3 (body order: 4) and spherical harmonics up to: l=3
2025-10-22 09:39:34.362 INFO: 8 radial and 5 basis functions
2025-10-22 09:39:34.362 INFO: Radial cutoff: 5.0 Å (total receptive field for each atom: 10.0 Å)
2025-10-22 09:39:34.362 INFO: Distance transform for radial basis functions: None
2025-10-22 09:39:35.139 DEBUG: AutoencoderExcitedMACE(
  (node_embedding): LinearNodeEmbeddingBlock(
    (linear): Linear(4x0e -> 128x0e | 512 weights)
  )
  (radial_embedding): RadialEmbeddingBlock(
    (bessel_fn): BesselBasis(r_max=5.0, num_basis=8, trainable=False)
    (cutoff_fn): PolynomialCutoff(p=5.0, r_max=5.0)
  )
  (perm_encoder): PermutationInvariantEncoder(
    (elementwise_nn): Sequential(
      (0): Linear(in_features=1, out_features=16, bias=True)
      (1): ELU(alpha=1.0)
      (2): Linear(in_features=16, out_features=16, bias=True)
      (3): ELU(alpha=1.0)
      (4): Linear(in_features=16, out_features=16, bias=True)
      (5): ELU(alpha=1.0)
      (6): Linear(in_features=16, out_features=16, bias=True)
      (7): ELU(alpha=1.0)
    )
    (post_aggregation_nn): Sequential(
      (0): Linear(in_features=16, out_features=16, bias=True)
      (1): ELU(alpha=1.0)
      (2): Linear(in_features=16, out_features=16, bias=True)
      (3): ELU(alpha=1.0)
      (4): Linear(in_features=16, out_features=16, bias=True)
      (5): ELU(alpha=1.0)
      (6): Linear(in_features=16, out_features=16, bias=True)
    )
  )
  (perm_decoder): PermutationInvariantDecoder(
    (decoder_nn): Sequential(
      (0): Linear(in_features=16, out_features=128, bias=True)
      (1): ELU(alpha=1.0)
      (2): Linear(in_features=128, out_features=128, bias=True)
      (3): ELU(alpha=1.0)
      (4): Linear(in_features=128, out_features=128, bias=True)
      (5): ELU(alpha=1.0)
      (6): Linear(in_features=128, out_features=128, bias=True)
      (7): ELU(alpha=1.0)
      (8): Linear(in_features=128, out_features=15, bias=True)
    )
  )
  (spherical_harmonics): SphericalHarmonics()
  (atomic_energies_fn): AtomicEnergiesBlock(energies=[0.0000, 0.0000, 0.0000, 0.0000])
  (interactions): ModuleList(
    (0): RealAgnosticInteractionBlock(
      (linear_up): Linear(128x0e -> 128x0e | 16384 weights)
      (conv_tp): TensorProduct(128x0e x 1x0e+1x1o+1x2e+1x3o -> 128x0e+128x1o+128x2e+128x3o | 512 paths | 512 weights)
      (conv_tp_weights): FullyConnectedNet[8, 64, 64, 64, 512]
      (linear): Linear(128x0e+128x1o+128x2e+128x3o -> 128x0e+128x1o+128x2e+128x3o | 65536 weights)
      (skip_tp): FullyConnectedTensorProduct(128x0e+128x1o+128x2e+128x3o x 4x0e -> 128x0e+128x1o+128x2e+128x3o | 262144 paths | 262144 weights)
      (reshape): reshape_irreps()
    )
    (1): RealAgnosticResidualInteractionBlock(
      (linear_up): Linear(128x0e+128x1o -> 128x0e+128x1o | 32768 weights)
      (conv_tp): TensorProduct(128x0e+128x1o x 1x0e+1x1o+1x2e+1x3o -> 256x0e+384x1o+384x2e+256x3o | 1280 paths | 1280 weights)
      (conv_tp_weights): FullyConnectedNet[8, 64, 64, 64, 1280]
      (linear): Linear(256x0e+384x1o+384x2e+256x3o -> 128x0e+128x1o+128x2e+128x3o | 163840 weights)
      (skip_tp): FullyConnectedTensorProduct(128x0e+128x1o x 4x0e -> 128x0e | 65536 paths | 65536 weights)
      (reshape): reshape_irreps()
    )
  )
  (products): ModuleList(
    (0): EquivariantProductBasisBlock(
      (symmetric_contractions): SymmetricContraction(
        (contractions): ModuleList(
          (0): Contraction(
            (contractions_weighting): ModuleList(
              (0-1): 2 x GraphModule()
            )
            (contractions_features): ModuleList(
              (0-1): 2 x GraphModule()
            )
            (weights): ParameterList(
                (0): Parameter containing: [torch.float32 of size 4x4x128 (cuda:0)]
                (1): Parameter containing: [torch.float32 of size 4x1x128 (cuda:0)]
            )
            (graph_opt_main): GraphModule()
          )
          (1): Contraction(
            (contractions_weighting): ModuleList(
              (0-1): 2 x GraphModule()
            )
            (contractions_features): ModuleList(
              (0-1): 2 x GraphModule()
            )
            (weights): ParameterList(
                (0): Parameter containing: [torch.float32 of size 4x6x128 (cuda:0)]
                (1): Parameter containing: [torch.float32 of size 4x1x128 (cuda:0)]
            )
            (graph_opt_main): GraphModule()
          )
        )
      )
      (linear): Linear(128x0e+128x1o -> 128x0e+128x1o | 32768 weights)
    )
    (1): EquivariantProductBasisBlock(
      (symmetric_contractions): SymmetricContraction(
        (contractions): ModuleList(
          (0): Contraction(
            (contractions_weighting): ModuleList(
              (0-1): 2 x GraphModule()
            )
            (contractions_features): ModuleList(
              (0-1): 2 x GraphModule()
            )
            (weights): ParameterList(
                (0): Parameter containing: [torch.float32 of size 4x4x128 (cuda:0)]
                (1): Parameter containing: [torch.float32 of size 4x1x128 (cuda:0)]
            )
            (graph_opt_main): GraphModule()
          )
        )
      )
      (linear): Linear(128x0e -> 128x0e | 16384 weights)
    )
  )
  (readouts): ModuleList(
    (0): LinearReadoutBlock(
      (linear): Linear(128x0e+128x1o -> 8x0e | 1024 weights)
    )
    (1): NonLinearReadoutBlock(
      (linear_1): Linear(128x0e -> 128x0e | 16384 weights)
      (non_linearity): Activation [x] (128x0e -> 128x0e)
      (linear_2): Linear(128x0e -> 8x0e | 1024 weights)
    )
  )
  (invariant_readouts): ModuleList(
    (0): LinearReadoutBlock(
      (linear): Linear(128x0e+128x1o -> 16x0e | 2048 weights)
    )
    (1): NonLinearReadoutBlock(
      (linear_1): Linear(128x0e -> 128x0e | 16384 weights)
      (non_linearity): Activation [x] (128x0e -> 128x0e)
      (linear_2): Linear(128x0e -> 16x0e | 2048 weights)
    )
  )
)
2025-10-22 09:39:35.140 INFO: Total number of parameters: 940831
2025-10-22 09:39:35.140 INFO: 
2025-10-22 09:39:35.140 INFO: ===========OPTIMIZER INFORMATION===========
2025-10-22 09:39:35.140 INFO: Using ADAM as parameter optimizer
2025-10-22 09:39:35.140 INFO: Batch size: 100
2025-10-22 09:39:35.140 INFO: Using Exponential Moving Average with decay: 0.99
2025-10-22 09:39:35.140 INFO: Number of gradient updates: 769
2025-10-22 09:39:35.140 INFO: Learning rate: 0.0001, weight decay: 5e-07
2025-10-22 09:39:35.141 INFO: InvariantsWeightedEnergyForcesNacsDipoleLoss(energy_weight=100.000, forces_weight=1.000, dipole_weight=1.000)
2025-10-22 09:39:35.142 INFO: Using gradient clipping with tolerance=10.000
2025-10-22 09:39:35.142 INFO: 
2025-10-22 09:39:35.142 INFO: ===========TRAINING===========
2025-10-22 09:39:35.142 INFO: Started training, reporting errors on validation set
2025-10-22 09:39:35.142 INFO: Loss metrics on validation set
2025-10-22 09:39:42.587 INFO: ===========VERIFYING SETTINGS===========
2025-10-22 09:39:42.587 INFO: MACE version: 0.3.6
2025-10-22 09:39:42.588 DEBUG: Configuration: Namespace(config=None, name='energies_forces', seed=100, work_dir='.', nacs_key='smooth_nacs', log_dir='./logs', model_dir='.', checkpoints_dir='./checkpoints', results_dir='./results', downloads_dir='./downloads', device='cuda', default_dtype='float32', distributed=False, log_level='INFO', n_energies=8, error_table='EnergyNacsDipoleMAE', model='AutoencoderExcitedMACE', r_max=5.0, num_permutational_invariant=16, radial_type='bessel', num_radial_basis=8, num_cutoff_basis=5, pair_repulsion=False, distance_transform='None', interaction='RealAgnosticResidualInteractionBlock', interaction_first='RealAgnosticResidualInteractionBlock', max_ell=3, correlation=3, num_interactions=2, MLP_irreps='128x0e', radial_MLP='[64, 64, 64]', hidden_irreps='128x0e + 128x1o', num_channels=128, max_L=1, gate='silu', scaling='rms_forces_scaling', avg_num_neighbors=1, compute_avg_num_neighbors=True, compute_stress=False, compute_forces=True, compute_dipoles=True, compute_nacs=False, compute_socs=False, train_file='ENERGIES_FORCES.xyz', valid_file=None, valid_fraction=0.1, test_file=None, test_dir=None, multi_processed_test=False, num_workers=0, pin_memory=True, atomic_numbers=None, mean=None, std=None, statistics_file=None, E0s='average', keep_isolated_atoms=False, energy_key='REF_energy', forces_key='REF_forces', virials_key='REF_virials', stress_key='REF_stress', dipoles_key='REF_dipoles', charges_key='REF_charges', loss='weighted', forces_weight=1.0, nacs_weight=100.0, socs_weight=100.0, soc_num=None, swa_forces_weight=100.0, energy_weight=100.0, swa_energy_weight=1000.0, virials_weight=1.0, swa_virials_weight=10.0, stress_weight=1.0, swa_stress_weight=10.0, dipoles_weight=1.0, swa_dipole_weight=1.0, config_type_weights='{"Default":1.0}', huber_delta=0.01, optimizer='adam', beta=0.9, batch_size=100, valid_batch_size=10, lr=0.0001, swa_lr=0.001, weight_decay=5e-07, amsgrad=True, scheduler='ReduceLROnPlateau', lr_factor=0.8, scheduler_patience=50, lr_scheduler_gamma=0.9993, swa=False, start_swa=None, ema=True, ema_decay=0.99, max_num_epochs=100, patience=2048, foundation_model=None, foundation_model_readout=True, eval_interval=1, keep_checkpoints=False, save_all_checkpoints=False, restart_latest=False, save_cpu=False, clip_grad=10.0, wandb=False, wandb_dir=None, wandb_project='', wandb_entity='', wandb_name='', wandb_log_hypers=['num_channels', 'max_L', 'correlation', 'lr', 'swa_lr', 'weight_decay', 'batch_size', 'max_num_epochs', 'start_swa', 'energy_weight', 'forces_weight'])
2025-10-22 09:39:42.615 INFO: CUDA version: 12.4, CUDA device: 0
2025-10-22 09:39:42.633 DEBUG: Popen(['git', 'version'], cwd=/home/rhyan/Exciton_model/X-MACE, stdin=None, shell=False, universal_newlines=False)
2025-10-22 09:39:42.634 DEBUG: Popen(['git', 'version'], cwd=/home/rhyan/Exciton_model/X-MACE, stdin=None, shell=False, universal_newlines=False)
2025-10-22 09:39:42.635 DEBUG: sys.platform='linux', git_executable='git'
2025-10-22 09:39:42.636 DEBUG: Popen(['git', 'cat-file', '--batch-check'], cwd=/home/rhyan/Exciton_model/X-MACE, stdin=<valid stream>, shell=False, universal_newlines=False)
2025-10-22 09:39:42.637 DEBUG: Current Git commit: 0861c52cf365064d060e006c179e4cc1785b61c2
2025-10-22 09:39:42.637 INFO: 
2025-10-22 09:39:42.637 INFO: ===========LOADING INPUT DATA===========
2025-10-22 09:39:43.619 INFO: Using random 10% of training set for validation with indices saved in: ./valid_indices_100.txt
2025-10-22 09:39:43.621 INFO: Atomic Numbers used: [1, 6, 7, 8]
2025-10-22 09:39:43.621 INFO: Isolated Atomic Energies (E0s) not in training file, using command line argument
2025-10-22 09:39:43.621 INFO: Computing average Atomic Energies using least squares regression
2025-10-22 09:39:43.629 INFO: Atomic Energies used (z: eV): {1: 0.0, 6: 0.0, 7: 0.0, 8: 0.0}
2025-10-22 09:39:43.808 INFO: 
2025-10-22 09:39:43.808 INFO: ===========MODEL DETAILS===========
2025-10-22 09:39:43.963 INFO: Average number of neighbors: 15.6
2025-10-22 09:39:43.963 INFO: During training the following quantities will be reported: energy, forces, dipoles, nacs
2025-10-22 09:39:44.009 INFO: Building model
2025-10-22 09:39:44.010 INFO: Message passing with 128 channels and max_L=1 (128x0e + 128x1o)
2025-10-22 09:39:44.010 INFO: 2 layers, each with correlation order: 3 (body order: 4) and spherical harmonics up to: l=3
2025-10-22 09:39:44.010 INFO: 8 radial and 5 basis functions
2025-10-22 09:39:44.010 INFO: Radial cutoff: 5.0 Å (total receptive field for each atom: 10.0 Å)
2025-10-22 09:39:44.010 INFO: Distance transform for radial basis functions: None
2025-10-22 09:39:44.765 DEBUG: AutoencoderExcitedMACE(
  (node_embedding): LinearNodeEmbeddingBlock(
    (linear): Linear(4x0e -> 128x0e | 512 weights)
  )
  (radial_embedding): RadialEmbeddingBlock(
    (bessel_fn): BesselBasis(r_max=5.0, num_basis=8, trainable=False)
    (cutoff_fn): PolynomialCutoff(p=5.0, r_max=5.0)
  )
  (perm_encoder): PermutationInvariantEncoder(
    (elementwise_nn): Sequential(
      (0): Linear(in_features=1, out_features=16, bias=True)
      (1): ELU(alpha=1.0)
      (2): Linear(in_features=16, out_features=16, bias=True)
      (3): ELU(alpha=1.0)
      (4): Linear(in_features=16, out_features=16, bias=True)
      (5): ELU(alpha=1.0)
      (6): Linear(in_features=16, out_features=16, bias=True)
      (7): ELU(alpha=1.0)
    )
    (post_aggregation_nn): Sequential(
      (0): Linear(in_features=16, out_features=16, bias=True)
      (1): ELU(alpha=1.0)
      (2): Linear(in_features=16, out_features=16, bias=True)
      (3): ELU(alpha=1.0)
      (4): Linear(in_features=16, out_features=16, bias=True)
      (5): ELU(alpha=1.0)
      (6): Linear(in_features=16, out_features=16, bias=True)
    )
  )
  (perm_decoder): PermutationInvariantDecoder(
    (decoder_nn): Sequential(
      (0): Linear(in_features=16, out_features=128, bias=True)
      (1): ELU(alpha=1.0)
      (2): Linear(in_features=128, out_features=128, bias=True)
      (3): ELU(alpha=1.0)
      (4): Linear(in_features=128, out_features=128, bias=True)
      (5): ELU(alpha=1.0)
      (6): Linear(in_features=128, out_features=128, bias=True)
      (7): ELU(alpha=1.0)
      (8): Linear(in_features=128, out_features=15, bias=True)
    )
  )
  (spherical_harmonics): SphericalHarmonics()
  (atomic_energies_fn): AtomicEnergiesBlock(energies=[0.0000, 0.0000, 0.0000, 0.0000])
  (interactions): ModuleList(
    (0): RealAgnosticInteractionBlock(
      (linear_up): Linear(128x0e -> 128x0e | 16384 weights)
      (conv_tp): TensorProduct(128x0e x 1x0e+1x1o+1x2e+1x3o -> 128x0e+128x1o+128x2e+128x3o | 512 paths | 512 weights)
      (conv_tp_weights): FullyConnectedNet[8, 64, 64, 64, 512]
      (linear): Linear(128x0e+128x1o+128x2e+128x3o -> 128x0e+128x1o+128x2e+128x3o | 65536 weights)
      (skip_tp): FullyConnectedTensorProduct(128x0e+128x1o+128x2e+128x3o x 4x0e -> 128x0e+128x1o+128x2e+128x3o | 262144 paths | 262144 weights)
      (reshape): reshape_irreps()
    )
    (1): RealAgnosticResidualInteractionBlock(
      (linear_up): Linear(128x0e+128x1o -> 128x0e+128x1o | 32768 weights)
      (conv_tp): TensorProduct(128x0e+128x1o x 1x0e+1x1o+1x2e+1x3o -> 256x0e+384x1o+384x2e+256x3o | 1280 paths | 1280 weights)
      (conv_tp_weights): FullyConnectedNet[8, 64, 64, 64, 1280]
      (linear): Linear(256x0e+384x1o+384x2e+256x3o -> 128x0e+128x1o+128x2e+128x3o | 163840 weights)
      (skip_tp): FullyConnectedTensorProduct(128x0e+128x1o x 4x0e -> 128x0e | 65536 paths | 65536 weights)
      (reshape): reshape_irreps()
    )
  )
  (products): ModuleList(
    (0): EquivariantProductBasisBlock(
      (symmetric_contractions): SymmetricContraction(
        (contractions): ModuleList(
          (0): Contraction(
            (contractions_weighting): ModuleList(
              (0-1): 2 x GraphModule()
            )
            (contractions_features): ModuleList(
              (0-1): 2 x GraphModule()
            )
            (weights): ParameterList(
                (0): Parameter containing: [torch.float32 of size 4x4x128 (cuda:0)]
                (1): Parameter containing: [torch.float32 of size 4x1x128 (cuda:0)]
            )
            (graph_opt_main): GraphModule()
          )
          (1): Contraction(
            (contractions_weighting): ModuleList(
              (0-1): 2 x GraphModule()
            )
            (contractions_features): ModuleList(
              (0-1): 2 x GraphModule()
            )
            (weights): ParameterList(
                (0): Parameter containing: [torch.float32 of size 4x6x128 (cuda:0)]
                (1): Parameter containing: [torch.float32 of size 4x1x128 (cuda:0)]
            )
            (graph_opt_main): GraphModule()
          )
        )
      )
      (linear): Linear(128x0e+128x1o -> 128x0e+128x1o | 32768 weights)
    )
    (1): EquivariantProductBasisBlock(
      (symmetric_contractions): SymmetricContraction(
        (contractions): ModuleList(
          (0): Contraction(
            (contractions_weighting): ModuleList(
              (0-1): 2 x GraphModule()
            )
            (contractions_features): ModuleList(
              (0-1): 2 x GraphModule()
            )
            (weights): ParameterList(
                (0): Parameter containing: [torch.float32 of size 4x4x128 (cuda:0)]
                (1): Parameter containing: [torch.float32 of size 4x1x128 (cuda:0)]
            )
            (graph_opt_main): GraphModule()
          )
        )
      )
      (linear): Linear(128x0e -> 128x0e | 16384 weights)
    )
  )
  (readouts): ModuleList(
    (0): LinearReadoutBlock(
      (linear): Linear(128x0e+128x1o -> 8x0e | 1024 weights)
    )
    (1): NonLinearReadoutBlock(
      (linear_1): Linear(128x0e -> 128x0e | 16384 weights)
      (non_linearity): Activation [x] (128x0e -> 128x0e)
      (linear_2): Linear(128x0e -> 8x0e | 1024 weights)
    )
  )
  (invariant_readouts): ModuleList(
    (0): LinearReadoutBlock(
      (linear): Linear(128x0e+128x1o -> 16x0e | 2048 weights)
    )
    (1): NonLinearReadoutBlock(
      (linear_1): Linear(128x0e -> 128x0e | 16384 weights)
      (non_linearity): Activation [x] (128x0e -> 128x0e)
      (linear_2): Linear(128x0e -> 16x0e | 2048 weights)
    )
  )
)
2025-10-22 09:39:44.766 INFO: Total number of parameters: 940831
2025-10-22 09:39:44.766 INFO: 
2025-10-22 09:39:44.767 INFO: ===========OPTIMIZER INFORMATION===========
2025-10-22 09:39:44.767 INFO: Using ADAM as parameter optimizer
2025-10-22 09:39:44.767 INFO: Batch size: 100
2025-10-22 09:39:44.767 INFO: Using Exponential Moving Average with decay: 0.99
2025-10-22 09:39:44.767 INFO: Number of gradient updates: 769
2025-10-22 09:39:44.767 INFO: Learning rate: 0.0001, weight decay: 5e-07
2025-10-22 09:39:44.767 INFO: InvariantsWeightedEnergyForcesNacsDipoleLoss(energy_weight=100.000, forces_weight=1.000, dipole_weight=1.000)
2025-10-22 09:39:44.768 INFO: Using gradient clipping with tolerance=10.000
2025-10-22 09:39:44.768 INFO: 
2025-10-22 09:39:44.768 INFO: ===========TRAINING===========
2025-10-22 09:39:44.768 INFO: Started training, reporting errors on validation set
2025-10-22 09:39:44.768 INFO: Loss metrics on validation set
2025-10-22 09:47:29.842 INFO: ===========VERIFYING SETTINGS===========
2025-10-22 09:47:29.842 INFO: MACE version: 0.3.6
2025-10-22 09:47:29.842 DEBUG: Configuration: Namespace(config=None, name='energies_forces', seed=100, work_dir='.', nacs_key='smooth_nacs', log_dir='./logs', model_dir='.', checkpoints_dir='./checkpoints', results_dir='./results', downloads_dir='./downloads', device='cuda', default_dtype='float32', distributed=False, log_level='INFO', n_energies=8, error_table='EnergyNacsDipoleMAE', model='AutoencoderExcitedMACE', r_max=5.0, num_permutational_invariant=16, radial_type='bessel', num_radial_basis=8, num_cutoff_basis=5, pair_repulsion=False, distance_transform='None', interaction='RealAgnosticResidualInteractionBlock', interaction_first='RealAgnosticResidualInteractionBlock', max_ell=3, correlation=3, num_interactions=2, MLP_irreps='128x0e', radial_MLP='[64, 64, 64]', hidden_irreps='128x0e + 128x1o', num_channels=128, max_L=1, gate='silu', scaling='rms_forces_scaling', avg_num_neighbors=1, compute_avg_num_neighbors=True, compute_stress=False, compute_forces=True, compute_dipoles=True, compute_nacs=False, compute_socs=False, train_file='ENERGIES_FORCES.xyz', valid_file=None, valid_fraction=0.1, test_file=None, test_dir=None, multi_processed_test=False, num_workers=0, pin_memory=True, atomic_numbers=None, mean=None, std=None, statistics_file=None, E0s='average', keep_isolated_atoms=False, energy_key='REF_energy', forces_key='REF_forces', virials_key='REF_virials', stress_key='REF_stress', dipoles_key='REF_dipoles', charges_key='REF_charges', loss='weighted', forces_weight=1.0, nacs_weight=100.0, socs_weight=100.0, soc_num=None, swa_forces_weight=100.0, energy_weight=100.0, swa_energy_weight=1000.0, virials_weight=1.0, swa_virials_weight=10.0, stress_weight=1.0, swa_stress_weight=10.0, dipoles_weight=1.0, swa_dipole_weight=1.0, config_type_weights='{"Default":1.0}', huber_delta=0.01, optimizer='adam', beta=0.9, batch_size=100, valid_batch_size=10, lr=0.0001, swa_lr=0.001, weight_decay=5e-07, amsgrad=True, scheduler='ReduceLROnPlateau', lr_factor=0.8, scheduler_patience=50, lr_scheduler_gamma=0.9993, swa=False, start_swa=None, ema=True, ema_decay=0.99, max_num_epochs=100, patience=2048, foundation_model=None, foundation_model_readout=True, eval_interval=1, keep_checkpoints=False, save_all_checkpoints=False, restart_latest=False, save_cpu=False, clip_grad=10.0, wandb=False, wandb_dir=None, wandb_project='', wandb_entity='', wandb_name='', wandb_log_hypers=['num_channels', 'max_L', 'correlation', 'lr', 'swa_lr', 'weight_decay', 'batch_size', 'max_num_epochs', 'start_swa', 'energy_weight', 'forces_weight'])
2025-10-22 09:47:29.869 INFO: CUDA version: 12.4, CUDA device: 0
2025-10-22 09:47:29.887 DEBUG: Popen(['git', 'version'], cwd=/home/rhyan/Exciton_model/X-MACE, stdin=None, shell=False, universal_newlines=False)
2025-10-22 09:47:29.888 DEBUG: Popen(['git', 'version'], cwd=/home/rhyan/Exciton_model/X-MACE, stdin=None, shell=False, universal_newlines=False)
2025-10-22 09:47:29.889 DEBUG: sys.platform='linux', git_executable='git'
2025-10-22 09:47:29.890 DEBUG: Popen(['git', 'cat-file', '--batch-check'], cwd=/home/rhyan/Exciton_model/X-MACE, stdin=<valid stream>, shell=False, universal_newlines=False)
2025-10-22 09:47:29.891 DEBUG: Current Git commit: 0861c52cf365064d060e006c179e4cc1785b61c2
2025-10-22 09:47:29.891 INFO: 
2025-10-22 09:47:29.891 INFO: ===========LOADING INPUT DATA===========
2025-10-22 09:47:30.871 INFO: Using random 10% of training set for validation with indices saved in: ./valid_indices_100.txt
2025-10-22 09:47:30.872 INFO: Atomic Numbers used: [1, 6, 7, 8]
2025-10-22 09:47:30.872 INFO: Isolated Atomic Energies (E0s) not in training file, using command line argument
2025-10-22 09:47:30.872 INFO: Computing average Atomic Energies using least squares regression
2025-10-22 09:47:30.879 INFO: Atomic Energies used (z: eV): {1: 0.0, 6: 0.0, 7: 0.0, 8: 0.0}
2025-10-22 09:47:31.058 INFO: 
2025-10-22 09:47:31.058 INFO: ===========MODEL DETAILS===========
2025-10-22 09:47:31.213 INFO: Average number of neighbors: 15.6
2025-10-22 09:47:31.213 INFO: During training the following quantities will be reported: energy, forces, dipoles, nacs
2025-10-22 09:47:31.259 INFO: Building model
2025-10-22 09:47:31.259 INFO: Message passing with 128 channels and max_L=1 (128x0e + 128x1o)
2025-10-22 09:47:31.260 INFO: 2 layers, each with correlation order: 3 (body order: 4) and spherical harmonics up to: l=3
2025-10-22 09:47:31.260 INFO: 8 radial and 5 basis functions
2025-10-22 09:47:31.260 INFO: Radial cutoff: 5.0 Å (total receptive field for each atom: 10.0 Å)
2025-10-22 09:47:31.260 INFO: Distance transform for radial basis functions: None
2025-10-22 09:47:32.016 DEBUG: AutoencoderExcitedMACE(
  (node_embedding): LinearNodeEmbeddingBlock(
    (linear): Linear(4x0e -> 128x0e | 512 weights)
  )
  (radial_embedding): RadialEmbeddingBlock(
    (bessel_fn): BesselBasis(r_max=5.0, num_basis=8, trainable=False)
    (cutoff_fn): PolynomialCutoff(p=5.0, r_max=5.0)
  )
  (perm_encoder): PermutationInvariantEncoder(
    (elementwise_nn): Sequential(
      (0): Linear(in_features=1, out_features=16, bias=True)
      (1): ELU(alpha=1.0)
      (2): Linear(in_features=16, out_features=16, bias=True)
      (3): ELU(alpha=1.0)
      (4): Linear(in_features=16, out_features=16, bias=True)
      (5): ELU(alpha=1.0)
      (6): Linear(in_features=16, out_features=16, bias=True)
      (7): ELU(alpha=1.0)
    )
    (post_aggregation_nn): Sequential(
      (0): Linear(in_features=16, out_features=16, bias=True)
      (1): ELU(alpha=1.0)
      (2): Linear(in_features=16, out_features=16, bias=True)
      (3): ELU(alpha=1.0)
      (4): Linear(in_features=16, out_features=16, bias=True)
      (5): ELU(alpha=1.0)
      (6): Linear(in_features=16, out_features=16, bias=True)
    )
  )
  (perm_decoder): PermutationInvariantDecoder(
    (decoder_nn): Sequential(
      (0): Linear(in_features=16, out_features=128, bias=True)
      (1): ELU(alpha=1.0)
      (2): Linear(in_features=128, out_features=128, bias=True)
      (3): ELU(alpha=1.0)
      (4): Linear(in_features=128, out_features=128, bias=True)
      (5): ELU(alpha=1.0)
      (6): Linear(in_features=128, out_features=128, bias=True)
      (7): ELU(alpha=1.0)
      (8): Linear(in_features=128, out_features=15, bias=True)
    )
  )
  (spherical_harmonics): SphericalHarmonics()
  (atomic_energies_fn): AtomicEnergiesBlock(energies=[0.0000, 0.0000, 0.0000, 0.0000])
  (interactions): ModuleList(
    (0): RealAgnosticInteractionBlock(
      (linear_up): Linear(128x0e -> 128x0e | 16384 weights)
      (conv_tp): TensorProduct(128x0e x 1x0e+1x1o+1x2e+1x3o -> 128x0e+128x1o+128x2e+128x3o | 512 paths | 512 weights)
      (conv_tp_weights): FullyConnectedNet[8, 64, 64, 64, 512]
      (linear): Linear(128x0e+128x1o+128x2e+128x3o -> 128x0e+128x1o+128x2e+128x3o | 65536 weights)
      (skip_tp): FullyConnectedTensorProduct(128x0e+128x1o+128x2e+128x3o x 4x0e -> 128x0e+128x1o+128x2e+128x3o | 262144 paths | 262144 weights)
      (reshape): reshape_irreps()
    )
    (1): RealAgnosticResidualInteractionBlock(
      (linear_up): Linear(128x0e+128x1o -> 128x0e+128x1o | 32768 weights)
      (conv_tp): TensorProduct(128x0e+128x1o x 1x0e+1x1o+1x2e+1x3o -> 256x0e+384x1o+384x2e+256x3o | 1280 paths | 1280 weights)
      (conv_tp_weights): FullyConnectedNet[8, 64, 64, 64, 1280]
      (linear): Linear(256x0e+384x1o+384x2e+256x3o -> 128x0e+128x1o+128x2e+128x3o | 163840 weights)
      (skip_tp): FullyConnectedTensorProduct(128x0e+128x1o x 4x0e -> 128x0e | 65536 paths | 65536 weights)
      (reshape): reshape_irreps()
    )
  )
  (products): ModuleList(
    (0): EquivariantProductBasisBlock(
      (symmetric_contractions): SymmetricContraction(
        (contractions): ModuleList(
          (0): Contraction(
            (contractions_weighting): ModuleList(
              (0-1): 2 x GraphModule()
            )
            (contractions_features): ModuleList(
              (0-1): 2 x GraphModule()
            )
            (weights): ParameterList(
                (0): Parameter containing: [torch.float32 of size 4x4x128 (cuda:0)]
                (1): Parameter containing: [torch.float32 of size 4x1x128 (cuda:0)]
            )
            (graph_opt_main): GraphModule()
          )
          (1): Contraction(
            (contractions_weighting): ModuleList(
              (0-1): 2 x GraphModule()
            )
            (contractions_features): ModuleList(
              (0-1): 2 x GraphModule()
            )
            (weights): ParameterList(
                (0): Parameter containing: [torch.float32 of size 4x6x128 (cuda:0)]
                (1): Parameter containing: [torch.float32 of size 4x1x128 (cuda:0)]
            )
            (graph_opt_main): GraphModule()
          )
        )
      )
      (linear): Linear(128x0e+128x1o -> 128x0e+128x1o | 32768 weights)
    )
    (1): EquivariantProductBasisBlock(
      (symmetric_contractions): SymmetricContraction(
        (contractions): ModuleList(
          (0): Contraction(
            (contractions_weighting): ModuleList(
              (0-1): 2 x GraphModule()
            )
            (contractions_features): ModuleList(
              (0-1): 2 x GraphModule()
            )
            (weights): ParameterList(
                (0): Parameter containing: [torch.float32 of size 4x4x128 (cuda:0)]
                (1): Parameter containing: [torch.float32 of size 4x1x128 (cuda:0)]
            )
            (graph_opt_main): GraphModule()
          )
        )
      )
      (linear): Linear(128x0e -> 128x0e | 16384 weights)
    )
  )
  (readouts): ModuleList(
    (0): LinearReadoutBlock(
      (linear): Linear(128x0e+128x1o -> 8x0e | 1024 weights)
    )
    (1): NonLinearReadoutBlock(
      (linear_1): Linear(128x0e -> 128x0e | 16384 weights)
      (non_linearity): Activation [x] (128x0e -> 128x0e)
      (linear_2): Linear(128x0e -> 8x0e | 1024 weights)
    )
  )
  (invariant_readouts): ModuleList(
    (0): LinearReadoutBlock(
      (linear): Linear(128x0e+128x1o -> 16x0e | 2048 weights)
    )
    (1): NonLinearReadoutBlock(
      (linear_1): Linear(128x0e -> 128x0e | 16384 weights)
      (non_linearity): Activation [x] (128x0e -> 128x0e)
      (linear_2): Linear(128x0e -> 16x0e | 2048 weights)
    )
  )
)
2025-10-22 09:47:32.018 INFO: Total number of parameters: 940831
2025-10-22 09:47:32.018 INFO: 
2025-10-22 09:47:32.018 INFO: ===========OPTIMIZER INFORMATION===========
2025-10-22 09:47:32.018 INFO: Using ADAM as parameter optimizer
2025-10-22 09:47:32.018 INFO: Batch size: 100
2025-10-22 09:47:32.018 INFO: Using Exponential Moving Average with decay: 0.99
2025-10-22 09:47:32.018 INFO: Number of gradient updates: 769
2025-10-22 09:47:32.018 INFO: Learning rate: 0.0001, weight decay: 5e-07
2025-10-22 09:47:32.018 INFO: InvariantsWeightedEnergyForcesNacsDipoleLoss(energy_weight=100.000, forces_weight=1.000, dipole_weight=1.000)
2025-10-22 09:47:32.019 INFO: Using gradient clipping with tolerance=10.000
2025-10-22 09:47:32.019 INFO: 
2025-10-22 09:47:32.019 INFO: ===========TRAINING===========
2025-10-22 09:47:32.019 INFO: Started training, reporting errors on validation set
2025-10-22 09:47:32.019 INFO: Loss metrics on validation set
2025-10-22 09:48:26.719 INFO: ===========VERIFYING SETTINGS===========
2025-10-22 09:48:26.719 INFO: MACE version: 0.3.6
2025-10-22 09:48:26.719 DEBUG: Configuration: Namespace(config=None, name='energies_forces', seed=100, work_dir='.', nacs_key='smooth_nacs', log_dir='./logs', model_dir='.', checkpoints_dir='./checkpoints', results_dir='./results', downloads_dir='./downloads', device='cuda', default_dtype='float32', distributed=False, log_level='INFO', n_energies=8, error_table='EnergyNacsDipoleMAE', model='AutoencoderExcitedMACE', r_max=5.0, num_permutational_invariant=16, radial_type='bessel', num_radial_basis=8, num_cutoff_basis=5, pair_repulsion=False, distance_transform='None', interaction='RealAgnosticResidualInteractionBlock', interaction_first='RealAgnosticResidualInteractionBlock', max_ell=3, correlation=3, num_interactions=2, MLP_irreps='128x0e', radial_MLP='[64, 64, 64]', hidden_irreps='128x0e + 128x1o', num_channels=128, max_L=1, gate='silu', scaling='rms_forces_scaling', avg_num_neighbors=1, compute_avg_num_neighbors=True, compute_stress=False, compute_forces=True, compute_dipoles=True, compute_nacs=False, compute_socs=False, train_file='ENERGIES_FORCES.xyz', valid_file=None, valid_fraction=0.1, test_file=None, test_dir=None, multi_processed_test=False, num_workers=0, pin_memory=True, atomic_numbers=None, mean=None, std=None, statistics_file=None, E0s='average', keep_isolated_atoms=False, energy_key='REF_energy', forces_key='REF_forces', virials_key='REF_virials', stress_key='REF_stress', dipoles_key='REF_dipoles', charges_key='REF_charges', loss='weighted', forces_weight=1.0, nacs_weight=100.0, socs_weight=100.0, soc_num=None, swa_forces_weight=100.0, energy_weight=100.0, swa_energy_weight=1000.0, virials_weight=1.0, swa_virials_weight=10.0, stress_weight=1.0, swa_stress_weight=10.0, dipoles_weight=1.0, swa_dipole_weight=1.0, config_type_weights='{"Default":1.0}', huber_delta=0.01, optimizer='adam', beta=0.9, batch_size=100, valid_batch_size=10, lr=0.0001, swa_lr=0.001, weight_decay=5e-07, amsgrad=True, scheduler='ReduceLROnPlateau', lr_factor=0.8, scheduler_patience=50, lr_scheduler_gamma=0.9993, swa=False, start_swa=None, ema=True, ema_decay=0.99, max_num_epochs=100, patience=2048, foundation_model=None, foundation_model_readout=True, eval_interval=1, keep_checkpoints=False, save_all_checkpoints=False, restart_latest=False, save_cpu=False, clip_grad=10.0, wandb=False, wandb_dir=None, wandb_project='', wandb_entity='', wandb_name='', wandb_log_hypers=['num_channels', 'max_L', 'correlation', 'lr', 'swa_lr', 'weight_decay', 'batch_size', 'max_num_epochs', 'start_swa', 'energy_weight', 'forces_weight'])
2025-10-22 09:48:26.746 INFO: CUDA version: 12.4, CUDA device: 0
2025-10-22 09:48:26.764 DEBUG: Popen(['git', 'version'], cwd=/home/rhyan/Exciton_model/X-MACE, stdin=None, shell=False, universal_newlines=False)
2025-10-22 09:48:26.765 DEBUG: Popen(['git', 'version'], cwd=/home/rhyan/Exciton_model/X-MACE, stdin=None, shell=False, universal_newlines=False)
2025-10-22 09:48:26.766 DEBUG: sys.platform='linux', git_executable='git'
2025-10-22 09:48:26.767 DEBUG: Popen(['git', 'cat-file', '--batch-check'], cwd=/home/rhyan/Exciton_model/X-MACE, stdin=<valid stream>, shell=False, universal_newlines=False)
2025-10-22 09:48:26.768 DEBUG: Current Git commit: 0861c52cf365064d060e006c179e4cc1785b61c2
2025-10-22 09:48:26.768 INFO: 
2025-10-22 09:48:26.768 INFO: ===========LOADING INPUT DATA===========
2025-10-22 09:48:27.753 INFO: Using random 10% of training set for validation with indices saved in: ./valid_indices_100.txt
2025-10-22 09:48:27.755 INFO: Atomic Numbers used: [1, 6, 7, 8]
2025-10-22 09:48:27.755 INFO: Isolated Atomic Energies (E0s) not in training file, using command line argument
2025-10-22 09:48:27.755 INFO: Computing average Atomic Energies using least squares regression
2025-10-22 09:48:27.763 INFO: Atomic Energies used (z: eV): {1: 0.0, 6: 0.0, 7: 0.0, 8: 0.0}
2025-10-22 09:48:27.939 INFO: 
2025-10-22 09:48:27.939 INFO: ===========MODEL DETAILS===========
2025-10-22 09:48:28.093 INFO: Average number of neighbors: 15.6
2025-10-22 09:48:28.093 INFO: During training the following quantities will be reported: energy, forces, dipoles, nacs
2025-10-22 09:48:28.139 INFO: Building model
2025-10-22 09:48:28.139 INFO: Message passing with 128 channels and max_L=1 (128x0e + 128x1o)
2025-10-22 09:48:28.139 INFO: 2 layers, each with correlation order: 3 (body order: 4) and spherical harmonics up to: l=3
2025-10-22 09:48:28.139 INFO: 8 radial and 5 basis functions
2025-10-22 09:48:28.139 INFO: Radial cutoff: 5.0 Å (total receptive field for each atom: 10.0 Å)
2025-10-22 09:48:28.139 INFO: Distance transform for radial basis functions: None
2025-10-22 09:48:48.980 INFO: ===========VERIFYING SETTINGS===========
2025-10-22 09:48:48.980 INFO: MACE version: 0.3.6
2025-10-22 09:48:48.980 DEBUG: Configuration: Namespace(config=None, name='energies_forces', seed=100, work_dir='.', nacs_key='smooth_nacs', log_dir='./logs', model_dir='.', checkpoints_dir='./checkpoints', results_dir='./results', downloads_dir='./downloads', device='cuda', default_dtype='float32', distributed=False, log_level='INFO', n_energies=8, error_table='EnergyNacsDipoleMAE', model='AutoencoderExcitedMACE', r_max=5.0, num_permutational_invariant=16, radial_type='bessel', num_radial_basis=8, num_cutoff_basis=5, pair_repulsion=False, distance_transform='None', interaction='RealAgnosticResidualInteractionBlock', interaction_first='RealAgnosticResidualInteractionBlock', max_ell=3, correlation=3, num_interactions=2, MLP_irreps='128x0e', radial_MLP='[64, 64, 64]', hidden_irreps='128x0e + 128x1o', num_channels=128, max_L=1, gate='silu', scaling='rms_forces_scaling', avg_num_neighbors=1, compute_avg_num_neighbors=True, compute_stress=False, compute_forces=True, compute_dipoles=True, compute_nacs=False, compute_socs=False, train_file='ENERGIES_FORCES.xyz', valid_file=None, valid_fraction=0.1, test_file=None, test_dir=None, multi_processed_test=False, num_workers=0, pin_memory=True, atomic_numbers=None, mean=None, std=None, statistics_file=None, E0s='average', keep_isolated_atoms=False, energy_key='REF_energy', forces_key='REF_forces', virials_key='REF_virials', stress_key='REF_stress', dipoles_key='REF_dipoles', charges_key='REF_charges', loss='weighted', forces_weight=1.0, nacs_weight=100.0, socs_weight=100.0, soc_num=None, swa_forces_weight=100.0, energy_weight=100.0, swa_energy_weight=1000.0, virials_weight=1.0, swa_virials_weight=10.0, stress_weight=1.0, swa_stress_weight=10.0, dipoles_weight=1.0, swa_dipole_weight=1.0, config_type_weights='{"Default":1.0}', huber_delta=0.01, optimizer='adam', beta=0.9, batch_size=100, valid_batch_size=10, lr=0.0001, swa_lr=0.001, weight_decay=5e-07, amsgrad=True, scheduler='ReduceLROnPlateau', lr_factor=0.8, scheduler_patience=50, lr_scheduler_gamma=0.9993, swa=False, start_swa=None, ema=True, ema_decay=0.99, max_num_epochs=100, patience=2048, foundation_model=None, foundation_model_readout=True, eval_interval=1, keep_checkpoints=False, save_all_checkpoints=False, restart_latest=False, save_cpu=False, clip_grad=10.0, wandb=False, wandb_dir=None, wandb_project='', wandb_entity='', wandb_name='', wandb_log_hypers=['num_channels', 'max_L', 'correlation', 'lr', 'swa_lr', 'weight_decay', 'batch_size', 'max_num_epochs', 'start_swa', 'energy_weight', 'forces_weight'])
2025-10-22 09:48:49.007 INFO: CUDA version: 12.4, CUDA device: 0
2025-10-22 09:48:49.025 DEBUG: Popen(['git', 'version'], cwd=/home/rhyan/Exciton_model/X-MACE, stdin=None, shell=False, universal_newlines=False)
2025-10-22 09:48:49.027 DEBUG: Popen(['git', 'version'], cwd=/home/rhyan/Exciton_model/X-MACE, stdin=None, shell=False, universal_newlines=False)
2025-10-22 09:48:49.028 DEBUG: sys.platform='linux', git_executable='git'
2025-10-22 09:48:49.028 DEBUG: Popen(['git', 'cat-file', '--batch-check'], cwd=/home/rhyan/Exciton_model/X-MACE, stdin=<valid stream>, shell=False, universal_newlines=False)
2025-10-22 09:48:49.029 DEBUG: Current Git commit: 0861c52cf365064d060e006c179e4cc1785b61c2
2025-10-22 09:48:49.029 INFO: 
2025-10-22 09:48:49.029 INFO: ===========LOADING INPUT DATA===========
2025-10-22 09:48:50.011 INFO: Using random 10% of training set for validation with indices saved in: ./valid_indices_100.txt
2025-10-22 09:48:50.012 INFO: Atomic Numbers used: [1, 6, 7, 8]
2025-10-22 09:48:50.012 INFO: Isolated Atomic Energies (E0s) not in training file, using command line argument
2025-10-22 09:48:50.012 INFO: Computing average Atomic Energies using least squares regression
2025-10-22 09:48:50.019 INFO: Atomic Energies used (z: eV): {1: 0.0, 6: 0.0, 7: 0.0, 8: 0.0}
2025-10-22 09:48:50.199 INFO: 
2025-10-22 09:48:50.199 INFO: ===========MODEL DETAILS===========
2025-10-22 09:48:50.359 INFO: Average number of neighbors: 15.6
2025-10-22 09:48:50.359 INFO: During training the following quantities will be reported: energy, forces, dipoles, nacs
2025-10-22 09:48:50.405 INFO: Building model
2025-10-22 09:48:50.405 INFO: Message passing with 128 channels and max_L=1 (128x0e + 128x1o)
2025-10-22 09:48:50.405 INFO: 2 layers, each with correlation order: 3 (body order: 4) and spherical harmonics up to: l=3
2025-10-22 09:48:50.405 INFO: 8 radial and 5 basis functions
2025-10-22 09:48:50.405 INFO: Radial cutoff: 5.0 Å (total receptive field for each atom: 10.0 Å)
2025-10-22 09:48:50.405 INFO: Distance transform for radial basis functions: None
2025-10-22 09:48:51.161 DEBUG: AutoencoderExcitedMACE(
  (node_embedding): LinearNodeEmbeddingBlock(
    (linear): Linear(4x0e -> 128x0e | 512 weights)
  )
  (radial_embedding): RadialEmbeddingBlock(
    (bessel_fn): BesselBasis(r_max=5.0, num_basis=8, trainable=False)
    (cutoff_fn): PolynomialCutoff(p=5.0, r_max=5.0)
  )
  (perm_decoder): PermutationInvariantDecoder(
    (decoder_nn): Sequential(
      (0): Linear(in_features=16, out_features=128, bias=True)
      (1): ELU(alpha=1.0)
      (2): Linear(in_features=128, out_features=128, bias=True)
      (3): ELU(alpha=1.0)
      (4): Linear(in_features=128, out_features=128, bias=True)
      (5): ELU(alpha=1.0)
      (6): Linear(in_features=128, out_features=128, bias=True)
      (7): ELU(alpha=1.0)
      (8): Linear(in_features=128, out_features=15, bias=True)
    )
  )
  (spherical_harmonics): SphericalHarmonics()
  (atomic_energies_fn): AtomicEnergiesBlock(energies=[0.0000, 0.0000, 0.0000, 0.0000])
  (interactions): ModuleList(
    (0): RealAgnosticInteractionBlock(
      (linear_up): Linear(128x0e -> 128x0e | 16384 weights)
      (conv_tp): TensorProduct(128x0e x 1x0e+1x1o+1x2e+1x3o -> 128x0e+128x1o+128x2e+128x3o | 512 paths | 512 weights)
      (conv_tp_weights): FullyConnectedNet[8, 64, 64, 64, 512]
      (linear): Linear(128x0e+128x1o+128x2e+128x3o -> 128x0e+128x1o+128x2e+128x3o | 65536 weights)
      (skip_tp): FullyConnectedTensorProduct(128x0e+128x1o+128x2e+128x3o x 4x0e -> 128x0e+128x1o+128x2e+128x3o | 262144 paths | 262144 weights)
      (reshape): reshape_irreps()
    )
    (1): RealAgnosticResidualInteractionBlock(
      (linear_up): Linear(128x0e+128x1o -> 128x0e+128x1o | 32768 weights)
      (conv_tp): TensorProduct(128x0e+128x1o x 1x0e+1x1o+1x2e+1x3o -> 256x0e+384x1o+384x2e+256x3o | 1280 paths | 1280 weights)
      (conv_tp_weights): FullyConnectedNet[8, 64, 64, 64, 1280]
      (linear): Linear(256x0e+384x1o+384x2e+256x3o -> 128x0e+128x1o+128x2e+128x3o | 163840 weights)
      (skip_tp): FullyConnectedTensorProduct(128x0e+128x1o x 4x0e -> 128x0e | 65536 paths | 65536 weights)
      (reshape): reshape_irreps()
    )
  )
  (products): ModuleList(
    (0): EquivariantProductBasisBlock(
      (symmetric_contractions): SymmetricContraction(
        (contractions): ModuleList(
          (0): Contraction(
            (contractions_weighting): ModuleList(
              (0-1): 2 x GraphModule()
            )
            (contractions_features): ModuleList(
              (0-1): 2 x GraphModule()
            )
            (weights): ParameterList(
                (0): Parameter containing: [torch.float32 of size 4x4x128 (cuda:0)]
                (1): Parameter containing: [torch.float32 of size 4x1x128 (cuda:0)]
            )
            (graph_opt_main): GraphModule()
          )
          (1): Contraction(
            (contractions_weighting): ModuleList(
              (0-1): 2 x GraphModule()
            )
            (contractions_features): ModuleList(
              (0-1): 2 x GraphModule()
            )
            (weights): ParameterList(
                (0): Parameter containing: [torch.float32 of size 4x6x128 (cuda:0)]
                (1): Parameter containing: [torch.float32 of size 4x1x128 (cuda:0)]
            )
            (graph_opt_main): GraphModule()
          )
        )
      )
      (linear): Linear(128x0e+128x1o -> 128x0e+128x1o | 32768 weights)
    )
    (1): EquivariantProductBasisBlock(
      (symmetric_contractions): SymmetricContraction(
        (contractions): ModuleList(
          (0): Contraction(
            (contractions_weighting): ModuleList(
              (0-1): 2 x GraphModule()
            )
            (contractions_features): ModuleList(
              (0-1): 2 x GraphModule()
            )
            (weights): ParameterList(
                (0): Parameter containing: [torch.float32 of size 4x4x128 (cuda:0)]
                (1): Parameter containing: [torch.float32 of size 4x1x128 (cuda:0)]
            )
            (graph_opt_main): GraphModule()
          )
        )
      )
      (linear): Linear(128x0e -> 128x0e | 16384 weights)
    )
  )
  (readouts): ModuleList(
    (0): LinearReadoutBlock(
      (linear): Linear(128x0e+128x1o -> 8x0e | 1024 weights)
    )
    (1): NonLinearReadoutBlock(
      (linear_1): Linear(128x0e -> 128x0e | 16384 weights)
      (non_linearity): Activation [x] (128x0e -> 128x0e)
      (linear_2): Linear(128x0e -> 8x0e | 1024 weights)
    )
  )
  (invariant_readouts): ModuleList(
    (0): LinearReadoutBlock(
      (linear): Linear(128x0e+128x1o -> 16x0e | 2048 weights)
    )
    (1): NonLinearReadoutBlock(
      (linear_1): Linear(128x0e -> 128x0e | 16384 weights)
      (non_linearity): Activation [x] (128x0e -> 128x0e)
      (linear_2): Linear(128x0e -> 16x0e | 2048 weights)
    )
  )
)
2025-10-22 09:48:51.163 INFO: Total number of parameters: 938895
2025-10-22 09:48:51.163 INFO: 
2025-10-22 09:48:51.163 INFO: ===========OPTIMIZER INFORMATION===========
2025-10-22 09:48:51.163 INFO: Using ADAM as parameter optimizer
2025-10-22 09:48:51.163 INFO: Batch size: 100
2025-10-22 09:48:51.163 INFO: Using Exponential Moving Average with decay: 0.99
2025-10-22 09:48:51.163 INFO: Number of gradient updates: 769
2025-10-22 09:48:51.163 INFO: Learning rate: 0.0001, weight decay: 5e-07
2025-10-22 09:48:51.163 INFO: InvariantsWeightedEnergyForcesNacsDipoleLoss(energy_weight=100.000, forces_weight=1.000, dipole_weight=1.000)
2025-10-22 09:49:08.689 INFO: ===========VERIFYING SETTINGS===========
2025-10-22 09:49:08.689 INFO: MACE version: 0.3.6
2025-10-22 09:49:08.689 DEBUG: Configuration: Namespace(config=None, name='energies_forces', seed=100, work_dir='.', nacs_key='smooth_nacs', log_dir='./logs', model_dir='.', checkpoints_dir='./checkpoints', results_dir='./results', downloads_dir='./downloads', device='cuda', default_dtype='float32', distributed=False, log_level='INFO', n_energies=8, error_table='EnergyNacsDipoleMAE', model='AutoencoderExcitedMACE', r_max=5.0, num_permutational_invariant=16, radial_type='bessel', num_radial_basis=8, num_cutoff_basis=5, pair_repulsion=False, distance_transform='None', interaction='RealAgnosticResidualInteractionBlock', interaction_first='RealAgnosticResidualInteractionBlock', max_ell=3, correlation=3, num_interactions=2, MLP_irreps='128x0e', radial_MLP='[64, 64, 64]', hidden_irreps='128x0e + 128x1o', num_channels=128, max_L=1, gate='silu', scaling='rms_forces_scaling', avg_num_neighbors=1, compute_avg_num_neighbors=True, compute_stress=False, compute_forces=True, compute_dipoles=True, compute_nacs=False, compute_socs=False, train_file='ENERGIES_FORCES.xyz', valid_file=None, valid_fraction=0.1, test_file=None, test_dir=None, multi_processed_test=False, num_workers=0, pin_memory=True, atomic_numbers=None, mean=None, std=None, statistics_file=None, E0s='average', keep_isolated_atoms=False, energy_key='REF_energy', forces_key='REF_forces', virials_key='REF_virials', stress_key='REF_stress', dipoles_key='REF_dipoles', charges_key='REF_charges', loss='weighted', forces_weight=1.0, nacs_weight=100.0, socs_weight=100.0, soc_num=None, swa_forces_weight=100.0, energy_weight=100.0, swa_energy_weight=1000.0, virials_weight=1.0, swa_virials_weight=10.0, stress_weight=1.0, swa_stress_weight=10.0, dipoles_weight=1.0, swa_dipole_weight=1.0, config_type_weights='{"Default":1.0}', huber_delta=0.01, optimizer='adam', beta=0.9, batch_size=100, valid_batch_size=10, lr=0.0001, swa_lr=0.001, weight_decay=5e-07, amsgrad=True, scheduler='ReduceLROnPlateau', lr_factor=0.8, scheduler_patience=50, lr_scheduler_gamma=0.9993, swa=False, start_swa=None, ema=True, ema_decay=0.99, max_num_epochs=100, patience=2048, foundation_model=None, foundation_model_readout=True, eval_interval=1, keep_checkpoints=False, save_all_checkpoints=False, restart_latest=False, save_cpu=False, clip_grad=10.0, wandb=False, wandb_dir=None, wandb_project='', wandb_entity='', wandb_name='', wandb_log_hypers=['num_channels', 'max_L', 'correlation', 'lr', 'swa_lr', 'weight_decay', 'batch_size', 'max_num_epochs', 'start_swa', 'energy_weight', 'forces_weight'])
2025-10-22 09:49:08.716 INFO: CUDA version: 12.4, CUDA device: 0
2025-10-22 09:49:08.734 DEBUG: Popen(['git', 'version'], cwd=/home/rhyan/Exciton_model/X-MACE, stdin=None, shell=False, universal_newlines=False)
2025-10-22 09:49:08.735 DEBUG: Popen(['git', 'version'], cwd=/home/rhyan/Exciton_model/X-MACE, stdin=None, shell=False, universal_newlines=False)
2025-10-22 09:49:08.737 DEBUG: sys.platform='linux', git_executable='git'
2025-10-22 09:49:08.737 DEBUG: Popen(['git', 'cat-file', '--batch-check'], cwd=/home/rhyan/Exciton_model/X-MACE, stdin=<valid stream>, shell=False, universal_newlines=False)
2025-10-22 09:49:08.738 DEBUG: Current Git commit: 0861c52cf365064d060e006c179e4cc1785b61c2
2025-10-22 09:49:08.738 INFO: 
2025-10-22 09:49:08.738 INFO: ===========LOADING INPUT DATA===========
2025-10-22 09:49:09.720 INFO: Using random 10% of training set for validation with indices saved in: ./valid_indices_100.txt
2025-10-22 09:49:09.722 INFO: Atomic Numbers used: [1, 6, 7, 8]
2025-10-22 09:49:09.722 INFO: Isolated Atomic Energies (E0s) not in training file, using command line argument
2025-10-22 09:49:09.722 INFO: Computing average Atomic Energies using least squares regression
2025-10-22 09:49:09.730 INFO: Atomic Energies used (z: eV): {1: 0.0, 6: 0.0, 7: 0.0, 8: 0.0}
2025-10-22 09:49:09.907 INFO: 
2025-10-22 09:49:09.907 INFO: ===========MODEL DETAILS===========
2025-10-22 09:49:10.070 INFO: Average number of neighbors: 15.6
2025-10-22 09:49:10.070 INFO: During training the following quantities will be reported: energy, forces, dipoles, nacs
2025-10-22 09:49:10.116 INFO: Building model
2025-10-22 09:49:10.116 INFO: Message passing with 128 channels and max_L=1 (128x0e + 128x1o)
2025-10-22 09:49:10.116 INFO: 2 layers, each with correlation order: 3 (body order: 4) and spherical harmonics up to: l=3
2025-10-22 09:49:10.116 INFO: 8 radial and 5 basis functions
2025-10-22 09:49:10.116 INFO: Radial cutoff: 5.0 Å (total receptive field for each atom: 10.0 Å)
2025-10-22 09:49:10.116 INFO: Distance transform for radial basis functions: None
2025-10-22 09:49:10.873 DEBUG: AutoencoderExcitedMACE(
  (node_embedding): LinearNodeEmbeddingBlock(
    (linear): Linear(4x0e -> 128x0e | 512 weights)
  )
  (radial_embedding): RadialEmbeddingBlock(
    (bessel_fn): BesselBasis(r_max=5.0, num_basis=8, trainable=False)
    (cutoff_fn): PolynomialCutoff(p=5.0, r_max=5.0)
  )
  (perm_encoder): PermutationInvariantEncoder(
    (elementwise_nn): Sequential(
      (0): Linear(in_features=1, out_features=16, bias=True)
      (1): ELU(alpha=1.0)
      (2): Linear(in_features=16, out_features=16, bias=True)
      (3): ELU(alpha=1.0)
      (4): Linear(in_features=16, out_features=16, bias=True)
      (5): ELU(alpha=1.0)
      (6): Linear(in_features=16, out_features=16, bias=True)
      (7): ELU(alpha=1.0)
    )
    (post_aggregation_nn): Sequential(
      (0): Linear(in_features=16, out_features=16, bias=True)
      (1): ELU(alpha=1.0)
      (2): Linear(in_features=16, out_features=16, bias=True)
      (3): ELU(alpha=1.0)
      (4): Linear(in_features=16, out_features=16, bias=True)
      (5): ELU(alpha=1.0)
      (6): Linear(in_features=16, out_features=16, bias=True)
    )
  )
  (perm_decoder): PermutationInvariantDecoder(
    (decoder_nn): Sequential(
      (0): Linear(in_features=16, out_features=128, bias=True)
      (1): ELU(alpha=1.0)
      (2): Linear(in_features=128, out_features=128, bias=True)
      (3): ELU(alpha=1.0)
      (4): Linear(in_features=128, out_features=128, bias=True)
      (5): ELU(alpha=1.0)
      (6): Linear(in_features=128, out_features=128, bias=True)
      (7): ELU(alpha=1.0)
      (8): Linear(in_features=128, out_features=15, bias=True)
    )
  )
  (spherical_harmonics): SphericalHarmonics()
  (atomic_energies_fn): AtomicEnergiesBlock(energies=[0.0000, 0.0000, 0.0000, 0.0000])
  (interactions): ModuleList(
    (0): RealAgnosticInteractionBlock(
      (linear_up): Linear(128x0e -> 128x0e | 16384 weights)
      (conv_tp): TensorProduct(128x0e x 1x0e+1x1o+1x2e+1x3o -> 128x0e+128x1o+128x2e+128x3o | 512 paths | 512 weights)
      (conv_tp_weights): FullyConnectedNet[8, 64, 64, 64, 512]
      (linear): Linear(128x0e+128x1o+128x2e+128x3o -> 128x0e+128x1o+128x2e+128x3o | 65536 weights)
      (skip_tp): FullyConnectedTensorProduct(128x0e+128x1o+128x2e+128x3o x 4x0e -> 128x0e+128x1o+128x2e+128x3o | 262144 paths | 262144 weights)
      (reshape): reshape_irreps()
    )
    (1): RealAgnosticResidualInteractionBlock(
      (linear_up): Linear(128x0e+128x1o -> 128x0e+128x1o | 32768 weights)
      (conv_tp): TensorProduct(128x0e+128x1o x 1x0e+1x1o+1x2e+1x3o -> 256x0e+384x1o+384x2e+256x3o | 1280 paths | 1280 weights)
      (conv_tp_weights): FullyConnectedNet[8, 64, 64, 64, 1280]
      (linear): Linear(256x0e+384x1o+384x2e+256x3o -> 128x0e+128x1o+128x2e+128x3o | 163840 weights)
      (skip_tp): FullyConnectedTensorProduct(128x0e+128x1o x 4x0e -> 128x0e | 65536 paths | 65536 weights)
      (reshape): reshape_irreps()
    )
  )
  (products): ModuleList(
    (0): EquivariantProductBasisBlock(
      (symmetric_contractions): SymmetricContraction(
        (contractions): ModuleList(
          (0): Contraction(
            (contractions_weighting): ModuleList(
              (0-1): 2 x GraphModule()
            )
            (contractions_features): ModuleList(
              (0-1): 2 x GraphModule()
            )
            (weights): ParameterList(
                (0): Parameter containing: [torch.float32 of size 4x4x128 (cuda:0)]
                (1): Parameter containing: [torch.float32 of size 4x1x128 (cuda:0)]
            )
            (graph_opt_main): GraphModule()
          )
          (1): Contraction(
            (contractions_weighting): ModuleList(
              (0-1): 2 x GraphModule()
            )
            (contractions_features): ModuleList(
              (0-1): 2 x GraphModule()
            )
            (weights): ParameterList(
                (0): Parameter containing: [torch.float32 of size 4x6x128 (cuda:0)]
                (1): Parameter containing: [torch.float32 of size 4x1x128 (cuda:0)]
            )
            (graph_opt_main): GraphModule()
          )
        )
      )
      (linear): Linear(128x0e+128x1o -> 128x0e+128x1o | 32768 weights)
    )
    (1): EquivariantProductBasisBlock(
      (symmetric_contractions): SymmetricContraction(
        (contractions): ModuleList(
          (0): Contraction(
            (contractions_weighting): ModuleList(
              (0-1): 2 x GraphModule()
            )
            (contractions_features): ModuleList(
              (0-1): 2 x GraphModule()
            )
            (weights): ParameterList(
                (0): Parameter containing: [torch.float32 of size 4x4x128 (cuda:0)]
                (1): Parameter containing: [torch.float32 of size 4x1x128 (cuda:0)]
            )
            (graph_opt_main): GraphModule()
          )
        )
      )
      (linear): Linear(128x0e -> 128x0e | 16384 weights)
    )
  )
  (readouts): ModuleList(
    (0): LinearReadoutBlock(
      (linear): Linear(128x0e+128x1o -> 8x0e | 1024 weights)
    )
    (1): NonLinearReadoutBlock(
      (linear_1): Linear(128x0e -> 128x0e | 16384 weights)
      (non_linearity): Activation [x] (128x0e -> 128x0e)
      (linear_2): Linear(128x0e -> 8x0e | 1024 weights)
    )
  )
  (invariant_readouts): ModuleList(
    (0): LinearReadoutBlock(
      (linear): Linear(128x0e+128x1o -> 16x0e | 2048 weights)
    )
    (1): NonLinearReadoutBlock(
      (linear_1): Linear(128x0e -> 128x0e | 16384 weights)
      (non_linearity): Activation [x] (128x0e -> 128x0e)
      (linear_2): Linear(128x0e -> 16x0e | 2048 weights)
    )
  )
)
2025-10-22 09:49:10.874 INFO: Total number of parameters: 940831
2025-10-22 09:49:10.874 INFO: 
2025-10-22 09:49:10.874 INFO: ===========OPTIMIZER INFORMATION===========
2025-10-22 09:49:10.874 INFO: Using ADAM as parameter optimizer
2025-10-22 09:49:10.875 INFO: Batch size: 100
2025-10-22 09:49:10.875 INFO: Using Exponential Moving Average with decay: 0.99
2025-10-22 09:49:10.875 INFO: Number of gradient updates: 769
2025-10-22 09:49:10.875 INFO: Learning rate: 0.0001, weight decay: 5e-07
2025-10-22 09:49:10.875 INFO: InvariantsWeightedEnergyForcesNacsDipoleLoss(energy_weight=100.000, forces_weight=1.000, dipole_weight=1.000)
2025-10-22 09:49:10.876 INFO: Using gradient clipping with tolerance=10.000
2025-10-22 09:49:10.876 INFO: 
2025-10-22 09:49:10.876 INFO: ===========TRAINING===========
2025-10-22 09:49:10.876 INFO: Started training, reporting errors on validation set
2025-10-22 09:49:10.876 INFO: Loss metrics on validation set
2025-10-22 09:49:37.141 INFO: ===========VERIFYING SETTINGS===========
2025-10-22 09:49:37.141 INFO: MACE version: 0.3.6
2025-10-22 09:49:37.141 DEBUG: Configuration: Namespace(config=None, name='energies_forces', seed=100, work_dir='.', nacs_key='smooth_nacs', log_dir='./logs', model_dir='.', checkpoints_dir='./checkpoints', results_dir='./results', downloads_dir='./downloads', device='cuda', default_dtype='float32', distributed=False, log_level='INFO', n_energies=8, error_table='EnergyNacsDipoleMAE', model='AutoencoderExcitedMACE', r_max=5.0, num_permutational_invariant=16, radial_type='bessel', num_radial_basis=8, num_cutoff_basis=5, pair_repulsion=False, distance_transform='None', interaction='RealAgnosticResidualInteractionBlock', interaction_first='RealAgnosticResidualInteractionBlock', max_ell=3, correlation=3, num_interactions=2, MLP_irreps='128x0e', radial_MLP='[64, 64, 64]', hidden_irreps='128x0e + 128x1o', num_channels=128, max_L=1, gate='silu', scaling='rms_forces_scaling', avg_num_neighbors=1, compute_avg_num_neighbors=True, compute_stress=False, compute_forces=True, compute_dipoles=True, compute_nacs=False, compute_socs=False, train_file='ENERGIES_FORCES_correct.xyz', valid_file=None, valid_fraction=0.1, test_file=None, test_dir=None, multi_processed_test=False, num_workers=0, pin_memory=True, atomic_numbers=None, mean=None, std=None, statistics_file=None, E0s='average', keep_isolated_atoms=False, energy_key='REF_energy', forces_key='REF_forces', virials_key='REF_virials', stress_key='REF_stress', dipoles_key='REF_dipoles', charges_key='REF_charges', loss='weighted', forces_weight=1.0, nacs_weight=100.0, socs_weight=100.0, soc_num=None, swa_forces_weight=100.0, energy_weight=100.0, swa_energy_weight=1000.0, virials_weight=1.0, swa_virials_weight=10.0, stress_weight=1.0, swa_stress_weight=10.0, dipoles_weight=1.0, swa_dipole_weight=1.0, config_type_weights='{"Default":1.0}', huber_delta=0.01, optimizer='adam', beta=0.9, batch_size=100, valid_batch_size=10, lr=0.0001, swa_lr=0.001, weight_decay=5e-07, amsgrad=True, scheduler='ReduceLROnPlateau', lr_factor=0.8, scheduler_patience=50, lr_scheduler_gamma=0.9993, swa=False, start_swa=None, ema=True, ema_decay=0.99, max_num_epochs=100, patience=2048, foundation_model=None, foundation_model_readout=True, eval_interval=1, keep_checkpoints=False, save_all_checkpoints=False, restart_latest=False, save_cpu=False, clip_grad=10.0, wandb=False, wandb_dir=None, wandb_project='', wandb_entity='', wandb_name='', wandb_log_hypers=['num_channels', 'max_L', 'correlation', 'lr', 'swa_lr', 'weight_decay', 'batch_size', 'max_num_epochs', 'start_swa', 'energy_weight', 'forces_weight'])
2025-10-22 09:49:37.169 INFO: CUDA version: 12.4, CUDA device: 0
2025-10-22 09:49:37.186 DEBUG: Popen(['git', 'version'], cwd=/home/rhyan/Exciton_model/X-MACE, stdin=None, shell=False, universal_newlines=False)
2025-10-22 09:49:37.188 DEBUG: Popen(['git', 'version'], cwd=/home/rhyan/Exciton_model/X-MACE, stdin=None, shell=False, universal_newlines=False)
2025-10-22 09:49:37.189 DEBUG: sys.platform='linux', git_executable='git'
2025-10-22 09:49:37.189 DEBUG: Popen(['git', 'cat-file', '--batch-check'], cwd=/home/rhyan/Exciton_model/X-MACE, stdin=<valid stream>, shell=False, universal_newlines=False)
2025-10-22 09:49:37.190 DEBUG: Current Git commit: 0861c52cf365064d060e006c179e4cc1785b61c2
2025-10-22 09:49:37.190 INFO: 
2025-10-22 09:49:37.190 INFO: ===========LOADING INPUT DATA===========
2025-10-22 09:49:52.957 INFO: ===========VERIFYING SETTINGS===========
2025-10-22 09:49:52.957 INFO: MACE version: 0.3.6
2025-10-22 09:49:52.957 DEBUG: Configuration: Namespace(config=None, name='energies_forces', seed=100, work_dir='.', nacs_key='smooth_nacs', log_dir='./logs', model_dir='.', checkpoints_dir='./checkpoints', results_dir='./results', downloads_dir='./downloads', device='cuda', default_dtype='float32', distributed=False, log_level='INFO', n_energies=8, error_table='EnergyNacsDipoleMAE', model='AutoencoderExcitedMACE', r_max=5.0, num_permutational_invariant=16, radial_type='bessel', num_radial_basis=8, num_cutoff_basis=5, pair_repulsion=False, distance_transform='None', interaction='RealAgnosticResidualInteractionBlock', interaction_first='RealAgnosticResidualInteractionBlock', max_ell=3, correlation=3, num_interactions=2, MLP_irreps='128x0e', radial_MLP='[64, 64, 64]', hidden_irreps='128x0e + 128x1o', num_channels=128, max_L=1, gate='silu', scaling='rms_forces_scaling', avg_num_neighbors=1, compute_avg_num_neighbors=True, compute_stress=False, compute_forces=True, compute_dipoles=True, compute_nacs=False, compute_socs=False, train_file='ENERGIES_FORCES_correct.xyz', valid_file=None, valid_fraction=0.1, test_file=None, test_dir=None, multi_processed_test=False, num_workers=0, pin_memory=True, atomic_numbers=None, mean=None, std=None, statistics_file=None, E0s='average', keep_isolated_atoms=False, energy_key='REF_energy', forces_key='REF_forces', virials_key='REF_virials', stress_key='REF_stress', dipoles_key='REF_dipoles', charges_key='REF_charges', loss='weighted', forces_weight=1.0, nacs_weight=100.0, socs_weight=100.0, soc_num=None, swa_forces_weight=100.0, energy_weight=100.0, swa_energy_weight=1000.0, virials_weight=1.0, swa_virials_weight=10.0, stress_weight=1.0, swa_stress_weight=10.0, dipoles_weight=1.0, swa_dipole_weight=1.0, config_type_weights='{"Default":1.0}', huber_delta=0.01, optimizer='adam', beta=0.9, batch_size=100, valid_batch_size=10, lr=0.0001, swa_lr=0.001, weight_decay=5e-07, amsgrad=True, scheduler='ReduceLROnPlateau', lr_factor=0.8, scheduler_patience=50, lr_scheduler_gamma=0.9993, swa=False, start_swa=None, ema=True, ema_decay=0.99, max_num_epochs=100, patience=2048, foundation_model=None, foundation_model_readout=True, eval_interval=1, keep_checkpoints=False, save_all_checkpoints=False, restart_latest=False, save_cpu=False, clip_grad=10.0, wandb=False, wandb_dir=None, wandb_project='', wandb_entity='', wandb_name='', wandb_log_hypers=['num_channels', 'max_L', 'correlation', 'lr', 'swa_lr', 'weight_decay', 'batch_size', 'max_num_epochs', 'start_swa', 'energy_weight', 'forces_weight'])
2025-10-22 09:49:52.984 INFO: CUDA version: 12.4, CUDA device: 0
2025-10-22 09:49:53.002 DEBUG: Popen(['git', 'version'], cwd=/home/rhyan/Exciton_model/X-MACE, stdin=None, shell=False, universal_newlines=False)
2025-10-22 09:49:53.003 DEBUG: Popen(['git', 'version'], cwd=/home/rhyan/Exciton_model/X-MACE, stdin=None, shell=False, universal_newlines=False)
2025-10-22 09:49:53.004 DEBUG: sys.platform='linux', git_executable='git'
2025-10-22 09:49:53.005 DEBUG: Popen(['git', 'cat-file', '--batch-check'], cwd=/home/rhyan/Exciton_model/X-MACE, stdin=<valid stream>, shell=False, universal_newlines=False)
2025-10-22 09:49:53.006 DEBUG: Current Git commit: 0861c52cf365064d060e006c179e4cc1785b61c2
2025-10-22 09:49:53.006 INFO: 
2025-10-22 09:49:53.006 INFO: ===========LOADING INPUT DATA===========
2025-10-22 09:49:54.003 INFO: Using random 10% of training set for validation with indices saved in: ./valid_indices_100.txt
2025-10-22 09:49:54.005 INFO: Atomic Numbers used: [1, 6, 7, 8]
2025-10-22 09:49:54.005 INFO: Isolated Atomic Energies (E0s) not in training file, using command line argument
2025-10-22 09:49:54.005 INFO: Computing average Atomic Energies using least squares regression
2025-10-22 09:49:54.012 INFO: Atomic Energies used (z: eV): {1: -967.8375379496284, 6: -1244.3625487923791, 7: -138.2625054213755, 8: -829.5750325282529}
2025-10-22 09:49:54.197 INFO: 
2025-10-22 09:49:54.197 INFO: ===========MODEL DETAILS===========
2025-10-22 09:49:54.356 INFO: Average number of neighbors: 15.6
2025-10-22 09:49:54.356 INFO: During training the following quantities will be reported: energy, forces, dipoles, nacs
2025-10-22 09:49:54.401 INFO: Building model
2025-10-22 09:49:54.402 INFO: Message passing with 128 channels and max_L=1 (128x0e + 128x1o)
2025-10-22 09:49:54.402 INFO: 2 layers, each with correlation order: 3 (body order: 4) and spherical harmonics up to: l=3
2025-10-22 09:49:54.402 INFO: 8 radial and 5 basis functions
2025-10-22 09:49:54.402 INFO: Radial cutoff: 5.0 Å (total receptive field for each atom: 10.0 Å)
2025-10-22 09:49:54.402 INFO: Distance transform for radial basis functions: None
2025-10-22 09:49:55.155 DEBUG: AutoencoderExcitedMACE(
  (node_embedding): LinearNodeEmbeddingBlock(
    (linear): Linear(4x0e -> 128x0e | 512 weights)
  )
  (radial_embedding): RadialEmbeddingBlock(
    (bessel_fn): BesselBasis(r_max=5.0, num_basis=8, trainable=False)
    (cutoff_fn): PolynomialCutoff(p=5.0, r_max=5.0)
  )
  (perm_encoder): PermutationInvariantEncoder(
    (elementwise_nn): Sequential(
      (0): Linear(in_features=1, out_features=16, bias=True)
      (1): ELU(alpha=1.0)
      (2): Linear(in_features=16, out_features=16, bias=True)
      (3): ELU(alpha=1.0)
      (4): Linear(in_features=16, out_features=16, bias=True)
      (5): ELU(alpha=1.0)
      (6): Linear(in_features=16, out_features=16, bias=True)
      (7): ELU(alpha=1.0)
    )
    (post_aggregation_nn): Sequential(
      (0): Linear(in_features=16, out_features=16, bias=True)
      (1): ELU(alpha=1.0)
      (2): Linear(in_features=16, out_features=16, bias=True)
      (3): ELU(alpha=1.0)
      (4): Linear(in_features=16, out_features=16, bias=True)
      (5): ELU(alpha=1.0)
      (6): Linear(in_features=16, out_features=16, bias=True)
    )
  )
  (perm_decoder): PermutationInvariantDecoder(
    (decoder_nn): Sequential(
      (0): Linear(in_features=16, out_features=128, bias=True)
      (1): ELU(alpha=1.0)
      (2): Linear(in_features=128, out_features=128, bias=True)
      (3): ELU(alpha=1.0)
      (4): Linear(in_features=128, out_features=128, bias=True)
      (5): ELU(alpha=1.0)
      (6): Linear(in_features=128, out_features=128, bias=True)
      (7): ELU(alpha=1.0)
      (8): Linear(in_features=128, out_features=15, bias=True)
    )
  )
  (spherical_harmonics): SphericalHarmonics()
  (atomic_energies_fn): AtomicEnergiesBlock(energies=[-967.8375, -1244.3625, -138.2625, -829.5750])
  (interactions): ModuleList(
    (0): RealAgnosticInteractionBlock(
      (linear_up): Linear(128x0e -> 128x0e | 16384 weights)
      (conv_tp): TensorProduct(128x0e x 1x0e+1x1o+1x2e+1x3o -> 128x0e+128x1o+128x2e+128x3o | 512 paths | 512 weights)
      (conv_tp_weights): FullyConnectedNet[8, 64, 64, 64, 512]
      (linear): Linear(128x0e+128x1o+128x2e+128x3o -> 128x0e+128x1o+128x2e+128x3o | 65536 weights)
      (skip_tp): FullyConnectedTensorProduct(128x0e+128x1o+128x2e+128x3o x 4x0e -> 128x0e+128x1o+128x2e+128x3o | 262144 paths | 262144 weights)
      (reshape): reshape_irreps()
    )
    (1): RealAgnosticResidualInteractionBlock(
      (linear_up): Linear(128x0e+128x1o -> 128x0e+128x1o | 32768 weights)
      (conv_tp): TensorProduct(128x0e+128x1o x 1x0e+1x1o+1x2e+1x3o -> 256x0e+384x1o+384x2e+256x3o | 1280 paths | 1280 weights)
      (conv_tp_weights): FullyConnectedNet[8, 64, 64, 64, 1280]
      (linear): Linear(256x0e+384x1o+384x2e+256x3o -> 128x0e+128x1o+128x2e+128x3o | 163840 weights)
      (skip_tp): FullyConnectedTensorProduct(128x0e+128x1o x 4x0e -> 128x0e | 65536 paths | 65536 weights)
      (reshape): reshape_irreps()
    )
  )
  (products): ModuleList(
    (0): EquivariantProductBasisBlock(
      (symmetric_contractions): SymmetricContraction(
        (contractions): ModuleList(
          (0): Contraction(
            (contractions_weighting): ModuleList(
              (0-1): 2 x GraphModule()
            )
            (contractions_features): ModuleList(
              (0-1): 2 x GraphModule()
            )
            (weights): ParameterList(
                (0): Parameter containing: [torch.float32 of size 4x4x128 (cuda:0)]
                (1): Parameter containing: [torch.float32 of size 4x1x128 (cuda:0)]
            )
            (graph_opt_main): GraphModule()
          )
          (1): Contraction(
            (contractions_weighting): ModuleList(
              (0-1): 2 x GraphModule()
            )
            (contractions_features): ModuleList(
              (0-1): 2 x GraphModule()
            )
            (weights): ParameterList(
                (0): Parameter containing: [torch.float32 of size 4x6x128 (cuda:0)]
                (1): Parameter containing: [torch.float32 of size 4x1x128 (cuda:0)]
            )
            (graph_opt_main): GraphModule()
          )
        )
      )
      (linear): Linear(128x0e+128x1o -> 128x0e+128x1o | 32768 weights)
    )
    (1): EquivariantProductBasisBlock(
      (symmetric_contractions): SymmetricContraction(
        (contractions): ModuleList(
          (0): Contraction(
            (contractions_weighting): ModuleList(
              (0-1): 2 x GraphModule()
            )
            (contractions_features): ModuleList(
              (0-1): 2 x GraphModule()
            )
            (weights): ParameterList(
                (0): Parameter containing: [torch.float32 of size 4x4x128 (cuda:0)]
                (1): Parameter containing: [torch.float32 of size 4x1x128 (cuda:0)]
            )
            (graph_opt_main): GraphModule()
          )
        )
      )
      (linear): Linear(128x0e -> 128x0e | 16384 weights)
    )
  )
  (readouts): ModuleList(
    (0): LinearReadoutBlock(
      (linear): Linear(128x0e+128x1o -> 8x0e | 1024 weights)
    )
    (1): NonLinearReadoutBlock(
      (linear_1): Linear(128x0e -> 128x0e | 16384 weights)
      (non_linearity): Activation [x] (128x0e -> 128x0e)
      (linear_2): Linear(128x0e -> 8x0e | 1024 weights)
    )
  )
  (invariant_readouts): ModuleList(
    (0): LinearReadoutBlock(
      (linear): Linear(128x0e+128x1o -> 16x0e | 2048 weights)
    )
    (1): NonLinearReadoutBlock(
      (linear_1): Linear(128x0e -> 128x0e | 16384 weights)
      (non_linearity): Activation [x] (128x0e -> 128x0e)
      (linear_2): Linear(128x0e -> 16x0e | 2048 weights)
    )
  )
)
2025-10-22 09:49:55.156 INFO: Total number of parameters: 940831
2025-10-22 09:49:55.156 INFO: 
2025-10-22 09:49:55.156 INFO: ===========OPTIMIZER INFORMATION===========
2025-10-22 09:49:55.156 INFO: Using ADAM as parameter optimizer
2025-10-22 09:49:55.157 INFO: Batch size: 100
2025-10-22 09:49:55.157 INFO: Using Exponential Moving Average with decay: 0.99
2025-10-22 09:49:55.157 INFO: Number of gradient updates: 769
2025-10-22 09:49:55.157 INFO: Learning rate: 0.0001, weight decay: 5e-07
2025-10-22 09:49:55.157 INFO: InvariantsWeightedEnergyForcesNacsDipoleLoss(energy_weight=100.000, forces_weight=1.000, dipole_weight=1.000)
2025-10-22 09:49:55.158 INFO: Using gradient clipping with tolerance=10.000
2025-10-22 09:49:55.158 INFO: 
2025-10-22 09:49:55.158 INFO: ===========TRAINING===========
2025-10-22 09:49:55.158 INFO: Started training, reporting errors on validation set
2025-10-22 09:49:55.158 INFO: Loss metrics on validation set
2025-10-22 09:52:04.661 INFO: ===========VERIFYING SETTINGS===========
2025-10-22 09:52:04.661 INFO: MACE version: 0.3.6
2025-10-22 09:52:04.661 DEBUG: Configuration: Namespace(config=None, name='energies_forces', seed=100, work_dir='.', nacs_key='smooth_nacs', log_dir='./logs', model_dir='.', checkpoints_dir='./checkpoints', results_dir='./results', downloads_dir='./downloads', device='cuda', default_dtype='float32', distributed=False, log_level='INFO', n_energies=8, error_table='EnergyNacsDipoleMAE', model='AutoencoderExcitedMACE', r_max=5.0, num_permutational_invariant=16, radial_type='bessel', num_radial_basis=8, num_cutoff_basis=5, pair_repulsion=False, distance_transform='None', interaction='RealAgnosticResidualInteractionBlock', interaction_first='RealAgnosticResidualInteractionBlock', max_ell=3, correlation=3, num_interactions=2, MLP_irreps='128x0e', radial_MLP='[64, 64, 64]', hidden_irreps='128x0e + 128x1o', num_channels=128, max_L=1, gate='silu', scaling='rms_forces_scaling', avg_num_neighbors=1, compute_avg_num_neighbors=True, compute_stress=False, compute_forces=True, compute_dipoles=True, compute_nacs=False, compute_socs=False, train_file='ENERGIES_FORCES_correct.xyz', valid_file=None, valid_fraction=0.1, test_file=None, test_dir=None, multi_processed_test=False, num_workers=0, pin_memory=True, atomic_numbers=None, mean=None, std=None, statistics_file=None, E0s='average', keep_isolated_atoms=False, energy_key='REF_energy', forces_key='REF_forces', virials_key='REF_virials', stress_key='REF_stress', dipoles_key='REF_dipoles', charges_key='REF_charges', loss='weighted', forces_weight=1.0, nacs_weight=100.0, socs_weight=100.0, soc_num=None, swa_forces_weight=100.0, energy_weight=100.0, swa_energy_weight=1000.0, virials_weight=1.0, swa_virials_weight=10.0, stress_weight=1.0, swa_stress_weight=10.0, dipoles_weight=1.0, swa_dipole_weight=1.0, config_type_weights='{"Default":1.0}', huber_delta=0.01, optimizer='adam', beta=0.9, batch_size=100, valid_batch_size=10, lr=0.0001, swa_lr=0.001, weight_decay=5e-07, amsgrad=True, scheduler='ReduceLROnPlateau', lr_factor=0.8, scheduler_patience=50, lr_scheduler_gamma=0.9993, swa=False, start_swa=None, ema=True, ema_decay=0.99, max_num_epochs=100, patience=2048, foundation_model=None, foundation_model_readout=True, eval_interval=1, keep_checkpoints=False, save_all_checkpoints=False, restart_latest=False, save_cpu=False, clip_grad=10.0, wandb=False, wandb_dir=None, wandb_project='', wandb_entity='', wandb_name='', wandb_log_hypers=['num_channels', 'max_L', 'correlation', 'lr', 'swa_lr', 'weight_decay', 'batch_size', 'max_num_epochs', 'start_swa', 'energy_weight', 'forces_weight'])
2025-10-22 09:52:04.702 INFO: CUDA version: 12.4, CUDA device: 0
2025-10-22 09:52:04.721 DEBUG: Popen(['git', 'version'], cwd=/home/rhyan/Exciton_model/X-MACE, stdin=None, shell=False, universal_newlines=False)
2025-10-22 09:52:04.722 DEBUG: Popen(['git', 'version'], cwd=/home/rhyan/Exciton_model/X-MACE, stdin=None, shell=False, universal_newlines=False)
2025-10-22 09:52:04.723 DEBUG: sys.platform='linux', git_executable='git'
2025-10-22 09:52:04.724 DEBUG: Popen(['git', 'cat-file', '--batch-check'], cwd=/home/rhyan/Exciton_model/X-MACE, stdin=<valid stream>, shell=False, universal_newlines=False)
2025-10-22 09:52:04.725 DEBUG: Current Git commit: 0861c52cf365064d060e006c179e4cc1785b61c2
2025-10-22 09:52:04.725 INFO: 
2025-10-22 09:52:04.725 INFO: ===========LOADING INPUT DATA===========
2025-10-22 09:52:05.727 INFO: Using random 10% of training set for validation with indices saved in: ./valid_indices_100.txt
2025-10-22 09:52:05.728 INFO: Atomic Numbers used: [1, 6, 7, 8]
2025-10-22 09:52:05.728 INFO: Isolated Atomic Energies (E0s) not in training file, using command line argument
2025-10-22 09:52:05.728 INFO: Computing average Atomic Energies using least squares regression
2025-10-22 09:52:05.736 INFO: Atomic Energies used (z: eV): {1: -967.8375379496284, 6: -1244.3625487923791, 7: -138.2625054213755, 8: -829.5750325282529}
2025-10-22 09:52:05.914 INFO: 
2025-10-22 09:52:05.914 INFO: ===========MODEL DETAILS===========
2025-10-22 09:52:06.075 INFO: Average number of neighbors: 15.6
2025-10-22 09:52:06.075 INFO: During training the following quantities will be reported: energy, forces, dipoles, nacs
2025-10-22 09:52:06.120 INFO: Building model
2025-10-22 09:52:06.120 INFO: Message passing with 128 channels and max_L=1 (128x0e + 128x1o)
2025-10-22 09:52:06.120 INFO: 2 layers, each with correlation order: 3 (body order: 4) and spherical harmonics up to: l=3
2025-10-22 09:52:06.120 INFO: 8 radial and 5 basis functions
2025-10-22 09:52:06.120 INFO: Radial cutoff: 5.0 Å (total receptive field for each atom: 10.0 Å)
2025-10-22 09:52:06.120 INFO: Distance transform for radial basis functions: None
2025-10-22 09:52:06.875 DEBUG: AutoencoderExcitedMACE(
  (node_embedding): LinearNodeEmbeddingBlock(
    (linear): Linear(4x0e -> 128x0e | 512 weights)
  )
  (radial_embedding): RadialEmbeddingBlock(
    (bessel_fn): BesselBasis(r_max=5.0, num_basis=8, trainable=False)
    (cutoff_fn): PolynomialCutoff(p=5.0, r_max=5.0)
  )
  (perm_encoder): PermutationInvariantEncoder(
    (elementwise_nn): Sequential(
      (0): Linear(in_features=1, out_features=16, bias=True)
      (1): ELU(alpha=1.0)
      (2): Linear(in_features=16, out_features=16, bias=True)
      (3): ELU(alpha=1.0)
      (4): Linear(in_features=16, out_features=16, bias=True)
      (5): ELU(alpha=1.0)
      (6): Linear(in_features=16, out_features=16, bias=True)
      (7): ELU(alpha=1.0)
    )
    (post_aggregation_nn): Sequential(
      (0): Linear(in_features=16, out_features=16, bias=True)
      (1): ELU(alpha=1.0)
      (2): Linear(in_features=16, out_features=16, bias=True)
      (3): ELU(alpha=1.0)
      (4): Linear(in_features=16, out_features=16, bias=True)
      (5): ELU(alpha=1.0)
      (6): Linear(in_features=16, out_features=16, bias=True)
    )
  )
  (perm_decoder): PermutationInvariantDecoder(
    (decoder_nn): Sequential(
      (0): Linear(in_features=16, out_features=128, bias=True)
      (1): ELU(alpha=1.0)
      (2): Linear(in_features=128, out_features=128, bias=True)
      (3): ELU(alpha=1.0)
      (4): Linear(in_features=128, out_features=128, bias=True)
      (5): ELU(alpha=1.0)
      (6): Linear(in_features=128, out_features=128, bias=True)
      (7): ELU(alpha=1.0)
      (8): Linear(in_features=128, out_features=15, bias=True)
    )
  )
  (spherical_harmonics): SphericalHarmonics()
  (atomic_energies_fn): AtomicEnergiesBlock(energies=[-967.8375, -1244.3625, -138.2625, -829.5750])
  (interactions): ModuleList(
    (0): RealAgnosticInteractionBlock(
      (linear_up): Linear(128x0e -> 128x0e | 16384 weights)
      (conv_tp): TensorProduct(128x0e x 1x0e+1x1o+1x2e+1x3o -> 128x0e+128x1o+128x2e+128x3o | 512 paths | 512 weights)
      (conv_tp_weights): FullyConnectedNet[8, 64, 64, 64, 512]
      (linear): Linear(128x0e+128x1o+128x2e+128x3o -> 128x0e+128x1o+128x2e+128x3o | 65536 weights)
      (skip_tp): FullyConnectedTensorProduct(128x0e+128x1o+128x2e+128x3o x 4x0e -> 128x0e+128x1o+128x2e+128x3o | 262144 paths | 262144 weights)
      (reshape): reshape_irreps()
    )
    (1): RealAgnosticResidualInteractionBlock(
      (linear_up): Linear(128x0e+128x1o -> 128x0e+128x1o | 32768 weights)
      (conv_tp): TensorProduct(128x0e+128x1o x 1x0e+1x1o+1x2e+1x3o -> 256x0e+384x1o+384x2e+256x3o | 1280 paths | 1280 weights)
      (conv_tp_weights): FullyConnectedNet[8, 64, 64, 64, 1280]
      (linear): Linear(256x0e+384x1o+384x2e+256x3o -> 128x0e+128x1o+128x2e+128x3o | 163840 weights)
      (skip_tp): FullyConnectedTensorProduct(128x0e+128x1o x 4x0e -> 128x0e | 65536 paths | 65536 weights)
      (reshape): reshape_irreps()
    )
  )
  (products): ModuleList(
    (0): EquivariantProductBasisBlock(
      (symmetric_contractions): SymmetricContraction(
        (contractions): ModuleList(
          (0): Contraction(
            (contractions_weighting): ModuleList(
              (0-1): 2 x GraphModule()
            )
            (contractions_features): ModuleList(
              (0-1): 2 x GraphModule()
            )
            (weights): ParameterList(
                (0): Parameter containing: [torch.float32 of size 4x4x128 (cuda:0)]
                (1): Parameter containing: [torch.float32 of size 4x1x128 (cuda:0)]
            )
            (graph_opt_main): GraphModule()
          )
          (1): Contraction(
            (contractions_weighting): ModuleList(
              (0-1): 2 x GraphModule()
            )
            (contractions_features): ModuleList(
              (0-1): 2 x GraphModule()
            )
            (weights): ParameterList(
                (0): Parameter containing: [torch.float32 of size 4x6x128 (cuda:0)]
                (1): Parameter containing: [torch.float32 of size 4x1x128 (cuda:0)]
            )
            (graph_opt_main): GraphModule()
          )
        )
      )
      (linear): Linear(128x0e+128x1o -> 128x0e+128x1o | 32768 weights)
    )
    (1): EquivariantProductBasisBlock(
      (symmetric_contractions): SymmetricContraction(
        (contractions): ModuleList(
          (0): Contraction(
            (contractions_weighting): ModuleList(
              (0-1): 2 x GraphModule()
            )
            (contractions_features): ModuleList(
              (0-1): 2 x GraphModule()
            )
            (weights): ParameterList(
                (0): Parameter containing: [torch.float32 of size 4x4x128 (cuda:0)]
                (1): Parameter containing: [torch.float32 of size 4x1x128 (cuda:0)]
            )
            (graph_opt_main): GraphModule()
          )
        )
      )
      (linear): Linear(128x0e -> 128x0e | 16384 weights)
    )
  )
  (readouts): ModuleList(
    (0): LinearReadoutBlock(
      (linear): Linear(128x0e+128x1o -> 8x0e | 1024 weights)
    )
    (1): NonLinearReadoutBlock(
      (linear_1): Linear(128x0e -> 128x0e | 16384 weights)
      (non_linearity): Activation [x] (128x0e -> 128x0e)
      (linear_2): Linear(128x0e -> 8x0e | 1024 weights)
    )
  )
  (invariant_readouts): ModuleList(
    (0): LinearReadoutBlock(
      (linear): Linear(128x0e+128x1o -> 16x0e | 2048 weights)
    )
    (1): NonLinearReadoutBlock(
      (linear_1): Linear(128x0e -> 128x0e | 16384 weights)
      (non_linearity): Activation [x] (128x0e -> 128x0e)
      (linear_2): Linear(128x0e -> 16x0e | 2048 weights)
    )
  )
)
2025-10-22 09:52:06.877 INFO: Total number of parameters: 940831
2025-10-22 09:52:06.877 INFO: 
2025-10-22 09:52:06.877 INFO: ===========OPTIMIZER INFORMATION===========
2025-10-22 09:52:06.877 INFO: Using ADAM as parameter optimizer
2025-10-22 09:52:06.877 INFO: Batch size: 100
2025-10-22 09:52:06.877 INFO: Using Exponential Moving Average with decay: 0.99
2025-10-22 09:52:06.877 INFO: Number of gradient updates: 769
2025-10-22 09:52:06.877 INFO: Learning rate: 0.0001, weight decay: 5e-07
2025-10-22 09:52:06.877 INFO: InvariantsWeightedEnergyForcesNacsDipoleLoss(energy_weight=100.000, forces_weight=1.000, dipole_weight=1.000)
2025-10-22 09:52:06.878 INFO: Using gradient clipping with tolerance=10.000
2025-10-22 09:52:06.878 INFO: 
2025-10-22 09:52:06.878 INFO: ===========TRAINING===========
2025-10-22 09:52:06.878 INFO: Started training, reporting errors on validation set
2025-10-22 09:52:06.878 INFO: Loss metrics on validation set
2025-10-22 09:52:10.844 DEBUG: Saving info: ./results/energies_forces_run-100_train.txt
2025-10-22 09:52:24.050 INFO: ===========VERIFYING SETTINGS===========
2025-10-22 09:52:24.050 INFO: MACE version: 0.3.6
2025-10-22 09:52:24.050 DEBUG: Configuration: Namespace(config=None, name='energies_forces', seed=100, work_dir='.', nacs_key='smooth_nacs', log_dir='./logs', model_dir='.', checkpoints_dir='./checkpoints', results_dir='./results', downloads_dir='./downloads', device='cuda', default_dtype='float32', distributed=False, log_level='INFO', n_energies=8, error_table='EnergyNacsDipoleMAE', model='AutoencoderExcitedMACE', r_max=5.0, num_permutational_invariant=16, radial_type='bessel', num_radial_basis=8, num_cutoff_basis=5, pair_repulsion=False, distance_transform='None', interaction='RealAgnosticResidualInteractionBlock', interaction_first='RealAgnosticResidualInteractionBlock', max_ell=3, correlation=3, num_interactions=2, MLP_irreps='128x0e', radial_MLP='[64, 64, 64]', hidden_irreps='128x0e + 128x1o', num_channels=128, max_L=1, gate='silu', scaling='rms_forces_scaling', avg_num_neighbors=1, compute_avg_num_neighbors=True, compute_stress=False, compute_forces=True, compute_dipoles=True, compute_nacs=False, compute_socs=False, train_file='ENERGIES_FORCES_correct.xyz', valid_file=None, valid_fraction=0.1, test_file=None, test_dir=None, multi_processed_test=False, num_workers=0, pin_memory=True, atomic_numbers=None, mean=None, std=None, statistics_file=None, E0s='average', keep_isolated_atoms=False, energy_key='REF_energy', forces_key='REF_forces', virials_key='REF_virials', stress_key='REF_stress', dipoles_key='REF_dipoles', charges_key='REF_charges', loss='weighted', forces_weight=1.0, nacs_weight=100.0, socs_weight=100.0, soc_num=None, swa_forces_weight=100.0, energy_weight=100.0, swa_energy_weight=1000.0, virials_weight=1.0, swa_virials_weight=10.0, stress_weight=1.0, swa_stress_weight=10.0, dipoles_weight=1.0, swa_dipole_weight=1.0, config_type_weights='{"Default":1.0}', huber_delta=0.01, optimizer='adam', beta=0.9, batch_size=100, valid_batch_size=10, lr=0.0001, swa_lr=0.001, weight_decay=5e-07, amsgrad=True, scheduler='ReduceLROnPlateau', lr_factor=0.8, scheduler_patience=50, lr_scheduler_gamma=0.9993, swa=False, start_swa=None, ema=True, ema_decay=0.99, max_num_epochs=100, patience=2048, foundation_model=None, foundation_model_readout=True, eval_interval=1, keep_checkpoints=False, save_all_checkpoints=False, restart_latest=False, save_cpu=False, clip_grad=10.0, wandb=False, wandb_dir=None, wandb_project='', wandb_entity='', wandb_name='', wandb_log_hypers=['num_channels', 'max_L', 'correlation', 'lr', 'swa_lr', 'weight_decay', 'batch_size', 'max_num_epochs', 'start_swa', 'energy_weight', 'forces_weight'])
2025-10-22 09:52:24.089 INFO: CUDA version: 12.4, CUDA device: 0
2025-10-22 09:52:24.106 DEBUG: Popen(['git', 'version'], cwd=/home/rhyan/Exciton_model/X-MACE, stdin=None, shell=False, universal_newlines=False)
2025-10-22 09:52:24.108 DEBUG: Popen(['git', 'version'], cwd=/home/rhyan/Exciton_model/X-MACE, stdin=None, shell=False, universal_newlines=False)
2025-10-22 09:52:24.109 DEBUG: sys.platform='linux', git_executable='git'
2025-10-22 09:52:24.110 DEBUG: Popen(['git', 'cat-file', '--batch-check'], cwd=/home/rhyan/Exciton_model/X-MACE, stdin=<valid stream>, shell=False, universal_newlines=False)
2025-10-22 09:52:24.111 DEBUG: Current Git commit: 0861c52cf365064d060e006c179e4cc1785b61c2
2025-10-22 09:52:24.111 INFO: 
2025-10-22 09:52:24.111 INFO: ===========LOADING INPUT DATA===========
2025-10-22 09:52:25.108 INFO: Using random 10% of training set for validation with indices saved in: ./valid_indices_100.txt
2025-10-22 09:52:25.110 INFO: Atomic Numbers used: [1, 6, 7, 8]
2025-10-22 09:52:25.110 INFO: Isolated Atomic Energies (E0s) not in training file, using command line argument
2025-10-22 09:52:25.110 INFO: Computing average Atomic Energies using least squares regression
2025-10-22 09:52:25.117 INFO: Atomic Energies used (z: eV): {1: -967.8375379496284, 6: -1244.3625487923791, 7: -138.2625054213755, 8: -829.5750325282529}
2025-10-22 09:52:25.296 INFO: 
2025-10-22 09:52:25.297 INFO: ===========MODEL DETAILS===========
2025-10-22 09:52:25.461 INFO: Average number of neighbors: 15.6
2025-10-22 09:52:25.461 INFO: During training the following quantities will be reported: energy, forces, dipoles, nacs
2025-10-22 09:52:25.507 INFO: Building model
2025-10-22 09:52:25.507 INFO: Message passing with 128 channels and max_L=1 (128x0e + 128x1o)
2025-10-22 09:52:25.507 INFO: 2 layers, each with correlation order: 3 (body order: 4) and spherical harmonics up to: l=3
2025-10-22 09:52:25.507 INFO: 8 radial and 5 basis functions
2025-10-22 09:52:25.507 INFO: Radial cutoff: 5.0 Å (total receptive field for each atom: 10.0 Å)
2025-10-22 09:52:25.507 INFO: Distance transform for radial basis functions: None
2025-10-22 09:52:26.263 DEBUG: AutoencoderExcitedMACE(
  (node_embedding): LinearNodeEmbeddingBlock(
    (linear): Linear(4x0e -> 128x0e | 512 weights)
  )
  (radial_embedding): RadialEmbeddingBlock(
    (bessel_fn): BesselBasis(r_max=5.0, num_basis=8, trainable=False)
    (cutoff_fn): PolynomialCutoff(p=5.0, r_max=5.0)
  )
  (perm_encoder): PermutationInvariantEncoder(
    (elementwise_nn): Sequential(
      (0): Linear(in_features=1, out_features=16, bias=True)
      (1): ELU(alpha=1.0)
      (2): Linear(in_features=16, out_features=16, bias=True)
      (3): ELU(alpha=1.0)
      (4): Linear(in_features=16, out_features=16, bias=True)
      (5): ELU(alpha=1.0)
      (6): Linear(in_features=16, out_features=16, bias=True)
      (7): ELU(alpha=1.0)
    )
    (post_aggregation_nn): Sequential(
      (0): Linear(in_features=16, out_features=16, bias=True)
      (1): ELU(alpha=1.0)
      (2): Linear(in_features=16, out_features=16, bias=True)
      (3): ELU(alpha=1.0)
      (4): Linear(in_features=16, out_features=16, bias=True)
      (5): ELU(alpha=1.0)
      (6): Linear(in_features=16, out_features=16, bias=True)
    )
  )
  (perm_decoder): PermutationInvariantDecoder(
    (decoder_nn): Sequential(
      (0): Linear(in_features=16, out_features=128, bias=True)
      (1): ELU(alpha=1.0)
      (2): Linear(in_features=128, out_features=128, bias=True)
      (3): ELU(alpha=1.0)
      (4): Linear(in_features=128, out_features=128, bias=True)
      (5): ELU(alpha=1.0)
      (6): Linear(in_features=128, out_features=128, bias=True)
      (7): ELU(alpha=1.0)
      (8): Linear(in_features=128, out_features=15, bias=True)
    )
  )
  (spherical_harmonics): SphericalHarmonics()
  (atomic_energies_fn): AtomicEnergiesBlock(energies=[-967.8375, -1244.3625, -138.2625, -829.5750])
  (interactions): ModuleList(
    (0): RealAgnosticInteractionBlock(
      (linear_up): Linear(128x0e -> 128x0e | 16384 weights)
      (conv_tp): TensorProduct(128x0e x 1x0e+1x1o+1x2e+1x3o -> 128x0e+128x1o+128x2e+128x3o | 512 paths | 512 weights)
      (conv_tp_weights): FullyConnectedNet[8, 64, 64, 64, 512]
      (linear): Linear(128x0e+128x1o+128x2e+128x3o -> 128x0e+128x1o+128x2e+128x3o | 65536 weights)
      (skip_tp): FullyConnectedTensorProduct(128x0e+128x1o+128x2e+128x3o x 4x0e -> 128x0e+128x1o+128x2e+128x3o | 262144 paths | 262144 weights)
      (reshape): reshape_irreps()
    )
    (1): RealAgnosticResidualInteractionBlock(
      (linear_up): Linear(128x0e+128x1o -> 128x0e+128x1o | 32768 weights)
      (conv_tp): TensorProduct(128x0e+128x1o x 1x0e+1x1o+1x2e+1x3o -> 256x0e+384x1o+384x2e+256x3o | 1280 paths | 1280 weights)
      (conv_tp_weights): FullyConnectedNet[8, 64, 64, 64, 1280]
      (linear): Linear(256x0e+384x1o+384x2e+256x3o -> 128x0e+128x1o+128x2e+128x3o | 163840 weights)
      (skip_tp): FullyConnectedTensorProduct(128x0e+128x1o x 4x0e -> 128x0e | 65536 paths | 65536 weights)
      (reshape): reshape_irreps()
    )
  )
  (products): ModuleList(
    (0): EquivariantProductBasisBlock(
      (symmetric_contractions): SymmetricContraction(
        (contractions): ModuleList(
          (0): Contraction(
            (contractions_weighting): ModuleList(
              (0-1): 2 x GraphModule()
            )
            (contractions_features): ModuleList(
              (0-1): 2 x GraphModule()
            )
            (weights): ParameterList(
                (0): Parameter containing: [torch.float32 of size 4x4x128 (cuda:0)]
                (1): Parameter containing: [torch.float32 of size 4x1x128 (cuda:0)]
            )
            (graph_opt_main): GraphModule()
          )
          (1): Contraction(
            (contractions_weighting): ModuleList(
              (0-1): 2 x GraphModule()
            )
            (contractions_features): ModuleList(
              (0-1): 2 x GraphModule()
            )
            (weights): ParameterList(
                (0): Parameter containing: [torch.float32 of size 4x6x128 (cuda:0)]
                (1): Parameter containing: [torch.float32 of size 4x1x128 (cuda:0)]
            )
            (graph_opt_main): GraphModule()
          )
        )
      )
      (linear): Linear(128x0e+128x1o -> 128x0e+128x1o | 32768 weights)
    )
    (1): EquivariantProductBasisBlock(
      (symmetric_contractions): SymmetricContraction(
        (contractions): ModuleList(
          (0): Contraction(
            (contractions_weighting): ModuleList(
              (0-1): 2 x GraphModule()
            )
            (contractions_features): ModuleList(
              (0-1): 2 x GraphModule()
            )
            (weights): ParameterList(
                (0): Parameter containing: [torch.float32 of size 4x4x128 (cuda:0)]
                (1): Parameter containing: [torch.float32 of size 4x1x128 (cuda:0)]
            )
            (graph_opt_main): GraphModule()
          )
        )
      )
      (linear): Linear(128x0e -> 128x0e | 16384 weights)
    )
  )
  (readouts): ModuleList(
    (0): LinearReadoutBlock(
      (linear): Linear(128x0e+128x1o -> 8x0e | 1024 weights)
    )
    (1): NonLinearReadoutBlock(
      (linear_1): Linear(128x0e -> 128x0e | 16384 weights)
      (non_linearity): Activation [x] (128x0e -> 128x0e)
      (linear_2): Linear(128x0e -> 8x0e | 1024 weights)
    )
  )
  (invariant_readouts): ModuleList(
    (0): LinearReadoutBlock(
      (linear): Linear(128x0e+128x1o -> 16x0e | 2048 weights)
    )
    (1): NonLinearReadoutBlock(
      (linear_1): Linear(128x0e -> 128x0e | 16384 weights)
      (non_linearity): Activation [x] (128x0e -> 128x0e)
      (linear_2): Linear(128x0e -> 16x0e | 2048 weights)
    )
  )
)
2025-10-22 09:52:26.265 INFO: Total number of parameters: 940831
2025-10-22 09:52:26.265 INFO: 
2025-10-22 09:52:26.265 INFO: ===========OPTIMIZER INFORMATION===========
2025-10-22 09:52:26.265 INFO: Using ADAM as parameter optimizer
2025-10-22 09:52:26.265 INFO: Batch size: 100
2025-10-22 09:52:26.265 INFO: Using Exponential Moving Average with decay: 0.99
2025-10-22 09:52:26.265 INFO: Number of gradient updates: 769
2025-10-22 09:52:26.265 INFO: Learning rate: 0.0001, weight decay: 5e-07
2025-10-22 09:52:26.265 INFO: InvariantsWeightedEnergyForcesNacsDipoleLoss(energy_weight=100.000, forces_weight=1.000, dipole_weight=1.000)
2025-10-22 09:52:26.266 INFO: Using gradient clipping with tolerance=10.000
2025-10-22 09:52:26.266 INFO: 
2025-10-22 09:52:26.266 INFO: ===========TRAINING===========
2025-10-22 09:52:26.266 INFO: Started training, reporting errors on validation set
2025-10-22 09:52:26.266 INFO: Loss metrics on validation set
2025-10-22 09:52:30.239 DEBUG: Saving info: ./results/energies_forces_run-100_train.txt
2025-10-22 09:52:51.560 INFO: ===========VERIFYING SETTINGS===========
2025-10-22 09:52:51.560 INFO: MACE version: 0.3.6
2025-10-22 09:52:51.560 DEBUG: Configuration: Namespace(config=None, name='energies_forces', seed=100, work_dir='.', nacs_key='smooth_nacs', log_dir='./logs', model_dir='.', checkpoints_dir='./checkpoints', results_dir='./results', downloads_dir='./downloads', device='cuda', default_dtype='float32', distributed=False, log_level='INFO', n_energies=8, error_table='EnergyNacsDipoleMAE', model='AutoencoderExcitedMACE', r_max=5.0, num_permutational_invariant=16, radial_type='bessel', num_radial_basis=8, num_cutoff_basis=5, pair_repulsion=False, distance_transform='None', interaction='RealAgnosticResidualInteractionBlock', interaction_first='RealAgnosticResidualInteractionBlock', max_ell=3, correlation=3, num_interactions=2, MLP_irreps='32x0e', radial_MLP='[64, 64, 64]', hidden_irreps='32x0e + 32x1o', num_channels=32, max_L=1, gate='silu', scaling='rms_forces_scaling', avg_num_neighbors=1, compute_avg_num_neighbors=True, compute_stress=False, compute_forces=True, compute_dipoles=True, compute_nacs=False, compute_socs=False, train_file='ENERGIES_FORCES_correct.xyz', valid_file=None, valid_fraction=0.1, test_file=None, test_dir=None, multi_processed_test=False, num_workers=0, pin_memory=True, atomic_numbers=None, mean=None, std=None, statistics_file=None, E0s='average', keep_isolated_atoms=False, energy_key='REF_energy', forces_key='REF_forces', virials_key='REF_virials', stress_key='REF_stress', dipoles_key='REF_dipoles', charges_key='REF_charges', loss='weighted', forces_weight=1.0, nacs_weight=100.0, socs_weight=100.0, soc_num=None, swa_forces_weight=100.0, energy_weight=100.0, swa_energy_weight=1000.0, virials_weight=1.0, swa_virials_weight=10.0, stress_weight=1.0, swa_stress_weight=10.0, dipoles_weight=1.0, swa_dipole_weight=1.0, config_type_weights='{"Default":1.0}', huber_delta=0.01, optimizer='adam', beta=0.9, batch_size=100, valid_batch_size=10, lr=0.0001, swa_lr=0.001, weight_decay=5e-07, amsgrad=True, scheduler='ReduceLROnPlateau', lr_factor=0.8, scheduler_patience=50, lr_scheduler_gamma=0.9993, swa=False, start_swa=None, ema=True, ema_decay=0.99, max_num_epochs=100, patience=2048, foundation_model=None, foundation_model_readout=True, eval_interval=1, keep_checkpoints=False, save_all_checkpoints=False, restart_latest=False, save_cpu=False, clip_grad=10.0, wandb=False, wandb_dir=None, wandb_project='', wandb_entity='', wandb_name='', wandb_log_hypers=['num_channels', 'max_L', 'correlation', 'lr', 'swa_lr', 'weight_decay', 'batch_size', 'max_num_epochs', 'start_swa', 'energy_weight', 'forces_weight'])
2025-10-22 09:52:51.601 INFO: CUDA version: 12.4, CUDA device: 0
2025-10-22 09:52:51.619 DEBUG: Popen(['git', 'version'], cwd=/home/rhyan/Exciton_model/X-MACE, stdin=None, shell=False, universal_newlines=False)
2025-10-22 09:52:51.620 DEBUG: Popen(['git', 'version'], cwd=/home/rhyan/Exciton_model/X-MACE, stdin=None, shell=False, universal_newlines=False)
2025-10-22 09:52:51.622 DEBUG: sys.platform='linux', git_executable='git'
2025-10-22 09:52:51.622 DEBUG: Popen(['git', 'cat-file', '--batch-check'], cwd=/home/rhyan/Exciton_model/X-MACE, stdin=<valid stream>, shell=False, universal_newlines=False)
2025-10-22 09:52:51.623 DEBUG: Current Git commit: 0861c52cf365064d060e006c179e4cc1785b61c2
2025-10-22 09:52:51.623 INFO: 
2025-10-22 09:52:51.623 INFO: ===========LOADING INPUT DATA===========
2025-10-22 09:52:52.621 INFO: Using random 10% of training set for validation with indices saved in: ./valid_indices_100.txt
2025-10-22 09:52:52.622 INFO: Atomic Numbers used: [1, 6, 7, 8]
2025-10-22 09:52:52.622 INFO: Isolated Atomic Energies (E0s) not in training file, using command line argument
2025-10-22 09:52:52.622 INFO: Computing average Atomic Energies using least squares regression
2025-10-22 09:52:52.630 INFO: Atomic Energies used (z: eV): {1: -967.8375379496284, 6: -1244.3625487923791, 7: -138.2625054213755, 8: -829.5750325282529}
2025-10-22 09:52:52.811 INFO: 
2025-10-22 09:52:52.811 INFO: ===========MODEL DETAILS===========
2025-10-22 09:52:52.975 INFO: Average number of neighbors: 15.6
2025-10-22 09:52:52.975 INFO: During training the following quantities will be reported: energy, forces, dipoles, nacs
2025-10-22 09:52:53.021 INFO: Building model
2025-10-22 09:52:53.021 INFO: Message passing with 32 channels and max_L=1 (32x0e + 32x1o)
2025-10-22 09:52:53.021 INFO: 2 layers, each with correlation order: 3 (body order: 4) and spherical harmonics up to: l=3
2025-10-22 09:52:53.021 INFO: 8 radial and 5 basis functions
2025-10-22 09:52:53.021 INFO: Radial cutoff: 5.0 Å (total receptive field for each atom: 10.0 Å)
2025-10-22 09:52:53.021 INFO: Distance transform for radial basis functions: None
2025-10-22 09:52:53.781 DEBUG: AutoencoderExcitedMACE(
  (node_embedding): LinearNodeEmbeddingBlock(
    (linear): Linear(4x0e -> 32x0e | 128 weights)
  )
  (radial_embedding): RadialEmbeddingBlock(
    (bessel_fn): BesselBasis(r_max=5.0, num_basis=8, trainable=False)
    (cutoff_fn): PolynomialCutoff(p=5.0, r_max=5.0)
  )
  (perm_encoder): PermutationInvariantEncoder(
    (elementwise_nn): Sequential(
      (0): Linear(in_features=1, out_features=16, bias=True)
      (1): ELU(alpha=1.0)
      (2): Linear(in_features=16, out_features=16, bias=True)
      (3): ELU(alpha=1.0)
      (4): Linear(in_features=16, out_features=16, bias=True)
      (5): ELU(alpha=1.0)
      (6): Linear(in_features=16, out_features=16, bias=True)
      (7): ELU(alpha=1.0)
    )
    (post_aggregation_nn): Sequential(
      (0): Linear(in_features=16, out_features=16, bias=True)
      (1): ELU(alpha=1.0)
      (2): Linear(in_features=16, out_features=16, bias=True)
      (3): ELU(alpha=1.0)
      (4): Linear(in_features=16, out_features=16, bias=True)
      (5): ELU(alpha=1.0)
      (6): Linear(in_features=16, out_features=16, bias=True)
    )
  )
  (perm_decoder): PermutationInvariantDecoder(
    (decoder_nn): Sequential(
      (0): Linear(in_features=16, out_features=128, bias=True)
      (1): ELU(alpha=1.0)
      (2): Linear(in_features=128, out_features=128, bias=True)
      (3): ELU(alpha=1.0)
      (4): Linear(in_features=128, out_features=128, bias=True)
      (5): ELU(alpha=1.0)
      (6): Linear(in_features=128, out_features=128, bias=True)
      (7): ELU(alpha=1.0)
      (8): Linear(in_features=128, out_features=15, bias=True)
    )
  )
  (spherical_harmonics): SphericalHarmonics()
  (atomic_energies_fn): AtomicEnergiesBlock(energies=[-967.8375, -1244.3625, -138.2625, -829.5750])
  (interactions): ModuleList(
    (0): RealAgnosticInteractionBlock(
      (linear_up): Linear(32x0e -> 32x0e | 1024 weights)
      (conv_tp): TensorProduct(32x0e x 1x0e+1x1o+1x2e+1x3o -> 32x0e+32x1o+32x2e+32x3o | 128 paths | 128 weights)
      (conv_tp_weights): FullyConnectedNet[8, 64, 64, 64, 128]
      (linear): Linear(32x0e+32x1o+32x2e+32x3o -> 32x0e+32x1o+32x2e+32x3o | 4096 weights)
      (skip_tp): FullyConnectedTensorProduct(32x0e+32x1o+32x2e+32x3o x 4x0e -> 32x0e+32x1o+32x2e+32x3o | 16384 paths | 16384 weights)
      (reshape): reshape_irreps()
    )
    (1): RealAgnosticResidualInteractionBlock(
      (linear_up): Linear(32x0e+32x1o -> 32x0e+32x1o | 2048 weights)
      (conv_tp): TensorProduct(32x0e+32x1o x 1x0e+1x1o+1x2e+1x3o -> 64x0e+96x1o+96x2e+64x3o | 320 paths | 320 weights)
      (conv_tp_weights): FullyConnectedNet[8, 64, 64, 64, 320]
      (linear): Linear(64x0e+96x1o+96x2e+64x3o -> 32x0e+32x1o+32x2e+32x3o | 10240 weights)
      (skip_tp): FullyConnectedTensorProduct(32x0e+32x1o x 4x0e -> 32x0e | 4096 paths | 4096 weights)
      (reshape): reshape_irreps()
    )
  )
  (products): ModuleList(
    (0): EquivariantProductBasisBlock(
      (symmetric_contractions): SymmetricContraction(
        (contractions): ModuleList(
          (0): Contraction(
            (contractions_weighting): ModuleList(
              (0-1): 2 x GraphModule()
            )
            (contractions_features): ModuleList(
              (0-1): 2 x GraphModule()
            )
            (weights): ParameterList(
                (0): Parameter containing: [torch.float32 of size 4x4x32 (cuda:0)]
                (1): Parameter containing: [torch.float32 of size 4x1x32 (cuda:0)]
            )
            (graph_opt_main): GraphModule()
          )
          (1): Contraction(
            (contractions_weighting): ModuleList(
              (0-1): 2 x GraphModule()
            )
            (contractions_features): ModuleList(
              (0-1): 2 x GraphModule()
            )
            (weights): ParameterList(
                (0): Parameter containing: [torch.float32 of size 4x6x32 (cuda:0)]
                (1): Parameter containing: [torch.float32 of size 4x1x32 (cuda:0)]
            )
            (graph_opt_main): GraphModule()
          )
        )
      )
      (linear): Linear(32x0e+32x1o -> 32x0e+32x1o | 2048 weights)
    )
    (1): EquivariantProductBasisBlock(
      (symmetric_contractions): SymmetricContraction(
        (contractions): ModuleList(
          (0): Contraction(
            (contractions_weighting): ModuleList(
              (0-1): 2 x GraphModule()
            )
            (contractions_features): ModuleList(
              (0-1): 2 x GraphModule()
            )
            (weights): ParameterList(
                (0): Parameter containing: [torch.float32 of size 4x4x32 (cuda:0)]
                (1): Parameter containing: [torch.float32 of size 4x1x32 (cuda:0)]
            )
            (graph_opt_main): GraphModule()
          )
        )
      )
      (linear): Linear(32x0e -> 32x0e | 1024 weights)
    )
  )
  (readouts): ModuleList(
    (0): LinearReadoutBlock(
      (linear): Linear(32x0e+32x1o -> 8x0e | 256 weights)
    )
    (1): NonLinearReadoutBlock(
      (linear_1): Linear(32x0e -> 32x0e | 1024 weights)
      (non_linearity): Activation [x] (32x0e -> 32x0e)
      (linear_2): Linear(32x0e -> 8x0e | 256 weights)
    )
  )
  (invariant_readouts): ModuleList(
    (0): LinearReadoutBlock(
      (linear): Linear(32x0e+32x1o -> 16x0e | 512 weights)
    )
    (1): NonLinearReadoutBlock(
      (linear_1): Linear(32x0e -> 32x0e | 1024 weights)
      (non_linearity): Activation [x] (32x0e -> 32x0e)
      (linear_2): Linear(32x0e -> 16x0e | 512 weights)
    )
  )
)
2025-10-22 09:52:53.783 INFO: Total number of parameters: 160927
2025-10-22 09:52:53.783 INFO: 
2025-10-22 09:52:53.783 INFO: ===========OPTIMIZER INFORMATION===========
2025-10-22 09:52:53.783 INFO: Using ADAM as parameter optimizer
2025-10-22 09:52:53.783 INFO: Batch size: 100
2025-10-22 09:52:53.783 INFO: Using Exponential Moving Average with decay: 0.99
2025-10-22 09:52:53.783 INFO: Number of gradient updates: 769
2025-10-22 09:52:53.783 INFO: Learning rate: 0.0001, weight decay: 5e-07
2025-10-22 09:52:53.783 INFO: InvariantsWeightedEnergyForcesNacsDipoleLoss(energy_weight=100.000, forces_weight=1.000, dipole_weight=1.000)
2025-10-22 09:52:53.784 INFO: Using gradient clipping with tolerance=10.000
2025-10-22 09:52:53.784 INFO: 
2025-10-22 09:52:53.784 INFO: ===========TRAINING===========
2025-10-22 09:52:53.784 INFO: Started training, reporting errors on validation set
2025-10-22 09:52:53.784 INFO: Loss metrics on validation set
2025-10-22 09:52:56.761 DEBUG: Saving info: ./results/energies_forces_run-100_train.txt
2025-10-22 09:52:59.212 DEBUG: Saving info: ./results/energies_forces_run-100_train.txt
2025-10-22 09:53:57.732 INFO: ===========VERIFYING SETTINGS===========
2025-10-22 09:53:57.732 INFO: MACE version: 0.3.6
2025-10-22 09:53:57.732 DEBUG: Configuration: Namespace(config=None, name='energies_forces', seed=100, work_dir='.', nacs_key='smooth_nacs', log_dir='./logs', model_dir='.', checkpoints_dir='./checkpoints', results_dir='./results', downloads_dir='./downloads', device='cuda', default_dtype='float32', distributed=False, log_level='INFO', n_energies=8, error_table='EnergyNacsDipoleMAE', model='ExcitedMACE', r_max=5.0, num_permutational_invariant=16, radial_type='bessel', num_radial_basis=8, num_cutoff_basis=5, pair_repulsion=False, distance_transform='None', interaction='RealAgnosticResidualInteractionBlock', interaction_first='RealAgnosticResidualInteractionBlock', max_ell=3, correlation=3, num_interactions=2, MLP_irreps='32x0e', radial_MLP='[64, 64, 64]', hidden_irreps='32x0e + 32x1o', num_channels=32, max_L=1, gate='silu', scaling='rms_forces_scaling', avg_num_neighbors=1, compute_avg_num_neighbors=True, compute_stress=False, compute_forces=True, compute_dipoles=True, compute_nacs=False, compute_socs=False, train_file='ENERGIES_FORCES_correct.xyz', valid_file=None, valid_fraction=0.1, test_file=None, test_dir=None, multi_processed_test=False, num_workers=0, pin_memory=True, atomic_numbers=None, mean=None, std=None, statistics_file=None, E0s='average', keep_isolated_atoms=False, energy_key='REF_energy', forces_key='REF_forces', virials_key='REF_virials', stress_key='REF_stress', dipoles_key='REF_dipoles', charges_key='REF_charges', loss='weighted', forces_weight=1.0, nacs_weight=100.0, socs_weight=100.0, soc_num=None, swa_forces_weight=100.0, energy_weight=100.0, swa_energy_weight=1000.0, virials_weight=1.0, swa_virials_weight=10.0, stress_weight=1.0, swa_stress_weight=10.0, dipoles_weight=1.0, swa_dipole_weight=1.0, config_type_weights='{"Default":1.0}', huber_delta=0.01, optimizer='adam', beta=0.9, batch_size=100, valid_batch_size=10, lr=0.0001, swa_lr=0.001, weight_decay=5e-07, amsgrad=True, scheduler='ReduceLROnPlateau', lr_factor=0.8, scheduler_patience=50, lr_scheduler_gamma=0.9993, swa=False, start_swa=None, ema=True, ema_decay=0.99, max_num_epochs=100, patience=2048, foundation_model=None, foundation_model_readout=True, eval_interval=1, keep_checkpoints=False, save_all_checkpoints=False, restart_latest=False, save_cpu=False, clip_grad=10.0, wandb=False, wandb_dir=None, wandb_project='', wandb_entity='', wandb_name='', wandb_log_hypers=['num_channels', 'max_L', 'correlation', 'lr', 'swa_lr', 'weight_decay', 'batch_size', 'max_num_epochs', 'start_swa', 'energy_weight', 'forces_weight'])
2025-10-22 09:53:57.773 INFO: CUDA version: 12.4, CUDA device: 0
2025-10-22 09:53:57.791 DEBUG: Popen(['git', 'version'], cwd=/home/rhyan/Exciton_model/X-MACE, stdin=None, shell=False, universal_newlines=False)
2025-10-22 09:53:57.792 DEBUG: Popen(['git', 'version'], cwd=/home/rhyan/Exciton_model/X-MACE, stdin=None, shell=False, universal_newlines=False)
2025-10-22 09:53:57.794 DEBUG: sys.platform='linux', git_executable='git'
2025-10-22 09:53:57.794 DEBUG: Popen(['git', 'cat-file', '--batch-check'], cwd=/home/rhyan/Exciton_model/X-MACE, stdin=<valid stream>, shell=False, universal_newlines=False)
2025-10-22 09:53:57.796 DEBUG: Current Git commit: 0861c52cf365064d060e006c179e4cc1785b61c2
2025-10-22 09:53:57.796 INFO: 
2025-10-22 09:53:57.796 INFO: ===========LOADING INPUT DATA===========
2025-10-22 09:53:58.792 INFO: Using random 10% of training set for validation with indices saved in: ./valid_indices_100.txt
2025-10-22 09:53:58.794 INFO: Atomic Numbers used: [1, 6, 7, 8]
2025-10-22 09:53:58.794 INFO: Isolated Atomic Energies (E0s) not in training file, using command line argument
2025-10-22 09:53:58.794 INFO: Computing average Atomic Energies using least squares regression
2025-10-22 09:53:58.802 INFO: Atomic Energies used (z: eV): {1: -967.8375379496284, 6: -1244.3625487923791, 7: -138.2625054213755, 8: -829.5750325282529}
2025-10-22 09:53:58.981 INFO: 
2025-10-22 09:53:58.981 INFO: ===========MODEL DETAILS===========
2025-10-22 09:53:59.145 INFO: Average number of neighbors: 15.6
2025-10-22 09:53:59.145 INFO: During training the following quantities will be reported: energy, forces, dipoles, nacs
2025-10-22 09:53:59.190 INFO: Building model
2025-10-22 09:53:59.190 INFO: Message passing with 32 channels and max_L=1 (32x0e + 32x1o)
2025-10-22 09:53:59.190 INFO: 2 layers, each with correlation order: 3 (body order: 4) and spherical harmonics up to: l=3
2025-10-22 09:53:59.190 INFO: 8 radial and 5 basis functions
2025-10-22 09:53:59.190 INFO: Radial cutoff: 5.0 Å (total receptive field for each atom: 10.0 Å)
2025-10-22 09:53:59.190 INFO: Distance transform for radial basis functions: None
2025-10-22 09:53:59.915 DEBUG: ExcitedMACE(
  (node_embedding): LinearNodeEmbeddingBlock(
    (linear): Linear(4x0e -> 32x0e | 128 weights)
  )
  (radial_embedding): RadialEmbeddingBlock(
    (bessel_fn): BesselBasis(r_max=5.0, num_basis=8, trainable=False)
    (cutoff_fn): PolynomialCutoff(p=5.0, r_max=5.0)
  )
  (spherical_harmonics): SphericalHarmonics()
  (atomic_energies_fn): AtomicEnergiesBlock(energies=[-967.8375, -1244.3625, -138.2625, -829.5750])
  (interactions): ModuleList(
    (0): RealAgnosticInteractionBlock(
      (linear_up): Linear(32x0e -> 32x0e | 1024 weights)
      (conv_tp): TensorProduct(32x0e x 1x0e+1x1o+1x2e+1x3o -> 32x0e+32x1o+32x2e+32x3o | 128 paths | 128 weights)
      (conv_tp_weights): FullyConnectedNet[8, 64, 64, 64, 128]
      (linear): Linear(32x0e+32x1o+32x2e+32x3o -> 32x0e+32x1o+32x2e+32x3o | 4096 weights)
      (skip_tp): FullyConnectedTensorProduct(32x0e+32x1o+32x2e+32x3o x 4x0e -> 32x0e+32x1o+32x2e+32x3o | 16384 paths | 16384 weights)
      (reshape): reshape_irreps()
    )
    (1): RealAgnosticResidualInteractionBlock(
      (linear_up): Linear(32x0e+32x1o -> 32x0e+32x1o | 2048 weights)
      (conv_tp): TensorProduct(32x0e+32x1o x 1x0e+1x1o+1x2e+1x3o -> 64x0e+96x1o+96x2e+64x3o | 320 paths | 320 weights)
      (conv_tp_weights): FullyConnectedNet[8, 64, 64, 64, 320]
      (linear): Linear(64x0e+96x1o+96x2e+64x3o -> 32x0e+32x1o+32x2e+32x3o | 10240 weights)
      (skip_tp): FullyConnectedTensorProduct(32x0e+32x1o x 4x0e -> 32x0e | 4096 paths | 4096 weights)
      (reshape): reshape_irreps()
    )
  )
  (products): ModuleList(
    (0): EquivariantProductBasisBlock(
      (symmetric_contractions): SymmetricContraction(
        (contractions): ModuleList(
          (0): Contraction(
            (contractions_weighting): ModuleList(
              (0-1): 2 x GraphModule()
            )
            (contractions_features): ModuleList(
              (0-1): 2 x GraphModule()
            )
            (weights): ParameterList(
                (0): Parameter containing: [torch.float32 of size 4x4x32 (cuda:0)]
                (1): Parameter containing: [torch.float32 of size 4x1x32 (cuda:0)]
            )
            (graph_opt_main): GraphModule()
          )
          (1): Contraction(
            (contractions_weighting): ModuleList(
              (0-1): 2 x GraphModule()
            )
            (contractions_features): ModuleList(
              (0-1): 2 x GraphModule()
            )
            (weights): ParameterList(
                (0): Parameter containing: [torch.float32 of size 4x6x32 (cuda:0)]
                (1): Parameter containing: [torch.float32 of size 4x1x32 (cuda:0)]
            )
            (graph_opt_main): GraphModule()
          )
        )
      )
      (linear): Linear(32x0e+32x1o -> 32x0e+32x1o | 2048 weights)
    )
    (1): EquivariantProductBasisBlock(
      (symmetric_contractions): SymmetricContraction(
        (contractions): ModuleList(
          (0): Contraction(
            (contractions_weighting): ModuleList(
              (0-1): 2 x GraphModule()
            )
            (contractions_features): ModuleList(
              (0-1): 2 x GraphModule()
            )
            (weights): ParameterList(
                (0): Parameter containing: [torch.float32 of size 4x4x32 (cuda:0)]
                (1): Parameter containing: [torch.float32 of size 4x1x32 (cuda:0)]
            )
            (graph_opt_main): GraphModule()
          )
        )
      )
      (linear): Linear(32x0e -> 32x0e | 1024 weights)
    )
  )
  (readouts): ModuleList(
    (0): LinearDipoleReadoutBlock(
      (linear): Linear(32x0e+32x1o -> 8x0e+36x1o | 1408 weights)
    )
    (1): NonLinearDipoleReadoutBlock(
      (equivariant_nonlin): Gate (32x0e -> 32x0e)
      (linear_1): Linear(32x0e -> 32x0e | 1024 weights)
      (linear_2): Linear(32x0e -> 8x0e+36x1o | 256 weights)
    )
  )
  (socs_readouts): ModuleList(
    (0): None
  )
)
2025-10-22 09:53:59.916 INFO: Total number of parameters: 104448
2025-10-22 09:53:59.916 INFO: 
2025-10-22 09:53:59.916 INFO: ===========OPTIMIZER INFORMATION===========
2025-10-22 09:53:59.916 INFO: Using ADAM as parameter optimizer
2025-10-22 09:53:59.916 INFO: Batch size: 100
2025-10-22 09:53:59.916 INFO: Using Exponential Moving Average with decay: 0.99
2025-10-22 09:53:59.916 INFO: Number of gradient updates: 769
2025-10-22 09:53:59.916 INFO: Learning rate: 0.0001, weight decay: 5e-07
2025-10-22 09:53:59.916 INFO: WeightedEnergyForcesNacsDipoleLoss(energy_weight=100.000, forces_weight=1.000, dipole_weight=1.000)
2025-10-22 09:53:59.917 INFO: Using gradient clipping with tolerance=10.000
2025-10-22 09:53:59.917 INFO: 
2025-10-22 09:53:59.917 INFO: ===========TRAINING===========
2025-10-22 09:53:59.917 INFO: Started training, reporting errors on validation set
2025-10-22 09:53:59.917 INFO: Loss metrics on validation set
2025-10-22 09:54:44.307 INFO: ===========VERIFYING SETTINGS===========
2025-10-22 09:54:44.307 INFO: MACE version: 0.3.6
2025-10-22 09:54:44.307 DEBUG: Configuration: Namespace(config=None, name='energies_forces', seed=100, work_dir='.', nacs_key='smooth_nacs', log_dir='./logs', model_dir='.', checkpoints_dir='./checkpoints', results_dir='./results', downloads_dir='./downloads', device='cuda', default_dtype='float32', distributed=False, log_level='INFO', n_energies=8, error_table='EnergyNacsDipoleMAE', model='ExcitedMACE', r_max=5.0, num_permutational_invariant=16, radial_type='bessel', num_radial_basis=8, num_cutoff_basis=5, pair_repulsion=False, distance_transform='None', interaction='RealAgnosticResidualInteractionBlock', interaction_first='RealAgnosticResidualInteractionBlock', max_ell=3, correlation=3, num_interactions=2, MLP_irreps='32x0e', radial_MLP='[64, 64, 64]', hidden_irreps='32x0e + 32x1o', num_channels=32, max_L=1, gate='silu', scaling='rms_forces_scaling', avg_num_neighbors=1, compute_avg_num_neighbors=True, compute_stress=False, compute_forces=True, compute_dipoles=True, compute_nacs=False, compute_socs=False, train_file='ENERGIES_FORCES_correct.xyz', valid_file=None, valid_fraction=0.1, test_file=None, test_dir=None, multi_processed_test=False, num_workers=0, pin_memory=True, atomic_numbers=None, mean=None, std=None, statistics_file=None, E0s='average', keep_isolated_atoms=False, energy_key='REF_energy', forces_key='REF_forces', virials_key='REF_virials', stress_key='REF_stress', dipoles_key='REF_dipoles', charges_key='REF_charges', loss='weighted', forces_weight=1.0, nacs_weight=100.0, socs_weight=100.0, soc_num=None, swa_forces_weight=100.0, energy_weight=100.0, swa_energy_weight=1000.0, virials_weight=1.0, swa_virials_weight=10.0, stress_weight=1.0, swa_stress_weight=10.0, dipoles_weight=1.0, swa_dipole_weight=1.0, config_type_weights='{"Default":1.0}', huber_delta=0.01, optimizer='adam', beta=0.9, batch_size=100, valid_batch_size=10, lr=0.0001, swa_lr=0.001, weight_decay=5e-07, amsgrad=True, scheduler='ReduceLROnPlateau', lr_factor=0.8, scheduler_patience=50, lr_scheduler_gamma=0.9993, swa=False, start_swa=None, ema=True, ema_decay=0.99, max_num_epochs=100, patience=2048, foundation_model=None, foundation_model_readout=True, eval_interval=1, keep_checkpoints=False, save_all_checkpoints=False, restart_latest=False, save_cpu=False, clip_grad=10.0, wandb=False, wandb_dir=None, wandb_project='', wandb_entity='', wandb_name='', wandb_log_hypers=['num_channels', 'max_L', 'correlation', 'lr', 'swa_lr', 'weight_decay', 'batch_size', 'max_num_epochs', 'start_swa', 'energy_weight', 'forces_weight'])
2025-10-22 09:54:44.349 INFO: CUDA version: 12.4, CUDA device: 0
2025-10-22 09:54:44.366 DEBUG: Popen(['git', 'version'], cwd=/home/rhyan/Exciton_model/X-MACE, stdin=None, shell=False, universal_newlines=False)
2025-10-22 09:54:44.367 DEBUG: Popen(['git', 'version'], cwd=/home/rhyan/Exciton_model/X-MACE, stdin=None, shell=False, universal_newlines=False)
2025-10-22 09:54:44.369 DEBUG: sys.platform='linux', git_executable='git'
2025-10-22 09:54:44.369 DEBUG: Popen(['git', 'cat-file', '--batch-check'], cwd=/home/rhyan/Exciton_model/X-MACE, stdin=<valid stream>, shell=False, universal_newlines=False)
2025-10-22 09:54:44.370 DEBUG: Current Git commit: 0861c52cf365064d060e006c179e4cc1785b61c2
2025-10-22 09:54:44.370 INFO: 
2025-10-22 09:54:44.370 INFO: ===========LOADING INPUT DATA===========
2025-10-22 09:54:45.371 INFO: Using random 10% of training set for validation with indices saved in: ./valid_indices_100.txt
2025-10-22 09:54:45.372 INFO: Atomic Numbers used: [1, 6, 7, 8]
2025-10-22 09:54:45.372 INFO: Isolated Atomic Energies (E0s) not in training file, using command line argument
2025-10-22 09:54:45.372 INFO: Computing average Atomic Energies using least squares regression
2025-10-22 09:54:45.379 INFO: Atomic Energies used (z: eV): {1: -967.8375379496284, 6: -1244.3625487923791, 7: -138.2625054213755, 8: -829.5750325282529}
2025-10-22 09:54:45.559 INFO: 
2025-10-22 09:54:45.560 INFO: ===========MODEL DETAILS===========
2025-10-22 09:54:45.722 INFO: Average number of neighbors: 15.6
2025-10-22 09:54:45.722 INFO: During training the following quantities will be reported: energy, forces, dipoles, nacs
2025-10-22 09:54:45.768 INFO: Building model
2025-10-22 09:54:45.768 INFO: Message passing with 32 channels and max_L=1 (32x0e + 32x1o)
2025-10-22 09:54:45.768 INFO: 2 layers, each with correlation order: 3 (body order: 4) and spherical harmonics up to: l=3
2025-10-22 09:54:45.768 INFO: 8 radial and 5 basis functions
2025-10-22 09:54:45.768 INFO: Radial cutoff: 5.0 Å (total receptive field for each atom: 10.0 Å)
2025-10-22 09:54:45.768 INFO: Distance transform for radial basis functions: None
2025-10-22 09:54:46.484 DEBUG: ExcitedMACE(
  (node_embedding): LinearNodeEmbeddingBlock(
    (linear): Linear(4x0e -> 32x0e | 128 weights)
  )
  (radial_embedding): RadialEmbeddingBlock(
    (bessel_fn): BesselBasis(r_max=5.0, num_basis=8, trainable=False)
    (cutoff_fn): PolynomialCutoff(p=5.0, r_max=5.0)
  )
  (spherical_harmonics): SphericalHarmonics()
  (atomic_energies_fn): AtomicEnergiesBlock(energies=[-967.8375, -1244.3625, -138.2625, -829.5750])
  (interactions): ModuleList(
    (0): RealAgnosticInteractionBlock(
      (linear_up): Linear(32x0e -> 32x0e | 1024 weights)
      (conv_tp): TensorProduct(32x0e x 1x0e+1x1o+1x2e+1x3o -> 32x0e+32x1o+32x2e+32x3o | 128 paths | 128 weights)
      (conv_tp_weights): FullyConnectedNet[8, 64, 64, 64, 128]
      (linear): Linear(32x0e+32x1o+32x2e+32x3o -> 32x0e+32x1o+32x2e+32x3o | 4096 weights)
      (skip_tp): FullyConnectedTensorProduct(32x0e+32x1o+32x2e+32x3o x 4x0e -> 32x0e+32x1o+32x2e+32x3o | 16384 paths | 16384 weights)
      (reshape): reshape_irreps()
    )
    (1): RealAgnosticResidualInteractionBlock(
      (linear_up): Linear(32x0e+32x1o -> 32x0e+32x1o | 2048 weights)
      (conv_tp): TensorProduct(32x0e+32x1o x 1x0e+1x1o+1x2e+1x3o -> 64x0e+96x1o+96x2e+64x3o | 320 paths | 320 weights)
      (conv_tp_weights): FullyConnectedNet[8, 64, 64, 64, 320]
      (linear): Linear(64x0e+96x1o+96x2e+64x3o -> 32x0e+32x1o+32x2e+32x3o | 10240 weights)
      (skip_tp): FullyConnectedTensorProduct(32x0e+32x1o x 4x0e -> 32x0e | 4096 paths | 4096 weights)
      (reshape): reshape_irreps()
    )
  )
  (products): ModuleList(
    (0): EquivariantProductBasisBlock(
      (symmetric_contractions): SymmetricContraction(
        (contractions): ModuleList(
          (0): Contraction(
            (contractions_weighting): ModuleList(
              (0-1): 2 x GraphModule()
            )
            (contractions_features): ModuleList(
              (0-1): 2 x GraphModule()
            )
            (weights): ParameterList(
                (0): Parameter containing: [torch.float32 of size 4x4x32 (cuda:0)]
                (1): Parameter containing: [torch.float32 of size 4x1x32 (cuda:0)]
            )
            (graph_opt_main): GraphModule()
          )
          (1): Contraction(
            (contractions_weighting): ModuleList(
              (0-1): 2 x GraphModule()
            )
            (contractions_features): ModuleList(
              (0-1): 2 x GraphModule()
            )
            (weights): ParameterList(
                (0): Parameter containing: [torch.float32 of size 4x6x32 (cuda:0)]
                (1): Parameter containing: [torch.float32 of size 4x1x32 (cuda:0)]
            )
            (graph_opt_main): GraphModule()
          )
        )
      )
      (linear): Linear(32x0e+32x1o -> 32x0e+32x1o | 2048 weights)
    )
    (1): EquivariantProductBasisBlock(
      (symmetric_contractions): SymmetricContraction(
        (contractions): ModuleList(
          (0): Contraction(
            (contractions_weighting): ModuleList(
              (0-1): 2 x GraphModule()
            )
            (contractions_features): ModuleList(
              (0-1): 2 x GraphModule()
            )
            (weights): ParameterList(
                (0): Parameter containing: [torch.float32 of size 4x4x32 (cuda:0)]
                (1): Parameter containing: [torch.float32 of size 4x1x32 (cuda:0)]
            )
            (graph_opt_main): GraphModule()
          )
        )
      )
      (linear): Linear(32x0e -> 32x0e | 1024 weights)
    )
  )
  (readouts): ModuleList(
    (0): LinearDipoleReadoutBlock(
      (linear): Linear(32x0e+32x1o -> 8x0e+36x1o | 1408 weights)
    )
    (1): NonLinearDipoleReadoutBlock(
      (equivariant_nonlin): Gate (32x0e -> 32x0e)
      (linear_1): Linear(32x0e -> 32x0e | 1024 weights)
      (linear_2): Linear(32x0e -> 8x0e+36x1o | 256 weights)
    )
  )
  (socs_readouts): ModuleList(
    (0): None
  )
)
2025-10-22 09:54:46.486 INFO: Total number of parameters: 104448
2025-10-22 09:54:46.486 INFO: 
2025-10-22 09:54:46.486 INFO: ===========OPTIMIZER INFORMATION===========
2025-10-22 09:54:46.486 INFO: Using ADAM as parameter optimizer
2025-10-22 09:54:46.486 INFO: Batch size: 100
2025-10-22 09:54:46.486 INFO: Using Exponential Moving Average with decay: 0.99
2025-10-22 09:54:46.486 INFO: Number of gradient updates: 769
2025-10-22 09:54:46.486 INFO: Learning rate: 0.0001, weight decay: 5e-07
2025-10-22 09:54:46.486 INFO: WeightedEnergyForcesNacsDipoleLoss(energy_weight=100.000, forces_weight=1.000, dipole_weight=1.000)
2025-10-22 09:54:46.487 INFO: Using gradient clipping with tolerance=10.000
2025-10-22 09:54:46.487 INFO: 
2025-10-22 09:54:46.487 INFO: ===========TRAINING===========
2025-10-22 09:54:46.487 INFO: Started training, reporting errors on validation set
2025-10-22 09:54:46.487 INFO: Loss metrics on validation set
2025-10-22 09:54:48.862 DEBUG: Saving info: ./results/energies_forces_run-100_train.txt
2025-10-22 09:54:49.786 DEBUG: Saving info: ./results/energies_forces_run-100_train.txt
2025-10-22 09:54:50.825 DEBUG: Saving info: ./results/energies_forces_run-100_train.txt
2025-10-22 09:54:51.911 DEBUG: Saving info: ./results/energies_forces_run-100_train.txt
2025-10-22 09:54:52.485 DEBUG: Saving info: ./results/energies_forces_run-100_train.txt
2025-10-22 09:54:53.062 DEBUG: Saving info: ./results/energies_forces_run-100_train.txt
2025-10-22 09:54:53.639 DEBUG: Saving info: ./results/energies_forces_run-100_train.txt
2025-10-22 09:54:54.216 DEBUG: Saving info: ./results/energies_forces_run-100_train.txt
2025-10-22 09:54:54.531 DEBUG: Saving info: ./results/energies_forces_run-100_train.txt
2025-10-22 09:54:54.532 DEBUG: Saving checkpoint: ./checkpoints/energies_forces_run-100_epoch-0.pt
2025-10-22 09:54:55.140 DEBUG: Saving info: ./results/energies_forces_run-100_train.txt
2025-10-22 09:54:55.718 DEBUG: Saving info: ./results/energies_forces_run-100_train.txt
2025-10-22 09:54:56.296 DEBUG: Saving info: ./results/energies_forces_run-100_train.txt
2025-10-22 09:54:56.875 DEBUG: Saving info: ./results/energies_forces_run-100_train.txt
2025-10-22 09:54:57.453 DEBUG: Saving info: ./results/energies_forces_run-100_train.txt
2025-10-22 10:04:52.847 INFO: ===========VERIFYING SETTINGS===========
2025-10-22 10:04:52.847 INFO: MACE version: 0.3.6
2025-10-22 10:04:52.847 DEBUG: Configuration: Namespace(config=None, name='energies_forces', seed=100, work_dir='.', nacs_key='smooth_nacs', log_dir='./logs', model_dir='.', checkpoints_dir='./checkpoints', results_dir='./results', downloads_dir='./downloads', device='cuda', default_dtype='float32', distributed=False, log_level='INFO', n_energies=8, error_table='EnergyNacsDipoleMAE', model='ExcitedMACE', r_max=5.0, num_permutational_invariant=16, radial_type='bessel', num_radial_basis=8, num_cutoff_basis=5, pair_repulsion=False, distance_transform='None', interaction='RealAgnosticResidualInteractionBlock', interaction_first='RealAgnosticResidualInteractionBlock', max_ell=3, correlation=3, num_interactions=2, MLP_irreps='32x0e', radial_MLP='[64, 64, 64]', hidden_irreps='32x0e + 32x1o', num_channels=32, max_L=1, gate='silu', scaling='rms_forces_scaling', avg_num_neighbors=1, compute_avg_num_neighbors=True, compute_stress=False, compute_forces=True, compute_dipoles=True, compute_nacs=False, compute_socs=False, train_file='ENERGIES_FORCES_correct.xyz', valid_file=None, valid_fraction=0.1, test_file=None, test_dir=None, multi_processed_test=False, num_workers=0, pin_memory=True, atomic_numbers=None, mean=None, std=None, statistics_file=None, E0s='average', keep_isolated_atoms=False, energy_key='REF_energy', forces_key='REF_forces', virials_key='REF_virials', stress_key='REF_stress', dipoles_key='REF_dipoles', charges_key='REF_charges', loss='weighted', forces_weight=1.0, nacs_weight=100.0, socs_weight=100.0, soc_num=None, nac_num=None, swa_forces_weight=100.0, energy_weight=100.0, swa_energy_weight=1000.0, virials_weight=1.0, swa_virials_weight=10.0, stress_weight=1.0, swa_stress_weight=10.0, dipoles_weight=1.0, swa_dipole_weight=1.0, config_type_weights='{"Default":1.0}', huber_delta=0.01, optimizer='adam', beta=0.9, batch_size=100, valid_batch_size=10, lr=0.0001, swa_lr=0.001, weight_decay=5e-07, amsgrad=True, scheduler='ReduceLROnPlateau', lr_factor=0.8, scheduler_patience=50, lr_scheduler_gamma=0.9993, swa=False, start_swa=None, ema=True, ema_decay=0.99, max_num_epochs=100, patience=2048, foundation_model=None, foundation_model_readout=True, eval_interval=1, keep_checkpoints=False, save_all_checkpoints=False, restart_latest=False, save_cpu=False, clip_grad=10.0, wandb=False, wandb_dir=None, wandb_project='', wandb_entity='', wandb_name='', wandb_log_hypers=['num_channels', 'max_L', 'correlation', 'lr', 'swa_lr', 'weight_decay', 'batch_size', 'max_num_epochs', 'start_swa', 'energy_weight', 'forces_weight'])
2025-10-22 10:04:52.888 INFO: CUDA version: 12.4, CUDA device: 0
2025-10-22 10:04:52.906 DEBUG: Popen(['git', 'version'], cwd=/home/rhyan/Exciton_model/X-MACE, stdin=None, shell=False, universal_newlines=False)
2025-10-22 10:04:52.907 DEBUG: Popen(['git', 'version'], cwd=/home/rhyan/Exciton_model/X-MACE, stdin=None, shell=False, universal_newlines=False)
2025-10-22 10:04:52.909 DEBUG: sys.platform='linux', git_executable='git'
2025-10-22 10:04:52.909 DEBUG: Popen(['git', 'cat-file', '--batch-check'], cwd=/home/rhyan/Exciton_model/X-MACE, stdin=<valid stream>, shell=False, universal_newlines=False)
2025-10-22 10:04:52.910 DEBUG: Current Git commit: 0861c52cf365064d060e006c179e4cc1785b61c2
2025-10-22 10:04:52.910 INFO: 
2025-10-22 10:04:52.910 INFO: ===========LOADING INPUT DATA===========
2025-10-22 10:04:53.909 INFO: Using random 10% of training set for validation with indices saved in: ./valid_indices_100.txt
2025-10-22 10:04:53.911 INFO: Atomic Numbers used: [1, 6, 7, 8]
2025-10-22 10:04:53.911 INFO: Isolated Atomic Energies (E0s) not in training file, using command line argument
2025-10-22 10:04:53.911 INFO: Computing average Atomic Energies using least squares regression
2025-10-22 10:04:53.918 INFO: Atomic Energies used (z: eV): {1: -967.8375379496284, 6: -1244.3625487923791, 7: -138.2625054213755, 8: -829.5750325282529}
2025-10-22 10:04:54.107 INFO: 
2025-10-22 10:04:54.107 INFO: ===========MODEL DETAILS===========
2025-10-22 10:04:54.272 INFO: Average number of neighbors: 15.6
2025-10-22 10:04:54.272 INFO: During training the following quantities will be reported: energy, forces, dipoles, nacs
2025-10-22 10:04:54.319 INFO: Building model
2025-10-22 10:04:54.319 INFO: Message passing with 32 channels and max_L=1 (32x0e + 32x1o)
2025-10-22 10:04:54.319 INFO: 2 layers, each with correlation order: 3 (body order: 4) and spherical harmonics up to: l=3
2025-10-22 10:04:54.319 INFO: 8 radial and 5 basis functions
2025-10-22 10:04:54.319 INFO: Radial cutoff: 5.0 Å (total receptive field for each atom: 10.0 Å)
2025-10-22 10:04:54.319 INFO: Distance transform for radial basis functions: None
2025-10-22 10:05:18.040 INFO: ===========VERIFYING SETTINGS===========
2025-10-22 10:05:18.040 INFO: MACE version: 0.3.6
2025-10-22 10:05:18.040 DEBUG: Configuration: Namespace(config=None, name='energies_forces', seed=100, work_dir='.', nacs_key='smooth_nacs', log_dir='./logs', model_dir='.', checkpoints_dir='./checkpoints', results_dir='./results', downloads_dir='./downloads', device='cuda', default_dtype='float32', distributed=False, log_level='INFO', n_energies=8, error_table='EnergyNacsDipoleMAE', model='ExcitedMACE', r_max=5.0, num_permutational_invariant=16, radial_type='bessel', num_radial_basis=8, num_cutoff_basis=5, pair_repulsion=False, distance_transform='None', interaction='RealAgnosticResidualInteractionBlock', interaction_first='RealAgnosticResidualInteractionBlock', max_ell=3, correlation=3, num_interactions=2, MLP_irreps='32x0e', radial_MLP='[64, 64, 64]', hidden_irreps='32x0e + 32x1o', num_channels=32, max_L=1, gate='silu', scaling='rms_forces_scaling', avg_num_neighbors=1, compute_avg_num_neighbors=True, compute_stress=False, compute_forces=True, compute_dipoles=True, compute_nacs=False, compute_socs=False, train_file='ENERGIES_FORCES_correct.xyz', valid_file=None, valid_fraction=0.1, test_file=None, test_dir=None, multi_processed_test=False, num_workers=0, pin_memory=True, atomic_numbers=None, mean=None, std=None, statistics_file=None, E0s='average', keep_isolated_atoms=False, energy_key='REF_energy', forces_key='REF_forces', virials_key='REF_virials', stress_key='REF_stress', dipoles_key='REF_dipoles', charges_key='REF_charges', loss='weighted', forces_weight=1.0, nacs_weight=100.0, socs_weight=100.0, soc_num=None, nac_num=None, swa_forces_weight=100.0, energy_weight=100.0, swa_energy_weight=1000.0, virials_weight=1.0, swa_virials_weight=10.0, stress_weight=1.0, swa_stress_weight=10.0, dipoles_weight=1.0, swa_dipole_weight=1.0, config_type_weights='{"Default":1.0}', huber_delta=0.01, optimizer='adam', beta=0.9, batch_size=100, valid_batch_size=10, lr=0.0001, swa_lr=0.001, weight_decay=5e-07, amsgrad=True, scheduler='ReduceLROnPlateau', lr_factor=0.8, scheduler_patience=50, lr_scheduler_gamma=0.9993, swa=False, start_swa=None, ema=True, ema_decay=0.99, max_num_epochs=100, patience=2048, foundation_model=None, foundation_model_readout=True, eval_interval=1, keep_checkpoints=False, save_all_checkpoints=False, restart_latest=False, save_cpu=False, clip_grad=10.0, wandb=False, wandb_dir=None, wandb_project='', wandb_entity='', wandb_name='', wandb_log_hypers=['num_channels', 'max_L', 'correlation', 'lr', 'swa_lr', 'weight_decay', 'batch_size', 'max_num_epochs', 'start_swa', 'energy_weight', 'forces_weight'])
2025-10-22 10:05:18.081 INFO: CUDA version: 12.4, CUDA device: 0
2025-10-22 10:05:18.098 DEBUG: Popen(['git', 'version'], cwd=/home/rhyan/Exciton_model/X-MACE, stdin=None, shell=False, universal_newlines=False)
2025-10-22 10:05:18.099 DEBUG: Popen(['git', 'version'], cwd=/home/rhyan/Exciton_model/X-MACE, stdin=None, shell=False, universal_newlines=False)
2025-10-22 10:05:18.101 DEBUG: sys.platform='linux', git_executable='git'
2025-10-22 10:05:18.101 DEBUG: Popen(['git', 'cat-file', '--batch-check'], cwd=/home/rhyan/Exciton_model/X-MACE, stdin=<valid stream>, shell=False, universal_newlines=False)
2025-10-22 10:05:18.102 DEBUG: Current Git commit: 0861c52cf365064d060e006c179e4cc1785b61c2
2025-10-22 10:05:18.102 INFO: 
2025-10-22 10:05:18.102 INFO: ===========LOADING INPUT DATA===========
2025-10-22 10:05:19.106 INFO: Using random 10% of training set for validation with indices saved in: ./valid_indices_100.txt
2025-10-22 10:05:19.107 INFO: Atomic Numbers used: [1, 6, 7, 8]
2025-10-22 10:05:19.107 INFO: Isolated Atomic Energies (E0s) not in training file, using command line argument
2025-10-22 10:05:19.107 INFO: Computing average Atomic Energies using least squares regression
2025-10-22 10:05:19.115 INFO: Atomic Energies used (z: eV): {1: -967.8375379496284, 6: -1244.3625487923791, 7: -138.2625054213755, 8: -829.5750325282529}
2025-10-22 10:05:19.298 INFO: 
2025-10-22 10:05:19.298 INFO: ===========MODEL DETAILS===========
2025-10-22 10:05:19.472 INFO: Average number of neighbors: 15.6
2025-10-22 10:05:19.472 INFO: During training the following quantities will be reported: energy, forces, dipoles, nacs
2025-10-22 10:05:19.518 INFO: Building model
2025-10-22 10:05:19.518 INFO: Message passing with 32 channels and max_L=1 (32x0e + 32x1o)
2025-10-22 10:05:19.518 INFO: 2 layers, each with correlation order: 3 (body order: 4) and spherical harmonics up to: l=3
2025-10-22 10:05:19.518 INFO: 8 radial and 5 basis functions
2025-10-22 10:05:19.518 INFO: Radial cutoff: 5.0 Å (total receptive field for each atom: 10.0 Å)
2025-10-22 10:05:19.518 INFO: Distance transform for radial basis functions: None
2025-10-22 10:05:56.675 INFO: ===========VERIFYING SETTINGS===========
2025-10-22 10:05:56.675 INFO: MACE version: 0.3.6
2025-10-22 10:05:56.675 DEBUG: Configuration: Namespace(config=None, name='energies_forces', seed=100, work_dir='.', nacs_key='smooth_nacs', log_dir='./logs', model_dir='.', checkpoints_dir='./checkpoints', results_dir='./results', downloads_dir='./downloads', device='cuda', default_dtype='float32', distributed=False, log_level='INFO', n_energies=8, error_table='EnergyNacsDipoleMAE', model='ExcitedMACE', r_max=5.0, num_permutational_invariant=16, radial_type='bessel', num_radial_basis=8, num_cutoff_basis=5, pair_repulsion=False, distance_transform='None', interaction='RealAgnosticResidualInteractionBlock', interaction_first='RealAgnosticResidualInteractionBlock', max_ell=3, correlation=3, num_interactions=2, MLP_irreps='32x0e', radial_MLP='[64, 64, 64]', hidden_irreps='32x0e + 32x1o', num_channels=32, max_L=1, gate='silu', scaling='rms_forces_scaling', avg_num_neighbors=1, compute_avg_num_neighbors=True, compute_stress=False, compute_forces=True, compute_dipoles=True, compute_nacs=False, compute_socs=False, train_file='ENERGIES_FORCES_correct.xyz', valid_file=None, valid_fraction=0.1, test_file=None, test_dir=None, multi_processed_test=False, num_workers=0, pin_memory=True, atomic_numbers=None, mean=None, std=None, statistics_file=None, E0s='average', keep_isolated_atoms=False, energy_key='REF_energy', forces_key='REF_forces', virials_key='REF_virials', stress_key='REF_stress', dipoles_key='REF_dipoles', charges_key='REF_charges', loss='weighted', forces_weight=1.0, nacs_weight=100.0, socs_weight=100.0, soc_num=None, nac_num=None, swa_forces_weight=100.0, energy_weight=100.0, swa_energy_weight=1000.0, virials_weight=1.0, swa_virials_weight=10.0, stress_weight=1.0, swa_stress_weight=10.0, dipoles_weight=1.0, swa_dipole_weight=1.0, config_type_weights='{"Default":1.0}', huber_delta=0.01, optimizer='adam', beta=0.9, batch_size=100, valid_batch_size=10, lr=0.0001, swa_lr=0.001, weight_decay=5e-07, amsgrad=True, scheduler='ReduceLROnPlateau', lr_factor=0.8, scheduler_patience=50, lr_scheduler_gamma=0.9993, swa=False, start_swa=None, ema=True, ema_decay=0.99, max_num_epochs=100, patience=2048, foundation_model=None, foundation_model_readout=True, eval_interval=1, keep_checkpoints=False, save_all_checkpoints=False, restart_latest=False, save_cpu=False, clip_grad=10.0, wandb=False, wandb_dir=None, wandb_project='', wandb_entity='', wandb_name='', wandb_log_hypers=['num_channels', 'max_L', 'correlation', 'lr', 'swa_lr', 'weight_decay', 'batch_size', 'max_num_epochs', 'start_swa', 'energy_weight', 'forces_weight'])
2025-10-22 10:05:56.715 INFO: CUDA version: 12.4, CUDA device: 0
2025-10-22 10:05:56.733 DEBUG: Popen(['git', 'version'], cwd=/home/rhyan/Exciton_model/X-MACE, stdin=None, shell=False, universal_newlines=False)
2025-10-22 10:05:56.735 DEBUG: Popen(['git', 'version'], cwd=/home/rhyan/Exciton_model/X-MACE, stdin=None, shell=False, universal_newlines=False)
2025-10-22 10:05:56.736 DEBUG: sys.platform='linux', git_executable='git'
2025-10-22 10:05:56.736 DEBUG: Popen(['git', 'cat-file', '--batch-check'], cwd=/home/rhyan/Exciton_model/X-MACE, stdin=<valid stream>, shell=False, universal_newlines=False)
2025-10-22 10:05:56.737 DEBUG: Current Git commit: 0861c52cf365064d060e006c179e4cc1785b61c2
2025-10-22 10:05:56.737 INFO: 
2025-10-22 10:05:56.737 INFO: ===========LOADING INPUT DATA===========
2025-10-22 10:05:57.737 INFO: Using random 10% of training set for validation with indices saved in: ./valid_indices_100.txt
2025-10-22 10:05:57.739 INFO: Atomic Numbers used: [1, 6, 7, 8]
2025-10-22 10:05:57.739 INFO: Isolated Atomic Energies (E0s) not in training file, using command line argument
2025-10-22 10:05:57.739 INFO: Computing average Atomic Energies using least squares regression
2025-10-22 10:05:57.746 INFO: Atomic Energies used (z: eV): {1: -967.8375379496284, 6: -1244.3625487923791, 7: -138.2625054213755, 8: -829.5750325282529}
2025-10-22 10:05:57.927 INFO: 
2025-10-22 10:05:57.927 INFO: ===========MODEL DETAILS===========
2025-10-22 10:05:58.091 INFO: Average number of neighbors: 15.6
2025-10-22 10:05:58.092 INFO: During training the following quantities will be reported: energy, forces, dipoles, nacs
2025-10-22 10:05:58.139 INFO: Building model
2025-10-22 10:05:58.139 INFO: Message passing with 32 channels and max_L=1 (32x0e + 32x1o)
2025-10-22 10:05:58.139 INFO: 2 layers, each with correlation order: 3 (body order: 4) and spherical harmonics up to: l=3
2025-10-22 10:05:58.139 INFO: 8 radial and 5 basis functions
2025-10-22 10:05:58.139 INFO: Radial cutoff: 5.0 Å (total receptive field for each atom: 10.0 Å)
2025-10-22 10:05:58.139 INFO: Distance transform for radial basis functions: None
2025-10-22 10:06:38.152 INFO: ===========VERIFYING SETTINGS===========
2025-10-22 10:06:38.152 INFO: MACE version: 0.3.6
2025-10-22 10:06:38.152 DEBUG: Configuration: Namespace(config=None, name='energies_forces', seed=100, work_dir='.', nacs_key='smooth_nacs', log_dir='./logs', model_dir='.', checkpoints_dir='./checkpoints', results_dir='./results', downloads_dir='./downloads', device='cuda', default_dtype='float32', distributed=False, log_level='INFO', n_energies=8, error_table='EnergyNacsDipoleMAE', model='ExcitedMACE', r_max=5.0, num_permutational_invariant=16, radial_type='bessel', num_radial_basis=8, num_cutoff_basis=5, pair_repulsion=False, distance_transform='None', interaction='RealAgnosticResidualInteractionBlock', interaction_first='RealAgnosticResidualInteractionBlock', max_ell=3, correlation=3, num_interactions=2, MLP_irreps='32x0e', radial_MLP='[64, 64, 64]', hidden_irreps='32x0e + 32x1o', num_channels=32, max_L=1, gate='silu', scaling='rms_forces_scaling', avg_num_neighbors=1, compute_avg_num_neighbors=True, compute_stress=False, compute_forces=True, compute_dipoles=True, compute_nacs=False, compute_socs=False, train_file='ENERGIES_FORCES_correct.xyz', valid_file=None, valid_fraction=0.1, test_file=None, test_dir=None, multi_processed_test=False, num_workers=0, pin_memory=True, atomic_numbers=None, mean=None, std=None, statistics_file=None, E0s='average', keep_isolated_atoms=False, energy_key='REF_energy', forces_key='REF_forces', virials_key='REF_virials', stress_key='REF_stress', dipoles_key='REF_dipoles', charges_key='REF_charges', loss='weighted', forces_weight=1.0, nacs_weight=100.0, socs_weight=100.0, soc_num=None, nac_num=None, swa_forces_weight=100.0, energy_weight=100.0, swa_energy_weight=1000.0, virials_weight=1.0, swa_virials_weight=10.0, stress_weight=1.0, swa_stress_weight=10.0, dipoles_weight=1.0, swa_dipole_weight=1.0, config_type_weights='{"Default":1.0}', huber_delta=0.01, optimizer='adam', beta=0.9, batch_size=100, valid_batch_size=10, lr=0.0001, swa_lr=0.001, weight_decay=5e-07, amsgrad=True, scheduler='ReduceLROnPlateau', lr_factor=0.8, scheduler_patience=50, lr_scheduler_gamma=0.9993, swa=False, start_swa=None, ema=True, ema_decay=0.99, max_num_epochs=100, patience=2048, foundation_model=None, foundation_model_readout=True, eval_interval=1, keep_checkpoints=False, save_all_checkpoints=False, restart_latest=False, save_cpu=False, clip_grad=10.0, wandb=False, wandb_dir=None, wandb_project='', wandb_entity='', wandb_name='', wandb_log_hypers=['num_channels', 'max_L', 'correlation', 'lr', 'swa_lr', 'weight_decay', 'batch_size', 'max_num_epochs', 'start_swa', 'energy_weight', 'forces_weight'])
2025-10-22 10:06:38.179 INFO: CUDA version: 12.4, CUDA device: 0
2025-10-22 10:06:38.197 DEBUG: Popen(['git', 'version'], cwd=/home/rhyan/Exciton_model/X-MACE, stdin=None, shell=False, universal_newlines=False)
2025-10-22 10:06:38.198 DEBUG: Popen(['git', 'version'], cwd=/home/rhyan/Exciton_model/X-MACE, stdin=None, shell=False, universal_newlines=False)
2025-10-22 10:06:38.200 DEBUG: sys.platform='linux', git_executable='git'
2025-10-22 10:06:38.200 DEBUG: Popen(['git', 'cat-file', '--batch-check'], cwd=/home/rhyan/Exciton_model/X-MACE, stdin=<valid stream>, shell=False, universal_newlines=False)
2025-10-22 10:06:38.201 DEBUG: Current Git commit: 0861c52cf365064d060e006c179e4cc1785b61c2
2025-10-22 10:06:38.201 INFO: 
2025-10-22 10:06:38.201 INFO: ===========LOADING INPUT DATA===========
2025-10-22 10:06:39.198 INFO: Using random 10% of training set for validation with indices saved in: ./valid_indices_100.txt
2025-10-22 10:06:39.200 INFO: Atomic Numbers used: [1, 6, 7, 8]
2025-10-22 10:06:39.200 INFO: Isolated Atomic Energies (E0s) not in training file, using command line argument
2025-10-22 10:06:39.200 INFO: Computing average Atomic Energies using least squares regression
2025-10-22 10:06:39.207 INFO: Atomic Energies used (z: eV): {1: -967.8375379496284, 6: -1244.3625487923791, 7: -138.2625054213755, 8: -829.5750325282529}
2025-10-22 10:06:39.388 INFO: 
2025-10-22 10:06:39.388 INFO: ===========MODEL DETAILS===========
2025-10-22 10:06:39.547 INFO: Average number of neighbors: 15.6
2025-10-22 10:06:39.548 INFO: During training the following quantities will be reported: energy, forces, dipoles, nacs
2025-10-22 10:06:39.594 INFO: Building model
2025-10-22 10:06:39.594 INFO: Message passing with 32 channels and max_L=1 (32x0e + 32x1o)
2025-10-22 10:06:39.594 INFO: 2 layers, each with correlation order: 3 (body order: 4) and spherical harmonics up to: l=3
2025-10-22 10:06:39.594 INFO: 8 radial and 5 basis functions
2025-10-22 10:06:39.594 INFO: Radial cutoff: 5.0 Å (total receptive field for each atom: 10.0 Å)
2025-10-22 10:06:39.594 INFO: Distance transform for radial basis functions: None
2025-10-22 10:06:58.661 INFO: ===========VERIFYING SETTINGS===========
2025-10-22 10:06:58.661 INFO: MACE version: 0.3.6
2025-10-22 10:06:58.661 DEBUG: Configuration: Namespace(config=None, name='energies_forces', seed=100, work_dir='.', nacs_key='smooth_nacs', log_dir='./logs', model_dir='.', checkpoints_dir='./checkpoints', results_dir='./results', downloads_dir='./downloads', device='cuda', default_dtype='float32', distributed=False, log_level='INFO', n_energies=8, error_table='EnergyNacsDipoleMAE', model='ExcitedMACE', r_max=5.0, num_permutational_invariant=16, radial_type='bessel', num_radial_basis=8, num_cutoff_basis=5, pair_repulsion=False, distance_transform='None', interaction='RealAgnosticResidualInteractionBlock', interaction_first='RealAgnosticResidualInteractionBlock', max_ell=3, correlation=3, num_interactions=2, MLP_irreps='32x0e', radial_MLP='[64, 64, 64]', hidden_irreps='32x0e + 32x1o', num_channels=32, max_L=1, gate='silu', scaling='rms_forces_scaling', avg_num_neighbors=1, compute_avg_num_neighbors=True, compute_stress=False, compute_forces=True, compute_dipoles=True, compute_nacs=False, compute_socs=False, train_file='ENERGIES_FORCES_correct.xyz', valid_file=None, valid_fraction=0.1, test_file=None, test_dir=None, multi_processed_test=False, num_workers=0, pin_memory=True, atomic_numbers=None, mean=None, std=None, statistics_file=None, E0s='average', keep_isolated_atoms=False, energy_key='REF_energy', forces_key='REF_forces', virials_key='REF_virials', stress_key='REF_stress', dipoles_key='REF_dipoles', charges_key='REF_charges', loss='weighted', forces_weight=1.0, nacs_weight=100.0, socs_weight=100.0, soc_num=None, nac_num=None, swa_forces_weight=100.0, energy_weight=100.0, swa_energy_weight=1000.0, virials_weight=1.0, swa_virials_weight=10.0, stress_weight=1.0, swa_stress_weight=10.0, dipoles_weight=1.0, swa_dipole_weight=1.0, config_type_weights='{"Default":1.0}', huber_delta=0.01, optimizer='adam', beta=0.9, batch_size=100, valid_batch_size=10, lr=0.0001, swa_lr=0.001, weight_decay=5e-07, amsgrad=True, scheduler='ReduceLROnPlateau', lr_factor=0.8, scheduler_patience=50, lr_scheduler_gamma=0.9993, swa=False, start_swa=None, ema=True, ema_decay=0.99, max_num_epochs=100, patience=2048, foundation_model=None, foundation_model_readout=True, eval_interval=1, keep_checkpoints=False, save_all_checkpoints=False, restart_latest=False, save_cpu=False, clip_grad=10.0, wandb=False, wandb_dir=None, wandb_project='', wandb_entity='', wandb_name='', wandb_log_hypers=['num_channels', 'max_L', 'correlation', 'lr', 'swa_lr', 'weight_decay', 'batch_size', 'max_num_epochs', 'start_swa', 'energy_weight', 'forces_weight'])
2025-10-22 10:06:58.689 INFO: CUDA version: 12.4, CUDA device: 0
2025-10-22 10:06:58.706 DEBUG: Popen(['git', 'version'], cwd=/home/rhyan/Exciton_model/X-MACE, stdin=None, shell=False, universal_newlines=False)
2025-10-22 10:06:58.708 DEBUG: Popen(['git', 'version'], cwd=/home/rhyan/Exciton_model/X-MACE, stdin=None, shell=False, universal_newlines=False)
2025-10-22 10:06:58.709 DEBUG: sys.platform='linux', git_executable='git'
2025-10-22 10:06:58.709 DEBUG: Popen(['git', 'cat-file', '--batch-check'], cwd=/home/rhyan/Exciton_model/X-MACE, stdin=<valid stream>, shell=False, universal_newlines=False)
2025-10-22 10:06:58.710 DEBUG: Current Git commit: 0861c52cf365064d060e006c179e4cc1785b61c2
2025-10-22 10:06:58.710 INFO: 
2025-10-22 10:06:58.710 INFO: ===========LOADING INPUT DATA===========
2025-10-22 10:06:59.709 INFO: Using random 10% of training set for validation with indices saved in: ./valid_indices_100.txt
2025-10-22 10:06:59.710 INFO: Atomic Numbers used: [1, 6, 7, 8]
2025-10-22 10:06:59.710 INFO: Isolated Atomic Energies (E0s) not in training file, using command line argument
2025-10-22 10:06:59.710 INFO: Computing average Atomic Energies using least squares regression
2025-10-22 10:06:59.718 INFO: Atomic Energies used (z: eV): {1: -967.8375379496284, 6: -1244.3625487923791, 7: -138.2625054213755, 8: -829.5750325282529}
2025-10-22 10:06:59.899 INFO: 
2025-10-22 10:06:59.899 INFO: ===========MODEL DETAILS===========
2025-10-22 10:07:00.056 INFO: Average number of neighbors: 15.6
2025-10-22 10:07:00.057 INFO: During training the following quantities will be reported: energy, forces, dipoles, nacs
2025-10-22 10:07:00.103 INFO: Building model
2025-10-22 10:07:00.103 INFO: Message passing with 32 channels and max_L=1 (32x0e + 32x1o)
2025-10-22 10:07:00.103 INFO: 2 layers, each with correlation order: 3 (body order: 4) and spherical harmonics up to: l=3
2025-10-22 10:07:00.103 INFO: 8 radial and 5 basis functions
2025-10-22 10:07:00.103 INFO: Radial cutoff: 5.0 Å (total receptive field for each atom: 10.0 Å)
2025-10-22 10:07:00.103 INFO: Distance transform for radial basis functions: None
2025-10-22 10:07:00.811 DEBUG: ExcitedMACE(
  (node_embedding): LinearNodeEmbeddingBlock(
    (linear): Linear(4x0e -> 32x0e | 128 weights)
  )
  (radial_embedding): RadialEmbeddingBlock(
    (bessel_fn): BesselBasis(r_max=5.0, num_basis=8, trainable=False)
    (cutoff_fn): PolynomialCutoff(p=5.0, r_max=5.0)
  )
  (spherical_harmonics): SphericalHarmonics()
  (atomic_energies_fn): AtomicEnergiesBlock(energies=[-967.8375, -1244.3625, -138.2625, -829.5750])
  (interactions): ModuleList(
    (0): RealAgnosticInteractionBlock(
      (linear_up): Linear(32x0e -> 32x0e | 1024 weights)
      (conv_tp): TensorProduct(32x0e x 1x0e+1x1o+1x2e+1x3o -> 32x0e+32x1o+32x2e+32x3o | 128 paths | 128 weights)
      (conv_tp_weights): FullyConnectedNet[8, 64, 64, 64, 128]
      (linear): Linear(32x0e+32x1o+32x2e+32x3o -> 32x0e+32x1o+32x2e+32x3o | 4096 weights)
      (skip_tp): FullyConnectedTensorProduct(32x0e+32x1o+32x2e+32x3o x 4x0e -> 32x0e+32x1o+32x2e+32x3o | 16384 paths | 16384 weights)
      (reshape): reshape_irreps()
    )
    (1): RealAgnosticResidualInteractionBlock(
      (linear_up): Linear(32x0e+32x1o -> 32x0e+32x1o | 2048 weights)
      (conv_tp): TensorProduct(32x0e+32x1o x 1x0e+1x1o+1x2e+1x3o -> 64x0e+96x1o+96x2e+64x3o | 320 paths | 320 weights)
      (conv_tp_weights): FullyConnectedNet[8, 64, 64, 64, 320]
      (linear): Linear(64x0e+96x1o+96x2e+64x3o -> 32x0e+32x1o+32x2e+32x3o | 10240 weights)
      (skip_tp): FullyConnectedTensorProduct(32x0e+32x1o x 4x0e -> 32x0e | 4096 paths | 4096 weights)
      (reshape): reshape_irreps()
    )
  )
  (products): ModuleList(
    (0): EquivariantProductBasisBlock(
      (symmetric_contractions): SymmetricContraction(
        (contractions): ModuleList(
          (0): Contraction(
            (contractions_weighting): ModuleList(
              (0-1): 2 x GraphModule()
            )
            (contractions_features): ModuleList(
              (0-1): 2 x GraphModule()
            )
            (weights): ParameterList(
                (0): Parameter containing: [torch.float32 of size 4x4x32 (cuda:0)]
                (1): Parameter containing: [torch.float32 of size 4x1x32 (cuda:0)]
            )
            (graph_opt_main): GraphModule()
          )
          (1): Contraction(
            (contractions_weighting): ModuleList(
              (0-1): 2 x GraphModule()
            )
            (contractions_features): ModuleList(
              (0-1): 2 x GraphModule()
            )
            (weights): ParameterList(
                (0): Parameter containing: [torch.float32 of size 4x6x32 (cuda:0)]
                (1): Parameter containing: [torch.float32 of size 4x1x32 (cuda:0)]
            )
            (graph_opt_main): GraphModule()
          )
        )
      )
      (linear): Linear(32x0e+32x1o -> 32x0e+32x1o | 2048 weights)
    )
    (1): EquivariantProductBasisBlock(
      (symmetric_contractions): SymmetricContraction(
        (contractions): ModuleList(
          (0): Contraction(
            (contractions_weighting): ModuleList(
              (0-1): 2 x GraphModule()
            )
            (contractions_features): ModuleList(
              (0-1): 2 x GraphModule()
            )
            (weights): ParameterList(
                (0): Parameter containing: [torch.float32 of size 4x4x32 (cuda:0)]
                (1): Parameter containing: [torch.float32 of size 4x1x32 (cuda:0)]
            )
            (graph_opt_main): GraphModule()
          )
        )
      )
      (linear): Linear(32x0e -> 32x0e | 1024 weights)
    )
  )
  (readouts): ModuleList(
    (0): LinearDipoleReadoutBlock(
      (linear): Linear(32x0e+32x1o -> 8x0e | 256 weights)
    )
    (1): NonLinearDipoleReadoutBlock(
      (equivariant_nonlin): Gate (32x0e -> 32x0e)
      (linear_1): Linear(32x0e -> 32x0e | 1024 weights)
      (linear_2): Linear(32x0e -> 8x0e | 256 weights)
    )
  )
  (socs_readouts): ModuleList(
    (0): None
  )
)
2025-10-22 10:07:00.813 INFO: Total number of parameters: 103296
2025-10-22 10:07:00.813 INFO: 
2025-10-22 10:07:00.813 INFO: ===========OPTIMIZER INFORMATION===========
2025-10-22 10:07:00.813 INFO: Using ADAM as parameter optimizer
2025-10-22 10:07:00.813 INFO: Batch size: 100
2025-10-22 10:07:00.813 INFO: Using Exponential Moving Average with decay: 0.99
2025-10-22 10:07:00.813 INFO: Number of gradient updates: 769
2025-10-22 10:07:00.813 INFO: Learning rate: 0.0001, weight decay: 5e-07
2025-10-22 10:07:00.813 INFO: WeightedEnergyForcesNacsDipoleLoss(energy_weight=100.000, forces_weight=1.000, dipole_weight=1.000)
2025-10-22 10:07:00.814 INFO: Using gradient clipping with tolerance=10.000
2025-10-22 10:07:00.814 INFO: 
2025-10-22 10:07:00.814 INFO: ===========TRAINING===========
2025-10-22 10:07:00.814 INFO: Started training, reporting errors on validation set
2025-10-22 10:07:00.814 INFO: Loss metrics on validation set
2025-10-22 10:07:03.213 DEBUG: Saving info: ./results/energies_forces_run-100_train.txt
2025-10-22 10:07:04.138 DEBUG: Saving info: ./results/energies_forces_run-100_train.txt
2025-10-22 10:07:05.176 DEBUG: Saving info: ./results/energies_forces_run-100_train.txt
2025-10-22 10:07:06.260 DEBUG: Saving info: ./results/energies_forces_run-100_train.txt
2025-10-22 10:07:06.833 DEBUG: Saving info: ./results/energies_forces_run-100_train.txt
2025-10-22 10:07:07.406 DEBUG: Saving info: ./results/energies_forces_run-100_train.txt
2025-10-22 10:07:07.980 DEBUG: Saving info: ./results/energies_forces_run-100_train.txt
2025-10-22 10:07:08.554 DEBUG: Saving info: ./results/energies_forces_run-100_train.txt
2025-10-22 10:15:50.383 INFO: ===========VERIFYING SETTINGS===========
2025-10-22 10:15:50.383 INFO: MACE version: 0.3.6
2025-10-22 10:15:50.383 DEBUG: Configuration: Namespace(config=None, name='energies_forces', seed=100, work_dir='.', nacs_key='smooth_nacs', log_dir='./logs', model_dir='.', checkpoints_dir='./checkpoints', results_dir='./results', downloads_dir='./downloads', device='cuda', default_dtype='float32', distributed=False, log_level='INFO', n_energies=4, error_table='EnergyNacsDipoleMAE', model='ExcitedMACE', r_max=5.0, num_permutational_invariant=16, radial_type='bessel', num_radial_basis=8, num_cutoff_basis=5, pair_repulsion=False, distance_transform='None', interaction='RealAgnosticResidualInteractionBlock', interaction_first='RealAgnosticResidualInteractionBlock', max_ell=3, correlation=3, num_interactions=2, MLP_irreps='32x0e', radial_MLP='[64, 64, 64]', hidden_irreps='32x0e + 32x1o', num_channels=32, max_L=1, gate='silu', scaling='rms_forces_scaling', avg_num_neighbors=1, compute_avg_num_neighbors=True, compute_stress=False, compute_forces=True, compute_dipoles=True, compute_nacs=True, compute_socs=True, train_file='SINGLET_SOC_ALL.xyz', valid_file=None, valid_fraction=0.1, test_file=None, test_dir=None, multi_processed_test=False, num_workers=0, pin_memory=True, atomic_numbers=None, mean=None, std=None, statistics_file=None, E0s='average', keep_isolated_atoms=False, energy_key='REF_energy', forces_key='REF_forces', virials_key='REF_virials', stress_key='REF_stress', dipoles_key='REF_dipoles', charges_key='REF_charges', loss='weighted', forces_weight=1.0, nacs_weight=10.0, socs_weight=10.0, soc_num=252, nac_num=6, swa_forces_weight=100.0, energy_weight=100.0, swa_energy_weight=1000.0, virials_weight=1.0, swa_virials_weight=10.0, stress_weight=1.0, swa_stress_weight=10.0, dipoles_weight=1.0, swa_dipole_weight=1.0, config_type_weights='{"Default":1.0}', huber_delta=0.01, optimizer='adam', beta=0.9, batch_size=10, valid_batch_size=10, lr=0.0001, swa_lr=0.001, weight_decay=5e-07, amsgrad=True, scheduler='ReduceLROnPlateau', lr_factor=0.8, scheduler_patience=50, lr_scheduler_gamma=0.9993, swa=False, start_swa=None, ema=True, ema_decay=0.99, max_num_epochs=100, patience=2048, foundation_model=None, foundation_model_readout=True, eval_interval=1, keep_checkpoints=False, save_all_checkpoints=False, restart_latest=False, save_cpu=False, clip_grad=10.0, wandb=False, wandb_dir=None, wandb_project='', wandb_entity='', wandb_name='', wandb_log_hypers=['num_channels', 'max_L', 'correlation', 'lr', 'swa_lr', 'weight_decay', 'batch_size', 'max_num_epochs', 'start_swa', 'energy_weight', 'forces_weight'])
2025-10-22 10:15:50.411 INFO: CUDA version: 12.4, CUDA device: 0
2025-10-22 10:15:50.428 DEBUG: Popen(['git', 'version'], cwd=/home/rhyan/Exciton_model/X-MACE, stdin=None, shell=False, universal_newlines=False)
2025-10-22 10:15:50.430 DEBUG: Popen(['git', 'version'], cwd=/home/rhyan/Exciton_model/X-MACE, stdin=None, shell=False, universal_newlines=False)
2025-10-22 10:15:50.431 DEBUG: sys.platform='linux', git_executable='git'
2025-10-22 10:15:50.432 DEBUG: Popen(['git', 'cat-file', '--batch-check'], cwd=/home/rhyan/Exciton_model/X-MACE, stdin=<valid stream>, shell=False, universal_newlines=False)
2025-10-22 10:15:50.433 DEBUG: Current Git commit: 0861c52cf365064d060e006c179e4cc1785b61c2
2025-10-22 10:15:50.433 INFO: 
2025-10-22 10:15:50.433 INFO: ===========LOADING INPUT DATA===========
2025-10-22 10:15:55.226 INFO: Using random 10% of training set for validation with indices saved in: ./valid_indices_100.txt
2025-10-22 10:15:55.228 INFO: Atomic Numbers used: [1, 6, 7, 8]
2025-10-22 10:15:55.228 INFO: Isolated Atomic Energies (E0s) not in training file, using command line argument
2025-10-22 10:15:55.228 INFO: Computing average Atomic Energies using least squares regression
2025-10-22 10:15:55.235 INFO: Atomic Energies used (z: eV): {1: -967.8427909292559, 6: -1244.3693026233295, 7: -138.2632558470366, 8: -829.5795350822196}
2025-10-22 10:15:55.441 INFO: 
2025-10-22 10:15:55.441 INFO: ===========MODEL DETAILS===========
2025-10-22 10:15:55.642 INFO: Average number of neighbors: 15.7
2025-10-22 10:15:55.642 INFO: During training the following quantities will be reported: energy, forces, dipoles, nacs
2025-10-22 10:15:55.734 INFO: Building model
2025-10-22 10:15:55.734 INFO: Message passing with 32 channels and max_L=1 (32x0e + 32x1o)
2025-10-22 10:15:55.734 INFO: 2 layers, each with correlation order: 3 (body order: 4) and spherical harmonics up to: l=3
2025-10-22 10:15:55.734 INFO: 8 radial and 5 basis functions
2025-10-22 10:15:55.734 INFO: Radial cutoff: 5.0 Å (total receptive field for each atom: 10.0 Å)
2025-10-22 10:15:55.734 INFO: Distance transform for radial basis functions: None
2025-10-22 10:15:56.532 DEBUG: ExcitedMACE(
  (node_embedding): LinearNodeEmbeddingBlock(
    (linear): Linear(4x0e -> 32x0e | 128 weights)
  )
  (radial_embedding): RadialEmbeddingBlock(
    (bessel_fn): BesselBasis(r_max=5.0, num_basis=8, trainable=False)
    (cutoff_fn): PolynomialCutoff(p=5.0, r_max=5.0)
  )
  (spherical_harmonics): SphericalHarmonics()
  (atomic_energies_fn): AtomicEnergiesBlock(energies=[-967.8428, -1244.3693, -138.2633, -829.5795])
  (interactions): ModuleList(
    (0): RealAgnosticInteractionBlock(
      (linear_up): Linear(32x0e -> 32x0e | 1024 weights)
      (conv_tp): TensorProduct(32x0e x 1x0e+1x1o+1x2e+1x3o -> 32x0e+32x1o+32x2e+32x3o | 128 paths | 128 weights)
      (conv_tp_weights): FullyConnectedNet[8, 64, 64, 64, 128]
      (linear): Linear(32x0e+32x1o+32x2e+32x3o -> 32x0e+32x1o+32x2e+32x3o | 4096 weights)
      (skip_tp): FullyConnectedTensorProduct(32x0e+32x1o+32x2e+32x3o x 4x0e -> 32x0e+32x1o+32x2e+32x3o | 16384 paths | 16384 weights)
      (reshape): reshape_irreps()
    )
    (1): RealAgnosticResidualInteractionBlock(
      (linear_up): Linear(32x0e+32x1o -> 32x0e+32x1o | 2048 weights)
      (conv_tp): TensorProduct(32x0e+32x1o x 1x0e+1x1o+1x2e+1x3o -> 64x0e+96x1o+96x2e+64x3o | 320 paths | 320 weights)
      (conv_tp_weights): FullyConnectedNet[8, 64, 64, 64, 320]
      (linear): Linear(64x0e+96x1o+96x2e+64x3o -> 32x0e+32x1o+32x2e+32x3o | 10240 weights)
      (skip_tp): FullyConnectedTensorProduct(32x0e+32x1o x 4x0e -> 32x0e | 4096 paths | 4096 weights)
      (reshape): reshape_irreps()
    )
  )
  (products): ModuleList(
    (0): EquivariantProductBasisBlock(
      (symmetric_contractions): SymmetricContraction(
        (contractions): ModuleList(
          (0): Contraction(
            (contractions_weighting): ModuleList(
              (0-1): 2 x GraphModule()
            )
            (contractions_features): ModuleList(
              (0-1): 2 x GraphModule()
            )
            (weights): ParameterList(
                (0): Parameter containing: [torch.float32 of size 4x4x32 (cuda:0)]
                (1): Parameter containing: [torch.float32 of size 4x1x32 (cuda:0)]
            )
            (graph_opt_main): GraphModule()
          )
          (1): Contraction(
            (contractions_weighting): ModuleList(
              (0-1): 2 x GraphModule()
            )
            (contractions_features): ModuleList(
              (0-1): 2 x GraphModule()
            )
            (weights): ParameterList(
                (0): Parameter containing: [torch.float32 of size 4x6x32 (cuda:0)]
                (1): Parameter containing: [torch.float32 of size 4x1x32 (cuda:0)]
            )
            (graph_opt_main): GraphModule()
          )
        )
      )
      (linear): Linear(32x0e+32x1o -> 32x0e+32x1o | 2048 weights)
    )
    (1): EquivariantProductBasisBlock(
      (symmetric_contractions): SymmetricContraction(
        (contractions): ModuleList(
          (0): Contraction(
            (contractions_weighting): ModuleList(
              (0-1): 2 x GraphModule()
            )
            (contractions_features): ModuleList(
              (0-1): 2 x GraphModule()
            )
            (weights): ParameterList(
                (0): Parameter containing: [torch.float32 of size 4x4x32 (cuda:0)]
                (1): Parameter containing: [torch.float32 of size 4x1x32 (cuda:0)]
            )
            (graph_opt_main): GraphModule()
          )
        )
      )
      (linear): Linear(32x0e -> 32x0e | 1024 weights)
    )
  )
  (readouts): ModuleList(
    (0): LinearDipoleReadoutBlock(
      (linear): Linear(32x0e+32x1o -> 4x0e+6x1o | 320 weights)
    )
    (1): NonLinearDipoleReadoutBlock(
      (equivariant_nonlin): Gate (32x0e -> 32x0e)
      (linear_1): Linear(32x0e -> 32x0e | 1024 weights)
      (linear_2): Linear(32x0e -> 4x0e+6x1o | 128 weights)
    )
  )
  (socs_readouts): ModuleList(
    (0): LinearSocReadoutBlock(
      (linear): Linear(32x0e+32x1o -> 252x0e | 8064 weights)
    )
    (1): NonLinearSocReadoutBlock(
      (equivariant_nonlin): Gate (32x0e -> 32x0e)
      (linear_1): Linear(32x0e -> 32x0e | 1024 weights)
      (linear_2): Linear(32x0e -> 252x0e | 8064 weights)
    )
  )
)
2025-10-22 10:15:56.534 INFO: Total number of parameters: 120384
2025-10-22 10:15:56.534 INFO: 
2025-10-22 10:15:56.534 INFO: ===========OPTIMIZER INFORMATION===========
2025-10-22 10:15:56.534 INFO: Using ADAM as parameter optimizer
2025-10-22 10:15:56.534 INFO: Batch size: 10
2025-10-22 10:15:56.534 INFO: Using Exponential Moving Average with decay: 0.99
2025-10-22 10:15:56.534 INFO: Number of gradient updates: 8550
2025-10-22 10:15:56.534 INFO: Learning rate: 0.0001, weight decay: 5e-07
2025-10-22 10:15:56.534 INFO: WeightedEnergyForcesNacsDipoleLoss(energy_weight=100.000, forces_weight=1.000, dipole_weight=1.000)
2025-10-22 10:15:56.535 INFO: Using gradient clipping with tolerance=10.000
2025-10-22 10:15:56.535 INFO: 
2025-10-22 10:15:56.535 INFO: ===========TRAINING===========
2025-10-22 10:15:56.535 INFO: Started training, reporting errors on validation set
2025-10-22 10:15:56.535 INFO: Loss metrics on validation set
2025-10-22 10:19:04.397 INFO: ===========VERIFYING SETTINGS===========
2025-10-22 10:19:04.398 INFO: MACE version: 0.3.6
2025-10-22 10:19:04.398 DEBUG: Configuration: Namespace(config=None, name='energies_forces', seed=100, work_dir='.', nacs_key='smooth_nacs', log_dir='./logs', model_dir='.', checkpoints_dir='./checkpoints', results_dir='./results', downloads_dir='./downloads', device='cuda', default_dtype='float32', distributed=False, log_level='INFO', n_energies=4, error_table='EnergyNacsDipoleMAE', model='ExcitedMACE', r_max=5.0, num_permutational_invariant=16, radial_type='bessel', num_radial_basis=8, num_cutoff_basis=5, pair_repulsion=False, distance_transform='None', interaction='RealAgnosticResidualInteractionBlock', interaction_first='RealAgnosticResidualInteractionBlock', max_ell=3, correlation=3, num_interactions=2, MLP_irreps='32x0e', radial_MLP='[64, 64, 64]', hidden_irreps='32x0e + 32x1o', num_channels=32, max_L=1, gate='silu', scaling='rms_forces_scaling', avg_num_neighbors=1, compute_avg_num_neighbors=True, compute_stress=False, compute_forces=True, compute_dipoles=True, compute_nacs=True, compute_socs=True, train_file='SINGLET_SOC_ALL.xyz', valid_file=None, valid_fraction=0.1, test_file=None, test_dir=None, multi_processed_test=False, num_workers=0, pin_memory=True, atomic_numbers=None, mean=None, std=None, statistics_file=None, E0s='average', keep_isolated_atoms=False, energy_key='REF_energy', forces_key='REF_forces', virials_key='REF_virials', stress_key='REF_stress', dipoles_key='REF_dipoles', charges_key='REF_charges', loss='weighted', forces_weight=1.0, nacs_weight=10.0, socs_weight=10.0, soc_num=252, nac_num=6, swa_forces_weight=100.0, energy_weight=100.0, swa_energy_weight=1000.0, virials_weight=1.0, swa_virials_weight=10.0, stress_weight=1.0, swa_stress_weight=10.0, dipoles_weight=1.0, swa_dipole_weight=1.0, config_type_weights='{"Default":1.0}', huber_delta=0.01, optimizer='adam', beta=0.9, batch_size=10, valid_batch_size=10, lr=0.0001, swa_lr=0.001, weight_decay=5e-07, amsgrad=True, scheduler='ReduceLROnPlateau', lr_factor=0.8, scheduler_patience=50, lr_scheduler_gamma=0.9993, swa=False, start_swa=None, ema=True, ema_decay=0.99, max_num_epochs=100, patience=2048, foundation_model=None, foundation_model_readout=True, eval_interval=1, keep_checkpoints=False, save_all_checkpoints=False, restart_latest=False, save_cpu=False, clip_grad=10.0, wandb=False, wandb_dir=None, wandb_project='', wandb_entity='', wandb_name='', wandb_log_hypers=['num_channels', 'max_L', 'correlation', 'lr', 'swa_lr', 'weight_decay', 'batch_size', 'max_num_epochs', 'start_swa', 'energy_weight', 'forces_weight'])
2025-10-22 10:19:04.425 INFO: CUDA version: 12.4, CUDA device: 0
2025-10-22 10:19:04.443 DEBUG: Popen(['git', 'version'], cwd=/home/rhyan/Exciton_model/X-MACE, stdin=None, shell=False, universal_newlines=False)
2025-10-22 10:19:04.444 DEBUG: Popen(['git', 'version'], cwd=/home/rhyan/Exciton_model/X-MACE, stdin=None, shell=False, universal_newlines=False)
2025-10-22 10:19:04.445 DEBUG: sys.platform='linux', git_executable='git'
2025-10-22 10:19:04.446 DEBUG: Popen(['git', 'cat-file', '--batch-check'], cwd=/home/rhyan/Exciton_model/X-MACE, stdin=<valid stream>, shell=False, universal_newlines=False)
2025-10-22 10:19:04.447 DEBUG: Current Git commit: 0861c52cf365064d060e006c179e4cc1785b61c2
2025-10-22 10:19:04.447 INFO: 
2025-10-22 10:19:04.447 INFO: ===========LOADING INPUT DATA===========
2025-10-22 10:19:09.240 INFO: Using random 10% of training set for validation with indices saved in: ./valid_indices_100.txt
2025-10-22 10:19:09.242 INFO: Atomic Numbers used: [1, 6, 7, 8]
2025-10-22 10:19:09.242 INFO: Isolated Atomic Energies (E0s) not in training file, using command line argument
2025-10-22 10:19:09.242 INFO: Computing average Atomic Energies using least squares regression
2025-10-22 10:19:09.250 INFO: Atomic Energies used (z: eV): {1: -967.8427909292559, 6: -1244.3693026233295, 7: -138.2632558470366, 8: -829.5795350822196}
2025-10-22 10:19:09.452 INFO: 
2025-10-22 10:19:09.452 INFO: ===========MODEL DETAILS===========
2025-10-22 10:19:09.652 INFO: Average number of neighbors: 15.7
2025-10-22 10:19:09.652 INFO: During training the following quantities will be reported: energy, forces, dipoles, nacs
2025-10-22 10:19:09.745 INFO: Building model
2025-10-22 10:19:09.745 INFO: Message passing with 32 channels and max_L=1 (32x0e + 32x1o)
2025-10-22 10:19:09.745 INFO: 2 layers, each with correlation order: 3 (body order: 4) and spherical harmonics up to: l=3
2025-10-22 10:19:09.745 INFO: 8 radial and 5 basis functions
2025-10-22 10:19:09.745 INFO: Radial cutoff: 5.0 Å (total receptive field for each atom: 10.0 Å)
2025-10-22 10:19:09.745 INFO: Distance transform for radial basis functions: None
2025-10-22 10:20:39.917 INFO: ===========VERIFYING SETTINGS===========
2025-10-22 10:20:39.917 INFO: MACE version: 0.3.6
2025-10-22 10:20:39.917 DEBUG: Configuration: Namespace(config=None, name='energies_forces', seed=100, work_dir='.', nacs_key='smooth_nacs', log_dir='./logs', model_dir='.', checkpoints_dir='./checkpoints', results_dir='./results', downloads_dir='./downloads', device='cuda', default_dtype='float32', distributed=False, log_level='INFO', n_energies=4, error_table='EnergyNacsDipoleMAE', model='ExcitedMACE', r_max=5.0, num_permutational_invariant=16, radial_type='bessel', num_radial_basis=8, num_cutoff_basis=5, pair_repulsion=False, distance_transform='None', interaction='RealAgnosticResidualInteractionBlock', interaction_first='RealAgnosticResidualInteractionBlock', max_ell=3, correlation=3, num_interactions=2, MLP_irreps='32x0e', radial_MLP='[64, 64, 64]', hidden_irreps='32x0e + 32x1o', num_channels=32, max_L=1, gate='silu', scaling='rms_forces_scaling', avg_num_neighbors=1, compute_avg_num_neighbors=True, compute_stress=False, compute_forces=True, compute_dipoles=True, compute_nacs=True, compute_socs=True, train_file='SINGLET_SOC_ALL.xyz', valid_file=None, valid_fraction=0.1, test_file=None, test_dir=None, multi_processed_test=False, num_workers=0, pin_memory=True, atomic_numbers=None, mean=None, std=None, statistics_file=None, E0s='average', keep_isolated_atoms=False, energy_key='REF_energy', forces_key='REF_forces', virials_key='REF_virials', stress_key='REF_stress', dipoles_key='REF_dipoles', charges_key='REF_charges', loss='weighted', forces_weight=1.0, nacs_weight=10.0, socs_weight=10.0, soc_num=252, nac_num=6, swa_forces_weight=100.0, energy_weight=100.0, swa_energy_weight=1000.0, virials_weight=1.0, swa_virials_weight=10.0, stress_weight=1.0, swa_stress_weight=10.0, dipoles_weight=1.0, swa_dipole_weight=1.0, config_type_weights='{"Default":1.0}', huber_delta=0.01, optimizer='adam', beta=0.9, batch_size=10, valid_batch_size=10, lr=0.0001, swa_lr=0.001, weight_decay=5e-07, amsgrad=True, scheduler='ReduceLROnPlateau', lr_factor=0.8, scheduler_patience=50, lr_scheduler_gamma=0.9993, swa=False, start_swa=None, ema=True, ema_decay=0.99, max_num_epochs=100, patience=2048, foundation_model=None, foundation_model_readout=True, eval_interval=1, keep_checkpoints=False, save_all_checkpoints=False, restart_latest=False, save_cpu=False, clip_grad=10.0, wandb=False, wandb_dir=None, wandb_project='', wandb_entity='', wandb_name='', wandb_log_hypers=['num_channels', 'max_L', 'correlation', 'lr', 'swa_lr', 'weight_decay', 'batch_size', 'max_num_epochs', 'start_swa', 'energy_weight', 'forces_weight'])
2025-10-22 10:20:39.945 INFO: CUDA version: 12.4, CUDA device: 0
2025-10-22 10:20:39.962 DEBUG: Popen(['git', 'version'], cwd=/home/rhyan/Exciton_model/X-MACE, stdin=None, shell=False, universal_newlines=False)
2025-10-22 10:20:39.964 DEBUG: Popen(['git', 'version'], cwd=/home/rhyan/Exciton_model/X-MACE, stdin=None, shell=False, universal_newlines=False)
2025-10-22 10:20:39.965 DEBUG: sys.platform='linux', git_executable='git'
2025-10-22 10:20:39.965 DEBUG: Popen(['git', 'cat-file', '--batch-check'], cwd=/home/rhyan/Exciton_model/X-MACE, stdin=<valid stream>, shell=False, universal_newlines=False)
2025-10-22 10:20:39.966 DEBUG: Current Git commit: 0861c52cf365064d060e006c179e4cc1785b61c2
2025-10-22 10:20:39.966 INFO: 
2025-10-22 10:20:39.966 INFO: ===========LOADING INPUT DATA===========
2025-10-22 10:20:44.754 INFO: Using random 10% of training set for validation with indices saved in: ./valid_indices_100.txt
2025-10-22 10:20:44.756 INFO: Atomic Numbers used: [1, 6, 7, 8]
2025-10-22 10:20:44.756 INFO: Isolated Atomic Energies (E0s) not in training file, using command line argument
2025-10-22 10:20:44.756 INFO: Computing average Atomic Energies using least squares regression
2025-10-22 10:20:44.764 INFO: Atomic Energies used (z: eV): {1: -967.8427909292559, 6: -1244.3693026233295, 7: -138.2632558470366, 8: -829.5795350822196}
2025-10-22 10:20:44.968 INFO: 
2025-10-22 10:20:44.968 INFO: ===========MODEL DETAILS===========
2025-10-22 10:20:45.170 INFO: Average number of neighbors: 15.7
2025-10-22 10:20:45.170 INFO: During training the following quantities will be reported: energy, forces, dipoles, nacs
2025-10-22 10:20:45.262 INFO: Building model
2025-10-22 10:20:45.263 INFO: Message passing with 32 channels and max_L=1 (32x0e + 32x1o)
2025-10-22 10:20:45.263 INFO: 2 layers, each with correlation order: 3 (body order: 4) and spherical harmonics up to: l=3
2025-10-22 10:20:45.263 INFO: 8 radial and 5 basis functions
2025-10-22 10:20:45.263 INFO: Radial cutoff: 5.0 Å (total receptive field for each atom: 10.0 Å)
2025-10-22 10:20:45.263 INFO: Distance transform for radial basis functions: None
2025-10-22 10:21:13.727 INFO: ===========VERIFYING SETTINGS===========
2025-10-22 10:21:13.727 INFO: MACE version: 0.3.6
2025-10-22 10:21:13.727 DEBUG: Configuration: Namespace(config=None, name='energies_forces', seed=100, work_dir='.', nacs_key='smooth_nacs', log_dir='./logs', model_dir='.', checkpoints_dir='./checkpoints', results_dir='./results', downloads_dir='./downloads', device='cuda', default_dtype='float32', distributed=False, log_level='INFO', n_energies=4, error_table='EnergyNacsDipoleMAE', model='ExcitedMACE', r_max=5.0, num_permutational_invariant=16, radial_type='bessel', num_radial_basis=8, num_cutoff_basis=5, pair_repulsion=False, distance_transform='None', interaction='RealAgnosticResidualInteractionBlock', interaction_first='RealAgnosticResidualInteractionBlock', max_ell=3, correlation=3, num_interactions=2, MLP_irreps='32x0e', radial_MLP='[64, 64, 64]', hidden_irreps='32x0e + 32x1o', num_channels=32, max_L=1, gate='silu', scaling='rms_forces_scaling', avg_num_neighbors=1, compute_avg_num_neighbors=True, compute_stress=False, compute_forces=True, compute_dipoles=True, compute_nacs=True, compute_socs=True, train_file='SINGLET_SOC_ALL.xyz', valid_file=None, valid_fraction=0.1, test_file=None, test_dir=None, multi_processed_test=False, num_workers=0, pin_memory=True, atomic_numbers=None, mean=None, std=None, statistics_file=None, E0s='average', keep_isolated_atoms=False, energy_key='REF_energy', forces_key='REF_forces', virials_key='REF_virials', stress_key='REF_stress', dipoles_key='REF_dipoles', charges_key='REF_charges', loss='weighted', forces_weight=1.0, nacs_weight=10.0, socs_weight=10.0, soc_num=252, nac_num=6, swa_forces_weight=100.0, energy_weight=100.0, swa_energy_weight=1000.0, virials_weight=1.0, swa_virials_weight=10.0, stress_weight=1.0, swa_stress_weight=10.0, dipoles_weight=1.0, swa_dipole_weight=1.0, config_type_weights='{"Default":1.0}', huber_delta=0.01, optimizer='adam', beta=0.9, batch_size=10, valid_batch_size=10, lr=0.0001, swa_lr=0.001, weight_decay=5e-07, amsgrad=True, scheduler='ReduceLROnPlateau', lr_factor=0.8, scheduler_patience=50, lr_scheduler_gamma=0.9993, swa=False, start_swa=None, ema=True, ema_decay=0.99, max_num_epochs=100, patience=2048, foundation_model=None, foundation_model_readout=True, eval_interval=1, keep_checkpoints=False, save_all_checkpoints=False, restart_latest=False, save_cpu=False, clip_grad=10.0, wandb=False, wandb_dir=None, wandb_project='', wandb_entity='', wandb_name='', wandb_log_hypers=['num_channels', 'max_L', 'correlation', 'lr', 'swa_lr', 'weight_decay', 'batch_size', 'max_num_epochs', 'start_swa', 'energy_weight', 'forces_weight'])
2025-10-22 10:21:13.754 INFO: CUDA version: 12.4, CUDA device: 0
2025-10-22 10:21:13.772 DEBUG: Popen(['git', 'version'], cwd=/home/rhyan/Exciton_model/X-MACE, stdin=None, shell=False, universal_newlines=False)
2025-10-22 10:21:13.773 DEBUG: Popen(['git', 'version'], cwd=/home/rhyan/Exciton_model/X-MACE, stdin=None, shell=False, universal_newlines=False)
2025-10-22 10:21:13.775 DEBUG: sys.platform='linux', git_executable='git'
2025-10-22 10:21:13.775 DEBUG: Popen(['git', 'cat-file', '--batch-check'], cwd=/home/rhyan/Exciton_model/X-MACE, stdin=<valid stream>, shell=False, universal_newlines=False)
2025-10-22 10:21:13.776 DEBUG: Current Git commit: 0861c52cf365064d060e006c179e4cc1785b61c2
2025-10-22 10:21:13.776 INFO: 
2025-10-22 10:21:13.776 INFO: ===========LOADING INPUT DATA===========
2025-10-22 10:21:18.568 INFO: Using random 10% of training set for validation with indices saved in: ./valid_indices_100.txt
2025-10-22 10:21:18.570 INFO: Atomic Numbers used: [1, 6, 7, 8]
2025-10-22 10:21:18.570 INFO: Isolated Atomic Energies (E0s) not in training file, using command line argument
2025-10-22 10:21:18.570 INFO: Computing average Atomic Energies using least squares regression
2025-10-22 10:21:18.578 INFO: Atomic Energies used (z: eV): {1: -967.8427909292559, 6: -1244.3693026233295, 7: -138.2632558470366, 8: -829.5795350822196}
2025-10-22 10:21:18.784 INFO: 
2025-10-22 10:21:18.784 INFO: ===========MODEL DETAILS===========
2025-10-22 10:21:18.989 INFO: Average number of neighbors: 15.7
2025-10-22 10:21:18.989 INFO: During training the following quantities will be reported: energy, forces, dipoles, nacs
2025-10-22 10:21:19.082 INFO: Building model
2025-10-22 10:21:19.083 INFO: Message passing with 32 channels and max_L=1 (32x0e + 32x1o)
2025-10-22 10:21:19.083 INFO: 2 layers, each with correlation order: 3 (body order: 4) and spherical harmonics up to: l=3
2025-10-22 10:21:19.083 INFO: 8 radial and 5 basis functions
2025-10-22 10:21:19.083 INFO: Radial cutoff: 5.0 Å (total receptive field for each atom: 10.0 Å)
2025-10-22 10:21:19.083 INFO: Distance transform for radial basis functions: None
2025-10-22 10:22:59.527 INFO: ===========VERIFYING SETTINGS===========
2025-10-22 10:22:59.527 INFO: MACE version: 0.3.6
2025-10-22 10:22:59.527 DEBUG: Configuration: Namespace(config=None, name='energies_forces', seed=100, work_dir='.', nacs_key='smooth_nacs', log_dir='./logs', model_dir='.', checkpoints_dir='./checkpoints', results_dir='./results', downloads_dir='./downloads', device='cuda', default_dtype='float32', distributed=False, log_level='INFO', n_energies=4, error_table='EnergyNacsDipoleMAE', model='ExcitedMACE', r_max=5.0, num_permutational_invariant=16, radial_type='bessel', num_radial_basis=8, num_cutoff_basis=5, pair_repulsion=False, distance_transform='None', interaction='RealAgnosticResidualInteractionBlock', interaction_first='RealAgnosticResidualInteractionBlock', max_ell=3, correlation=3, num_interactions=2, MLP_irreps='32x0e', radial_MLP='[64, 64, 64]', hidden_irreps='32x0e + 32x1o', num_channels=32, max_L=1, gate='silu', scaling='rms_forces_scaling', avg_num_neighbors=1, compute_avg_num_neighbors=True, compute_stress=False, compute_forces=True, compute_dipoles=True, compute_nacs=True, compute_socs=True, train_file='SINGLET_SOC_ALL.xyz', valid_file=None, valid_fraction=0.1, test_file=None, test_dir=None, multi_processed_test=False, num_workers=0, pin_memory=True, atomic_numbers=None, mean=None, std=None, statistics_file=None, E0s='average', keep_isolated_atoms=False, energy_key='REF_energy', forces_key='REF_forces', virials_key='REF_virials', stress_key='REF_stress', dipoles_key='REF_dipoles', charges_key='REF_charges', loss='weighted', forces_weight=1.0, nacs_weight=10.0, socs_weight=10.0, soc_num=252, nac_num=6, swa_forces_weight=100.0, energy_weight=100.0, swa_energy_weight=1000.0, virials_weight=1.0, swa_virials_weight=10.0, stress_weight=1.0, swa_stress_weight=10.0, dipoles_weight=1.0, swa_dipole_weight=1.0, config_type_weights='{"Default":1.0}', huber_delta=0.01, optimizer='adam', beta=0.9, batch_size=10, valid_batch_size=10, lr=0.0001, swa_lr=0.001, weight_decay=5e-07, amsgrad=True, scheduler='ReduceLROnPlateau', lr_factor=0.8, scheduler_patience=50, lr_scheduler_gamma=0.9993, swa=False, start_swa=None, ema=True, ema_decay=0.99, max_num_epochs=100, patience=2048, foundation_model=None, foundation_model_readout=True, eval_interval=1, keep_checkpoints=False, save_all_checkpoints=False, restart_latest=False, save_cpu=False, clip_grad=10.0, wandb=False, wandb_dir=None, wandb_project='', wandb_entity='', wandb_name='', wandb_log_hypers=['num_channels', 'max_L', 'correlation', 'lr', 'swa_lr', 'weight_decay', 'batch_size', 'max_num_epochs', 'start_swa', 'energy_weight', 'forces_weight'])
2025-10-22 10:22:59.554 INFO: CUDA version: 12.4, CUDA device: 0
2025-10-22 10:22:59.571 DEBUG: Popen(['git', 'version'], cwd=/home/rhyan/Exciton_model/X-MACE, stdin=None, shell=False, universal_newlines=False)
2025-10-22 10:22:59.573 DEBUG: Popen(['git', 'version'], cwd=/home/rhyan/Exciton_model/X-MACE, stdin=None, shell=False, universal_newlines=False)
2025-10-22 10:22:59.574 DEBUG: sys.platform='linux', git_executable='git'
2025-10-22 10:22:59.575 DEBUG: Popen(['git', 'cat-file', '--batch-check'], cwd=/home/rhyan/Exciton_model/X-MACE, stdin=<valid stream>, shell=False, universal_newlines=False)
2025-10-22 10:22:59.576 DEBUG: Current Git commit: 0861c52cf365064d060e006c179e4cc1785b61c2
2025-10-22 10:22:59.576 INFO: 
2025-10-22 10:22:59.576 INFO: ===========LOADING INPUT DATA===========
2025-10-22 10:23:04.372 INFO: Using random 10% of training set for validation with indices saved in: ./valid_indices_100.txt
2025-10-22 10:23:04.374 INFO: Atomic Numbers used: [1, 6, 7, 8]
2025-10-22 10:23:04.374 INFO: Isolated Atomic Energies (E0s) not in training file, using command line argument
2025-10-22 10:23:04.374 INFO: Computing average Atomic Energies using least squares regression
2025-10-22 10:23:04.382 INFO: Atomic Energies used (z: eV): {1: -967.8427909292559, 6: -1244.3693026233295, 7: -138.2632558470366, 8: -829.5795350822196}
2025-10-22 10:23:04.601 INFO: 
2025-10-22 10:23:04.601 INFO: ===========MODEL DETAILS===========
2025-10-22 10:23:04.805 INFO: Average number of neighbors: 15.7
2025-10-22 10:23:04.805 INFO: During training the following quantities will be reported: energy, forces, dipoles, nacs
2025-10-22 10:23:04.901 INFO: Building model
2025-10-22 10:23:04.901 INFO: Message passing with 32 channels and max_L=1 (32x0e + 32x1o)
2025-10-22 10:23:04.901 INFO: 2 layers, each with correlation order: 3 (body order: 4) and spherical harmonics up to: l=3
2025-10-22 10:23:04.901 INFO: 8 radial and 5 basis functions
2025-10-22 10:23:04.901 INFO: Radial cutoff: 5.0 Å (total receptive field for each atom: 10.0 Å)
2025-10-22 10:23:04.901 INFO: Distance transform for radial basis functions: None
2025-10-22 10:23:22.585 INFO: ===========VERIFYING SETTINGS===========
2025-10-22 10:23:22.585 INFO: MACE version: 0.3.6
2025-10-22 10:23:22.585 DEBUG: Configuration: Namespace(config=None, name='energies_forces', seed=100, work_dir='.', nacs_key='smooth_nacs', log_dir='./logs', model_dir='.', checkpoints_dir='./checkpoints', results_dir='./results', downloads_dir='./downloads', device='cuda', default_dtype='float32', distributed=False, log_level='INFO', n_energies=4, error_table='EnergyNacsDipoleMAE', model='ExcitedMACE', r_max=5.0, num_permutational_invariant=16, radial_type='bessel', num_radial_basis=8, num_cutoff_basis=5, pair_repulsion=False, distance_transform='None', interaction='RealAgnosticResidualInteractionBlock', interaction_first='RealAgnosticResidualInteractionBlock', max_ell=3, correlation=3, num_interactions=2, MLP_irreps='32x0e', radial_MLP='[64, 64, 64]', hidden_irreps='32x0e + 32x1o', num_channels=32, max_L=1, gate='silu', scaling='rms_forces_scaling', avg_num_neighbors=1, compute_avg_num_neighbors=True, compute_stress=False, compute_forces=True, compute_dipoles=True, compute_nacs=True, compute_socs=True, train_file='SINGLET_SOC_ALL.xyz', valid_file=None, valid_fraction=0.1, test_file=None, test_dir=None, multi_processed_test=False, num_workers=0, pin_memory=True, atomic_numbers=None, mean=None, std=None, statistics_file=None, E0s='average', keep_isolated_atoms=False, energy_key='REF_energy', forces_key='REF_forces', virials_key='REF_virials', stress_key='REF_stress', dipoles_key='REF_dipoles', charges_key='REF_charges', loss='weighted', forces_weight=1.0, nacs_weight=10.0, socs_weight=10.0, soc_num=252, nac_num=6, swa_forces_weight=100.0, energy_weight=100.0, swa_energy_weight=1000.0, virials_weight=1.0, swa_virials_weight=10.0, stress_weight=1.0, swa_stress_weight=10.0, dipoles_weight=1.0, swa_dipole_weight=1.0, config_type_weights='{"Default":1.0}', huber_delta=0.01, optimizer='adam', beta=0.9, batch_size=10, valid_batch_size=10, lr=0.0001, swa_lr=0.001, weight_decay=5e-07, amsgrad=True, scheduler='ReduceLROnPlateau', lr_factor=0.8, scheduler_patience=50, lr_scheduler_gamma=0.9993, swa=False, start_swa=None, ema=True, ema_decay=0.99, max_num_epochs=100, patience=2048, foundation_model=None, foundation_model_readout=True, eval_interval=1, keep_checkpoints=False, save_all_checkpoints=False, restart_latest=False, save_cpu=False, clip_grad=10.0, wandb=False, wandb_dir=None, wandb_project='', wandb_entity='', wandb_name='', wandb_log_hypers=['num_channels', 'max_L', 'correlation', 'lr', 'swa_lr', 'weight_decay', 'batch_size', 'max_num_epochs', 'start_swa', 'energy_weight', 'forces_weight'])
2025-10-22 10:23:22.613 INFO: CUDA version: 12.4, CUDA device: 0
2025-10-22 10:23:22.631 DEBUG: Popen(['git', 'version'], cwd=/home/rhyan/Exciton_model/X-MACE, stdin=None, shell=False, universal_newlines=False)
2025-10-22 10:23:22.632 DEBUG: Popen(['git', 'version'], cwd=/home/rhyan/Exciton_model/X-MACE, stdin=None, shell=False, universal_newlines=False)
2025-10-22 10:23:22.633 DEBUG: sys.platform='linux', git_executable='git'
2025-10-22 10:23:22.634 DEBUG: Popen(['git', 'cat-file', '--batch-check'], cwd=/home/rhyan/Exciton_model/X-MACE, stdin=<valid stream>, shell=False, universal_newlines=False)
2025-10-22 10:23:22.635 DEBUG: Current Git commit: 0861c52cf365064d060e006c179e4cc1785b61c2
2025-10-22 10:23:22.635 INFO: 
2025-10-22 10:23:22.635 INFO: ===========LOADING INPUT DATA===========
2025-10-22 10:23:27.427 INFO: Using random 10% of training set for validation with indices saved in: ./valid_indices_100.txt
2025-10-22 10:23:27.429 INFO: Atomic Numbers used: [1, 6, 7, 8]
2025-10-22 10:23:27.429 INFO: Isolated Atomic Energies (E0s) not in training file, using command line argument
2025-10-22 10:23:27.429 INFO: Computing average Atomic Energies using least squares regression
2025-10-22 10:23:27.437 INFO: Atomic Energies used (z: eV): {1: -967.8427909292559, 6: -1244.3693026233295, 7: -138.2632558470366, 8: -829.5795350822196}
2025-10-22 10:23:27.643 INFO: 
2025-10-22 10:23:27.643 INFO: ===========MODEL DETAILS===========
2025-10-22 10:23:27.844 INFO: Average number of neighbors: 15.7
2025-10-22 10:23:27.844 INFO: During training the following quantities will be reported: energy, forces, dipoles, nacs
2025-10-22 10:23:27.936 INFO: Building model
2025-10-22 10:23:27.936 INFO: Message passing with 32 channels and max_L=1 (32x0e + 32x1o)
2025-10-22 10:23:27.936 INFO: 2 layers, each with correlation order: 3 (body order: 4) and spherical harmonics up to: l=3
2025-10-22 10:23:27.936 INFO: 8 radial and 5 basis functions
2025-10-22 10:23:27.936 INFO: Radial cutoff: 5.0 Å (total receptive field for each atom: 10.0 Å)
2025-10-22 10:23:27.936 INFO: Distance transform for radial basis functions: None
2025-10-22 10:23:28.709 DEBUG: ExcitedMACE(
  (node_embedding): LinearNodeEmbeddingBlock(
    (linear): Linear(4x0e -> 32x0e | 128 weights)
  )
  (radial_embedding): RadialEmbeddingBlock(
    (bessel_fn): BesselBasis(r_max=5.0, num_basis=8, trainable=False)
    (cutoff_fn): PolynomialCutoff(p=5.0, r_max=5.0)
  )
  (spherical_harmonics): SphericalHarmonics()
  (atomic_energies_fn): AtomicEnergiesBlock(energies=[-967.8428, -1244.3693, -138.2633, -829.5795])
  (interactions): ModuleList(
    (0): RealAgnosticInteractionBlock(
      (linear_up): Linear(32x0e -> 32x0e | 1024 weights)
      (conv_tp): TensorProduct(32x0e x 1x0e+1x1o+1x2e+1x3o -> 32x0e+32x1o+32x2e+32x3o | 128 paths | 128 weights)
      (conv_tp_weights): FullyConnectedNet[8, 64, 64, 64, 128]
      (linear): Linear(32x0e+32x1o+32x2e+32x3o -> 32x0e+32x1o+32x2e+32x3o | 4096 weights)
      (skip_tp): FullyConnectedTensorProduct(32x0e+32x1o+32x2e+32x3o x 4x0e -> 32x0e+32x1o+32x2e+32x3o | 16384 paths | 16384 weights)
      (reshape): reshape_irreps()
    )
    (1): RealAgnosticResidualInteractionBlock(
      (linear_up): Linear(32x0e+32x1o -> 32x0e+32x1o | 2048 weights)
      (conv_tp): TensorProduct(32x0e+32x1o x 1x0e+1x1o+1x2e+1x3o -> 64x0e+96x1o+96x2e+64x3o | 320 paths | 320 weights)
      (conv_tp_weights): FullyConnectedNet[8, 64, 64, 64, 320]
      (linear): Linear(64x0e+96x1o+96x2e+64x3o -> 32x0e+32x1o+32x2e+32x3o | 10240 weights)
      (skip_tp): FullyConnectedTensorProduct(32x0e+32x1o x 4x0e -> 32x0e | 4096 paths | 4096 weights)
      (reshape): reshape_irreps()
    )
  )
  (products): ModuleList(
    (0): EquivariantProductBasisBlock(
      (symmetric_contractions): SymmetricContraction(
        (contractions): ModuleList(
          (0): Contraction(
            (contractions_weighting): ModuleList(
              (0-1): 2 x GraphModule()
            )
            (contractions_features): ModuleList(
              (0-1): 2 x GraphModule()
            )
            (weights): ParameterList(
                (0): Parameter containing: [torch.float32 of size 4x4x32 (cuda:0)]
                (1): Parameter containing: [torch.float32 of size 4x1x32 (cuda:0)]
            )
            (graph_opt_main): GraphModule()
          )
          (1): Contraction(
            (contractions_weighting): ModuleList(
              (0-1): 2 x GraphModule()
            )
            (contractions_features): ModuleList(
              (0-1): 2 x GraphModule()
            )
            (weights): ParameterList(
                (0): Parameter containing: [torch.float32 of size 4x6x32 (cuda:0)]
                (1): Parameter containing: [torch.float32 of size 4x1x32 (cuda:0)]
            )
            (graph_opt_main): GraphModule()
          )
        )
      )
      (linear): Linear(32x0e+32x1o -> 32x0e+32x1o | 2048 weights)
    )
    (1): EquivariantProductBasisBlock(
      (symmetric_contractions): SymmetricContraction(
        (contractions): ModuleList(
          (0): Contraction(
            (contractions_weighting): ModuleList(
              (0-1): 2 x GraphModule()
            )
            (contractions_features): ModuleList(
              (0-1): 2 x GraphModule()
            )
            (weights): ParameterList(
                (0): Parameter containing: [torch.float32 of size 4x4x32 (cuda:0)]
                (1): Parameter containing: [torch.float32 of size 4x1x32 (cuda:0)]
            )
            (graph_opt_main): GraphModule()
          )
        )
      )
      (linear): Linear(32x0e -> 32x0e | 1024 weights)
    )
  )
  (readouts): ModuleList(
    (0): LinearReadoutBlock(
      (linear): Linear(32x0e+32x1o -> 4x0e+6x1o | 320 weights)
    )
    (1): NonLinearReadoutBlock(
      (linear_1): Linear(32x0e -> 32x0e | 1024 weights)
      (non_linearity): Activation [x] (32x0e -> 32x0e)
      (linear_2): Linear(32x0e -> 4x0e+6x1o | 128 weights)
    )
  )
  (socs_readouts): ModuleList(
    (0): LinearSocReadoutBlock(
      (linear): Linear(32x0e+32x1o -> 252x0e | 8064 weights)
    )
    (1): NonLinearSocReadoutBlock(
      (equivariant_nonlin): Gate (32x0e -> 32x0e)
      (linear_1): Linear(32x0e -> 32x0e | 1024 weights)
      (linear_2): Linear(32x0e -> 252x0e | 8064 weights)
    )
  )
)
2025-10-22 10:23:28.711 INFO: Total number of parameters: 120384
2025-10-22 10:23:28.711 INFO: 
2025-10-22 10:23:28.711 INFO: ===========OPTIMIZER INFORMATION===========
2025-10-22 10:23:28.711 INFO: Using ADAM as parameter optimizer
2025-10-22 10:23:28.711 INFO: Batch size: 10
2025-10-22 10:23:28.711 INFO: Using Exponential Moving Average with decay: 0.99
2025-10-22 10:23:28.711 INFO: Number of gradient updates: 8550
2025-10-22 10:23:28.711 INFO: Learning rate: 0.0001, weight decay: 5e-07
2025-10-22 10:23:28.711 INFO: WeightedEnergyForcesNacsDipoleLoss(energy_weight=100.000, forces_weight=1.000, dipole_weight=1.000)
2025-10-22 10:23:28.712 INFO: Using gradient clipping with tolerance=10.000
2025-10-22 10:23:28.712 INFO: 
2025-10-22 10:23:28.712 INFO: ===========TRAINING===========
2025-10-22 10:23:28.712 INFO: Started training, reporting errors on validation set
2025-10-22 10:23:28.712 INFO: Loss metrics on validation set
2025-10-22 10:23:31.235 DEBUG: Saving info: ./results/energies_forces_run-100_train.txt
2025-10-22 10:23:31.719 DEBUG: Saving info: ./results/energies_forces_run-100_train.txt
2025-10-22 10:23:32.327 DEBUG: Saving info: ./results/energies_forces_run-100_train.txt
2025-10-22 10:23:32.989 DEBUG: Saving info: ./results/energies_forces_run-100_train.txt
2025-10-22 10:23:33.105 DEBUG: Saving info: ./results/energies_forces_run-100_train.txt
2025-10-22 10:23:33.221 DEBUG: Saving info: ./results/energies_forces_run-100_train.txt
2025-10-22 10:23:33.338 DEBUG: Saving info: ./results/energies_forces_run-100_train.txt
2025-10-22 10:23:33.455 DEBUG: Saving info: ./results/energies_forces_run-100_train.txt
2025-10-22 10:23:33.572 DEBUG: Saving info: ./results/energies_forces_run-100_train.txt
2025-10-22 10:23:33.689 DEBUG: Saving info: ./results/energies_forces_run-100_train.txt
2025-10-22 10:23:33.807 DEBUG: Saving info: ./results/energies_forces_run-100_train.txt
2025-10-22 10:23:33.924 DEBUG: Saving info: ./results/energies_forces_run-100_train.txt
2025-10-22 10:23:34.041 DEBUG: Saving info: ./results/energies_forces_run-100_train.txt
2025-10-22 10:23:34.159 DEBUG: Saving info: ./results/energies_forces_run-100_train.txt
2025-10-22 10:23:34.276 DEBUG: Saving info: ./results/energies_forces_run-100_train.txt
2025-10-22 10:23:34.393 DEBUG: Saving info: ./results/energies_forces_run-100_train.txt
2025-10-22 10:23:34.510 DEBUG: Saving info: ./results/energies_forces_run-100_train.txt
2025-10-22 10:23:34.627 DEBUG: Saving info: ./results/energies_forces_run-100_train.txt
2025-10-22 10:23:34.745 DEBUG: Saving info: ./results/energies_forces_run-100_train.txt
2025-10-22 10:23:34.862 DEBUG: Saving info: ./results/energies_forces_run-100_train.txt
2025-10-22 10:23:34.978 DEBUG: Saving info: ./results/energies_forces_run-100_train.txt
2025-10-22 10:23:35.096 DEBUG: Saving info: ./results/energies_forces_run-100_train.txt
2025-10-22 10:23:35.213 DEBUG: Saving info: ./results/energies_forces_run-100_train.txt
2025-10-22 10:23:35.330 DEBUG: Saving info: ./results/energies_forces_run-100_train.txt
2025-10-22 10:23:35.447 DEBUG: Saving info: ./results/energies_forces_run-100_train.txt
2025-10-22 10:23:35.565 DEBUG: Saving info: ./results/energies_forces_run-100_train.txt
2025-10-22 10:23:35.683 DEBUG: Saving info: ./results/energies_forces_run-100_train.txt
2025-10-22 10:23:35.800 DEBUG: Saving info: ./results/energies_forces_run-100_train.txt
2025-10-22 10:23:35.917 DEBUG: Saving info: ./results/energies_forces_run-100_train.txt
2025-10-22 10:23:36.034 DEBUG: Saving info: ./results/energies_forces_run-100_train.txt
2025-10-22 10:23:36.152 DEBUG: Saving info: ./results/energies_forces_run-100_train.txt
2025-10-22 10:23:36.269 DEBUG: Saving info: ./results/energies_forces_run-100_train.txt
2025-10-22 10:23:36.387 DEBUG: Saving info: ./results/energies_forces_run-100_train.txt
2025-10-22 10:23:36.504 DEBUG: Saving info: ./results/energies_forces_run-100_train.txt
2025-10-22 10:23:36.621 DEBUG: Saving info: ./results/energies_forces_run-100_train.txt
2025-10-22 10:23:36.739 DEBUG: Saving info: ./results/energies_forces_run-100_train.txt
2025-10-22 10:23:36.856 DEBUG: Saving info: ./results/energies_forces_run-100_train.txt
2025-10-22 10:23:36.973 DEBUG: Saving info: ./results/energies_forces_run-100_train.txt
2025-10-22 10:23:37.091 DEBUG: Saving info: ./results/energies_forces_run-100_train.txt
2025-10-22 10:23:37.209 DEBUG: Saving info: ./results/energies_forces_run-100_train.txt
2025-10-22 10:23:37.326 DEBUG: Saving info: ./results/energies_forces_run-100_train.txt
2025-10-22 10:23:37.443 DEBUG: Saving info: ./results/energies_forces_run-100_train.txt
2025-10-22 10:23:37.561 DEBUG: Saving info: ./results/energies_forces_run-100_train.txt
2025-10-22 10:23:37.678 DEBUG: Saving info: ./results/energies_forces_run-100_train.txt
2025-10-22 10:23:37.796 DEBUG: Saving info: ./results/energies_forces_run-100_train.txt
2025-10-22 10:23:37.913 DEBUG: Saving info: ./results/energies_forces_run-100_train.txt
2025-10-22 10:23:38.030 DEBUG: Saving info: ./results/energies_forces_run-100_train.txt
2025-10-22 10:23:38.148 DEBUG: Saving info: ./results/energies_forces_run-100_train.txt
2025-10-22 10:23:38.265 DEBUG: Saving info: ./results/energies_forces_run-100_train.txt
2025-10-22 10:23:38.383 DEBUG: Saving info: ./results/energies_forces_run-100_train.txt
2025-10-22 10:23:38.502 DEBUG: Saving info: ./results/energies_forces_run-100_train.txt
2025-10-22 10:23:38.620 DEBUG: Saving info: ./results/energies_forces_run-100_train.txt
2025-10-22 10:23:38.738 DEBUG: Saving info: ./results/energies_forces_run-100_train.txt
2025-10-22 10:23:38.856 DEBUG: Saving info: ./results/energies_forces_run-100_train.txt
2025-10-22 10:23:38.974 DEBUG: Saving info: ./results/energies_forces_run-100_train.txt
2025-10-22 10:23:39.092 DEBUG: Saving info: ./results/energies_forces_run-100_train.txt
2025-10-22 10:23:39.210 DEBUG: Saving info: ./results/energies_forces_run-100_train.txt
2025-10-22 10:23:39.328 DEBUG: Saving info: ./results/energies_forces_run-100_train.txt
2025-10-22 10:23:39.446 DEBUG: Saving info: ./results/energies_forces_run-100_train.txt
2025-10-22 10:23:39.564 DEBUG: Saving info: ./results/energies_forces_run-100_train.txt
2025-10-22 10:23:39.683 DEBUG: Saving info: ./results/energies_forces_run-100_train.txt
2025-10-22 10:23:39.801 DEBUG: Saving info: ./results/energies_forces_run-100_train.txt
2025-10-22 10:23:39.919 DEBUG: Saving info: ./results/energies_forces_run-100_train.txt
2025-10-22 10:23:40.037 DEBUG: Saving info: ./results/energies_forces_run-100_train.txt
2025-10-22 10:23:40.155 DEBUG: Saving info: ./results/energies_forces_run-100_train.txt
2025-10-22 10:23:40.273 DEBUG: Saving info: ./results/energies_forces_run-100_train.txt
2025-10-22 10:23:40.391 DEBUG: Saving info: ./results/energies_forces_run-100_train.txt
2025-10-22 10:23:40.509 DEBUG: Saving info: ./results/energies_forces_run-100_train.txt
2025-10-22 10:23:40.627 DEBUG: Saving info: ./results/energies_forces_run-100_train.txt
2025-10-22 10:23:40.746 DEBUG: Saving info: ./results/energies_forces_run-100_train.txt
2025-10-22 10:23:40.864 DEBUG: Saving info: ./results/energies_forces_run-100_train.txt
2025-10-22 10:23:40.983 DEBUG: Saving info: ./results/energies_forces_run-100_train.txt
2025-10-22 10:23:41.102 DEBUG: Saving info: ./results/energies_forces_run-100_train.txt
2025-10-22 10:24:04.087 INFO: ===========VERIFYING SETTINGS===========
2025-10-22 10:24:04.087 INFO: MACE version: 0.3.6
2025-10-22 10:24:04.088 DEBUG: Configuration: Namespace(config=None, name='energies_forces', seed=100, work_dir='.', nacs_key='smooth_nacs', log_dir='./logs', model_dir='.', checkpoints_dir='./checkpoints', results_dir='./results', downloads_dir='./downloads', device='cuda', default_dtype='float32', distributed=False, log_level='INFO', n_energies=4, error_table='EnergyNacsDipoleMAE', model='ExcitedMACE', r_max=5.0, num_permutational_invariant=16, radial_type='bessel', num_radial_basis=8, num_cutoff_basis=5, pair_repulsion=False, distance_transform='None', interaction='RealAgnosticResidualInteractionBlock', interaction_first='RealAgnosticResidualInteractionBlock', max_ell=3, correlation=3, num_interactions=2, MLP_irreps='32x0e', radial_MLP='[64, 64, 64]', hidden_irreps='32x0e + 32x1o', num_channels=32, max_L=1, gate='silu', scaling='rms_forces_scaling', avg_num_neighbors=1, compute_avg_num_neighbors=True, compute_stress=False, compute_forces=True, compute_dipoles=True, compute_nacs=True, compute_socs=True, train_file='SINGLET_SOC_ALL.xyz', valid_file=None, valid_fraction=0.1, test_file=None, test_dir=None, multi_processed_test=False, num_workers=0, pin_memory=True, atomic_numbers=None, mean=None, std=None, statistics_file=None, E0s='average', keep_isolated_atoms=False, energy_key='REF_energy', forces_key='REF_forces', virials_key='REF_virials', stress_key='REF_stress', dipoles_key='REF_dipoles', charges_key='REF_charges', loss='weighted', forces_weight=1.0, nacs_weight=10.0, socs_weight=10.0, soc_num=252, nac_num=6, swa_forces_weight=100.0, energy_weight=100.0, swa_energy_weight=1000.0, virials_weight=1.0, swa_virials_weight=10.0, stress_weight=1.0, swa_stress_weight=10.0, dipoles_weight=1.0, swa_dipole_weight=1.0, config_type_weights='{"Default":1.0}', huber_delta=0.01, optimizer='adam', beta=0.9, batch_size=10, valid_batch_size=10, lr=0.0001, swa_lr=0.001, weight_decay=5e-07, amsgrad=True, scheduler='ReduceLROnPlateau', lr_factor=0.8, scheduler_patience=50, lr_scheduler_gamma=0.9993, swa=False, start_swa=None, ema=True, ema_decay=0.99, max_num_epochs=100, patience=2048, foundation_model=None, foundation_model_readout=True, eval_interval=1, keep_checkpoints=False, save_all_checkpoints=False, restart_latest=False, save_cpu=False, clip_grad=10.0, wandb=False, wandb_dir=None, wandb_project='', wandb_entity='', wandb_name='', wandb_log_hypers=['num_channels', 'max_L', 'correlation', 'lr', 'swa_lr', 'weight_decay', 'batch_size', 'max_num_epochs', 'start_swa', 'energy_weight', 'forces_weight'])
2025-10-22 10:24:04.116 INFO: CUDA version: 12.4, CUDA device: 0
2025-10-22 10:24:04.134 DEBUG: Popen(['git', 'version'], cwd=/home/rhyan/Exciton_model/X-MACE, stdin=None, shell=False, universal_newlines=False)
2025-10-22 10:24:04.135 DEBUG: Popen(['git', 'version'], cwd=/home/rhyan/Exciton_model/X-MACE, stdin=None, shell=False, universal_newlines=False)
2025-10-22 10:24:04.137 DEBUG: sys.platform='linux', git_executable='git'
2025-10-22 10:24:04.137 DEBUG: Popen(['git', 'cat-file', '--batch-check'], cwd=/home/rhyan/Exciton_model/X-MACE, stdin=<valid stream>, shell=False, universal_newlines=False)
2025-10-22 10:24:04.138 DEBUG: Current Git commit: 0861c52cf365064d060e006c179e4cc1785b61c2
2025-10-22 10:24:04.138 INFO: 
2025-10-22 10:24:04.138 INFO: ===========LOADING INPUT DATA===========
2025-10-22 10:24:08.929 INFO: Using random 10% of training set for validation with indices saved in: ./valid_indices_100.txt
2025-10-22 10:24:08.931 INFO: Atomic Numbers used: [1, 6, 7, 8]
2025-10-22 10:24:08.931 INFO: Isolated Atomic Energies (E0s) not in training file, using command line argument
2025-10-22 10:24:08.931 INFO: Computing average Atomic Energies using least squares regression
2025-10-22 10:24:08.939 INFO: Atomic Energies used (z: eV): {1: -967.8427909292559, 6: -1244.3693026233295, 7: -138.2632558470366, 8: -829.5795350822196}
2025-10-22 10:24:09.146 INFO: 
2025-10-22 10:24:09.146 INFO: ===========MODEL DETAILS===========
2025-10-22 10:24:09.366 INFO: Average number of neighbors: 15.7
2025-10-22 10:24:09.366 INFO: During training the following quantities will be reported: energy, forces, dipoles, nacs
2025-10-22 10:24:09.459 INFO: Building model
2025-10-22 10:24:09.459 INFO: Message passing with 32 channels and max_L=1 (32x0e + 32x1o)
2025-10-22 10:24:09.459 INFO: 2 layers, each with correlation order: 3 (body order: 4) and spherical harmonics up to: l=3
2025-10-22 10:24:09.459 INFO: 8 radial and 5 basis functions
2025-10-22 10:24:09.459 INFO: Radial cutoff: 5.0 Å (total receptive field for each atom: 10.0 Å)
2025-10-22 10:24:09.459 INFO: Distance transform for radial basis functions: None
2025-10-22 10:24:10.233 DEBUG: ExcitedMACE(
  (node_embedding): LinearNodeEmbeddingBlock(
    (linear): Linear(4x0e -> 32x0e | 128 weights)
  )
  (radial_embedding): RadialEmbeddingBlock(
    (bessel_fn): BesselBasis(r_max=5.0, num_basis=8, trainable=False)
    (cutoff_fn): PolynomialCutoff(p=5.0, r_max=5.0)
  )
  (spherical_harmonics): SphericalHarmonics()
  (atomic_energies_fn): AtomicEnergiesBlock(energies=[-967.8428, -1244.3693, -138.2633, -829.5795])
  (interactions): ModuleList(
    (0): RealAgnosticInteractionBlock(
      (linear_up): Linear(32x0e -> 32x0e | 1024 weights)
      (conv_tp): TensorProduct(32x0e x 1x0e+1x1o+1x2e+1x3o -> 32x0e+32x1o+32x2e+32x3o | 128 paths | 128 weights)
      (conv_tp_weights): FullyConnectedNet[8, 64, 64, 64, 128]
      (linear): Linear(32x0e+32x1o+32x2e+32x3o -> 32x0e+32x1o+32x2e+32x3o | 4096 weights)
      (skip_tp): FullyConnectedTensorProduct(32x0e+32x1o+32x2e+32x3o x 4x0e -> 32x0e+32x1o+32x2e+32x3o | 16384 paths | 16384 weights)
      (reshape): reshape_irreps()
    )
    (1): RealAgnosticResidualInteractionBlock(
      (linear_up): Linear(32x0e+32x1o -> 32x0e+32x1o | 2048 weights)
      (conv_tp): TensorProduct(32x0e+32x1o x 1x0e+1x1o+1x2e+1x3o -> 64x0e+96x1o+96x2e+64x3o | 320 paths | 320 weights)
      (conv_tp_weights): FullyConnectedNet[8, 64, 64, 64, 320]
      (linear): Linear(64x0e+96x1o+96x2e+64x3o -> 32x0e+32x1o+32x2e+32x3o | 10240 weights)
      (skip_tp): FullyConnectedTensorProduct(32x0e+32x1o x 4x0e -> 32x0e | 4096 paths | 4096 weights)
      (reshape): reshape_irreps()
    )
  )
  (products): ModuleList(
    (0): EquivariantProductBasisBlock(
      (symmetric_contractions): SymmetricContraction(
        (contractions): ModuleList(
          (0): Contraction(
            (contractions_weighting): ModuleList(
              (0-1): 2 x GraphModule()
            )
            (contractions_features): ModuleList(
              (0-1): 2 x GraphModule()
            )
            (weights): ParameterList(
                (0): Parameter containing: [torch.float32 of size 4x4x32 (cuda:0)]
                (1): Parameter containing: [torch.float32 of size 4x1x32 (cuda:0)]
            )
            (graph_opt_main): GraphModule()
          )
          (1): Contraction(
            (contractions_weighting): ModuleList(
              (0-1): 2 x GraphModule()
            )
            (contractions_features): ModuleList(
              (0-1): 2 x GraphModule()
            )
            (weights): ParameterList(
                (0): Parameter containing: [torch.float32 of size 4x6x32 (cuda:0)]
                (1): Parameter containing: [torch.float32 of size 4x1x32 (cuda:0)]
            )
            (graph_opt_main): GraphModule()
          )
        )
      )
      (linear): Linear(32x0e+32x1o -> 32x0e+32x1o | 2048 weights)
    )
    (1): EquivariantProductBasisBlock(
      (symmetric_contractions): SymmetricContraction(
        (contractions): ModuleList(
          (0): Contraction(
            (contractions_weighting): ModuleList(
              (0-1): 2 x GraphModule()
            )
            (contractions_features): ModuleList(
              (0-1): 2 x GraphModule()
            )
            (weights): ParameterList(
                (0): Parameter containing: [torch.float32 of size 4x4x32 (cuda:0)]
                (1): Parameter containing: [torch.float32 of size 4x1x32 (cuda:0)]
            )
            (graph_opt_main): GraphModule()
          )
        )
      )
      (linear): Linear(32x0e -> 32x0e | 1024 weights)
    )
  )
  (readouts): ModuleList(
    (0): LinearReadoutBlock(
      (linear): Linear(32x0e+32x1o -> 4x0e+6x1o | 320 weights)
    )
    (1): NonLinearReadoutBlock(
      (linear_1): Linear(32x0e -> 32x0e | 1024 weights)
      (non_linearity): Activation [x] (32x0e -> 32x0e)
      (linear_2): Linear(32x0e -> 4x0e+6x1o | 128 weights)
    )
  )
  (socs_readouts): ModuleList(
    (0): LinearSocReadoutBlock(
      (linear): Linear(32x0e+32x1o -> 252x0e | 8064 weights)
    )
    (1): NonLinearSocReadoutBlock(
      (equivariant_nonlin): Gate (32x0e -> 32x0e)
      (linear_1): Linear(32x0e -> 32x0e | 1024 weights)
      (linear_2): Linear(32x0e -> 252x0e | 8064 weights)
    )
  )
)
2025-10-22 10:24:10.235 INFO: Total number of parameters: 120384
2025-10-22 10:24:10.235 INFO: 
2025-10-22 10:24:10.235 INFO: ===========OPTIMIZER INFORMATION===========
2025-10-22 10:24:10.235 INFO: Using ADAM as parameter optimizer
2025-10-22 10:24:10.235 INFO: Batch size: 10
2025-10-22 10:24:10.235 INFO: Using Exponential Moving Average with decay: 0.99
2025-10-22 10:24:10.235 INFO: Number of gradient updates: 8550
2025-10-22 10:24:10.235 INFO: Learning rate: 0.0001, weight decay: 5e-07
2025-10-22 10:24:10.235 INFO: WeightedEnergyForcesNacsDipoleLoss(energy_weight=100.000, forces_weight=1.000, dipole_weight=1.000)
2025-10-22 10:24:10.236 INFO: Using gradient clipping with tolerance=10.000
2025-10-22 10:24:10.236 INFO: 
2025-10-22 10:24:10.236 INFO: ===========TRAINING===========
2025-10-22 10:24:10.236 INFO: Started training, reporting errors on validation set
2025-10-22 10:24:10.236 INFO: Loss metrics on validation set
2025-10-22 10:24:46.854 INFO: ===========VERIFYING SETTINGS===========
2025-10-22 10:24:46.854 INFO: MACE version: 0.3.6
2025-10-22 10:24:46.854 DEBUG: Configuration: Namespace(config=None, name='energies_forces', seed=100, work_dir='.', nacs_key='smooth_nacs', log_dir='./logs', model_dir='.', checkpoints_dir='./checkpoints', results_dir='./results', downloads_dir='./downloads', device='cuda', default_dtype='float32', distributed=False, log_level='INFO', n_energies=4, error_table='EnergyNacsDipoleMAE', model='ExcitedMACE', r_max=5.0, num_permutational_invariant=16, radial_type='bessel', num_radial_basis=8, num_cutoff_basis=5, pair_repulsion=False, distance_transform='None', interaction='RealAgnosticResidualInteractionBlock', interaction_first='RealAgnosticResidualInteractionBlock', max_ell=3, correlation=3, num_interactions=2, MLP_irreps='32x0e', radial_MLP='[64, 64, 64]', hidden_irreps='32x0e + 32x1o', num_channels=32, max_L=1, gate='silu', scaling='rms_forces_scaling', avg_num_neighbors=1, compute_avg_num_neighbors=True, compute_stress=False, compute_forces=True, compute_dipoles=True, compute_nacs=True, compute_socs=True, train_file='SINGLET_SOC_ALL.xyz', valid_file=None, valid_fraction=0.1, test_file=None, test_dir=None, multi_processed_test=False, num_workers=0, pin_memory=True, atomic_numbers=None, mean=None, std=None, statistics_file=None, E0s='average', keep_isolated_atoms=False, energy_key='REF_energy', forces_key='REF_forces', virials_key='REF_virials', stress_key='REF_stress', dipoles_key='REF_dipoles', charges_key='REF_charges', loss='weighted', forces_weight=1.0, nacs_weight=10.0, socs_weight=10.0, soc_num=252, nac_num=6, swa_forces_weight=100.0, energy_weight=100.0, swa_energy_weight=1000.0, virials_weight=1.0, swa_virials_weight=10.0, stress_weight=1.0, swa_stress_weight=10.0, dipoles_weight=1.0, swa_dipole_weight=1.0, config_type_weights='{"Default":1.0}', huber_delta=0.01, optimizer='adam', beta=0.9, batch_size=10, valid_batch_size=10, lr=0.0001, swa_lr=0.001, weight_decay=5e-07, amsgrad=True, scheduler='ReduceLROnPlateau', lr_factor=0.8, scheduler_patience=50, lr_scheduler_gamma=0.9993, swa=False, start_swa=None, ema=True, ema_decay=0.99, max_num_epochs=100, patience=2048, foundation_model=None, foundation_model_readout=True, eval_interval=1, keep_checkpoints=False, save_all_checkpoints=False, restart_latest=False, save_cpu=False, clip_grad=10.0, wandb=False, wandb_dir=None, wandb_project='', wandb_entity='', wandb_name='', wandb_log_hypers=['num_channels', 'max_L', 'correlation', 'lr', 'swa_lr', 'weight_decay', 'batch_size', 'max_num_epochs', 'start_swa', 'energy_weight', 'forces_weight'])
2025-10-22 10:24:46.883 INFO: CUDA version: 12.4, CUDA device: 0
2025-10-22 10:24:46.901 DEBUG: Popen(['git', 'version'], cwd=/home/rhyan/Exciton_model/X-MACE, stdin=None, shell=False, universal_newlines=False)
2025-10-22 10:24:46.902 DEBUG: Popen(['git', 'version'], cwd=/home/rhyan/Exciton_model/X-MACE, stdin=None, shell=False, universal_newlines=False)
2025-10-22 10:24:46.903 DEBUG: sys.platform='linux', git_executable='git'
2025-10-22 10:24:46.904 DEBUG: Popen(['git', 'cat-file', '--batch-check'], cwd=/home/rhyan/Exciton_model/X-MACE, stdin=<valid stream>, shell=False, universal_newlines=False)
2025-10-22 10:24:46.905 DEBUG: Current Git commit: 0861c52cf365064d060e006c179e4cc1785b61c2
2025-10-22 10:24:46.905 INFO: 
2025-10-22 10:24:46.905 INFO: ===========LOADING INPUT DATA===========
2025-10-22 10:24:51.698 INFO: Using random 10% of training set for validation with indices saved in: ./valid_indices_100.txt
2025-10-22 10:24:51.700 INFO: Atomic Numbers used: [1, 6, 7, 8]
2025-10-22 10:24:51.700 INFO: Isolated Atomic Energies (E0s) not in training file, using command line argument
2025-10-22 10:24:51.700 INFO: Computing average Atomic Energies using least squares regression
2025-10-22 10:24:51.707 INFO: Atomic Energies used (z: eV): {1: -967.8427909292559, 6: -1244.3693026233295, 7: -138.2632558470366, 8: -829.5795350822196}
2025-10-22 10:24:51.914 INFO: 
2025-10-22 10:24:51.914 INFO: ===========MODEL DETAILS===========
2025-10-22 10:24:52.138 INFO: Average number of neighbors: 15.7
2025-10-22 10:24:52.138 INFO: During training the following quantities will be reported: energy, forces, dipoles, nacs
2025-10-22 10:24:52.230 INFO: Building model
2025-10-22 10:24:52.230 INFO: Message passing with 32 channels and max_L=1 (32x0e + 32x1o)
2025-10-22 10:24:52.230 INFO: 2 layers, each with correlation order: 3 (body order: 4) and spherical harmonics up to: l=3
2025-10-22 10:24:52.230 INFO: 8 radial and 5 basis functions
2025-10-22 10:24:52.230 INFO: Radial cutoff: 5.0 Å (total receptive field for each atom: 10.0 Å)
2025-10-22 10:24:52.231 INFO: Distance transform for radial basis functions: None
2025-10-22 10:24:53.006 DEBUG: ExcitedMACE(
  (node_embedding): LinearNodeEmbeddingBlock(
    (linear): Linear(4x0e -> 32x0e | 128 weights)
  )
  (radial_embedding): RadialEmbeddingBlock(
    (bessel_fn): BesselBasis(r_max=5.0, num_basis=8, trainable=False)
    (cutoff_fn): PolynomialCutoff(p=5.0, r_max=5.0)
  )
  (spherical_harmonics): SphericalHarmonics()
  (atomic_energies_fn): AtomicEnergiesBlock(energies=[-967.8428, -1244.3693, -138.2633, -829.5795])
  (interactions): ModuleList(
    (0): RealAgnosticInteractionBlock(
      (linear_up): Linear(32x0e -> 32x0e | 1024 weights)
      (conv_tp): TensorProduct(32x0e x 1x0e+1x1o+1x2e+1x3o -> 32x0e+32x1o+32x2e+32x3o | 128 paths | 128 weights)
      (conv_tp_weights): FullyConnectedNet[8, 64, 64, 64, 128]
      (linear): Linear(32x0e+32x1o+32x2e+32x3o -> 32x0e+32x1o+32x2e+32x3o | 4096 weights)
      (skip_tp): FullyConnectedTensorProduct(32x0e+32x1o+32x2e+32x3o x 4x0e -> 32x0e+32x1o+32x2e+32x3o | 16384 paths | 16384 weights)
      (reshape): reshape_irreps()
    )
    (1): RealAgnosticResidualInteractionBlock(
      (linear_up): Linear(32x0e+32x1o -> 32x0e+32x1o | 2048 weights)
      (conv_tp): TensorProduct(32x0e+32x1o x 1x0e+1x1o+1x2e+1x3o -> 64x0e+96x1o+96x2e+64x3o | 320 paths | 320 weights)
      (conv_tp_weights): FullyConnectedNet[8, 64, 64, 64, 320]
      (linear): Linear(64x0e+96x1o+96x2e+64x3o -> 32x0e+32x1o+32x2e+32x3o | 10240 weights)
      (skip_tp): FullyConnectedTensorProduct(32x0e+32x1o x 4x0e -> 32x0e | 4096 paths | 4096 weights)
      (reshape): reshape_irreps()
    )
  )
  (products): ModuleList(
    (0): EquivariantProductBasisBlock(
      (symmetric_contractions): SymmetricContraction(
        (contractions): ModuleList(
          (0): Contraction(
            (contractions_weighting): ModuleList(
              (0-1): 2 x GraphModule()
            )
            (contractions_features): ModuleList(
              (0-1): 2 x GraphModule()
            )
            (weights): ParameterList(
                (0): Parameter containing: [torch.float32 of size 4x4x32 (cuda:0)]
                (1): Parameter containing: [torch.float32 of size 4x1x32 (cuda:0)]
            )
            (graph_opt_main): GraphModule()
          )
          (1): Contraction(
            (contractions_weighting): ModuleList(
              (0-1): 2 x GraphModule()
            )
            (contractions_features): ModuleList(
              (0-1): 2 x GraphModule()
            )
            (weights): ParameterList(
                (0): Parameter containing: [torch.float32 of size 4x6x32 (cuda:0)]
                (1): Parameter containing: [torch.float32 of size 4x1x32 (cuda:0)]
            )
            (graph_opt_main): GraphModule()
          )
        )
      )
      (linear): Linear(32x0e+32x1o -> 32x0e+32x1o | 2048 weights)
    )
    (1): EquivariantProductBasisBlock(
      (symmetric_contractions): SymmetricContraction(
        (contractions): ModuleList(
          (0): Contraction(
            (contractions_weighting): ModuleList(
              (0-1): 2 x GraphModule()
            )
            (contractions_features): ModuleList(
              (0-1): 2 x GraphModule()
            )
            (weights): ParameterList(
                (0): Parameter containing: [torch.float32 of size 4x4x32 (cuda:0)]
                (1): Parameter containing: [torch.float32 of size 4x1x32 (cuda:0)]
            )
            (graph_opt_main): GraphModule()
          )
        )
      )
      (linear): Linear(32x0e -> 32x0e | 1024 weights)
    )
  )
  (readouts): ModuleList(
    (0): LinearReadoutBlock(
      (linear): Linear(32x0e+32x1o -> 4x0e+6x1o | 320 weights)
    )
    (1): NonLinearReadoutBlock(
      (linear_1): Linear(32x0e -> 32x0e | 1024 weights)
      (non_linearity): Activation [x] (32x0e -> 32x0e)
      (linear_2): Linear(32x0e -> 4x0e+6x1o | 128 weights)
    )
  )
  (socs_readouts): ModuleList(
    (0): LinearSocReadoutBlock(
      (linear): Linear(32x0e+32x1o -> 252x0e | 8064 weights)
    )
    (1): NonLinearSocReadoutBlock(
      (equivariant_nonlin): Gate (32x0e -> 32x0e)
      (linear_1): Linear(32x0e -> 32x0e | 1024 weights)
      (linear_2): Linear(32x0e -> 252x0e | 8064 weights)
    )
  )
)
2025-10-22 10:24:53.007 INFO: Total number of parameters: 120384
2025-10-22 10:24:53.007 INFO: 
2025-10-22 10:24:53.008 INFO: ===========OPTIMIZER INFORMATION===========
2025-10-22 10:24:53.008 INFO: Using ADAM as parameter optimizer
2025-10-22 10:24:53.008 INFO: Batch size: 10
2025-10-22 10:24:53.008 INFO: Using Exponential Moving Average with decay: 0.99
2025-10-22 10:24:53.008 INFO: Number of gradient updates: 8550
2025-10-22 10:24:53.008 INFO: Learning rate: 0.0001, weight decay: 5e-07
2025-10-22 10:24:53.008 INFO: WeightedEnergyForcesNacsDipoleLoss(energy_weight=100.000, forces_weight=1.000, dipole_weight=1.000)
2025-10-22 10:24:53.008 INFO: Using gradient clipping with tolerance=10.000
2025-10-22 10:24:53.008 INFO: 
2025-10-22 10:24:53.008 INFO: ===========TRAINING===========
2025-10-22 10:24:53.008 INFO: Started training, reporting errors on validation set
2025-10-22 10:24:53.009 INFO: Loss metrics on validation set
2025-10-22 10:27:00.683 INFO: ===========VERIFYING SETTINGS===========
2025-10-22 10:27:00.683 INFO: MACE version: 0.3.6
2025-10-22 10:27:00.683 DEBUG: Configuration: Namespace(config=None, name='energies_forces', seed=100, work_dir='.', nacs_key='smooth_nacs', log_dir='./logs', model_dir='.', checkpoints_dir='./checkpoints', results_dir='./results', downloads_dir='./downloads', device='cuda', default_dtype='float32', distributed=False, log_level='INFO', n_energies=4, error_table='EnergyNacsDipoleMAE', model='ExcitedMACE', r_max=5.0, num_permutational_invariant=16, radial_type='bessel', num_radial_basis=8, num_cutoff_basis=5, pair_repulsion=False, distance_transform='None', interaction='RealAgnosticResidualInteractionBlock', interaction_first='RealAgnosticResidualInteractionBlock', max_ell=3, correlation=3, num_interactions=2, MLP_irreps='32x0e', radial_MLP='[64, 64, 64]', hidden_irreps='32x0e + 32x1o', num_channels=32, max_L=1, gate='silu', scaling='rms_forces_scaling', avg_num_neighbors=1, compute_avg_num_neighbors=True, compute_stress=False, compute_forces=True, compute_dipoles=True, compute_nacs=True, compute_socs=True, train_file='SINGLET_SOC_ALL.xyz', valid_file=None, valid_fraction=0.1, test_file=None, test_dir=None, multi_processed_test=False, num_workers=0, pin_memory=True, atomic_numbers=None, mean=None, std=None, statistics_file=None, E0s='average', keep_isolated_atoms=False, energy_key='REF_energy', forces_key='REF_forces', virials_key='REF_virials', stress_key='REF_stress', dipoles_key='REF_dipoles', charges_key='REF_charges', loss='weighted', forces_weight=1.0, nacs_weight=10.0, socs_weight=10.0, soc_num=252, nac_num=6, swa_forces_weight=100.0, energy_weight=100.0, swa_energy_weight=1000.0, virials_weight=1.0, swa_virials_weight=10.0, stress_weight=1.0, swa_stress_weight=10.0, dipoles_weight=1.0, swa_dipole_weight=1.0, config_type_weights='{"Default":1.0}', huber_delta=0.01, optimizer='adam', beta=0.9, batch_size=10, valid_batch_size=10, lr=0.0001, swa_lr=0.001, weight_decay=5e-07, amsgrad=True, scheduler='ReduceLROnPlateau', lr_factor=0.8, scheduler_patience=50, lr_scheduler_gamma=0.9993, swa=False, start_swa=None, ema=True, ema_decay=0.99, max_num_epochs=100, patience=2048, foundation_model=None, foundation_model_readout=True, eval_interval=1, keep_checkpoints=False, save_all_checkpoints=False, restart_latest=False, save_cpu=False, clip_grad=10.0, wandb=False, wandb_dir=None, wandb_project='', wandb_entity='', wandb_name='', wandb_log_hypers=['num_channels', 'max_L', 'correlation', 'lr', 'swa_lr', 'weight_decay', 'batch_size', 'max_num_epochs', 'start_swa', 'energy_weight', 'forces_weight'])
2025-10-22 10:27:00.710 INFO: CUDA version: 12.4, CUDA device: 0
2025-10-22 10:27:00.728 DEBUG: Popen(['git', 'version'], cwd=/home/rhyan/Exciton_model/X-MACE, stdin=None, shell=False, universal_newlines=False)
2025-10-22 10:27:00.729 DEBUG: Popen(['git', 'version'], cwd=/home/rhyan/Exciton_model/X-MACE, stdin=None, shell=False, universal_newlines=False)
2025-10-22 10:27:00.731 DEBUG: sys.platform='linux', git_executable='git'
2025-10-22 10:27:00.731 DEBUG: Popen(['git', 'cat-file', '--batch-check'], cwd=/home/rhyan/Exciton_model/X-MACE, stdin=<valid stream>, shell=False, universal_newlines=False)
2025-10-22 10:27:00.732 DEBUG: Current Git commit: 0861c52cf365064d060e006c179e4cc1785b61c2
2025-10-22 10:27:00.732 INFO: 
2025-10-22 10:27:00.732 INFO: ===========LOADING INPUT DATA===========
2025-10-22 10:27:17.943 INFO: ===========VERIFYING SETTINGS===========
2025-10-22 10:27:17.943 INFO: MACE version: 0.3.6
2025-10-22 10:27:17.943 DEBUG: Configuration: Namespace(config=None, name='energies_forces', seed=100, work_dir='.', nacs_key='smooth_nacs', log_dir='./logs', model_dir='.', checkpoints_dir='./checkpoints', results_dir='./results', downloads_dir='./downloads', device='cuda', default_dtype='float32', distributed=False, log_level='INFO', n_energies=4, error_table='EnergyNacsDipoleMAE', model='ExcitedMACE', r_max=5.0, num_permutational_invariant=16, radial_type='bessel', num_radial_basis=8, num_cutoff_basis=5, pair_repulsion=False, distance_transform='None', interaction='RealAgnosticResidualInteractionBlock', interaction_first='RealAgnosticResidualInteractionBlock', max_ell=3, correlation=3, num_interactions=2, MLP_irreps='32x0e', radial_MLP='[64, 64, 64]', hidden_irreps='32x0e + 32x1o', num_channels=32, max_L=1, gate='silu', scaling='rms_forces_scaling', avg_num_neighbors=1, compute_avg_num_neighbors=True, compute_stress=False, compute_forces=True, compute_dipoles=True, compute_nacs=True, compute_socs=True, train_file='SINGLET_SOC_ALL.xyz', valid_file=None, valid_fraction=0.1, test_file=None, test_dir=None, multi_processed_test=False, num_workers=0, pin_memory=True, atomic_numbers=None, mean=None, std=None, statistics_file=None, E0s='average', keep_isolated_atoms=False, energy_key='REF_energy', forces_key='REF_forces', virials_key='REF_virials', stress_key='REF_stress', dipoles_key='REF_dipoles', charges_key='REF_charges', loss='weighted', forces_weight=1.0, nacs_weight=10.0, socs_weight=10.0, soc_num=252, nac_num=6, swa_forces_weight=100.0, energy_weight=100.0, swa_energy_weight=1000.0, virials_weight=1.0, swa_virials_weight=10.0, stress_weight=1.0, swa_stress_weight=10.0, dipoles_weight=1.0, swa_dipole_weight=1.0, config_type_weights='{"Default":1.0}', huber_delta=0.01, optimizer='adam', beta=0.9, batch_size=10, valid_batch_size=10, lr=0.0001, swa_lr=0.001, weight_decay=5e-07, amsgrad=True, scheduler='ReduceLROnPlateau', lr_factor=0.8, scheduler_patience=50, lr_scheduler_gamma=0.9993, swa=False, start_swa=None, ema=True, ema_decay=0.99, max_num_epochs=100, patience=2048, foundation_model=None, foundation_model_readout=True, eval_interval=1, keep_checkpoints=False, save_all_checkpoints=False, restart_latest=False, save_cpu=False, clip_grad=10.0, wandb=False, wandb_dir=None, wandb_project='', wandb_entity='', wandb_name='', wandb_log_hypers=['num_channels', 'max_L', 'correlation', 'lr', 'swa_lr', 'weight_decay', 'batch_size', 'max_num_epochs', 'start_swa', 'energy_weight', 'forces_weight'])
2025-10-22 10:27:17.970 INFO: CUDA version: 12.4, CUDA device: 0
2025-10-22 10:27:17.988 DEBUG: Popen(['git', 'version'], cwd=/home/rhyan/Exciton_model/X-MACE, stdin=None, shell=False, universal_newlines=False)
2025-10-22 10:27:17.989 DEBUG: Popen(['git', 'version'], cwd=/home/rhyan/Exciton_model/X-MACE, stdin=None, shell=False, universal_newlines=False)
2025-10-22 10:27:17.990 DEBUG: sys.platform='linux', git_executable='git'
2025-10-22 10:27:17.990 DEBUG: Popen(['git', 'cat-file', '--batch-check'], cwd=/home/rhyan/Exciton_model/X-MACE, stdin=<valid stream>, shell=False, universal_newlines=False)
2025-10-22 10:27:17.992 DEBUG: Current Git commit: 0861c52cf365064d060e006c179e4cc1785b61c2
2025-10-22 10:27:17.992 INFO: 
2025-10-22 10:27:17.992 INFO: ===========LOADING INPUT DATA===========
2025-10-22 10:44:06.609 INFO: ===========VERIFYING SETTINGS===========
2025-10-22 10:44:06.609 INFO: MACE version: 0.3.6
2025-10-22 10:44:06.609 DEBUG: Configuration: Namespace(config=None, name='energies_forces', seed=100, work_dir='.', nacs_key='smooth_nacs', log_dir='./logs', model_dir='.', checkpoints_dir='./checkpoints', results_dir='./results', downloads_dir='./downloads', device='cuda', default_dtype='float32', distributed=False, log_level='INFO', n_energies=4, error_table='EnergyNacsDipoleMAE', model='ExcitedMACE', r_max=5.0, num_permutational_invariant=16, radial_type='bessel', num_radial_basis=8, num_cutoff_basis=5, pair_repulsion=False, distance_transform='None', interaction='RealAgnosticResidualInteractionBlock', interaction_first='RealAgnosticResidualInteractionBlock', max_ell=3, correlation=3, num_interactions=2, MLP_irreps='32x0e', radial_MLP='[64, 64, 64]', hidden_irreps='32x0e + 32x1o', num_channels=32, max_L=1, gate='silu', scaling='rms_forces_scaling', avg_num_neighbors=1, compute_avg_num_neighbors=True, compute_stress=False, compute_forces=True, compute_dipoles=True, compute_nacs=False, compute_socs=True, train_file='SINGLET_SOC_ALL.xyz', valid_file=None, valid_fraction=0.1, test_file=None, test_dir=None, multi_processed_test=False, num_workers=0, pin_memory=True, atomic_numbers=None, mean=None, std=None, statistics_file=None, E0s='average', keep_isolated_atoms=False, energy_key='REF_energy', forces_key='REF_forces', virials_key='REF_virials', stress_key='REF_stress', dipoles_key='REF_dipoles', charges_key='REF_charges', loss='weighted', forces_weight=1.0, nacs_weight=10.0, socs_weight=10.0, soc_num=252, nac_num=None, swa_forces_weight=100.0, energy_weight=100.0, swa_energy_weight=1000.0, virials_weight=1.0, swa_virials_weight=10.0, stress_weight=1.0, swa_stress_weight=10.0, dipoles_weight=1.0, swa_dipole_weight=1.0, config_type_weights='{"Default":1.0}', huber_delta=0.01, optimizer='adam', beta=0.9, batch_size=10, valid_batch_size=10, lr=0.0001, swa_lr=0.001, weight_decay=5e-07, amsgrad=True, scheduler='ReduceLROnPlateau', lr_factor=0.8, scheduler_patience=50, lr_scheduler_gamma=0.9993, swa=False, start_swa=None, ema=True, ema_decay=0.99, max_num_epochs=100, patience=2048, foundation_model=None, foundation_model_readout=True, eval_interval=1, keep_checkpoints=False, save_all_checkpoints=False, restart_latest=False, save_cpu=False, clip_grad=10.0, wandb=False, wandb_dir=None, wandb_project='', wandb_entity='', wandb_name='', wandb_log_hypers=['num_channels', 'max_L', 'correlation', 'lr', 'swa_lr', 'weight_decay', 'batch_size', 'max_num_epochs', 'start_swa', 'energy_weight', 'forces_weight'])
2025-10-22 10:44:06.637 INFO: CUDA version: 12.4, CUDA device: 0
2025-10-22 10:44:06.655 DEBUG: Popen(['git', 'version'], cwd=/home/rhyan/Exciton_model/X-MACE, stdin=None, shell=False, universal_newlines=False)
2025-10-22 10:44:06.657 DEBUG: Popen(['git', 'version'], cwd=/home/rhyan/Exciton_model/X-MACE, stdin=None, shell=False, universal_newlines=False)
2025-10-22 10:44:06.658 DEBUG: sys.platform='linux', git_executable='git'
2025-10-22 10:44:06.658 DEBUG: Popen(['git', 'cat-file', '--batch-check'], cwd=/home/rhyan/Exciton_model/X-MACE, stdin=<valid stream>, shell=False, universal_newlines=False)
2025-10-22 10:44:06.659 DEBUG: Current Git commit: 0861c52cf365064d060e006c179e4cc1785b61c2
2025-10-22 10:44:06.659 INFO: 
2025-10-22 10:44:06.660 INFO: ===========LOADING INPUT DATA===========
2025-10-22 10:44:11.463 INFO: Using random 10% of training set for validation with indices saved in: ./valid_indices_100.txt
2025-10-22 10:44:11.465 INFO: Atomic Numbers used: [1, 6, 7, 8]
2025-10-22 10:44:11.465 INFO: Isolated Atomic Energies (E0s) not in training file, using command line argument
2025-10-22 10:44:11.465 INFO: Computing average Atomic Energies using least squares regression
2025-10-22 10:44:11.474 INFO: Atomic Energies used (z: eV): {1: -967.8427909292559, 6: -1244.3693026233295, 7: -138.2632558470366, 8: -829.5795350822196}
2025-10-22 10:44:11.680 INFO: 
2025-10-22 10:44:11.680 INFO: ===========MODEL DETAILS===========
2025-10-22 10:44:11.898 INFO: Average number of neighbors: 15.7
2025-10-22 10:44:11.898 INFO: During training the following quantities will be reported: energy, forces, dipoles, nacs
2025-10-22 10:44:11.990 INFO: Building model
2025-10-22 10:44:11.990 INFO: Message passing with 32 channels and max_L=1 (32x0e + 32x1o)
2025-10-22 10:44:11.990 INFO: 2 layers, each with correlation order: 3 (body order: 4) and spherical harmonics up to: l=3
2025-10-22 10:44:11.990 INFO: 8 radial and 5 basis functions
2025-10-22 10:44:11.991 INFO: Radial cutoff: 5.0 Å (total receptive field for each atom: 10.0 Å)
2025-10-22 10:44:11.991 INFO: Distance transform for radial basis functions: None
2025-10-22 10:44:12.759 DEBUG: ExcitedMACE(
  (node_embedding): LinearNodeEmbeddingBlock(
    (linear): Linear(4x0e -> 32x0e | 128 weights)
  )
  (radial_embedding): RadialEmbeddingBlock(
    (bessel_fn): BesselBasis(r_max=5.0, num_basis=8, trainable=False)
    (cutoff_fn): PolynomialCutoff(p=5.0, r_max=5.0)
  )
  (spherical_harmonics): SphericalHarmonics()
  (atomic_energies_fn): AtomicEnergiesBlock(energies=[-967.8428, -1244.3693, -138.2633, -829.5795])
  (interactions): ModuleList(
    (0): RealAgnosticInteractionBlock(
      (linear_up): Linear(32x0e -> 32x0e | 1024 weights)
      (conv_tp): TensorProduct(32x0e x 1x0e+1x1o+1x2e+1x3o -> 32x0e+32x1o+32x2e+32x3o | 128 paths | 128 weights)
      (conv_tp_weights): FullyConnectedNet[8, 64, 64, 64, 128]
      (linear): Linear(32x0e+32x1o+32x2e+32x3o -> 32x0e+32x1o+32x2e+32x3o | 4096 weights)
      (skip_tp): FullyConnectedTensorProduct(32x0e+32x1o+32x2e+32x3o x 4x0e -> 32x0e+32x1o+32x2e+32x3o | 16384 paths | 16384 weights)
      (reshape): reshape_irreps()
    )
    (1): RealAgnosticResidualInteractionBlock(
      (linear_up): Linear(32x0e+32x1o -> 32x0e+32x1o | 2048 weights)
      (conv_tp): TensorProduct(32x0e+32x1o x 1x0e+1x1o+1x2e+1x3o -> 64x0e+96x1o+96x2e+64x3o | 320 paths | 320 weights)
      (conv_tp_weights): FullyConnectedNet[8, 64, 64, 64, 320]
      (linear): Linear(64x0e+96x1o+96x2e+64x3o -> 32x0e+32x1o+32x2e+32x3o | 10240 weights)
      (skip_tp): FullyConnectedTensorProduct(32x0e+32x1o x 4x0e -> 32x0e | 4096 paths | 4096 weights)
      (reshape): reshape_irreps()
    )
  )
  (products): ModuleList(
    (0): EquivariantProductBasisBlock(
      (symmetric_contractions): SymmetricContraction(
        (contractions): ModuleList(
          (0): Contraction(
            (contractions_weighting): ModuleList(
              (0-1): 2 x GraphModule()
            )
            (contractions_features): ModuleList(
              (0-1): 2 x GraphModule()
            )
            (weights): ParameterList(
                (0): Parameter containing: [torch.float32 of size 4x4x32 (cuda:0)]
                (1): Parameter containing: [torch.float32 of size 4x1x32 (cuda:0)]
            )
            (graph_opt_main): GraphModule()
          )
          (1): Contraction(
            (contractions_weighting): ModuleList(
              (0-1): 2 x GraphModule()
            )
            (contractions_features): ModuleList(
              (0-1): 2 x GraphModule()
            )
            (weights): ParameterList(
                (0): Parameter containing: [torch.float32 of size 4x6x32 (cuda:0)]
                (1): Parameter containing: [torch.float32 of size 4x1x32 (cuda:0)]
            )
            (graph_opt_main): GraphModule()
          )
        )
      )
      (linear): Linear(32x0e+32x1o -> 32x0e+32x1o | 2048 weights)
    )
    (1): EquivariantProductBasisBlock(
      (symmetric_contractions): SymmetricContraction(
        (contractions): ModuleList(
          (0): Contraction(
            (contractions_weighting): ModuleList(
              (0-1): 2 x GraphModule()
            )
            (contractions_features): ModuleList(
              (0-1): 2 x GraphModule()
            )
            (weights): ParameterList(
                (0): Parameter containing: [torch.float32 of size 4x4x32 (cuda:0)]
                (1): Parameter containing: [torch.float32 of size 4x1x32 (cuda:0)]
            )
            (graph_opt_main): GraphModule()
          )
        )
      )
      (linear): Linear(32x0e -> 32x0e | 1024 weights)
    )
  )
  (readouts): ModuleList(
    (0): LinearReadoutBlock(
      (linear): Linear(32x0e+32x1o -> 4x0e | 128 weights)
    )
    (1): NonLinearReadoutBlock(
      (linear_1): Linear(32x0e -> 32x0e | 1024 weights)
      (non_linearity): Activation [x] (32x0e -> 32x0e)
      (linear_2): Linear(32x0e -> 4x0e | 128 weights)
    )
  )
  (socs_readouts): ModuleList(
    (0): LinearSocReadoutBlock(
      (linear): Linear(32x0e+32x1o -> 252x0e | 8064 weights)
    )
    (1): NonLinearSocReadoutBlock(
      (equivariant_nonlin): Gate (32x0e -> 32x0e)
      (linear_1): Linear(32x0e -> 32x0e | 1024 weights)
      (linear_2): Linear(32x0e -> 252x0e | 8064 weights)
    )
  )
)
2025-10-22 10:44:12.761 INFO: Total number of parameters: 120192
2025-10-22 10:44:12.761 INFO: 
2025-10-22 10:44:12.761 INFO: ===========OPTIMIZER INFORMATION===========
2025-10-22 10:44:12.761 INFO: Using ADAM as parameter optimizer
2025-10-22 10:44:12.761 INFO: Batch size: 10
2025-10-22 10:44:12.761 INFO: Using Exponential Moving Average with decay: 0.99
2025-10-22 10:44:12.761 INFO: Number of gradient updates: 8550
2025-10-22 10:44:12.761 INFO: Learning rate: 0.0001, weight decay: 5e-07
2025-10-22 10:44:12.761 INFO: WeightedEnergyForcesNacsDipoleLoss(energy_weight=100.000, forces_weight=1.000, dipole_weight=1.000)
2025-10-22 10:44:12.762 INFO: Using gradient clipping with tolerance=10.000
2025-10-22 10:44:12.762 INFO: 
2025-10-22 10:44:12.762 INFO: ===========TRAINING===========
2025-10-22 10:44:12.762 INFO: Started training, reporting errors on validation set
2025-10-22 10:44:12.762 INFO: Loss metrics on validation set
2025-10-22 10:45:18.520 INFO: ===========VERIFYING SETTINGS===========
2025-10-22 10:45:18.520 INFO: MACE version: 0.3.6
2025-10-22 10:45:18.521 DEBUG: Configuration: Namespace(config=None, name='energies_forces', seed=100, work_dir='.', nacs_key='smooth_nacs', log_dir='./logs', model_dir='.', checkpoints_dir='./checkpoints', results_dir='./results', downloads_dir='./downloads', device='cuda', default_dtype='float32', distributed=False, log_level='INFO', n_energies=4, error_table='EnergyNacsDipoleMAE', model='ExcitedMACE', r_max=5.0, num_permutational_invariant=16, radial_type='bessel', num_radial_basis=8, num_cutoff_basis=5, pair_repulsion=False, distance_transform='None', interaction='RealAgnosticResidualInteractionBlock', interaction_first='RealAgnosticResidualInteractionBlock', max_ell=3, correlation=3, num_interactions=2, MLP_irreps='32x0e', radial_MLP='[64, 64, 64]', hidden_irreps='32x0e + 32x1o', num_channels=32, max_L=1, gate='silu', scaling='rms_forces_scaling', avg_num_neighbors=1, compute_avg_num_neighbors=True, compute_stress=False, compute_forces=True, compute_dipoles=True, compute_nacs=False, compute_socs=True, train_file='SINGLET_SOC_ALL.xyz', valid_file=None, valid_fraction=0.1, test_file=None, test_dir=None, multi_processed_test=False, num_workers=0, pin_memory=True, atomic_numbers=None, mean=None, std=None, statistics_file=None, E0s='average', keep_isolated_atoms=False, energy_key='REF_energy', forces_key='REF_forces', virials_key='REF_virials', stress_key='REF_stress', dipoles_key='REF_dipoles', charges_key='REF_charges', loss='weighted', forces_weight=1.0, nacs_weight=10.0, socs_weight=10.0, soc_num=252, nac_num=None, swa_forces_weight=100.0, energy_weight=100.0, swa_energy_weight=1000.0, virials_weight=1.0, swa_virials_weight=10.0, stress_weight=1.0, swa_stress_weight=10.0, dipoles_weight=1.0, swa_dipole_weight=1.0, config_type_weights='{"Default":1.0}', huber_delta=0.01, optimizer='adam', beta=0.9, batch_size=10, valid_batch_size=10, lr=0.0001, swa_lr=0.001, weight_decay=5e-07, amsgrad=True, scheduler='ReduceLROnPlateau', lr_factor=0.8, scheduler_patience=50, lr_scheduler_gamma=0.9993, swa=False, start_swa=None, ema=True, ema_decay=0.99, max_num_epochs=100, patience=2048, foundation_model=None, foundation_model_readout=True, eval_interval=1, keep_checkpoints=False, save_all_checkpoints=False, restart_latest=False, save_cpu=False, clip_grad=10.0, wandb=False, wandb_dir=None, wandb_project='', wandb_entity='', wandb_name='', wandb_log_hypers=['num_channels', 'max_L', 'correlation', 'lr', 'swa_lr', 'weight_decay', 'batch_size', 'max_num_epochs', 'start_swa', 'energy_weight', 'forces_weight'])
2025-10-22 10:45:18.549 INFO: CUDA version: 12.4, CUDA device: 0
2025-10-22 10:45:18.566 DEBUG: Popen(['git', 'version'], cwd=/home/rhyan/Exciton_model/X-MACE, stdin=None, shell=False, universal_newlines=False)
2025-10-22 10:45:18.568 DEBUG: Popen(['git', 'version'], cwd=/home/rhyan/Exciton_model/X-MACE, stdin=None, shell=False, universal_newlines=False)
2025-10-22 10:45:18.569 DEBUG: sys.platform='linux', git_executable='git'
2025-10-22 10:45:18.569 DEBUG: Popen(['git', 'cat-file', '--batch-check'], cwd=/home/rhyan/Exciton_model/X-MACE, stdin=<valid stream>, shell=False, universal_newlines=False)
2025-10-22 10:45:18.570 DEBUG: Current Git commit: 0861c52cf365064d060e006c179e4cc1785b61c2
2025-10-22 10:45:18.570 INFO: 
2025-10-22 10:45:18.570 INFO: ===========LOADING INPUT DATA===========
2025-10-22 10:45:23.364 INFO: Using random 10% of training set for validation with indices saved in: ./valid_indices_100.txt
2025-10-22 10:45:23.366 INFO: Atomic Numbers used: [1, 6, 7, 8]
2025-10-22 10:45:23.366 INFO: Isolated Atomic Energies (E0s) not in training file, using command line argument
2025-10-22 10:45:23.366 INFO: Computing average Atomic Energies using least squares regression
2025-10-22 10:45:23.374 INFO: Atomic Energies used (z: eV): {1: -967.8427909292559, 6: -1244.3693026233295, 7: -138.2632558470366, 8: -829.5795350822196}
2025-10-22 10:45:23.577 INFO: 
2025-10-22 10:45:23.578 INFO: ===========MODEL DETAILS===========
2025-10-22 10:45:23.796 INFO: Average number of neighbors: 15.7
2025-10-22 10:45:23.796 INFO: During training the following quantities will be reported: energy, forces, dipoles, nacs
2025-10-22 10:45:23.889 INFO: Building model
2025-10-22 10:45:23.889 INFO: Message passing with 32 channels and max_L=1 (32x0e + 32x1o)
2025-10-22 10:45:23.889 INFO: 2 layers, each with correlation order: 3 (body order: 4) and spherical harmonics up to: l=3
2025-10-22 10:45:23.889 INFO: 8 radial and 5 basis functions
2025-10-22 10:45:23.889 INFO: Radial cutoff: 5.0 Å (total receptive field for each atom: 10.0 Å)
2025-10-22 10:45:23.889 INFO: Distance transform for radial basis functions: None
2025-10-22 10:45:24.663 DEBUG: ExcitedMACE(
  (node_embedding): LinearNodeEmbeddingBlock(
    (linear): Linear(4x0e -> 32x0e | 128 weights)
  )
  (radial_embedding): RadialEmbeddingBlock(
    (bessel_fn): BesselBasis(r_max=5.0, num_basis=8, trainable=False)
    (cutoff_fn): PolynomialCutoff(p=5.0, r_max=5.0)
  )
  (spherical_harmonics): SphericalHarmonics()
  (atomic_energies_fn): AtomicEnergiesBlock(energies=[-967.8428, -1244.3693, -138.2633, -829.5795])
  (interactions): ModuleList(
    (0): RealAgnosticInteractionBlock(
      (linear_up): Linear(32x0e -> 32x0e | 1024 weights)
      (conv_tp): TensorProduct(32x0e x 1x0e+1x1o+1x2e+1x3o -> 32x0e+32x1o+32x2e+32x3o | 128 paths | 128 weights)
      (conv_tp_weights): FullyConnectedNet[8, 64, 64, 64, 128]
      (linear): Linear(32x0e+32x1o+32x2e+32x3o -> 32x0e+32x1o+32x2e+32x3o | 4096 weights)
      (skip_tp): FullyConnectedTensorProduct(32x0e+32x1o+32x2e+32x3o x 4x0e -> 32x0e+32x1o+32x2e+32x3o | 16384 paths | 16384 weights)
      (reshape): reshape_irreps()
    )
    (1): RealAgnosticResidualInteractionBlock(
      (linear_up): Linear(32x0e+32x1o -> 32x0e+32x1o | 2048 weights)
      (conv_tp): TensorProduct(32x0e+32x1o x 1x0e+1x1o+1x2e+1x3o -> 64x0e+96x1o+96x2e+64x3o | 320 paths | 320 weights)
      (conv_tp_weights): FullyConnectedNet[8, 64, 64, 64, 320]
      (linear): Linear(64x0e+96x1o+96x2e+64x3o -> 32x0e+32x1o+32x2e+32x3o | 10240 weights)
      (skip_tp): FullyConnectedTensorProduct(32x0e+32x1o x 4x0e -> 32x0e | 4096 paths | 4096 weights)
      (reshape): reshape_irreps()
    )
  )
  (products): ModuleList(
    (0): EquivariantProductBasisBlock(
      (symmetric_contractions): SymmetricContraction(
        (contractions): ModuleList(
          (0): Contraction(
            (contractions_weighting): ModuleList(
              (0-1): 2 x GraphModule()
            )
            (contractions_features): ModuleList(
              (0-1): 2 x GraphModule()
            )
            (weights): ParameterList(
                (0): Parameter containing: [torch.float32 of size 4x4x32 (cuda:0)]
                (1): Parameter containing: [torch.float32 of size 4x1x32 (cuda:0)]
            )
            (graph_opt_main): GraphModule()
          )
          (1): Contraction(
            (contractions_weighting): ModuleList(
              (0-1): 2 x GraphModule()
            )
            (contractions_features): ModuleList(
              (0-1): 2 x GraphModule()
            )
            (weights): ParameterList(
                (0): Parameter containing: [torch.float32 of size 4x6x32 (cuda:0)]
                (1): Parameter containing: [torch.float32 of size 4x1x32 (cuda:0)]
            )
            (graph_opt_main): GraphModule()
          )
        )
      )
      (linear): Linear(32x0e+32x1o -> 32x0e+32x1o | 2048 weights)
    )
    (1): EquivariantProductBasisBlock(
      (symmetric_contractions): SymmetricContraction(
        (contractions): ModuleList(
          (0): Contraction(
            (contractions_weighting): ModuleList(
              (0-1): 2 x GraphModule()
            )
            (contractions_features): ModuleList(
              (0-1): 2 x GraphModule()
            )
            (weights): ParameterList(
                (0): Parameter containing: [torch.float32 of size 4x4x32 (cuda:0)]
                (1): Parameter containing: [torch.float32 of size 4x1x32 (cuda:0)]
            )
            (graph_opt_main): GraphModule()
          )
        )
      )
      (linear): Linear(32x0e -> 32x0e | 1024 weights)
    )
  )
  (readouts): ModuleList(
    (0): LinearReadoutBlock(
      (linear): Linear(32x0e+32x1o -> 4x0e | 128 weights)
    )
    (1): NonLinearReadoutBlock(
      (linear_1): Linear(32x0e -> 32x0e | 1024 weights)
      (non_linearity): Activation [x] (32x0e -> 32x0e)
      (linear_2): Linear(32x0e -> 4x0e | 128 weights)
    )
  )
  (socs_readouts): ModuleList(
    (0): LinearSocReadoutBlock(
      (linear): Linear(32x0e+32x1o -> 252x0e | 8064 weights)
    )
    (1): NonLinearSocReadoutBlock(
      (equivariant_nonlin): Gate (32x0e -> 32x0e)
      (linear_1): Linear(32x0e -> 32x0e | 1024 weights)
      (linear_2): Linear(32x0e -> 252x0e | 8064 weights)
    )
  )
)
2025-10-22 10:45:24.665 INFO: Total number of parameters: 120192
2025-10-22 10:45:24.665 INFO: 
2025-10-22 10:45:24.665 INFO: ===========OPTIMIZER INFORMATION===========
2025-10-22 10:45:24.665 INFO: Using ADAM as parameter optimizer
2025-10-22 10:45:24.665 INFO: Batch size: 10
2025-10-22 10:45:24.665 INFO: Using Exponential Moving Average with decay: 0.99
2025-10-22 10:45:24.665 INFO: Number of gradient updates: 8550
2025-10-22 10:45:24.665 INFO: Learning rate: 0.0001, weight decay: 5e-07
2025-10-22 10:45:24.665 INFO: WeightedEnergyForcesNacsDipoleLoss(energy_weight=100.000, forces_weight=1.000, dipole_weight=1.000)
2025-10-22 10:45:24.666 INFO: Using gradient clipping with tolerance=10.000
2025-10-22 10:45:24.666 INFO: 
2025-10-22 10:45:24.666 INFO: ===========TRAINING===========
2025-10-22 10:45:24.666 INFO: Started training, reporting errors on validation set
2025-10-22 10:45:24.666 INFO: Loss metrics on validation set
2025-10-22 10:53:38.267 INFO: ===========VERIFYING SETTINGS===========
2025-10-22 10:53:38.267 INFO: MACE version: 0.3.6
2025-10-22 10:53:38.267 DEBUG: Configuration: Namespace(config=None, name='energies_forces', seed=100, work_dir='.', nacs_key='smooth_nacs', log_dir='./logs', model_dir='.', checkpoints_dir='./checkpoints', results_dir='./results', downloads_dir='./downloads', device='cuda', default_dtype='float32', distributed=False, log_level='INFO', n_energies=4, error_table='EnergyNacsDipoleMAE', model='ExcitedMACE', r_max=5.0, num_permutational_invariant=16, radial_type='bessel', num_radial_basis=8, num_cutoff_basis=5, pair_repulsion=False, distance_transform='None', interaction='RealAgnosticResidualInteractionBlock', interaction_first='RealAgnosticResidualInteractionBlock', max_ell=3, correlation=3, num_interactions=2, MLP_irreps='32x0e', radial_MLP='[64, 64, 64]', hidden_irreps='32x0e + 32x1o', num_channels=32, max_L=1, gate='silu', scaling='rms_forces_scaling', avg_num_neighbors=1, compute_avg_num_neighbors=True, compute_stress=False, compute_forces=True, compute_dipoles=True, compute_nacs=False, compute_socs=True, train_file='SINGLET_SOC_ALL.xyz', valid_file=None, valid_fraction=0.1, test_file=None, test_dir=None, multi_processed_test=False, num_workers=0, pin_memory=True, atomic_numbers=None, mean=None, std=None, statistics_file=None, E0s='average', keep_isolated_atoms=False, energy_key='REF_energy', forces_key='REF_forces', virials_key='REF_virials', stress_key='REF_stress', dipoles_key='REF_dipoles', charges_key='REF_charges', loss='weighted', forces_weight=1.0, nacs_weight=10.0, socs_weight=10.0, soc_num=252, nac_num=None, swa_forces_weight=100.0, energy_weight=100.0, swa_energy_weight=1000.0, virials_weight=1.0, swa_virials_weight=10.0, stress_weight=1.0, swa_stress_weight=10.0, dipoles_weight=1.0, swa_dipole_weight=1.0, config_type_weights='{"Default":1.0}', huber_delta=0.01, optimizer='adam', beta=0.9, batch_size=10, valid_batch_size=10, lr=0.0001, swa_lr=0.001, weight_decay=5e-07, amsgrad=True, scheduler='ReduceLROnPlateau', lr_factor=0.8, scheduler_patience=50, lr_scheduler_gamma=0.9993, swa=False, start_swa=None, ema=True, ema_decay=0.99, max_num_epochs=100, patience=2048, foundation_model=None, foundation_model_readout=True, eval_interval=1, keep_checkpoints=False, save_all_checkpoints=False, restart_latest=False, save_cpu=False, clip_grad=10.0, wandb=False, wandb_dir=None, wandb_project='', wandb_entity='', wandb_name='', wandb_log_hypers=['num_channels', 'max_L', 'correlation', 'lr', 'swa_lr', 'weight_decay', 'batch_size', 'max_num_epochs', 'start_swa', 'energy_weight', 'forces_weight'])
2025-10-22 10:53:38.296 INFO: CUDA version: 12.4, CUDA device: 0
2025-10-22 10:53:38.314 DEBUG: Popen(['git', 'version'], cwd=/home/rhyan/Exciton_model/X-MACE, stdin=None, shell=False, universal_newlines=False)
2025-10-22 10:53:38.316 DEBUG: Popen(['git', 'version'], cwd=/home/rhyan/Exciton_model/X-MACE, stdin=None, shell=False, universal_newlines=False)
2025-10-22 10:53:38.317 DEBUG: sys.platform='linux', git_executable='git'
2025-10-22 10:53:38.317 DEBUG: Popen(['git', 'cat-file', '--batch-check'], cwd=/home/rhyan/Exciton_model/X-MACE, stdin=<valid stream>, shell=False, universal_newlines=False)
2025-10-22 10:53:38.318 DEBUG: Current Git commit: 0861c52cf365064d060e006c179e4cc1785b61c2
2025-10-22 10:53:38.318 INFO: 
2025-10-22 10:53:38.318 INFO: ===========LOADING INPUT DATA===========
2025-10-22 10:53:43.107 INFO: Using random 10% of training set for validation with indices saved in: ./valid_indices_100.txt
2025-10-22 10:53:43.109 INFO: Atomic Numbers used: [1, 6, 7, 8]
2025-10-22 10:53:43.109 INFO: Isolated Atomic Energies (E0s) not in training file, using command line argument
2025-10-22 10:53:43.109 INFO: Computing average Atomic Energies using least squares regression
2025-10-22 10:53:43.117 INFO: Atomic Energies used (z: eV): {1: -967.8427909292559, 6: -1244.3693026233295, 7: -138.2632558470366, 8: -829.5795350822196}
2025-10-22 10:53:43.326 INFO: 
2025-10-22 10:53:43.326 INFO: ===========MODEL DETAILS===========
2025-10-22 10:53:43.585 INFO: Average number of neighbors: 15.7
2025-10-22 10:53:43.585 INFO: During training the following quantities will be reported: energy, forces, dipoles, nacs
2025-10-22 10:53:43.677 INFO: Building model
2025-10-22 10:53:43.677 INFO: Message passing with 32 channels and max_L=1 (32x0e + 32x1o)
2025-10-22 10:53:43.677 INFO: 2 layers, each with correlation order: 3 (body order: 4) and spherical harmonics up to: l=3
2025-10-22 10:53:43.677 INFO: 8 radial and 5 basis functions
2025-10-22 10:53:43.677 INFO: Radial cutoff: 5.0 Å (total receptive field for each atom: 10.0 Å)
2025-10-22 10:53:43.677 INFO: Distance transform for radial basis functions: None
2025-10-22 10:53:44.456 DEBUG: ExcitedMACE(
  (node_embedding): LinearNodeEmbeddingBlock(
    (linear): Linear(4x0e -> 32x0e | 128 weights)
  )
  (radial_embedding): RadialEmbeddingBlock(
    (bessel_fn): BesselBasis(r_max=5.0, num_basis=8, trainable=False)
    (cutoff_fn): PolynomialCutoff(p=5.0, r_max=5.0)
  )
  (spherical_harmonics): SphericalHarmonics()
  (atomic_energies_fn): AtomicEnergiesBlock(energies=[-967.8428, -1244.3693, -138.2633, -829.5795])
  (interactions): ModuleList(
    (0): RealAgnosticInteractionBlock(
      (linear_up): Linear(32x0e -> 32x0e | 1024 weights)
      (conv_tp): TensorProduct(32x0e x 1x0e+1x1o+1x2e+1x3o -> 32x0e+32x1o+32x2e+32x3o | 128 paths | 128 weights)
      (conv_tp_weights): FullyConnectedNet[8, 64, 64, 64, 128]
      (linear): Linear(32x0e+32x1o+32x2e+32x3o -> 32x0e+32x1o+32x2e+32x3o | 4096 weights)
      (skip_tp): FullyConnectedTensorProduct(32x0e+32x1o+32x2e+32x3o x 4x0e -> 32x0e+32x1o+32x2e+32x3o | 16384 paths | 16384 weights)
      (reshape): reshape_irreps()
    )
    (1): RealAgnosticResidualInteractionBlock(
      (linear_up): Linear(32x0e+32x1o -> 32x0e+32x1o | 2048 weights)
      (conv_tp): TensorProduct(32x0e+32x1o x 1x0e+1x1o+1x2e+1x3o -> 64x0e+96x1o+96x2e+64x3o | 320 paths | 320 weights)
      (conv_tp_weights): FullyConnectedNet[8, 64, 64, 64, 320]
      (linear): Linear(64x0e+96x1o+96x2e+64x3o -> 32x0e+32x1o+32x2e+32x3o | 10240 weights)
      (skip_tp): FullyConnectedTensorProduct(32x0e+32x1o x 4x0e -> 32x0e | 4096 paths | 4096 weights)
      (reshape): reshape_irreps()
    )
  )
  (products): ModuleList(
    (0): EquivariantProductBasisBlock(
      (symmetric_contractions): SymmetricContraction(
        (contractions): ModuleList(
          (0): Contraction(
            (contractions_weighting): ModuleList(
              (0-1): 2 x GraphModule()
            )
            (contractions_features): ModuleList(
              (0-1): 2 x GraphModule()
            )
            (weights): ParameterList(
                (0): Parameter containing: [torch.float32 of size 4x4x32 (cuda:0)]
                (1): Parameter containing: [torch.float32 of size 4x1x32 (cuda:0)]
            )
            (graph_opt_main): GraphModule()
          )
          (1): Contraction(
            (contractions_weighting): ModuleList(
              (0-1): 2 x GraphModule()
            )
            (contractions_features): ModuleList(
              (0-1): 2 x GraphModule()
            )
            (weights): ParameterList(
                (0): Parameter containing: [torch.float32 of size 4x6x32 (cuda:0)]
                (1): Parameter containing: [torch.float32 of size 4x1x32 (cuda:0)]
            )
            (graph_opt_main): GraphModule()
          )
        )
      )
      (linear): Linear(32x0e+32x1o -> 32x0e+32x1o | 2048 weights)
    )
    (1): EquivariantProductBasisBlock(
      (symmetric_contractions): SymmetricContraction(
        (contractions): ModuleList(
          (0): Contraction(
            (contractions_weighting): ModuleList(
              (0-1): 2 x GraphModule()
            )
            (contractions_features): ModuleList(
              (0-1): 2 x GraphModule()
            )
            (weights): ParameterList(
                (0): Parameter containing: [torch.float32 of size 4x4x32 (cuda:0)]
                (1): Parameter containing: [torch.float32 of size 4x1x32 (cuda:0)]
            )
            (graph_opt_main): GraphModule()
          )
        )
      )
      (linear): Linear(32x0e -> 32x0e | 1024 weights)
    )
  )
  (readouts): ModuleList(
    (0): LinearReadoutBlock(
      (linear): Linear(32x0e+32x1o -> 4x0e | 128 weights)
    )
    (1): NonLinearReadoutBlock(
      (linear_1): Linear(32x0e -> 32x0e | 1024 weights)
      (non_linearity): Activation [x] (32x0e -> 32x0e)
      (linear_2): Linear(32x0e -> 4x0e | 128 weights)
    )
  )
  (socs_readouts): ModuleList(
    (0): LinearSocReadoutBlock(
      (linear): Linear(32x0e+32x1o -> 252x0e | 8064 weights)
    )
    (1): NonLinearSocReadoutBlock(
      (equivariant_nonlin): Gate (32x0e -> 32x0e)
      (linear_1): Linear(32x0e -> 32x0e | 1024 weights)
      (linear_2): Linear(32x0e -> 252x0e | 8064 weights)
    )
  )
)
2025-10-22 10:53:44.457 INFO: Total number of parameters: 120192
2025-10-22 10:53:44.457 INFO: 
2025-10-22 10:53:44.457 INFO: ===========OPTIMIZER INFORMATION===========
2025-10-22 10:53:44.457 INFO: Using ADAM as parameter optimizer
2025-10-22 10:53:44.457 INFO: Batch size: 10
2025-10-22 10:53:44.457 INFO: Using Exponential Moving Average with decay: 0.99
2025-10-22 10:53:44.457 INFO: Number of gradient updates: 8550
2025-10-22 10:53:44.458 INFO: Learning rate: 0.0001, weight decay: 5e-07
2025-10-22 10:53:44.458 INFO: WeightedEnergyForcesNacsDipoleLoss(energy_weight=100.000, forces_weight=1.000, dipole_weight=1.000)
2025-10-22 10:53:44.458 INFO: Using gradient clipping with tolerance=10.000
2025-10-22 10:53:44.458 INFO: 
2025-10-22 10:53:44.458 INFO: ===========TRAINING===========
2025-10-22 10:53:44.458 INFO: Started training, reporting errors on validation set
2025-10-22 10:53:44.458 INFO: Loss metrics on validation set
2025-10-22 10:54:04.008 INFO: ===========VERIFYING SETTINGS===========
2025-10-22 10:54:04.009 INFO: MACE version: 0.3.6
2025-10-22 10:54:04.009 DEBUG: Configuration: Namespace(config=None, name='energies_forces', seed=100, work_dir='.', nacs_key='smooth_nacs', log_dir='./logs', model_dir='.', checkpoints_dir='./checkpoints', results_dir='./results', downloads_dir='./downloads', device='cuda', default_dtype='float32', distributed=False, log_level='INFO', n_energies=4, error_table='EnergyNacsDipoleMAE', model='ExcitedMACE', r_max=5.0, num_permutational_invariant=16, radial_type='bessel', num_radial_basis=8, num_cutoff_basis=5, pair_repulsion=False, distance_transform='None', interaction='RealAgnosticResidualInteractionBlock', interaction_first='RealAgnosticResidualInteractionBlock', max_ell=3, correlation=3, num_interactions=2, MLP_irreps='32x0e', radial_MLP='[64, 64, 64]', hidden_irreps='32x0e + 32x1o', num_channels=32, max_L=1, gate='silu', scaling='rms_forces_scaling', avg_num_neighbors=1, compute_avg_num_neighbors=True, compute_stress=False, compute_forces=True, compute_dipoles=True, compute_nacs=False, compute_socs=True, train_file='SINGLET_SOC_ALL.xyz', valid_file=None, valid_fraction=0.1, test_file=None, test_dir=None, multi_processed_test=False, num_workers=0, pin_memory=True, atomic_numbers=None, mean=None, std=None, statistics_file=None, E0s='average', keep_isolated_atoms=False, energy_key='REF_energy', forces_key='REF_forces', virials_key='REF_virials', stress_key='REF_stress', dipoles_key='REF_dipoles', charges_key='REF_charges', loss='weighted', forces_weight=1.0, nacs_weight=10.0, socs_weight=10.0, soc_num=252, nac_num=None, swa_forces_weight=100.0, energy_weight=100.0, swa_energy_weight=1000.0, virials_weight=1.0, swa_virials_weight=10.0, stress_weight=1.0, swa_stress_weight=10.0, dipoles_weight=1.0, swa_dipole_weight=1.0, config_type_weights='{"Default":1.0}', huber_delta=0.01, optimizer='adam', beta=0.9, batch_size=10, valid_batch_size=10, lr=0.0001, swa_lr=0.001, weight_decay=5e-07, amsgrad=True, scheduler='ReduceLROnPlateau', lr_factor=0.8, scheduler_patience=50, lr_scheduler_gamma=0.9993, swa=False, start_swa=None, ema=True, ema_decay=0.99, max_num_epochs=100, patience=2048, foundation_model=None, foundation_model_readout=True, eval_interval=1, keep_checkpoints=False, save_all_checkpoints=False, restart_latest=False, save_cpu=False, clip_grad=10.0, wandb=False, wandb_dir=None, wandb_project='', wandb_entity='', wandb_name='', wandb_log_hypers=['num_channels', 'max_L', 'correlation', 'lr', 'swa_lr', 'weight_decay', 'batch_size', 'max_num_epochs', 'start_swa', 'energy_weight', 'forces_weight'])
2025-10-22 10:54:04.036 INFO: CUDA version: 12.4, CUDA device: 0
2025-10-22 10:54:04.054 DEBUG: Popen(['git', 'version'], cwd=/home/rhyan/Exciton_model/X-MACE, stdin=None, shell=False, universal_newlines=False)
2025-10-22 10:54:04.056 DEBUG: Popen(['git', 'version'], cwd=/home/rhyan/Exciton_model/X-MACE, stdin=None, shell=False, universal_newlines=False)
2025-10-22 10:54:04.057 DEBUG: sys.platform='linux', git_executable='git'
2025-10-22 10:54:04.057 DEBUG: Popen(['git', 'cat-file', '--batch-check'], cwd=/home/rhyan/Exciton_model/X-MACE, stdin=<valid stream>, shell=False, universal_newlines=False)
2025-10-22 10:54:04.058 DEBUG: Current Git commit: 0861c52cf365064d060e006c179e4cc1785b61c2
2025-10-22 10:54:04.058 INFO: 
2025-10-22 10:54:04.059 INFO: ===========LOADING INPUT DATA===========
2025-10-22 10:54:08.852 INFO: Using random 10% of training set for validation with indices saved in: ./valid_indices_100.txt
2025-10-22 10:54:08.854 INFO: Atomic Numbers used: [1, 6, 7, 8]
2025-10-22 10:54:08.854 INFO: Isolated Atomic Energies (E0s) not in training file, using command line argument
2025-10-22 10:54:08.854 INFO: Computing average Atomic Energies using least squares regression
2025-10-22 10:54:08.862 INFO: Atomic Energies used (z: eV): {1: -967.8427909292559, 6: -1244.3693026233295, 7: -138.2632558470366, 8: -829.5795350822196}
2025-10-22 10:54:09.069 INFO: 
2025-10-22 10:54:09.069 INFO: ===========MODEL DETAILS===========
2025-10-22 10:54:09.293 INFO: Average number of neighbors: 15.7
2025-10-22 10:54:09.293 INFO: During training the following quantities will be reported: energy, forces, dipoles, nacs
2025-10-22 10:54:09.386 INFO: Building model
2025-10-22 10:54:09.386 INFO: Message passing with 32 channels and max_L=1 (32x0e + 32x1o)
2025-10-22 10:54:09.386 INFO: 2 layers, each with correlation order: 3 (body order: 4) and spherical harmonics up to: l=3
2025-10-22 10:54:09.386 INFO: 8 radial and 5 basis functions
2025-10-22 10:54:09.386 INFO: Radial cutoff: 5.0 Å (total receptive field for each atom: 10.0 Å)
2025-10-22 10:54:09.386 INFO: Distance transform for radial basis functions: None
2025-10-22 10:54:10.157 DEBUG: ExcitedMACE(
  (node_embedding): LinearNodeEmbeddingBlock(
    (linear): Linear(4x0e -> 32x0e | 128 weights)
  )
  (radial_embedding): RadialEmbeddingBlock(
    (bessel_fn): BesselBasis(r_max=5.0, num_basis=8, trainable=False)
    (cutoff_fn): PolynomialCutoff(p=5.0, r_max=5.0)
  )
  (spherical_harmonics): SphericalHarmonics()
  (atomic_energies_fn): AtomicEnergiesBlock(energies=[-967.8428, -1244.3693, -138.2633, -829.5795])
  (interactions): ModuleList(
    (0): RealAgnosticInteractionBlock(
      (linear_up): Linear(32x0e -> 32x0e | 1024 weights)
      (conv_tp): TensorProduct(32x0e x 1x0e+1x1o+1x2e+1x3o -> 32x0e+32x1o+32x2e+32x3o | 128 paths | 128 weights)
      (conv_tp_weights): FullyConnectedNet[8, 64, 64, 64, 128]
      (linear): Linear(32x0e+32x1o+32x2e+32x3o -> 32x0e+32x1o+32x2e+32x3o | 4096 weights)
      (skip_tp): FullyConnectedTensorProduct(32x0e+32x1o+32x2e+32x3o x 4x0e -> 32x0e+32x1o+32x2e+32x3o | 16384 paths | 16384 weights)
      (reshape): reshape_irreps()
    )
    (1): RealAgnosticResidualInteractionBlock(
      (linear_up): Linear(32x0e+32x1o -> 32x0e+32x1o | 2048 weights)
      (conv_tp): TensorProduct(32x0e+32x1o x 1x0e+1x1o+1x2e+1x3o -> 64x0e+96x1o+96x2e+64x3o | 320 paths | 320 weights)
      (conv_tp_weights): FullyConnectedNet[8, 64, 64, 64, 320]
      (linear): Linear(64x0e+96x1o+96x2e+64x3o -> 32x0e+32x1o+32x2e+32x3o | 10240 weights)
      (skip_tp): FullyConnectedTensorProduct(32x0e+32x1o x 4x0e -> 32x0e | 4096 paths | 4096 weights)
      (reshape): reshape_irreps()
    )
  )
  (products): ModuleList(
    (0): EquivariantProductBasisBlock(
      (symmetric_contractions): SymmetricContraction(
        (contractions): ModuleList(
          (0): Contraction(
            (contractions_weighting): ModuleList(
              (0-1): 2 x GraphModule()
            )
            (contractions_features): ModuleList(
              (0-1): 2 x GraphModule()
            )
            (weights): ParameterList(
                (0): Parameter containing: [torch.float32 of size 4x4x32 (cuda:0)]
                (1): Parameter containing: [torch.float32 of size 4x1x32 (cuda:0)]
            )
            (graph_opt_main): GraphModule()
          )
          (1): Contraction(
            (contractions_weighting): ModuleList(
              (0-1): 2 x GraphModule()
            )
            (contractions_features): ModuleList(
              (0-1): 2 x GraphModule()
            )
            (weights): ParameterList(
                (0): Parameter containing: [torch.float32 of size 4x6x32 (cuda:0)]
                (1): Parameter containing: [torch.float32 of size 4x1x32 (cuda:0)]
            )
            (graph_opt_main): GraphModule()
          )
        )
      )
      (linear): Linear(32x0e+32x1o -> 32x0e+32x1o | 2048 weights)
    )
    (1): EquivariantProductBasisBlock(
      (symmetric_contractions): SymmetricContraction(
        (contractions): ModuleList(
          (0): Contraction(
            (contractions_weighting): ModuleList(
              (0-1): 2 x GraphModule()
            )
            (contractions_features): ModuleList(
              (0-1): 2 x GraphModule()
            )
            (weights): ParameterList(
                (0): Parameter containing: [torch.float32 of size 4x4x32 (cuda:0)]
                (1): Parameter containing: [torch.float32 of size 4x1x32 (cuda:0)]
            )
            (graph_opt_main): GraphModule()
          )
        )
      )
      (linear): Linear(32x0e -> 32x0e | 1024 weights)
    )
  )
  (readouts): ModuleList(
    (0): LinearReadoutBlock(
      (linear): Linear(32x0e+32x1o -> 4x0e | 128 weights)
    )
    (1): NonLinearReadoutBlock(
      (linear_1): Linear(32x0e -> 32x0e | 1024 weights)
      (non_linearity): Activation [x] (32x0e -> 32x0e)
      (linear_2): Linear(32x0e -> 4x0e | 128 weights)
    )
  )
  (socs_readouts): ModuleList(
    (0): LinearSocReadoutBlock(
      (linear): Linear(32x0e+32x1o -> 252x0e | 8064 weights)
    )
    (1): NonLinearSocReadoutBlock(
      (equivariant_nonlin): Gate (32x0e -> 32x0e)
      (linear_1): Linear(32x0e -> 32x0e | 1024 weights)
      (linear_2): Linear(32x0e -> 252x0e | 8064 weights)
    )
  )
)
2025-10-22 10:54:10.159 INFO: Total number of parameters: 120192
2025-10-22 10:54:10.159 INFO: 
2025-10-22 10:54:10.159 INFO: ===========OPTIMIZER INFORMATION===========
2025-10-22 10:54:10.159 INFO: Using ADAM as parameter optimizer
2025-10-22 10:54:10.159 INFO: Batch size: 10
2025-10-22 10:54:10.159 INFO: Using Exponential Moving Average with decay: 0.99
2025-10-22 10:54:10.159 INFO: Number of gradient updates: 8550
2025-10-22 10:54:10.159 INFO: Learning rate: 0.0001, weight decay: 5e-07
2025-10-22 10:54:10.159 INFO: WeightedEnergyForcesNacsDipoleLoss(energy_weight=100.000, forces_weight=1.000, dipole_weight=1.000)
2025-10-22 10:54:10.160 INFO: Using gradient clipping with tolerance=10.000
2025-10-22 10:54:10.160 INFO: 
2025-10-22 10:54:10.160 INFO: ===========TRAINING===========
2025-10-22 10:54:10.160 INFO: Started training, reporting errors on validation set
2025-10-22 10:54:10.160 INFO: Loss metrics on validation set
2025-10-22 10:54:12.684 DEBUG: Saving info: ./results/energies_forces_run-100_train.txt
2025-10-22 10:54:13.169 DEBUG: Saving info: ./results/energies_forces_run-100_train.txt
2025-10-22 10:54:13.781 DEBUG: Saving info: ./results/energies_forces_run-100_train.txt
2025-10-22 10:54:14.442 DEBUG: Saving info: ./results/energies_forces_run-100_train.txt
2025-10-22 10:54:14.559 DEBUG: Saving info: ./results/energies_forces_run-100_train.txt
2025-10-22 10:54:14.678 DEBUG: Saving info: ./results/energies_forces_run-100_train.txt
2025-10-22 10:54:14.796 DEBUG: Saving info: ./results/energies_forces_run-100_train.txt
2025-10-22 10:54:14.914 DEBUG: Saving info: ./results/energies_forces_run-100_train.txt
2025-10-22 10:54:15.033 DEBUG: Saving info: ./results/energies_forces_run-100_train.txt
2025-10-22 10:54:15.151 DEBUG: Saving info: ./results/energies_forces_run-100_train.txt
2025-10-22 10:54:15.270 DEBUG: Saving info: ./results/energies_forces_run-100_train.txt
2025-10-22 10:54:15.388 DEBUG: Saving info: ./results/energies_forces_run-100_train.txt
2025-10-22 10:54:15.507 DEBUG: Saving info: ./results/energies_forces_run-100_train.txt
2025-10-22 10:54:15.625 DEBUG: Saving info: ./results/energies_forces_run-100_train.txt
2025-10-22 10:54:15.744 DEBUG: Saving info: ./results/energies_forces_run-100_train.txt
2025-10-22 10:54:15.862 DEBUG: Saving info: ./results/energies_forces_run-100_train.txt
2025-10-22 10:54:15.980 DEBUG: Saving info: ./results/energies_forces_run-100_train.txt
2025-10-22 10:54:16.099 DEBUG: Saving info: ./results/energies_forces_run-100_train.txt
2025-10-22 10:54:16.217 DEBUG: Saving info: ./results/energies_forces_run-100_train.txt
2025-10-22 10:54:16.335 DEBUG: Saving info: ./results/energies_forces_run-100_train.txt
2025-10-22 10:54:16.453 DEBUG: Saving info: ./results/energies_forces_run-100_train.txt
2025-10-22 10:54:16.572 DEBUG: Saving info: ./results/energies_forces_run-100_train.txt
2025-10-22 10:54:16.690 DEBUG: Saving info: ./results/energies_forces_run-100_train.txt
2025-10-22 10:54:16.808 DEBUG: Saving info: ./results/energies_forces_run-100_train.txt
2025-10-22 10:54:16.927 DEBUG: Saving info: ./results/energies_forces_run-100_train.txt
2025-10-22 10:54:17.046 DEBUG: Saving info: ./results/energies_forces_run-100_train.txt
2025-10-22 10:54:17.165 DEBUG: Saving info: ./results/energies_forces_run-100_train.txt
2025-10-22 10:54:17.284 DEBUG: Saving info: ./results/energies_forces_run-100_train.txt
2025-10-22 10:54:17.402 DEBUG: Saving info: ./results/energies_forces_run-100_train.txt
2025-10-22 10:54:17.520 DEBUG: Saving info: ./results/energies_forces_run-100_train.txt
2025-10-22 10:54:17.639 DEBUG: Saving info: ./results/energies_forces_run-100_train.txt
2025-10-22 10:54:17.757 DEBUG: Saving info: ./results/energies_forces_run-100_train.txt
2025-10-22 10:54:17.876 DEBUG: Saving info: ./results/energies_forces_run-100_train.txt
2025-10-22 10:54:17.994 DEBUG: Saving info: ./results/energies_forces_run-100_train.txt
2025-10-22 10:54:18.112 DEBUG: Saving info: ./results/energies_forces_run-100_train.txt
2025-10-22 10:54:18.231 DEBUG: Saving info: ./results/energies_forces_run-100_train.txt
2025-10-22 10:54:18.349 DEBUG: Saving info: ./results/energies_forces_run-100_train.txt
2025-10-22 10:54:18.467 DEBUG: Saving info: ./results/energies_forces_run-100_train.txt
2025-10-22 10:54:18.586 DEBUG: Saving info: ./results/energies_forces_run-100_train.txt
2025-10-22 10:54:18.705 DEBUG: Saving info: ./results/energies_forces_run-100_train.txt
2025-10-22 10:54:18.824 DEBUG: Saving info: ./results/energies_forces_run-100_train.txt
2025-10-22 10:54:18.942 DEBUG: Saving info: ./results/energies_forces_run-100_train.txt
2025-10-22 10:54:19.061 DEBUG: Saving info: ./results/energies_forces_run-100_train.txt
2025-10-22 10:54:19.179 DEBUG: Saving info: ./results/energies_forces_run-100_train.txt
2025-10-22 10:54:19.297 DEBUG: Saving info: ./results/energies_forces_run-100_train.txt
2025-10-22 10:54:19.415 DEBUG: Saving info: ./results/energies_forces_run-100_train.txt
2025-10-22 10:54:19.534 DEBUG: Saving info: ./results/energies_forces_run-100_train.txt
2025-10-22 10:54:19.653 DEBUG: Saving info: ./results/energies_forces_run-100_train.txt
2025-10-22 10:54:19.771 DEBUG: Saving info: ./results/energies_forces_run-100_train.txt
2025-10-22 10:54:19.890 DEBUG: Saving info: ./results/energies_forces_run-100_train.txt
2025-10-22 10:54:20.009 DEBUG: Saving info: ./results/energies_forces_run-100_train.txt
2025-10-22 10:54:20.127 DEBUG: Saving info: ./results/energies_forces_run-100_train.txt
2025-10-22 10:54:20.246 DEBUG: Saving info: ./results/energies_forces_run-100_train.txt
2025-10-22 10:54:20.364 DEBUG: Saving info: ./results/energies_forces_run-100_train.txt
2025-10-22 10:54:20.483 DEBUG: Saving info: ./results/energies_forces_run-100_train.txt
2025-10-22 10:54:20.601 DEBUG: Saving info: ./results/energies_forces_run-100_train.txt
2025-10-22 10:54:20.719 DEBUG: Saving info: ./results/energies_forces_run-100_train.txt
2025-10-22 10:54:20.838 DEBUG: Saving info: ./results/energies_forces_run-100_train.txt
2025-10-22 10:54:20.956 DEBUG: Saving info: ./results/energies_forces_run-100_train.txt
2025-10-22 10:54:21.075 DEBUG: Saving info: ./results/energies_forces_run-100_train.txt
2025-10-22 10:54:21.194 DEBUG: Saving info: ./results/energies_forces_run-100_train.txt
2025-10-22 10:54:21.312 DEBUG: Saving info: ./results/energies_forces_run-100_train.txt
2025-10-22 10:54:21.431 DEBUG: Saving info: ./results/energies_forces_run-100_train.txt
2025-10-22 10:54:21.549 DEBUG: Saving info: ./results/energies_forces_run-100_train.txt
2025-10-22 10:54:21.668 DEBUG: Saving info: ./results/energies_forces_run-100_train.txt
2025-10-22 10:54:21.786 DEBUG: Saving info: ./results/energies_forces_run-100_train.txt
2025-10-22 10:54:21.905 DEBUG: Saving info: ./results/energies_forces_run-100_train.txt
2025-10-22 10:54:22.023 DEBUG: Saving info: ./results/energies_forces_run-100_train.txt
2025-10-22 10:54:22.142 DEBUG: Saving info: ./results/energies_forces_run-100_train.txt
2025-10-22 10:54:22.260 DEBUG: Saving info: ./results/energies_forces_run-100_train.txt
2025-10-22 10:54:22.379 DEBUG: Saving info: ./results/energies_forces_run-100_train.txt
2025-10-22 10:54:22.498 DEBUG: Saving info: ./results/energies_forces_run-100_train.txt
2025-10-22 10:54:22.618 DEBUG: Saving info: ./results/energies_forces_run-100_train.txt
2025-10-22 10:54:22.741 DEBUG: Saving info: ./results/energies_forces_run-100_train.txt
2025-10-22 10:54:22.859 DEBUG: Saving info: ./results/energies_forces_run-100_train.txt
2025-10-22 10:54:22.978 DEBUG: Saving info: ./results/energies_forces_run-100_train.txt
2025-10-22 10:54:23.097 DEBUG: Saving info: ./results/energies_forces_run-100_train.txt
2025-10-22 10:54:23.216 DEBUG: Saving info: ./results/energies_forces_run-100_train.txt
2025-10-22 10:54:23.334 DEBUG: Saving info: ./results/energies_forces_run-100_train.txt
2025-10-22 10:54:23.453 DEBUG: Saving info: ./results/energies_forces_run-100_train.txt
2025-10-22 10:54:23.572 DEBUG: Saving info: ./results/energies_forces_run-100_train.txt
2025-10-22 10:54:23.691 DEBUG: Saving info: ./results/energies_forces_run-100_train.txt
2025-10-22 10:54:23.810 DEBUG: Saving info: ./results/energies_forces_run-100_train.txt
2025-10-22 10:54:23.929 DEBUG: Saving info: ./results/energies_forces_run-100_train.txt
2025-10-22 10:54:24.047 DEBUG: Saving info: ./results/energies_forces_run-100_train.txt
2025-10-22 10:54:24.166 DEBUG: Saving info: ./results/energies_forces_run-100_train.txt
2025-10-22 10:54:24.566 DEBUG: Saving info: ./results/energies_forces_run-100_train.txt
2025-10-22 10:54:24.567 DEBUG: Saving checkpoint: ./checkpoints/energies_forces_run-100_epoch-0.pt
2025-10-22 10:54:24.736 DEBUG: Saving info: ./results/energies_forces_run-100_train.txt
2025-10-22 10:54:24.855 DEBUG: Saving info: ./results/energies_forces_run-100_train.txt
2025-10-22 10:54:24.974 DEBUG: Saving info: ./results/energies_forces_run-100_train.txt
2025-10-22 10:54:25.093 DEBUG: Saving info: ./results/energies_forces_run-100_train.txt
2025-10-22 10:54:25.212 DEBUG: Saving info: ./results/energies_forces_run-100_train.txt
2025-10-22 10:54:25.331 DEBUG: Saving info: ./results/energies_forces_run-100_train.txt
2025-10-22 10:54:25.451 DEBUG: Saving info: ./results/energies_forces_run-100_train.txt
2025-10-22 10:54:25.570 DEBUG: Saving info: ./results/energies_forces_run-100_train.txt
2025-10-22 10:54:25.689 DEBUG: Saving info: ./results/energies_forces_run-100_train.txt
2025-10-22 10:54:25.808 DEBUG: Saving info: ./results/energies_forces_run-100_train.txt
2025-10-22 10:54:25.928 DEBUG: Saving info: ./results/energies_forces_run-100_train.txt
2025-10-22 10:54:26.046 DEBUG: Saving info: ./results/energies_forces_run-100_train.txt
2025-10-22 10:54:26.166 DEBUG: Saving info: ./results/energies_forces_run-100_train.txt
2025-10-22 10:55:33.655 INFO: ===========VERIFYING SETTINGS===========
2025-10-22 10:55:33.655 INFO: MACE version: 0.3.6
2025-10-22 10:55:33.655 DEBUG: Configuration: Namespace(config=None, name='energies_forces', seed=100, work_dir='.', nacs_key='smooth_nacs', log_dir='./logs', model_dir='.', checkpoints_dir='./checkpoints', results_dir='./results', downloads_dir='./downloads', device='cuda', default_dtype='float32', distributed=False, log_level='INFO', n_energies=4, error_table='EnergyNacsDipoleMAE', model='ExcitedMACE', r_max=5.0, num_permutational_invariant=16, radial_type='bessel', num_radial_basis=8, num_cutoff_basis=5, pair_repulsion=False, distance_transform='None', interaction='RealAgnosticResidualInteractionBlock', interaction_first='RealAgnosticResidualInteractionBlock', max_ell=3, correlation=3, num_interactions=2, MLP_irreps='32x0e', radial_MLP='[64, 64, 64]', hidden_irreps='32x0e + 32x1o', num_channels=32, max_L=1, gate='silu', scaling='rms_forces_scaling', avg_num_neighbors=1, compute_avg_num_neighbors=True, compute_stress=False, compute_forces=True, compute_dipoles=True, compute_nacs=False, compute_socs=False, train_file='SINGLET_SOC_ALL.xyz', valid_file=None, valid_fraction=0.1, test_file=None, test_dir=None, multi_processed_test=False, num_workers=0, pin_memory=True, atomic_numbers=None, mean=None, std=None, statistics_file=None, E0s='average', keep_isolated_atoms=False, energy_key='REF_energy', forces_key='REF_forces', virials_key='REF_virials', stress_key='REF_stress', dipoles_key='REF_dipoles', charges_key='REF_charges', loss='weighted', forces_weight=1.0, nacs_weight=10.0, socs_weight=10.0, soc_num=None, nac_num=None, swa_forces_weight=100.0, energy_weight=100.0, swa_energy_weight=1000.0, virials_weight=1.0, swa_virials_weight=10.0, stress_weight=1.0, swa_stress_weight=10.0, dipoles_weight=1.0, swa_dipole_weight=1.0, config_type_weights='{"Default":1.0}', huber_delta=0.01, optimizer='adam', beta=0.9, batch_size=10, valid_batch_size=10, lr=0.0001, swa_lr=0.001, weight_decay=5e-07, amsgrad=True, scheduler='ReduceLROnPlateau', lr_factor=0.8, scheduler_patience=50, lr_scheduler_gamma=0.9993, swa=False, start_swa=None, ema=True, ema_decay=0.99, max_num_epochs=100, patience=2048, foundation_model=None, foundation_model_readout=True, eval_interval=1, keep_checkpoints=False, save_all_checkpoints=False, restart_latest=False, save_cpu=False, clip_grad=10.0, wandb=False, wandb_dir=None, wandb_project='', wandb_entity='', wandb_name='', wandb_log_hypers=['num_channels', 'max_L', 'correlation', 'lr', 'swa_lr', 'weight_decay', 'batch_size', 'max_num_epochs', 'start_swa', 'energy_weight', 'forces_weight'])
2025-10-22 10:55:33.682 INFO: CUDA version: 12.4, CUDA device: 0
2025-10-22 10:55:33.702 DEBUG: Popen(['git', 'version'], cwd=/home/rhyan/Exciton_model/X-MACE, stdin=None, shell=False, universal_newlines=False)
2025-10-22 10:55:33.703 DEBUG: Popen(['git', 'version'], cwd=/home/rhyan/Exciton_model/X-MACE, stdin=None, shell=False, universal_newlines=False)
2025-10-22 10:55:33.705 DEBUG: sys.platform='linux', git_executable='git'
2025-10-22 10:55:33.705 DEBUG: Popen(['git', 'cat-file', '--batch-check'], cwd=/home/rhyan/Exciton_model/X-MACE, stdin=<valid stream>, shell=False, universal_newlines=False)
2025-10-22 10:55:33.706 DEBUG: Current Git commit: 0861c52cf365064d060e006c179e4cc1785b61c2
2025-10-22 10:55:33.706 INFO: 
2025-10-22 10:55:33.706 INFO: ===========LOADING INPUT DATA===========
2025-10-22 10:55:38.501 INFO: Using random 10% of training set for validation with indices saved in: ./valid_indices_100.txt
2025-10-22 10:55:38.503 INFO: Atomic Numbers used: [1, 6, 7, 8]
2025-10-22 10:55:38.503 INFO: Isolated Atomic Energies (E0s) not in training file, using command line argument
2025-10-22 10:55:38.503 INFO: Computing average Atomic Energies using least squares regression
2025-10-22 10:55:38.511 INFO: Atomic Energies used (z: eV): {1: -967.8427909292559, 6: -1244.3693026233295, 7: -138.2632558470366, 8: -829.5795350822196}
2025-10-22 10:55:38.715 INFO: 
2025-10-22 10:55:38.715 INFO: ===========MODEL DETAILS===========
2025-10-22 10:55:38.937 INFO: Average number of neighbors: 15.7
2025-10-22 10:55:38.937 INFO: During training the following quantities will be reported: energy, forces, dipoles, nacs
2025-10-22 10:55:39.030 INFO: Building model
2025-10-22 10:55:39.030 INFO: Message passing with 32 channels and max_L=1 (32x0e + 32x1o)
2025-10-22 10:55:39.030 INFO: 2 layers, each with correlation order: 3 (body order: 4) and spherical harmonics up to: l=3
2025-10-22 10:55:39.030 INFO: 8 radial and 5 basis functions
2025-10-22 10:55:39.030 INFO: Radial cutoff: 5.0 Å (total receptive field for each atom: 10.0 Å)
2025-10-22 10:55:39.030 INFO: Distance transform for radial basis functions: None
2025-10-22 10:55:39.714 DEBUG: ExcitedMACE(
  (node_embedding): LinearNodeEmbeddingBlock(
    (linear): Linear(4x0e -> 32x0e | 128 weights)
  )
  (radial_embedding): RadialEmbeddingBlock(
    (bessel_fn): BesselBasis(r_max=5.0, num_basis=8, trainable=False)
    (cutoff_fn): PolynomialCutoff(p=5.0, r_max=5.0)
  )
  (spherical_harmonics): SphericalHarmonics()
  (atomic_energies_fn): AtomicEnergiesBlock(energies=[-967.8428, -1244.3693, -138.2633, -829.5795])
  (interactions): ModuleList(
    (0): RealAgnosticInteractionBlock(
      (linear_up): Linear(32x0e -> 32x0e | 1024 weights)
      (conv_tp): TensorProduct(32x0e x 1x0e+1x1o+1x2e+1x3o -> 32x0e+32x1o+32x2e+32x3o | 128 paths | 128 weights)
      (conv_tp_weights): FullyConnectedNet[8, 64, 64, 64, 128]
      (linear): Linear(32x0e+32x1o+32x2e+32x3o -> 32x0e+32x1o+32x2e+32x3o | 4096 weights)
      (skip_tp): FullyConnectedTensorProduct(32x0e+32x1o+32x2e+32x3o x 4x0e -> 32x0e+32x1o+32x2e+32x3o | 16384 paths | 16384 weights)
      (reshape): reshape_irreps()
    )
    (1): RealAgnosticResidualInteractionBlock(
      (linear_up): Linear(32x0e+32x1o -> 32x0e+32x1o | 2048 weights)
      (conv_tp): TensorProduct(32x0e+32x1o x 1x0e+1x1o+1x2e+1x3o -> 64x0e+96x1o+96x2e+64x3o | 320 paths | 320 weights)
      (conv_tp_weights): FullyConnectedNet[8, 64, 64, 64, 320]
      (linear): Linear(64x0e+96x1o+96x2e+64x3o -> 32x0e+32x1o+32x2e+32x3o | 10240 weights)
      (skip_tp): FullyConnectedTensorProduct(32x0e+32x1o x 4x0e -> 32x0e | 4096 paths | 4096 weights)
      (reshape): reshape_irreps()
    )
  )
  (products): ModuleList(
    (0): EquivariantProductBasisBlock(
      (symmetric_contractions): SymmetricContraction(
        (contractions): ModuleList(
          (0): Contraction(
            (contractions_weighting): ModuleList(
              (0-1): 2 x GraphModule()
            )
            (contractions_features): ModuleList(
              (0-1): 2 x GraphModule()
            )
            (weights): ParameterList(
                (0): Parameter containing: [torch.float32 of size 4x4x32 (cuda:0)]
                (1): Parameter containing: [torch.float32 of size 4x1x32 (cuda:0)]
            )
            (graph_opt_main): GraphModule()
          )
          (1): Contraction(
            (contractions_weighting): ModuleList(
              (0-1): 2 x GraphModule()
            )
            (contractions_features): ModuleList(
              (0-1): 2 x GraphModule()
            )
            (weights): ParameterList(
                (0): Parameter containing: [torch.float32 of size 4x6x32 (cuda:0)]
                (1): Parameter containing: [torch.float32 of size 4x1x32 (cuda:0)]
            )
            (graph_opt_main): GraphModule()
          )
        )
      )
      (linear): Linear(32x0e+32x1o -> 32x0e+32x1o | 2048 weights)
    )
    (1): EquivariantProductBasisBlock(
      (symmetric_contractions): SymmetricContraction(
        (contractions): ModuleList(
          (0): Contraction(
            (contractions_weighting): ModuleList(
              (0-1): 2 x GraphModule()
            )
            (contractions_features): ModuleList(
              (0-1): 2 x GraphModule()
            )
            (weights): ParameterList(
                (0): Parameter containing: [torch.float32 of size 4x4x32 (cuda:0)]
                (1): Parameter containing: [torch.float32 of size 4x1x32 (cuda:0)]
            )
            (graph_opt_main): GraphModule()
          )
        )
      )
      (linear): Linear(32x0e -> 32x0e | 1024 weights)
    )
  )
  (readouts): ModuleList(
    (0): LinearReadoutBlock(
      (linear): Linear(32x0e+32x1o -> 4x0e | 128 weights)
    )
    (1): NonLinearReadoutBlock(
      (linear_1): Linear(32x0e -> 32x0e | 1024 weights)
      (non_linearity): Activation [x] (32x0e -> 32x0e)
      (linear_2): Linear(32x0e -> 4x0e | 128 weights)
    )
  )
  (socs_readouts): ModuleList(
    (0): None
  )
)
2025-10-22 10:55:39.715 INFO: Total number of parameters: 103040
2025-10-22 10:55:39.715 INFO: 
2025-10-22 10:55:39.716 INFO: ===========OPTIMIZER INFORMATION===========
2025-10-22 10:55:39.716 INFO: Using ADAM as parameter optimizer
2025-10-22 10:55:39.716 INFO: Batch size: 10
2025-10-22 10:55:39.716 INFO: Using Exponential Moving Average with decay: 0.99
2025-10-22 10:55:39.716 INFO: Number of gradient updates: 8550
2025-10-22 10:55:39.716 INFO: Learning rate: 0.0001, weight decay: 5e-07
2025-10-22 10:55:39.716 INFO: WeightedEnergyForcesNacsDipoleLoss(energy_weight=100.000, forces_weight=1.000, dipole_weight=1.000)
2025-10-22 10:55:39.716 INFO: Using gradient clipping with tolerance=10.000
2025-10-22 10:55:39.716 INFO: 
2025-10-22 10:55:39.716 INFO: ===========TRAINING===========
2025-10-22 10:55:39.717 INFO: Started training, reporting errors on validation set
2025-10-22 10:55:39.717 INFO: Loss metrics on validation set
2025-10-22 10:55:41.944 DEBUG: Saving info: ./results/energies_forces_run-100_train.txt
2025-10-22 10:55:42.364 DEBUG: Saving info: ./results/energies_forces_run-100_train.txt
2025-10-22 10:55:42.930 DEBUG: Saving info: ./results/energies_forces_run-100_train.txt
2025-10-22 10:55:43.549 DEBUG: Saving info: ./results/energies_forces_run-100_train.txt
2025-10-22 10:55:43.597 DEBUG: Saving info: ./results/energies_forces_run-100_train.txt
2025-10-22 10:55:43.644 DEBUG: Saving info: ./results/energies_forces_run-100_train.txt
2025-10-22 10:55:43.691 DEBUG: Saving info: ./results/energies_forces_run-100_train.txt
2025-10-22 10:55:43.738 DEBUG: Saving info: ./results/energies_forces_run-100_train.txt
2025-10-22 10:55:43.785 DEBUG: Saving info: ./results/energies_forces_run-100_train.txt
2025-10-22 10:55:43.831 DEBUG: Saving info: ./results/energies_forces_run-100_train.txt
2025-10-22 10:55:43.877 DEBUG: Saving info: ./results/energies_forces_run-100_train.txt
2025-10-22 10:55:43.923 DEBUG: Saving info: ./results/energies_forces_run-100_train.txt
2025-10-22 10:55:43.968 DEBUG: Saving info: ./results/energies_forces_run-100_train.txt
2025-10-22 10:55:44.014 DEBUG: Saving info: ./results/energies_forces_run-100_train.txt
2025-10-22 10:55:44.060 DEBUG: Saving info: ./results/energies_forces_run-100_train.txt
2025-10-22 10:55:44.106 DEBUG: Saving info: ./results/energies_forces_run-100_train.txt
2025-10-22 10:55:44.151 DEBUG: Saving info: ./results/energies_forces_run-100_train.txt
2025-10-22 10:55:44.198 DEBUG: Saving info: ./results/energies_forces_run-100_train.txt
2025-10-22 10:55:44.243 DEBUG: Saving info: ./results/energies_forces_run-100_train.txt
2025-10-22 10:55:44.289 DEBUG: Saving info: ./results/energies_forces_run-100_train.txt
2025-10-22 10:55:44.334 DEBUG: Saving info: ./results/energies_forces_run-100_train.txt
2025-10-22 10:55:44.380 DEBUG: Saving info: ./results/energies_forces_run-100_train.txt
2025-10-22 10:55:44.425 DEBUG: Saving info: ./results/energies_forces_run-100_train.txt
2025-10-22 10:55:44.471 DEBUG: Saving info: ./results/energies_forces_run-100_train.txt
2025-10-22 10:55:44.516 DEBUG: Saving info: ./results/energies_forces_run-100_train.txt
2025-10-22 10:55:44.562 DEBUG: Saving info: ./results/energies_forces_run-100_train.txt
2025-10-22 10:55:44.608 DEBUG: Saving info: ./results/energies_forces_run-100_train.txt
2025-10-22 10:55:44.654 DEBUG: Saving info: ./results/energies_forces_run-100_train.txt
2025-10-22 10:55:44.700 DEBUG: Saving info: ./results/energies_forces_run-100_train.txt
2025-10-22 10:55:44.745 DEBUG: Saving info: ./results/energies_forces_run-100_train.txt
2025-10-22 10:55:44.791 DEBUG: Saving info: ./results/energies_forces_run-100_train.txt
2025-10-22 10:55:44.837 DEBUG: Saving info: ./results/energies_forces_run-100_train.txt
2025-10-22 10:55:44.882 DEBUG: Saving info: ./results/energies_forces_run-100_train.txt
2025-10-22 10:55:44.927 DEBUG: Saving info: ./results/energies_forces_run-100_train.txt
2025-10-22 10:55:44.973 DEBUG: Saving info: ./results/energies_forces_run-100_train.txt
2025-10-22 10:55:45.019 DEBUG: Saving info: ./results/energies_forces_run-100_train.txt
2025-10-22 10:55:45.065 DEBUG: Saving info: ./results/energies_forces_run-100_train.txt
2025-10-22 10:55:45.111 DEBUG: Saving info: ./results/energies_forces_run-100_train.txt
2025-10-22 10:55:45.157 DEBUG: Saving info: ./results/energies_forces_run-100_train.txt
2025-10-22 10:55:45.202 DEBUG: Saving info: ./results/energies_forces_run-100_train.txt
2025-10-22 10:55:45.248 DEBUG: Saving info: ./results/energies_forces_run-100_train.txt
2025-10-22 10:55:45.293 DEBUG: Saving info: ./results/energies_forces_run-100_train.txt
2025-10-22 10:55:45.339 DEBUG: Saving info: ./results/energies_forces_run-100_train.txt
2025-10-22 10:55:45.385 DEBUG: Saving info: ./results/energies_forces_run-100_train.txt
2025-10-22 10:55:45.430 DEBUG: Saving info: ./results/energies_forces_run-100_train.txt
2025-10-22 10:55:45.476 DEBUG: Saving info: ./results/energies_forces_run-100_train.txt
2025-10-22 10:55:45.522 DEBUG: Saving info: ./results/energies_forces_run-100_train.txt
2025-10-22 10:55:45.568 DEBUG: Saving info: ./results/energies_forces_run-100_train.txt
2025-10-22 10:55:45.613 DEBUG: Saving info: ./results/energies_forces_run-100_train.txt
2025-10-22 10:55:45.659 DEBUG: Saving info: ./results/energies_forces_run-100_train.txt
2025-10-22 10:55:45.705 DEBUG: Saving info: ./results/energies_forces_run-100_train.txt
2025-10-22 10:55:45.751 DEBUG: Saving info: ./results/energies_forces_run-100_train.txt
2025-10-22 10:55:45.796 DEBUG: Saving info: ./results/energies_forces_run-100_train.txt
2025-10-22 10:55:45.842 DEBUG: Saving info: ./results/energies_forces_run-100_train.txt
2025-10-22 10:55:45.887 DEBUG: Saving info: ./results/energies_forces_run-100_train.txt
2025-10-22 10:55:45.933 DEBUG: Saving info: ./results/energies_forces_run-100_train.txt
2025-10-22 10:55:45.979 DEBUG: Saving info: ./results/energies_forces_run-100_train.txt
2025-10-22 10:55:46.024 DEBUG: Saving info: ./results/energies_forces_run-100_train.txt
2025-10-22 10:55:46.071 DEBUG: Saving info: ./results/energies_forces_run-100_train.txt
2025-10-22 10:55:46.116 DEBUG: Saving info: ./results/energies_forces_run-100_train.txt
2025-10-22 10:55:46.162 DEBUG: Saving info: ./results/energies_forces_run-100_train.txt
2025-10-22 10:55:46.208 DEBUG: Saving info: ./results/energies_forces_run-100_train.txt
2025-10-22 10:55:46.254 DEBUG: Saving info: ./results/energies_forces_run-100_train.txt
2025-10-22 10:55:46.299 DEBUG: Saving info: ./results/energies_forces_run-100_train.txt
2025-10-22 10:55:46.345 DEBUG: Saving info: ./results/energies_forces_run-100_train.txt
2025-10-22 10:55:46.390 DEBUG: Saving info: ./results/energies_forces_run-100_train.txt
2025-10-22 10:55:46.436 DEBUG: Saving info: ./results/energies_forces_run-100_train.txt
2025-10-22 10:55:46.482 DEBUG: Saving info: ./results/energies_forces_run-100_train.txt
2025-10-22 10:55:46.527 DEBUG: Saving info: ./results/energies_forces_run-100_train.txt
2025-10-22 10:55:46.573 DEBUG: Saving info: ./results/energies_forces_run-100_train.txt
2025-10-22 10:55:46.619 DEBUG: Saving info: ./results/energies_forces_run-100_train.txt
2025-10-22 10:55:46.665 DEBUG: Saving info: ./results/energies_forces_run-100_train.txt
2025-10-22 10:55:46.711 DEBUG: Saving info: ./results/energies_forces_run-100_train.txt
2025-10-22 10:55:46.757 DEBUG: Saving info: ./results/energies_forces_run-100_train.txt
2025-10-22 10:55:46.803 DEBUG: Saving info: ./results/energies_forces_run-100_train.txt
2025-10-22 10:55:46.849 DEBUG: Saving info: ./results/energies_forces_run-100_train.txt
2025-10-22 10:55:46.895 DEBUG: Saving info: ./results/energies_forces_run-100_train.txt
2025-10-22 10:55:46.940 DEBUG: Saving info: ./results/energies_forces_run-100_train.txt
2025-10-22 10:55:46.986 DEBUG: Saving info: ./results/energies_forces_run-100_train.txt
2025-10-22 10:55:47.032 DEBUG: Saving info: ./results/energies_forces_run-100_train.txt
2025-10-22 10:55:47.078 DEBUG: Saving info: ./results/energies_forces_run-100_train.txt
2025-10-22 10:55:47.124 DEBUG: Saving info: ./results/energies_forces_run-100_train.txt
2025-10-22 10:55:47.169 DEBUG: Saving info: ./results/energies_forces_run-100_train.txt
2025-10-22 10:55:47.215 DEBUG: Saving info: ./results/energies_forces_run-100_train.txt
2025-10-22 10:55:47.261 DEBUG: Saving info: ./results/energies_forces_run-100_train.txt
2025-10-22 10:55:47.307 DEBUG: Saving info: ./results/energies_forces_run-100_train.txt
2025-10-22 10:55:47.517 DEBUG: Saving info: ./results/energies_forces_run-100_train.txt
2025-10-22 10:55:47.518 DEBUG: Saving checkpoint: ./checkpoints/energies_forces_run-100_epoch-0.pt
2025-10-22 10:55:47.607 DEBUG: Saving info: ./results/energies_forces_run-100_train.txt
2025-10-22 10:55:47.652 DEBUG: Saving info: ./results/energies_forces_run-100_train.txt
2025-10-22 10:55:47.698 DEBUG: Saving info: ./results/energies_forces_run-100_train.txt
2025-10-22 10:55:47.743 DEBUG: Saving info: ./results/energies_forces_run-100_train.txt
2025-10-22 10:55:47.789 DEBUG: Saving info: ./results/energies_forces_run-100_train.txt
2025-10-22 10:55:47.835 DEBUG: Saving info: ./results/energies_forces_run-100_train.txt
2025-10-22 10:55:47.881 DEBUG: Saving info: ./results/energies_forces_run-100_train.txt
2025-10-22 10:55:47.926 DEBUG: Saving info: ./results/energies_forces_run-100_train.txt
2025-10-22 10:55:47.972 DEBUG: Saving info: ./results/energies_forces_run-100_train.txt
2025-10-22 10:55:48.018 DEBUG: Saving info: ./results/energies_forces_run-100_train.txt
2025-10-22 10:55:48.064 DEBUG: Saving info: ./results/energies_forces_run-100_train.txt
