2025-10-22 10:57:05.085 INFO: ===========VERIFYING SETTINGS===========
2025-10-22 10:57:05.085 INFO: MACE version: 0.3.6
2025-10-22 10:57:05.085 DEBUG: Configuration: Namespace(config=None, name='nacs', seed=100, work_dir='.', nacs_key='smooth_nacs', log_dir='./logs', model_dir='.', checkpoints_dir='./checkpoints', results_dir='./results', downloads_dir='./downloads', device='cuda', default_dtype='float32', distributed=False, log_level='INFO', n_energies=4, error_table='EnergyNacsDipoleMAE', model='ExcitedMACE', r_max=5.0, num_permutational_invariant=16, radial_type='bessel', num_radial_basis=8, num_cutoff_basis=5, pair_repulsion=False, distance_transform='None', interaction='RealAgnosticResidualInteractionBlock', interaction_first='RealAgnosticResidualInteractionBlock', max_ell=3, correlation=3, num_interactions=2, MLP_irreps='32x0e', radial_MLP='[64, 64, 64]', hidden_irreps='32x0e + 32x1o', num_channels=32, max_L=1, gate='silu', scaling='rms_forces_scaling', avg_num_neighbors=1, compute_avg_num_neighbors=True, compute_stress=False, compute_forces=True, compute_dipoles=True, compute_nacs=True, compute_socs=False, train_file='NACS.xyz', valid_file=None, valid_fraction=0.1, test_file=None, test_dir=None, multi_processed_test=False, num_workers=0, pin_memory=True, atomic_numbers=None, mean=None, std=None, statistics_file=None, E0s='average', keep_isolated_atoms=False, energy_key='REF_energy', forces_key='REF_forces', virials_key='REF_virials', stress_key='REF_stress', dipoles_key='REF_dipoles', charges_key='REF_charges', loss='weighted', forces_weight=1.0, nacs_weight=10.0, socs_weight=10.0, soc_num=None, nac_num=6, swa_forces_weight=100.0, energy_weight=100.0, swa_energy_weight=1000.0, virials_weight=1.0, swa_virials_weight=10.0, stress_weight=1.0, swa_stress_weight=10.0, dipoles_weight=1.0, swa_dipole_weight=1.0, config_type_weights='{"Default":1.0}', huber_delta=0.01, optimizer='adam', beta=0.9, batch_size=10, valid_batch_size=10, lr=0.0001, swa_lr=0.001, weight_decay=5e-07, amsgrad=True, scheduler='ReduceLROnPlateau', lr_factor=0.8, scheduler_patience=50, lr_scheduler_gamma=0.9993, swa=False, start_swa=None, ema=True, ema_decay=0.99, max_num_epochs=100, patience=2048, foundation_model=None, foundation_model_readout=True, eval_interval=1, keep_checkpoints=False, save_all_checkpoints=False, restart_latest=False, save_cpu=False, clip_grad=10.0, wandb=False, wandb_dir=None, wandb_project='', wandb_entity='', wandb_name='', wandb_log_hypers=['num_channels', 'max_L', 'correlation', 'lr', 'swa_lr', 'weight_decay', 'batch_size', 'max_num_epochs', 'start_swa', 'energy_weight', 'forces_weight'])
2025-10-22 10:57:05.114 INFO: CUDA version: 12.4, CUDA device: 0
2025-10-22 10:57:05.132 DEBUG: Popen(['git', 'version'], cwd=/home/rhyan/Exciton_model/X-MACE, stdin=None, shell=False, universal_newlines=False)
2025-10-22 10:57:05.133 DEBUG: Popen(['git', 'version'], cwd=/home/rhyan/Exciton_model/X-MACE, stdin=None, shell=False, universal_newlines=False)
2025-10-22 10:57:05.134 DEBUG: sys.platform='linux', git_executable='git'
2025-10-22 10:57:05.135 DEBUG: Popen(['git', 'cat-file', '--batch-check'], cwd=/home/rhyan/Exciton_model/X-MACE, stdin=<valid stream>, shell=False, universal_newlines=False)
2025-10-22 10:57:05.136 DEBUG: Current Git commit: 0861c52cf365064d060e006c179e4cc1785b61c2
2025-10-22 10:57:05.136 INFO: 
2025-10-22 10:57:05.136 INFO: ===========LOADING INPUT DATA===========
2025-10-22 10:57:23.737 INFO: ===========VERIFYING SETTINGS===========
2025-10-22 10:57:23.737 INFO: MACE version: 0.3.6
2025-10-22 10:57:23.737 DEBUG: Configuration: Namespace(config=None, name='nacs', seed=100, work_dir='.', nacs_key='smooth_nacs', log_dir='./logs', model_dir='.', checkpoints_dir='./checkpoints', results_dir='./results', downloads_dir='./downloads', device='cuda', default_dtype='float32', distributed=False, log_level='INFO', n_energies=4, error_table='EnergyNacsDipoleMAE', model='ExcitedMACE', r_max=5.0, num_permutational_invariant=16, radial_type='bessel', num_radial_basis=8, num_cutoff_basis=5, pair_repulsion=False, distance_transform='None', interaction='RealAgnosticResidualInteractionBlock', interaction_first='RealAgnosticResidualInteractionBlock', max_ell=3, correlation=3, num_interactions=2, MLP_irreps='32x0e', radial_MLP='[64, 64, 64]', hidden_irreps='32x0e + 32x1o', num_channels=32, max_L=1, gate='silu', scaling='rms_forces_scaling', avg_num_neighbors=1, compute_avg_num_neighbors=True, compute_stress=False, compute_forces=True, compute_dipoles=True, compute_nacs=True, compute_socs=False, train_file='NACS.xyz', valid_file=None, valid_fraction=0.1, test_file=None, test_dir=None, multi_processed_test=False, num_workers=0, pin_memory=True, atomic_numbers=None, mean=None, std=None, statistics_file=None, E0s='average', keep_isolated_atoms=False, energy_key='REF_energy', forces_key='REF_forces', virials_key='REF_virials', stress_key='REF_stress', dipoles_key='REF_dipoles', charges_key='REF_charges', loss='weighted', forces_weight=1.0, nacs_weight=10.0, socs_weight=10.0, soc_num=None, nac_num=6, swa_forces_weight=100.0, energy_weight=100.0, swa_energy_weight=1000.0, virials_weight=1.0, swa_virials_weight=10.0, stress_weight=1.0, swa_stress_weight=10.0, dipoles_weight=1.0, swa_dipole_weight=1.0, config_type_weights='{"Default":1.0}', huber_delta=0.01, optimizer='adam', beta=0.9, batch_size=10, valid_batch_size=10, lr=0.0001, swa_lr=0.001, weight_decay=5e-07, amsgrad=True, scheduler='ReduceLROnPlateau', lr_factor=0.8, scheduler_patience=50, lr_scheduler_gamma=0.9993, swa=False, start_swa=None, ema=True, ema_decay=0.99, max_num_epochs=100, patience=2048, foundation_model=None, foundation_model_readout=True, eval_interval=1, keep_checkpoints=False, save_all_checkpoints=False, restart_latest=False, save_cpu=False, clip_grad=10.0, wandb=False, wandb_dir=None, wandb_project='', wandb_entity='', wandb_name='', wandb_log_hypers=['num_channels', 'max_L', 'correlation', 'lr', 'swa_lr', 'weight_decay', 'batch_size', 'max_num_epochs', 'start_swa', 'energy_weight', 'forces_weight'])
2025-10-22 10:57:23.765 INFO: CUDA version: 12.4, CUDA device: 0
2025-10-22 10:57:23.783 DEBUG: Popen(['git', 'version'], cwd=/home/rhyan/Exciton_model/X-MACE, stdin=None, shell=False, universal_newlines=False)
2025-10-22 10:57:23.784 DEBUG: Popen(['git', 'version'], cwd=/home/rhyan/Exciton_model/X-MACE, stdin=None, shell=False, universal_newlines=False)
2025-10-22 10:57:23.785 DEBUG: sys.platform='linux', git_executable='git'
2025-10-22 10:57:23.786 DEBUG: Popen(['git', 'cat-file', '--batch-check'], cwd=/home/rhyan/Exciton_model/X-MACE, stdin=<valid stream>, shell=False, universal_newlines=False)
2025-10-22 10:57:23.787 DEBUG: Current Git commit: 0861c52cf365064d060e006c179e4cc1785b61c2
2025-10-22 10:57:23.787 INFO: 
2025-10-22 10:57:23.787 INFO: ===========LOADING INPUT DATA===========
2025-10-22 10:57:24.689 INFO: Using random 10% of training set for validation with indices saved in: ./valid_indices_100.txt
2025-10-22 10:57:24.690 INFO: Atomic Numbers used: [1, 6, 7, 8]
2025-10-22 10:57:24.690 INFO: Isolated Atomic Energies (E0s) not in training file, using command line argument
2025-10-22 10:57:24.691 INFO: Computing average Atomic Energies using least squares regression
2025-10-22 10:57:24.699 INFO: Atomic Energies used (z: eV): {1: 0.0, 6: 0.0, 7: 0.0, 8: 0.0}
2025-10-22 10:57:24.894 INFO: 
2025-10-22 10:57:24.895 INFO: ===========MODEL DETAILS===========
2025-10-22 10:57:25.138 INFO: Average number of neighbors: 15.7
2025-10-22 10:57:25.138 INFO: During training the following quantities will be reported: energy, forces, dipoles, nacs
2025-10-22 10:57:25.229 WARNING: Standard deviation of the scaling is zero, Changing to no scaling
2025-10-22 10:57:25.229 INFO: Building model
2025-10-22 10:57:25.229 INFO: Message passing with 32 channels and max_L=1 (32x0e + 32x1o)
2025-10-22 10:57:25.230 INFO: 2 layers, each with correlation order: 3 (body order: 4) and spherical harmonics up to: l=3
2025-10-22 10:57:25.230 INFO: 8 radial and 5 basis functions
2025-10-22 10:57:25.230 INFO: Radial cutoff: 5.0 Å (total receptive field for each atom: 10.0 Å)
2025-10-22 10:57:25.230 INFO: Distance transform for radial basis functions: None
2025-10-22 10:57:25.919 DEBUG: ExcitedMACE(
  (node_embedding): LinearNodeEmbeddingBlock(
    (linear): Linear(4x0e -> 32x0e | 128 weights)
  )
  (radial_embedding): RadialEmbeddingBlock(
    (bessel_fn): BesselBasis(r_max=5.0, num_basis=8, trainable=False)
    (cutoff_fn): PolynomialCutoff(p=5.0, r_max=5.0)
  )
  (spherical_harmonics): SphericalHarmonics()
  (atomic_energies_fn): AtomicEnergiesBlock(energies=[0.0000, 0.0000, 0.0000, 0.0000])
  (interactions): ModuleList(
    (0): RealAgnosticInteractionBlock(
      (linear_up): Linear(32x0e -> 32x0e | 1024 weights)
      (conv_tp): TensorProduct(32x0e x 1x0e+1x1o+1x2e+1x3o -> 32x0e+32x1o+32x2e+32x3o | 128 paths | 128 weights)
      (conv_tp_weights): FullyConnectedNet[8, 64, 64, 64, 128]
      (linear): Linear(32x0e+32x1o+32x2e+32x3o -> 32x0e+32x1o+32x2e+32x3o | 4096 weights)
      (skip_tp): FullyConnectedTensorProduct(32x0e+32x1o+32x2e+32x3o x 4x0e -> 32x0e+32x1o+32x2e+32x3o | 16384 paths | 16384 weights)
      (reshape): reshape_irreps()
    )
    (1): RealAgnosticResidualInteractionBlock(
      (linear_up): Linear(32x0e+32x1o -> 32x0e+32x1o | 2048 weights)
      (conv_tp): TensorProduct(32x0e+32x1o x 1x0e+1x1o+1x2e+1x3o -> 64x0e+96x1o+96x2e+64x3o | 320 paths | 320 weights)
      (conv_tp_weights): FullyConnectedNet[8, 64, 64, 64, 320]
      (linear): Linear(64x0e+96x1o+96x2e+64x3o -> 32x0e+32x1o+32x2e+32x3o | 10240 weights)
      (skip_tp): FullyConnectedTensorProduct(32x0e+32x1o x 4x0e -> 32x0e | 4096 paths | 4096 weights)
      (reshape): reshape_irreps()
    )
  )
  (products): ModuleList(
    (0): EquivariantProductBasisBlock(
      (symmetric_contractions): SymmetricContraction(
        (contractions): ModuleList(
          (0): Contraction(
            (contractions_weighting): ModuleList(
              (0-1): 2 x GraphModule()
            )
            (contractions_features): ModuleList(
              (0-1): 2 x GraphModule()
            )
            (weights): ParameterList(
                (0): Parameter containing: [torch.float32 of size 4x4x32 (cuda:0)]
                (1): Parameter containing: [torch.float32 of size 4x1x32 (cuda:0)]
            )
            (graph_opt_main): GraphModule()
          )
          (1): Contraction(
            (contractions_weighting): ModuleList(
              (0-1): 2 x GraphModule()
            )
            (contractions_features): ModuleList(
              (0-1): 2 x GraphModule()
            )
            (weights): ParameterList(
                (0): Parameter containing: [torch.float32 of size 4x6x32 (cuda:0)]
                (1): Parameter containing: [torch.float32 of size 4x1x32 (cuda:0)]
            )
            (graph_opt_main): GraphModule()
          )
        )
      )
      (linear): Linear(32x0e+32x1o -> 32x0e+32x1o | 2048 weights)
    )
    (1): EquivariantProductBasisBlock(
      (symmetric_contractions): SymmetricContraction(
        (contractions): ModuleList(
          (0): Contraction(
            (contractions_weighting): ModuleList(
              (0-1): 2 x GraphModule()
            )
            (contractions_features): ModuleList(
              (0-1): 2 x GraphModule()
            )
            (weights): ParameterList(
                (0): Parameter containing: [torch.float32 of size 4x4x32 (cuda:0)]
                (1): Parameter containing: [torch.float32 of size 4x1x32 (cuda:0)]
            )
            (graph_opt_main): GraphModule()
          )
        )
      )
      (linear): Linear(32x0e -> 32x0e | 1024 weights)
    )
  )
  (readouts): ModuleList(
    (0): LinearReadoutBlock(
      (linear): Linear(32x0e+32x1o -> 4x0e+6x1o | 320 weights)
    )
    (1): NonLinearReadoutBlock(
      (linear_1): Linear(32x0e -> 32x0e | 1024 weights)
      (non_linearity): Activation [x] (32x0e -> 32x0e)
      (linear_2): Linear(32x0e -> 4x0e+6x1o | 128 weights)
    )
  )
  (socs_readouts): ModuleList(
    (0): None
  )
)
2025-10-22 10:57:25.920 INFO: Total number of parameters: 103232
2025-10-22 10:57:25.920 INFO: 
2025-10-22 10:57:25.920 INFO: ===========OPTIMIZER INFORMATION===========
2025-10-22 10:57:25.920 INFO: Using ADAM as parameter optimizer
2025-10-22 10:57:25.920 INFO: Batch size: 10
2025-10-22 10:57:25.920 INFO: Using Exponential Moving Average with decay: 0.99
2025-10-22 10:57:25.921 INFO: Number of gradient updates: 8550
2025-10-22 10:57:25.921 INFO: Learning rate: 0.0001, weight decay: 5e-07
2025-10-22 10:57:25.921 INFO: WeightedEnergyForcesNacsDipoleLoss(energy_weight=100.000, forces_weight=1.000, dipole_weight=1.000)
2025-10-22 10:57:25.921 INFO: Using gradient clipping with tolerance=10.000
2025-10-22 10:57:25.921 INFO: 
2025-10-22 10:57:25.921 INFO: ===========TRAINING===========
2025-10-22 10:57:25.921 INFO: Started training, reporting errors on validation set
2025-10-22 10:57:25.921 INFO: Loss metrics on validation set
2025-10-22 10:57:56.419 INFO: ===========VERIFYING SETTINGS===========
2025-10-22 10:57:56.419 INFO: MACE version: 0.3.6
2025-10-22 10:57:56.419 DEBUG: Configuration: Namespace(config=None, name='nacs', seed=100, work_dir='.', nacs_key='smooth_nacs', log_dir='./logs', model_dir='.', checkpoints_dir='./checkpoints', results_dir='./results', downloads_dir='./downloads', device='cuda', default_dtype='float32', distributed=False, log_level='INFO', n_energies=0, error_table='EnergyNacsDipoleMAE', model='ExcitedMACE', r_max=5.0, num_permutational_invariant=16, radial_type='bessel', num_radial_basis=8, num_cutoff_basis=5, pair_repulsion=False, distance_transform='None', interaction='RealAgnosticResidualInteractionBlock', interaction_first='RealAgnosticResidualInteractionBlock', max_ell=3, correlation=3, num_interactions=2, MLP_irreps='32x0e', radial_MLP='[64, 64, 64]', hidden_irreps='32x0e + 32x1o', num_channels=32, max_L=1, gate='silu', scaling='rms_forces_scaling', avg_num_neighbors=1, compute_avg_num_neighbors=True, compute_stress=False, compute_forces=True, compute_dipoles=True, compute_nacs=True, compute_socs=False, train_file='NACS.xyz', valid_file=None, valid_fraction=0.1, test_file=None, test_dir=None, multi_processed_test=False, num_workers=0, pin_memory=True, atomic_numbers=None, mean=None, std=None, statistics_file=None, E0s='average', keep_isolated_atoms=False, energy_key='REF_energy', forces_key='REF_forces', virials_key='REF_virials', stress_key='REF_stress', dipoles_key='REF_dipoles', charges_key='REF_charges', loss='weighted', forces_weight=1.0, nacs_weight=10.0, socs_weight=10.0, soc_num=None, nac_num=6, swa_forces_weight=100.0, energy_weight=100.0, swa_energy_weight=1000.0, virials_weight=1.0, swa_virials_weight=10.0, stress_weight=1.0, swa_stress_weight=10.0, dipoles_weight=1.0, swa_dipole_weight=1.0, config_type_weights='{"Default":1.0}', huber_delta=0.01, optimizer='adam', beta=0.9, batch_size=10, valid_batch_size=10, lr=0.0001, swa_lr=0.001, weight_decay=5e-07, amsgrad=True, scheduler='ReduceLROnPlateau', lr_factor=0.8, scheduler_patience=50, lr_scheduler_gamma=0.9993, swa=False, start_swa=None, ema=True, ema_decay=0.99, max_num_epochs=100, patience=2048, foundation_model=None, foundation_model_readout=True, eval_interval=1, keep_checkpoints=False, save_all_checkpoints=False, restart_latest=False, save_cpu=False, clip_grad=10.0, wandb=False, wandb_dir=None, wandb_project='', wandb_entity='', wandb_name='', wandb_log_hypers=['num_channels', 'max_L', 'correlation', 'lr', 'swa_lr', 'weight_decay', 'batch_size', 'max_num_epochs', 'start_swa', 'energy_weight', 'forces_weight'])
2025-10-22 10:57:56.447 INFO: CUDA version: 12.4, CUDA device: 0
2025-10-22 10:57:56.465 DEBUG: Popen(['git', 'version'], cwd=/home/rhyan/Exciton_model/X-MACE, stdin=None, shell=False, universal_newlines=False)
2025-10-22 10:57:56.466 DEBUG: Popen(['git', 'version'], cwd=/home/rhyan/Exciton_model/X-MACE, stdin=None, shell=False, universal_newlines=False)
2025-10-22 10:57:56.467 DEBUG: sys.platform='linux', git_executable='git'
2025-10-22 10:57:56.468 DEBUG: Popen(['git', 'cat-file', '--batch-check'], cwd=/home/rhyan/Exciton_model/X-MACE, stdin=<valid stream>, shell=False, universal_newlines=False)
2025-10-22 10:57:56.469 DEBUG: Current Git commit: 0861c52cf365064d060e006c179e4cc1785b61c2
2025-10-22 10:57:56.469 INFO: 
2025-10-22 10:57:56.469 INFO: ===========LOADING INPUT DATA===========
2025-10-22 10:57:57.370 INFO: Using random 10% of training set for validation with indices saved in: ./valid_indices_100.txt
2025-10-22 10:57:57.372 INFO: Atomic Numbers used: [1, 6, 7, 8]
2025-10-22 10:57:57.372 INFO: Isolated Atomic Energies (E0s) not in training file, using command line argument
2025-10-22 10:57:57.372 INFO: Computing average Atomic Energies using least squares regression
2025-10-22 10:57:57.379 INFO: Atomic Energies used (z: eV): {1: 0.0, 6: 0.0, 7: 0.0, 8: 0.0}
2025-10-22 10:57:57.581 INFO: 
2025-10-22 10:57:57.581 INFO: ===========MODEL DETAILS===========
2025-10-22 10:57:57.810 INFO: Average number of neighbors: 15.7
2025-10-22 10:57:57.810 INFO: During training the following quantities will be reported: energy, forces, dipoles, nacs
2025-10-22 10:57:57.902 WARNING: Standard deviation of the scaling is zero, Changing to no scaling
2025-10-22 10:57:57.902 INFO: Building model
2025-10-22 10:57:57.902 INFO: Message passing with 32 channels and max_L=1 (32x0e + 32x1o)
2025-10-22 10:57:57.902 INFO: 2 layers, each with correlation order: 3 (body order: 4) and spherical harmonics up to: l=3
2025-10-22 10:57:57.902 INFO: 8 radial and 5 basis functions
2025-10-22 10:57:57.902 INFO: Radial cutoff: 5.0 Å (total receptive field for each atom: 10.0 Å)
2025-10-22 10:57:57.902 INFO: Distance transform for radial basis functions: None
2025-10-22 10:57:58.587 DEBUG: ExcitedMACE(
  (node_embedding): LinearNodeEmbeddingBlock(
    (linear): Linear(4x0e -> 32x0e | 128 weights)
  )
  (radial_embedding): RadialEmbeddingBlock(
    (bessel_fn): BesselBasis(r_max=5.0, num_basis=8, trainable=False)
    (cutoff_fn): PolynomialCutoff(p=5.0, r_max=5.0)
  )
  (spherical_harmonics): SphericalHarmonics()
  (atomic_energies_fn): AtomicEnergiesBlock(energies=[0.0000, 0.0000, 0.0000, 0.0000])
  (interactions): ModuleList(
    (0): RealAgnosticInteractionBlock(
      (linear_up): Linear(32x0e -> 32x0e | 1024 weights)
      (conv_tp): TensorProduct(32x0e x 1x0e+1x1o+1x2e+1x3o -> 32x0e+32x1o+32x2e+32x3o | 128 paths | 128 weights)
      (conv_tp_weights): FullyConnectedNet[8, 64, 64, 64, 128]
      (linear): Linear(32x0e+32x1o+32x2e+32x3o -> 32x0e+32x1o+32x2e+32x3o | 4096 weights)
      (skip_tp): FullyConnectedTensorProduct(32x0e+32x1o+32x2e+32x3o x 4x0e -> 32x0e+32x1o+32x2e+32x3o | 16384 paths | 16384 weights)
      (reshape): reshape_irreps()
    )
    (1): RealAgnosticResidualInteractionBlock(
      (linear_up): Linear(32x0e+32x1o -> 32x0e+32x1o | 2048 weights)
      (conv_tp): TensorProduct(32x0e+32x1o x 1x0e+1x1o+1x2e+1x3o -> 64x0e+96x1o+96x2e+64x3o | 320 paths | 320 weights)
      (conv_tp_weights): FullyConnectedNet[8, 64, 64, 64, 320]
      (linear): Linear(64x0e+96x1o+96x2e+64x3o -> 32x0e+32x1o+32x2e+32x3o | 10240 weights)
      (skip_tp): FullyConnectedTensorProduct(32x0e+32x1o x 4x0e -> 32x0e | 4096 paths | 4096 weights)
      (reshape): reshape_irreps()
    )
  )
  (products): ModuleList(
    (0): EquivariantProductBasisBlock(
      (symmetric_contractions): SymmetricContraction(
        (contractions): ModuleList(
          (0): Contraction(
            (contractions_weighting): ModuleList(
              (0-1): 2 x GraphModule()
            )
            (contractions_features): ModuleList(
              (0-1): 2 x GraphModule()
            )
            (weights): ParameterList(
                (0): Parameter containing: [torch.float32 of size 4x4x32 (cuda:0)]
                (1): Parameter containing: [torch.float32 of size 4x1x32 (cuda:0)]
            )
            (graph_opt_main): GraphModule()
          )
          (1): Contraction(
            (contractions_weighting): ModuleList(
              (0-1): 2 x GraphModule()
            )
            (contractions_features): ModuleList(
              (0-1): 2 x GraphModule()
            )
            (weights): ParameterList(
                (0): Parameter containing: [torch.float32 of size 4x6x32 (cuda:0)]
                (1): Parameter containing: [torch.float32 of size 4x1x32 (cuda:0)]
            )
            (graph_opt_main): GraphModule()
          )
        )
      )
      (linear): Linear(32x0e+32x1o -> 32x0e+32x1o | 2048 weights)
    )
    (1): EquivariantProductBasisBlock(
      (symmetric_contractions): SymmetricContraction(
        (contractions): ModuleList(
          (0): Contraction(
            (contractions_weighting): ModuleList(
              (0-1): 2 x GraphModule()
            )
            (contractions_features): ModuleList(
              (0-1): 2 x GraphModule()
            )
            (weights): ParameterList(
                (0): Parameter containing: [torch.float32 of size 4x4x32 (cuda:0)]
                (1): Parameter containing: [torch.float32 of size 4x1x32 (cuda:0)]
            )
            (graph_opt_main): GraphModule()
          )
        )
      )
      (linear): Linear(32x0e -> 32x0e | 1024 weights)
    )
  )
  (readouts): ModuleList(
    (0): LinearReadoutBlock(
      (linear): Linear(32x0e+32x1o -> 0x0e+6x1o | 192 weights)
    )
    (1): NonLinearReadoutBlock(
      (linear_1): Linear(32x0e -> 32x0e | 1024 weights)
      (non_linearity): Activation [x] (32x0e -> 32x0e)
      (linear_2): Linear(32x0e -> 0x0e+6x1o | 0 weights)
    )
  )
  (socs_readouts): ModuleList(
    (0): None
  )
)
2025-10-22 10:57:58.588 INFO: Total number of parameters: 102976
2025-10-22 10:57:58.589 INFO: 
2025-10-22 10:57:58.589 INFO: ===========OPTIMIZER INFORMATION===========
2025-10-22 10:57:58.589 INFO: Using ADAM as parameter optimizer
2025-10-22 10:57:58.589 INFO: Batch size: 10
2025-10-22 10:57:58.589 INFO: Using Exponential Moving Average with decay: 0.99
2025-10-22 10:57:58.589 INFO: Number of gradient updates: 8550
2025-10-22 10:57:58.589 INFO: Learning rate: 0.0001, weight decay: 5e-07
2025-10-22 10:57:58.589 INFO: WeightedEnergyForcesNacsDipoleLoss(energy_weight=100.000, forces_weight=1.000, dipole_weight=1.000)
2025-10-22 10:57:58.589 INFO: Using gradient clipping with tolerance=10.000
2025-10-22 10:57:58.590 INFO: 
2025-10-22 10:57:58.590 INFO: ===========TRAINING===========
2025-10-22 10:57:58.590 INFO: Started training, reporting errors on validation set
2025-10-22 10:57:58.590 INFO: Loss metrics on validation set
2025-10-22 10:59:07.426 INFO: ===========VERIFYING SETTINGS===========
2025-10-22 10:59:07.426 INFO: MACE version: 0.3.6
2025-10-22 10:59:07.426 DEBUG: Configuration: Namespace(config=None, name='nacs', seed=100, work_dir='.', nacs_key='smooth_nacs', log_dir='./logs', model_dir='.', checkpoints_dir='./checkpoints', results_dir='./results', downloads_dir='./downloads', device='cuda', default_dtype='float32', distributed=False, log_level='INFO', n_energies=4, error_table='EnergyNacsDipoleMAE', model='ExcitedMACE', r_max=5.0, num_permutational_invariant=16, radial_type='bessel', num_radial_basis=8, num_cutoff_basis=5, pair_repulsion=False, distance_transform='None', interaction='RealAgnosticResidualInteractionBlock', interaction_first='RealAgnosticResidualInteractionBlock', max_ell=3, correlation=3, num_interactions=2, MLP_irreps='32x0e', radial_MLP='[64, 64, 64]', hidden_irreps='32x0e + 32x1o', num_channels=32, max_L=1, gate='silu', scaling='rms_forces_scaling', avg_num_neighbors=1, compute_avg_num_neighbors=True, compute_stress=False, compute_forces=True, compute_dipoles=True, compute_nacs=True, compute_socs=False, train_file='ENERGIES_FORCES_NACS.xyz', valid_file=None, valid_fraction=0.1, test_file=None, test_dir=None, multi_processed_test=False, num_workers=0, pin_memory=True, atomic_numbers=None, mean=None, std=None, statistics_file=None, E0s='average', keep_isolated_atoms=False, energy_key='REF_energy', forces_key='REF_forces', virials_key='REF_virials', stress_key='REF_stress', dipoles_key='REF_dipoles', charges_key='REF_charges', loss='weighted', forces_weight=1.0, nacs_weight=10.0, socs_weight=10.0, soc_num=None, nac_num=6, swa_forces_weight=100.0, energy_weight=100.0, swa_energy_weight=1000.0, virials_weight=1.0, swa_virials_weight=10.0, stress_weight=1.0, swa_stress_weight=10.0, dipoles_weight=1.0, swa_dipole_weight=1.0, config_type_weights='{"Default":1.0}', huber_delta=0.01, optimizer='adam', beta=0.9, batch_size=10, valid_batch_size=10, lr=0.0001, swa_lr=0.001, weight_decay=5e-07, amsgrad=True, scheduler='ReduceLROnPlateau', lr_factor=0.8, scheduler_patience=50, lr_scheduler_gamma=0.9993, swa=False, start_swa=None, ema=True, ema_decay=0.99, max_num_epochs=100, patience=2048, foundation_model=None, foundation_model_readout=True, eval_interval=1, keep_checkpoints=False, save_all_checkpoints=False, restart_latest=False, save_cpu=False, clip_grad=10.0, wandb=False, wandb_dir=None, wandb_project='', wandb_entity='', wandb_name='', wandb_log_hypers=['num_channels', 'max_L', 'correlation', 'lr', 'swa_lr', 'weight_decay', 'batch_size', 'max_num_epochs', 'start_swa', 'energy_weight', 'forces_weight'])
2025-10-22 10:59:07.454 INFO: CUDA version: 12.4, CUDA device: 0
2025-10-22 10:59:07.472 DEBUG: Popen(['git', 'version'], cwd=/home/rhyan/Exciton_model/X-MACE, stdin=None, shell=False, universal_newlines=False)
2025-10-22 10:59:07.473 DEBUG: Popen(['git', 'version'], cwd=/home/rhyan/Exciton_model/X-MACE, stdin=None, shell=False, universal_newlines=False)
2025-10-22 10:59:07.474 DEBUG: sys.platform='linux', git_executable='git'
2025-10-22 10:59:07.475 DEBUG: Popen(['git', 'cat-file', '--batch-check'], cwd=/home/rhyan/Exciton_model/X-MACE, stdin=<valid stream>, shell=False, universal_newlines=False)
2025-10-22 10:59:07.476 DEBUG: Current Git commit: 0861c52cf365064d060e006c179e4cc1785b61c2
2025-10-22 10:59:07.476 INFO: 
2025-10-22 10:59:07.476 INFO: ===========LOADING INPUT DATA===========
2025-10-22 10:59:08.903 INFO: Using random 10% of training set for validation with indices saved in: ./valid_indices_100.txt
2025-10-22 10:59:08.905 INFO: Atomic Numbers used: [1, 6, 7, 8]
2025-10-22 10:59:08.905 INFO: Isolated Atomic Energies (E0s) not in training file, using command line argument
2025-10-22 10:59:08.905 INFO: Computing average Atomic Energies using least squares regression
2025-10-22 10:59:08.914 INFO: Atomic Energies used (z: eV): {1: -967.8427909292559, 6: -1244.3693026233295, 7: -138.2632558470366, 8: -829.5795350822196}
2025-10-22 10:59:09.111 INFO: 
2025-10-22 10:59:09.112 INFO: ===========MODEL DETAILS===========
2025-10-22 10:59:09.336 INFO: Average number of neighbors: 15.7
2025-10-22 10:59:09.337 INFO: During training the following quantities will be reported: energy, forces, dipoles, nacs
2025-10-22 10:59:09.428 INFO: Building model
2025-10-22 10:59:09.428 INFO: Message passing with 32 channels and max_L=1 (32x0e + 32x1o)
2025-10-22 10:59:09.428 INFO: 2 layers, each with correlation order: 3 (body order: 4) and spherical harmonics up to: l=3
2025-10-22 10:59:09.428 INFO: 8 radial and 5 basis functions
2025-10-22 10:59:09.428 INFO: Radial cutoff: 5.0 Å (total receptive field for each atom: 10.0 Å)
2025-10-22 10:59:09.428 INFO: Distance transform for radial basis functions: None
2025-10-22 10:59:10.132 DEBUG: ExcitedMACE(
  (node_embedding): LinearNodeEmbeddingBlock(
    (linear): Linear(4x0e -> 32x0e | 128 weights)
  )
  (radial_embedding): RadialEmbeddingBlock(
    (bessel_fn): BesselBasis(r_max=5.0, num_basis=8, trainable=False)
    (cutoff_fn): PolynomialCutoff(p=5.0, r_max=5.0)
  )
  (spherical_harmonics): SphericalHarmonics()
  (atomic_energies_fn): AtomicEnergiesBlock(energies=[-967.8428, -1244.3693, -138.2633, -829.5795])
  (interactions): ModuleList(
    (0): RealAgnosticInteractionBlock(
      (linear_up): Linear(32x0e -> 32x0e | 1024 weights)
      (conv_tp): TensorProduct(32x0e x 1x0e+1x1o+1x2e+1x3o -> 32x0e+32x1o+32x2e+32x3o | 128 paths | 128 weights)
      (conv_tp_weights): FullyConnectedNet[8, 64, 64, 64, 128]
      (linear): Linear(32x0e+32x1o+32x2e+32x3o -> 32x0e+32x1o+32x2e+32x3o | 4096 weights)
      (skip_tp): FullyConnectedTensorProduct(32x0e+32x1o+32x2e+32x3o x 4x0e -> 32x0e+32x1o+32x2e+32x3o | 16384 paths | 16384 weights)
      (reshape): reshape_irreps()
    )
    (1): RealAgnosticResidualInteractionBlock(
      (linear_up): Linear(32x0e+32x1o -> 32x0e+32x1o | 2048 weights)
      (conv_tp): TensorProduct(32x0e+32x1o x 1x0e+1x1o+1x2e+1x3o -> 64x0e+96x1o+96x2e+64x3o | 320 paths | 320 weights)
      (conv_tp_weights): FullyConnectedNet[8, 64, 64, 64, 320]
      (linear): Linear(64x0e+96x1o+96x2e+64x3o -> 32x0e+32x1o+32x2e+32x3o | 10240 weights)
      (skip_tp): FullyConnectedTensorProduct(32x0e+32x1o x 4x0e -> 32x0e | 4096 paths | 4096 weights)
      (reshape): reshape_irreps()
    )
  )
  (products): ModuleList(
    (0): EquivariantProductBasisBlock(
      (symmetric_contractions): SymmetricContraction(
        (contractions): ModuleList(
          (0): Contraction(
            (contractions_weighting): ModuleList(
              (0-1): 2 x GraphModule()
            )
            (contractions_features): ModuleList(
              (0-1): 2 x GraphModule()
            )
            (weights): ParameterList(
                (0): Parameter containing: [torch.float32 of size 4x4x32 (cuda:0)]
                (1): Parameter containing: [torch.float32 of size 4x1x32 (cuda:0)]
            )
            (graph_opt_main): GraphModule()
          )
          (1): Contraction(
            (contractions_weighting): ModuleList(
              (0-1): 2 x GraphModule()
            )
            (contractions_features): ModuleList(
              (0-1): 2 x GraphModule()
            )
            (weights): ParameterList(
                (0): Parameter containing: [torch.float32 of size 4x6x32 (cuda:0)]
                (1): Parameter containing: [torch.float32 of size 4x1x32 (cuda:0)]
            )
            (graph_opt_main): GraphModule()
          )
        )
      )
      (linear): Linear(32x0e+32x1o -> 32x0e+32x1o | 2048 weights)
    )
    (1): EquivariantProductBasisBlock(
      (symmetric_contractions): SymmetricContraction(
        (contractions): ModuleList(
          (0): Contraction(
            (contractions_weighting): ModuleList(
              (0-1): 2 x GraphModule()
            )
            (contractions_features): ModuleList(
              (0-1): 2 x GraphModule()
            )
            (weights): ParameterList(
                (0): Parameter containing: [torch.float32 of size 4x4x32 (cuda:0)]
                (1): Parameter containing: [torch.float32 of size 4x1x32 (cuda:0)]
            )
            (graph_opt_main): GraphModule()
          )
        )
      )
      (linear): Linear(32x0e -> 32x0e | 1024 weights)
    )
  )
  (readouts): ModuleList(
    (0): LinearReadoutBlock(
      (linear): Linear(32x0e+32x1o -> 4x0e+6x1o | 320 weights)
    )
    (1): NonLinearReadoutBlock(
      (linear_1): Linear(32x0e -> 32x0e | 1024 weights)
      (non_linearity): Activation [x] (32x0e -> 32x0e)
      (linear_2): Linear(32x0e -> 4x0e+6x1o | 128 weights)
    )
  )
  (socs_readouts): ModuleList(
    (0): None
  )
)
2025-10-22 10:59:10.133 INFO: Total number of parameters: 103232
2025-10-22 10:59:10.133 INFO: 
2025-10-22 10:59:10.133 INFO: ===========OPTIMIZER INFORMATION===========
2025-10-22 10:59:10.133 INFO: Using ADAM as parameter optimizer
2025-10-22 10:59:10.133 INFO: Batch size: 10
2025-10-22 10:59:10.133 INFO: Using Exponential Moving Average with decay: 0.99
2025-10-22 10:59:10.133 INFO: Number of gradient updates: 8550
2025-10-22 10:59:10.134 INFO: Learning rate: 0.0001, weight decay: 5e-07
2025-10-22 10:59:10.134 INFO: WeightedEnergyForcesNacsDipoleLoss(energy_weight=100.000, forces_weight=1.000, dipole_weight=1.000)
2025-10-22 10:59:10.134 INFO: Using gradient clipping with tolerance=10.000
2025-10-22 10:59:10.134 INFO: 
2025-10-22 10:59:10.134 INFO: ===========TRAINING===========
2025-10-22 10:59:10.134 INFO: Started training, reporting errors on validation set
2025-10-22 10:59:10.134 INFO: Loss metrics on validation set
2025-10-22 10:59:12.365 DEBUG: Saving info: ./results/nacs_run-100_train.txt
2025-10-22 10:59:12.791 DEBUG: Saving info: ./results/nacs_run-100_train.txt
2025-10-22 10:59:13.360 DEBUG: Saving info: ./results/nacs_run-100_train.txt
2025-10-22 10:59:13.979 DEBUG: Saving info: ./results/nacs_run-100_train.txt
2025-10-22 10:59:14.033 DEBUG: Saving info: ./results/nacs_run-100_train.txt
2025-10-22 10:59:14.086 DEBUG: Saving info: ./results/nacs_run-100_train.txt
2025-10-22 10:59:14.137 DEBUG: Saving info: ./results/nacs_run-100_train.txt
2025-10-22 10:59:14.184 DEBUG: Saving info: ./results/nacs_run-100_train.txt
2025-10-22 10:59:14.231 DEBUG: Saving info: ./results/nacs_run-100_train.txt
2025-10-22 10:59:14.277 DEBUG: Saving info: ./results/nacs_run-100_train.txt
2025-10-22 10:59:14.323 DEBUG: Saving info: ./results/nacs_run-100_train.txt
2025-10-22 10:59:14.370 DEBUG: Saving info: ./results/nacs_run-100_train.txt
2025-10-22 10:59:14.416 DEBUG: Saving info: ./results/nacs_run-100_train.txt
2025-10-22 10:59:14.462 DEBUG: Saving info: ./results/nacs_run-100_train.txt
2025-10-22 10:59:14.509 DEBUG: Saving info: ./results/nacs_run-100_train.txt
2025-10-22 10:59:14.555 DEBUG: Saving info: ./results/nacs_run-100_train.txt
2025-10-22 10:59:14.601 DEBUG: Saving info: ./results/nacs_run-100_train.txt
2025-10-22 10:59:14.648 DEBUG: Saving info: ./results/nacs_run-100_train.txt
2025-10-22 10:59:14.694 DEBUG: Saving info: ./results/nacs_run-100_train.txt
2025-10-22 10:59:14.740 DEBUG: Saving info: ./results/nacs_run-100_train.txt
2025-10-22 10:59:14.786 DEBUG: Saving info: ./results/nacs_run-100_train.txt
2025-10-22 10:59:14.833 DEBUG: Saving info: ./results/nacs_run-100_train.txt
2025-10-22 10:59:14.879 DEBUG: Saving info: ./results/nacs_run-100_train.txt
2025-10-22 10:59:14.925 DEBUG: Saving info: ./results/nacs_run-100_train.txt
2025-10-22 10:59:14.972 DEBUG: Saving info: ./results/nacs_run-100_train.txt
2025-10-22 10:59:15.018 DEBUG: Saving info: ./results/nacs_run-100_train.txt
2025-10-22 10:59:15.064 DEBUG: Saving info: ./results/nacs_run-100_train.txt
2025-10-22 10:59:15.111 DEBUG: Saving info: ./results/nacs_run-100_train.txt
2025-10-22 10:59:15.157 DEBUG: Saving info: ./results/nacs_run-100_train.txt
2025-10-22 10:59:15.203 DEBUG: Saving info: ./results/nacs_run-100_train.txt
2025-10-22 10:59:15.250 DEBUG: Saving info: ./results/nacs_run-100_train.txt
2025-10-22 10:59:15.296 DEBUG: Saving info: ./results/nacs_run-100_train.txt
2025-10-22 10:59:15.342 DEBUG: Saving info: ./results/nacs_run-100_train.txt
2025-10-22 10:59:15.389 DEBUG: Saving info: ./results/nacs_run-100_train.txt
2025-10-22 10:59:15.434 DEBUG: Saving info: ./results/nacs_run-100_train.txt
2025-10-22 10:59:15.481 DEBUG: Saving info: ./results/nacs_run-100_train.txt
2025-10-22 10:59:15.527 DEBUG: Saving info: ./results/nacs_run-100_train.txt
2025-10-22 10:59:15.573 DEBUG: Saving info: ./results/nacs_run-100_train.txt
2025-10-22 10:59:15.620 DEBUG: Saving info: ./results/nacs_run-100_train.txt
2025-10-22 10:59:15.666 DEBUG: Saving info: ./results/nacs_run-100_train.txt
2025-10-22 10:59:15.712 DEBUG: Saving info: ./results/nacs_run-100_train.txt
2025-10-22 10:59:15.758 DEBUG: Saving info: ./results/nacs_run-100_train.txt
2025-10-22 10:59:15.805 DEBUG: Saving info: ./results/nacs_run-100_train.txt
2025-10-22 10:59:15.851 DEBUG: Saving info: ./results/nacs_run-100_train.txt
2025-10-22 10:59:15.897 DEBUG: Saving info: ./results/nacs_run-100_train.txt
2025-10-22 10:59:15.943 DEBUG: Saving info: ./results/nacs_run-100_train.txt
2025-10-22 10:59:15.989 DEBUG: Saving info: ./results/nacs_run-100_train.txt
2025-10-22 10:59:16.036 DEBUG: Saving info: ./results/nacs_run-100_train.txt
2025-10-22 10:59:16.082 DEBUG: Saving info: ./results/nacs_run-100_train.txt
2025-10-22 10:59:16.129 DEBUG: Saving info: ./results/nacs_run-100_train.txt
2025-10-22 10:59:16.175 DEBUG: Saving info: ./results/nacs_run-100_train.txt
2025-10-22 10:59:16.221 DEBUG: Saving info: ./results/nacs_run-100_train.txt
2025-10-22 10:59:16.267 DEBUG: Saving info: ./results/nacs_run-100_train.txt
2025-10-22 10:59:16.313 DEBUG: Saving info: ./results/nacs_run-100_train.txt
2025-10-22 10:59:16.360 DEBUG: Saving info: ./results/nacs_run-100_train.txt
2025-10-22 10:59:16.406 DEBUG: Saving info: ./results/nacs_run-100_train.txt
2025-10-22 10:59:16.452 DEBUG: Saving info: ./results/nacs_run-100_train.txt
2025-10-22 10:59:16.498 DEBUG: Saving info: ./results/nacs_run-100_train.txt
2025-10-22 10:59:16.544 DEBUG: Saving info: ./results/nacs_run-100_train.txt
2025-10-22 10:59:16.591 DEBUG: Saving info: ./results/nacs_run-100_train.txt
2025-10-22 10:59:16.637 DEBUG: Saving info: ./results/nacs_run-100_train.txt
2025-10-22 10:59:16.683 DEBUG: Saving info: ./results/nacs_run-100_train.txt
2025-10-22 10:59:16.730 DEBUG: Saving info: ./results/nacs_run-100_train.txt
2025-10-22 10:59:16.776 DEBUG: Saving info: ./results/nacs_run-100_train.txt
2025-10-22 10:59:16.822 DEBUG: Saving info: ./results/nacs_run-100_train.txt
2025-10-22 10:59:16.869 DEBUG: Saving info: ./results/nacs_run-100_train.txt
2025-10-22 10:59:16.916 DEBUG: Saving info: ./results/nacs_run-100_train.txt
2025-10-22 10:59:16.962 DEBUG: Saving info: ./results/nacs_run-100_train.txt
2025-10-22 10:59:17.008 DEBUG: Saving info: ./results/nacs_run-100_train.txt
2025-10-22 10:59:17.055 DEBUG: Saving info: ./results/nacs_run-100_train.txt
2025-10-22 10:59:17.101 DEBUG: Saving info: ./results/nacs_run-100_train.txt
2025-10-22 10:59:17.147 DEBUG: Saving info: ./results/nacs_run-100_train.txt
2025-10-22 10:59:17.193 DEBUG: Saving info: ./results/nacs_run-100_train.txt
2025-10-22 10:59:17.240 DEBUG: Saving info: ./results/nacs_run-100_train.txt
2025-10-22 10:59:17.286 DEBUG: Saving info: ./results/nacs_run-100_train.txt
2025-10-22 10:59:17.332 DEBUG: Saving info: ./results/nacs_run-100_train.txt
2025-10-22 10:59:17.378 DEBUG: Saving info: ./results/nacs_run-100_train.txt
2025-10-22 10:59:17.425 DEBUG: Saving info: ./results/nacs_run-100_train.txt
2025-10-22 10:59:17.471 DEBUG: Saving info: ./results/nacs_run-100_train.txt
2025-10-22 10:59:17.517 DEBUG: Saving info: ./results/nacs_run-100_train.txt
2025-10-22 10:59:17.563 DEBUG: Saving info: ./results/nacs_run-100_train.txt
2025-10-22 10:59:17.610 DEBUG: Saving info: ./results/nacs_run-100_train.txt
2025-10-22 10:59:17.656 DEBUG: Saving info: ./results/nacs_run-100_train.txt
2025-10-22 10:59:17.702 DEBUG: Saving info: ./results/nacs_run-100_train.txt
2025-10-22 10:59:17.749 DEBUG: Saving info: ./results/nacs_run-100_train.txt
2025-10-22 10:59:17.795 DEBUG: Saving info: ./results/nacs_run-100_train.txt
2025-10-22 10:59:18.007 DEBUG: Saving info: ./results/nacs_run-100_train.txt
2025-10-22 10:59:18.008 DEBUG: Saving checkpoint: ./checkpoints/nacs_run-100_epoch-0.pt
2025-10-22 10:59:18.086 DEBUG: Saving info: ./results/nacs_run-100_train.txt
2025-10-22 10:59:18.132 DEBUG: Saving info: ./results/nacs_run-100_train.txt
2025-10-22 10:59:18.178 DEBUG: Saving info: ./results/nacs_run-100_train.txt
2025-10-22 10:59:18.224 DEBUG: Saving info: ./results/nacs_run-100_train.txt
2025-10-22 10:59:18.271 DEBUG: Saving info: ./results/nacs_run-100_train.txt
2025-10-22 10:59:18.317 DEBUG: Saving info: ./results/nacs_run-100_train.txt
2025-10-22 10:59:18.363 DEBUG: Saving info: ./results/nacs_run-100_train.txt
2025-10-22 10:59:18.410 DEBUG: Saving info: ./results/nacs_run-100_train.txt
2025-10-22 10:59:18.456 DEBUG: Saving info: ./results/nacs_run-100_train.txt
2025-10-22 10:59:18.502 DEBUG: Saving info: ./results/nacs_run-100_train.txt
2025-10-22 10:59:18.548 DEBUG: Saving info: ./results/nacs_run-100_train.txt
2025-10-22 10:59:18.595 DEBUG: Saving info: ./results/nacs_run-100_train.txt
2025-10-22 10:59:18.641 DEBUG: Saving info: ./results/nacs_run-100_train.txt
2025-10-22 10:59:18.688 DEBUG: Saving info: ./results/nacs_run-100_train.txt
2025-10-22 10:59:18.734 DEBUG: Saving info: ./results/nacs_run-100_train.txt
2025-10-22 10:59:18.780 DEBUG: Saving info: ./results/nacs_run-100_train.txt
2025-10-22 10:59:18.827 DEBUG: Saving info: ./results/nacs_run-100_train.txt
2025-10-22 10:59:18.873 DEBUG: Saving info: ./results/nacs_run-100_train.txt
2025-10-22 10:59:18.919 DEBUG: Saving info: ./results/nacs_run-100_train.txt
2025-10-22 10:59:18.966 DEBUG: Saving info: ./results/nacs_run-100_train.txt
2025-10-22 10:59:19.012 DEBUG: Saving info: ./results/nacs_run-100_train.txt
2025-10-22 10:59:19.059 DEBUG: Saving info: ./results/nacs_run-100_train.txt
2025-10-22 10:59:19.106 DEBUG: Saving info: ./results/nacs_run-100_train.txt
2025-10-22 10:59:19.152 DEBUG: Saving info: ./results/nacs_run-100_train.txt
2025-10-22 10:59:19.198 DEBUG: Saving info: ./results/nacs_run-100_train.txt
2025-10-22 10:59:19.244 DEBUG: Saving info: ./results/nacs_run-100_train.txt
2025-10-22 10:59:19.291 DEBUG: Saving info: ./results/nacs_run-100_train.txt
2025-10-22 10:59:19.337 DEBUG: Saving info: ./results/nacs_run-100_train.txt
2025-10-22 10:59:19.384 DEBUG: Saving info: ./results/nacs_run-100_train.txt
2025-10-22 10:59:19.430 DEBUG: Saving info: ./results/nacs_run-100_train.txt
2025-10-22 10:59:19.476 DEBUG: Saving info: ./results/nacs_run-100_train.txt
2025-10-22 10:59:19.523 DEBUG: Saving info: ./results/nacs_run-100_train.txt
2025-10-22 10:59:19.569 DEBUG: Saving info: ./results/nacs_run-100_train.txt
2025-10-22 10:59:19.616 DEBUG: Saving info: ./results/nacs_run-100_train.txt
2025-10-22 10:59:19.662 DEBUG: Saving info: ./results/nacs_run-100_train.txt
2025-10-22 10:59:19.708 DEBUG: Saving info: ./results/nacs_run-100_train.txt
2025-10-22 10:59:19.755 DEBUG: Saving info: ./results/nacs_run-100_train.txt
2025-10-22 10:59:19.801 DEBUG: Saving info: ./results/nacs_run-100_train.txt
2025-10-22 10:59:19.848 DEBUG: Saving info: ./results/nacs_run-100_train.txt
2025-10-22 10:59:35.484 INFO: ===========VERIFYING SETTINGS===========
2025-10-22 10:59:35.484 INFO: MACE version: 0.3.6
2025-10-22 10:59:35.484 DEBUG: Configuration: Namespace(config=None, name='nacs', seed=100, work_dir='.', nacs_key='smooth_nacs', log_dir='./logs', model_dir='.', checkpoints_dir='./checkpoints', results_dir='./results', downloads_dir='./downloads', device='cuda', default_dtype='float32', distributed=False, log_level='INFO', n_energies=4, error_table='EnergyNacsDipoleMAE', model='ExcitedMACE', r_max=5.0, num_permutational_invariant=16, radial_type='bessel', num_radial_basis=8, num_cutoff_basis=5, pair_repulsion=False, distance_transform='None', interaction='RealAgnosticResidualInteractionBlock', interaction_first='RealAgnosticResidualInteractionBlock', max_ell=3, correlation=3, num_interactions=2, MLP_irreps='32x0e', radial_MLP='[64, 64, 64]', hidden_irreps='32x0e + 32x1o', num_channels=32, max_L=1, gate='silu', scaling='rms_forces_scaling', avg_num_neighbors=1, compute_avg_num_neighbors=True, compute_stress=False, compute_forces=True, compute_dipoles=True, compute_nacs=True, compute_socs=False, train_file='ENERGIES_FORCES_NACS.xyz', valid_file=None, valid_fraction=0.1, test_file=None, test_dir=None, multi_processed_test=False, num_workers=0, pin_memory=True, atomic_numbers=None, mean=None, std=None, statistics_file=None, E0s='average', keep_isolated_atoms=False, energy_key='REF_energy', forces_key='REF_forces', virials_key='REF_virials', stress_key='REF_stress', dipoles_key='REF_dipoles', charges_key='REF_charges', loss='weighted', forces_weight=0.0, nacs_weight=100.0, socs_weight=0.0, soc_num=None, nac_num=6, swa_forces_weight=100.0, energy_weight=0.0, swa_energy_weight=1000.0, virials_weight=1.0, swa_virials_weight=10.0, stress_weight=1.0, swa_stress_weight=10.0, dipoles_weight=1.0, swa_dipole_weight=1.0, config_type_weights='{"Default":1.0}', huber_delta=0.01, optimizer='adam', beta=0.9, batch_size=10, valid_batch_size=10, lr=0.0001, swa_lr=0.001, weight_decay=5e-07, amsgrad=True, scheduler='ReduceLROnPlateau', lr_factor=0.8, scheduler_patience=50, lr_scheduler_gamma=0.9993, swa=False, start_swa=None, ema=True, ema_decay=0.99, max_num_epochs=100, patience=2048, foundation_model=None, foundation_model_readout=True, eval_interval=1, keep_checkpoints=False, save_all_checkpoints=False, restart_latest=False, save_cpu=False, clip_grad=10.0, wandb=False, wandb_dir=None, wandb_project='', wandb_entity='', wandb_name='', wandb_log_hypers=['num_channels', 'max_L', 'correlation', 'lr', 'swa_lr', 'weight_decay', 'batch_size', 'max_num_epochs', 'start_swa', 'energy_weight', 'forces_weight'])
2025-10-22 10:59:35.512 INFO: CUDA version: 12.4, CUDA device: 0
2025-10-22 10:59:35.530 DEBUG: Popen(['git', 'version'], cwd=/home/rhyan/Exciton_model/X-MACE, stdin=None, shell=False, universal_newlines=False)
2025-10-22 10:59:35.532 DEBUG: Popen(['git', 'version'], cwd=/home/rhyan/Exciton_model/X-MACE, stdin=None, shell=False, universal_newlines=False)
2025-10-22 10:59:35.533 DEBUG: sys.platform='linux', git_executable='git'
2025-10-22 10:59:35.533 DEBUG: Popen(['git', 'cat-file', '--batch-check'], cwd=/home/rhyan/Exciton_model/X-MACE, stdin=<valid stream>, shell=False, universal_newlines=False)
2025-10-22 10:59:35.535 DEBUG: Current Git commit: 0861c52cf365064d060e006c179e4cc1785b61c2
2025-10-22 10:59:35.535 INFO: 
2025-10-22 10:59:35.535 INFO: ===========LOADING INPUT DATA===========
2025-10-22 10:59:36.961 INFO: Using random 10% of training set for validation with indices saved in: ./valid_indices_100.txt
2025-10-22 10:59:36.963 INFO: Atomic Numbers used: [1, 6, 7, 8]
2025-10-22 10:59:36.963 INFO: Isolated Atomic Energies (E0s) not in training file, using command line argument
2025-10-22 10:59:36.963 INFO: Computing average Atomic Energies using least squares regression
2025-10-22 10:59:36.970 INFO: Atomic Energies used (z: eV): {1: -967.8427909292559, 6: -1244.3693026233295, 7: -138.2632558470366, 8: -829.5795350822196}
2025-10-22 10:59:37.170 INFO: 
2025-10-22 10:59:37.170 INFO: ===========MODEL DETAILS===========
2025-10-22 10:59:37.422 INFO: Average number of neighbors: 15.7
2025-10-22 10:59:37.422 INFO: During training the following quantities will be reported: energy, forces, dipoles, nacs
2025-10-22 10:59:37.513 INFO: Building model
2025-10-22 10:59:37.513 INFO: Message passing with 32 channels and max_L=1 (32x0e + 32x1o)
2025-10-22 10:59:37.513 INFO: 2 layers, each with correlation order: 3 (body order: 4) and spherical harmonics up to: l=3
2025-10-22 10:59:37.513 INFO: 8 radial and 5 basis functions
2025-10-22 10:59:37.513 INFO: Radial cutoff: 5.0 Å (total receptive field for each atom: 10.0 Å)
2025-10-22 10:59:37.513 INFO: Distance transform for radial basis functions: None
2025-10-22 10:59:38.205 DEBUG: ExcitedMACE(
  (node_embedding): LinearNodeEmbeddingBlock(
    (linear): Linear(4x0e -> 32x0e | 128 weights)
  )
  (radial_embedding): RadialEmbeddingBlock(
    (bessel_fn): BesselBasis(r_max=5.0, num_basis=8, trainable=False)
    (cutoff_fn): PolynomialCutoff(p=5.0, r_max=5.0)
  )
  (spherical_harmonics): SphericalHarmonics()
  (atomic_energies_fn): AtomicEnergiesBlock(energies=[-967.8428, -1244.3693, -138.2633, -829.5795])
  (interactions): ModuleList(
    (0): RealAgnosticInteractionBlock(
      (linear_up): Linear(32x0e -> 32x0e | 1024 weights)
      (conv_tp): TensorProduct(32x0e x 1x0e+1x1o+1x2e+1x3o -> 32x0e+32x1o+32x2e+32x3o | 128 paths | 128 weights)
      (conv_tp_weights): FullyConnectedNet[8, 64, 64, 64, 128]
      (linear): Linear(32x0e+32x1o+32x2e+32x3o -> 32x0e+32x1o+32x2e+32x3o | 4096 weights)
      (skip_tp): FullyConnectedTensorProduct(32x0e+32x1o+32x2e+32x3o x 4x0e -> 32x0e+32x1o+32x2e+32x3o | 16384 paths | 16384 weights)
      (reshape): reshape_irreps()
    )
    (1): RealAgnosticResidualInteractionBlock(
      (linear_up): Linear(32x0e+32x1o -> 32x0e+32x1o | 2048 weights)
      (conv_tp): TensorProduct(32x0e+32x1o x 1x0e+1x1o+1x2e+1x3o -> 64x0e+96x1o+96x2e+64x3o | 320 paths | 320 weights)
      (conv_tp_weights): FullyConnectedNet[8, 64, 64, 64, 320]
      (linear): Linear(64x0e+96x1o+96x2e+64x3o -> 32x0e+32x1o+32x2e+32x3o | 10240 weights)
      (skip_tp): FullyConnectedTensorProduct(32x0e+32x1o x 4x0e -> 32x0e | 4096 paths | 4096 weights)
      (reshape): reshape_irreps()
    )
  )
  (products): ModuleList(
    (0): EquivariantProductBasisBlock(
      (symmetric_contractions): SymmetricContraction(
        (contractions): ModuleList(
          (0): Contraction(
            (contractions_weighting): ModuleList(
              (0-1): 2 x GraphModule()
            )
            (contractions_features): ModuleList(
              (0-1): 2 x GraphModule()
            )
            (weights): ParameterList(
                (0): Parameter containing: [torch.float32 of size 4x4x32 (cuda:0)]
                (1): Parameter containing: [torch.float32 of size 4x1x32 (cuda:0)]
            )
            (graph_opt_main): GraphModule()
          )
          (1): Contraction(
            (contractions_weighting): ModuleList(
              (0-1): 2 x GraphModule()
            )
            (contractions_features): ModuleList(
              (0-1): 2 x GraphModule()
            )
            (weights): ParameterList(
                (0): Parameter containing: [torch.float32 of size 4x6x32 (cuda:0)]
                (1): Parameter containing: [torch.float32 of size 4x1x32 (cuda:0)]
            )
            (graph_opt_main): GraphModule()
          )
        )
      )
      (linear): Linear(32x0e+32x1o -> 32x0e+32x1o | 2048 weights)
    )
    (1): EquivariantProductBasisBlock(
      (symmetric_contractions): SymmetricContraction(
        (contractions): ModuleList(
          (0): Contraction(
            (contractions_weighting): ModuleList(
              (0-1): 2 x GraphModule()
            )
            (contractions_features): ModuleList(
              (0-1): 2 x GraphModule()
            )
            (weights): ParameterList(
                (0): Parameter containing: [torch.float32 of size 4x4x32 (cuda:0)]
                (1): Parameter containing: [torch.float32 of size 4x1x32 (cuda:0)]
            )
            (graph_opt_main): GraphModule()
          )
        )
      )
      (linear): Linear(32x0e -> 32x0e | 1024 weights)
    )
  )
  (readouts): ModuleList(
    (0): LinearReadoutBlock(
      (linear): Linear(32x0e+32x1o -> 4x0e+6x1o | 320 weights)
    )
    (1): NonLinearReadoutBlock(
      (linear_1): Linear(32x0e -> 32x0e | 1024 weights)
      (non_linearity): Activation [x] (32x0e -> 32x0e)
      (linear_2): Linear(32x0e -> 4x0e+6x1o | 128 weights)
    )
  )
  (socs_readouts): ModuleList(
    (0): None
  )
)
2025-10-22 10:59:38.207 INFO: Total number of parameters: 103232
2025-10-22 10:59:38.207 INFO: 
2025-10-22 10:59:38.207 INFO: ===========OPTIMIZER INFORMATION===========
2025-10-22 10:59:38.207 INFO: Using ADAM as parameter optimizer
2025-10-22 10:59:38.207 INFO: Batch size: 10
2025-10-22 10:59:38.207 INFO: Using Exponential Moving Average with decay: 0.99
2025-10-22 10:59:38.207 INFO: Number of gradient updates: 8550
2025-10-22 10:59:38.207 INFO: Learning rate: 0.0001, weight decay: 5e-07
2025-10-22 10:59:38.207 INFO: WeightedEnergyForcesNacsDipoleLoss(energy_weight=0.000, forces_weight=0.000, dipole_weight=1.000)
2025-10-22 10:59:38.208 INFO: Using gradient clipping with tolerance=10.000
2025-10-22 10:59:38.208 INFO: 
2025-10-22 10:59:38.208 INFO: ===========TRAINING===========
2025-10-22 10:59:38.208 INFO: Started training, reporting errors on validation set
2025-10-22 10:59:38.208 INFO: Loss metrics on validation set
2025-10-22 10:59:40.449 DEBUG: Saving info: ./results/nacs_run-100_train.txt
2025-10-22 10:59:40.874 DEBUG: Saving info: ./results/nacs_run-100_train.txt
2025-10-22 10:59:41.441 DEBUG: Saving info: ./results/nacs_run-100_train.txt
2025-10-22 10:59:42.061 DEBUG: Saving info: ./results/nacs_run-100_train.txt
2025-10-22 10:59:42.110 DEBUG: Saving info: ./results/nacs_run-100_train.txt
2025-10-22 10:59:42.157 DEBUG: Saving info: ./results/nacs_run-100_train.txt
2025-10-22 10:59:42.205 DEBUG: Saving info: ./results/nacs_run-100_train.txt
2025-10-22 10:59:42.251 DEBUG: Saving info: ./results/nacs_run-100_train.txt
2025-10-22 10:59:42.298 DEBUG: Saving info: ./results/nacs_run-100_train.txt
2025-10-22 10:59:42.344 DEBUG: Saving info: ./results/nacs_run-100_train.txt
2025-10-22 10:59:42.391 DEBUG: Saving info: ./results/nacs_run-100_train.txt
2025-10-22 10:59:42.437 DEBUG: Saving info: ./results/nacs_run-100_train.txt
2025-10-22 10:59:42.483 DEBUG: Saving info: ./results/nacs_run-100_train.txt
2025-10-22 10:59:42.529 DEBUG: Saving info: ./results/nacs_run-100_train.txt
2025-10-22 10:59:42.575 DEBUG: Saving info: ./results/nacs_run-100_train.txt
2025-10-22 10:59:42.621 DEBUG: Saving info: ./results/nacs_run-100_train.txt
2025-10-22 10:59:42.667 DEBUG: Saving info: ./results/nacs_run-100_train.txt
2025-10-22 10:59:42.714 DEBUG: Saving info: ./results/nacs_run-100_train.txt
2025-10-22 10:59:42.760 DEBUG: Saving info: ./results/nacs_run-100_train.txt
2025-10-22 10:59:42.806 DEBUG: Saving info: ./results/nacs_run-100_train.txt
2025-10-22 10:59:42.852 DEBUG: Saving info: ./results/nacs_run-100_train.txt
2025-10-22 10:59:42.898 DEBUG: Saving info: ./results/nacs_run-100_train.txt
2025-10-22 10:59:42.944 DEBUG: Saving info: ./results/nacs_run-100_train.txt
2025-10-22 10:59:42.990 DEBUG: Saving info: ./results/nacs_run-100_train.txt
2025-10-22 10:59:43.036 DEBUG: Saving info: ./results/nacs_run-100_train.txt
2025-10-22 10:59:43.083 DEBUG: Saving info: ./results/nacs_run-100_train.txt
2025-10-22 10:59:43.129 DEBUG: Saving info: ./results/nacs_run-100_train.txt
2025-10-22 10:59:43.174 DEBUG: Saving info: ./results/nacs_run-100_train.txt
2025-10-22 10:59:43.221 DEBUG: Saving info: ./results/nacs_run-100_train.txt
2025-10-22 10:59:43.267 DEBUG: Saving info: ./results/nacs_run-100_train.txt
2025-10-22 10:59:43.313 DEBUG: Saving info: ./results/nacs_run-100_train.txt
2025-10-22 10:59:43.359 DEBUG: Saving info: ./results/nacs_run-100_train.txt
2025-10-22 10:59:43.405 DEBUG: Saving info: ./results/nacs_run-100_train.txt
2025-10-22 10:59:43.450 DEBUG: Saving info: ./results/nacs_run-100_train.txt
2025-10-22 10:59:43.496 DEBUG: Saving info: ./results/nacs_run-100_train.txt
2025-10-22 10:59:43.543 DEBUG: Saving info: ./results/nacs_run-100_train.txt
2025-10-22 10:59:43.589 DEBUG: Saving info: ./results/nacs_run-100_train.txt
2025-10-22 10:59:43.635 DEBUG: Saving info: ./results/nacs_run-100_train.txt
2025-10-22 10:59:43.681 DEBUG: Saving info: ./results/nacs_run-100_train.txt
2025-10-22 10:59:43.727 DEBUG: Saving info: ./results/nacs_run-100_train.txt
2025-10-22 10:59:43.773 DEBUG: Saving info: ./results/nacs_run-100_train.txt
2025-10-22 10:59:43.819 DEBUG: Saving info: ./results/nacs_run-100_train.txt
2025-10-22 10:59:43.865 DEBUG: Saving info: ./results/nacs_run-100_train.txt
2025-10-22 10:59:43.911 DEBUG: Saving info: ./results/nacs_run-100_train.txt
2025-10-22 10:59:43.957 DEBUG: Saving info: ./results/nacs_run-100_train.txt
2025-10-22 10:59:44.003 DEBUG: Saving info: ./results/nacs_run-100_train.txt
2025-10-22 10:59:44.050 DEBUG: Saving info: ./results/nacs_run-100_train.txt
2025-10-22 10:59:44.096 DEBUG: Saving info: ./results/nacs_run-100_train.txt
2025-10-22 10:59:44.143 DEBUG: Saving info: ./results/nacs_run-100_train.txt
2025-10-22 10:59:44.189 DEBUG: Saving info: ./results/nacs_run-100_train.txt
2025-10-22 10:59:44.235 DEBUG: Saving info: ./results/nacs_run-100_train.txt
2025-10-22 10:59:44.281 DEBUG: Saving info: ./results/nacs_run-100_train.txt
2025-10-22 10:59:44.327 DEBUG: Saving info: ./results/nacs_run-100_train.txt
2025-10-22 10:59:44.373 DEBUG: Saving info: ./results/nacs_run-100_train.txt
2025-10-22 10:59:44.419 DEBUG: Saving info: ./results/nacs_run-100_train.txt
2025-10-22 10:59:44.465 DEBUG: Saving info: ./results/nacs_run-100_train.txt
2025-10-22 10:59:44.511 DEBUG: Saving info: ./results/nacs_run-100_train.txt
2025-10-22 10:59:44.558 DEBUG: Saving info: ./results/nacs_run-100_train.txt
2025-10-22 10:59:44.603 DEBUG: Saving info: ./results/nacs_run-100_train.txt
2025-10-22 10:59:44.650 DEBUG: Saving info: ./results/nacs_run-100_train.txt
2025-10-22 10:59:44.696 DEBUG: Saving info: ./results/nacs_run-100_train.txt
2025-10-22 10:59:44.742 DEBUG: Saving info: ./results/nacs_run-100_train.txt
2025-10-22 10:59:44.788 DEBUG: Saving info: ./results/nacs_run-100_train.txt
2025-10-22 10:59:44.834 DEBUG: Saving info: ./results/nacs_run-100_train.txt
2025-10-22 10:59:44.880 DEBUG: Saving info: ./results/nacs_run-100_train.txt
2025-10-22 10:59:44.926 DEBUG: Saving info: ./results/nacs_run-100_train.txt
2025-10-22 10:59:44.972 DEBUG: Saving info: ./results/nacs_run-100_train.txt
2025-10-22 10:59:45.018 DEBUG: Saving info: ./results/nacs_run-100_train.txt
2025-10-22 10:59:45.064 DEBUG: Saving info: ./results/nacs_run-100_train.txt
2025-10-22 10:59:45.110 DEBUG: Saving info: ./results/nacs_run-100_train.txt
2025-10-22 10:59:45.157 DEBUG: Saving info: ./results/nacs_run-100_train.txt
2025-10-22 10:59:45.203 DEBUG: Saving info: ./results/nacs_run-100_train.txt
2025-10-22 10:59:45.249 DEBUG: Saving info: ./results/nacs_run-100_train.txt
2025-10-22 10:59:45.295 DEBUG: Saving info: ./results/nacs_run-100_train.txt
2025-10-22 10:59:45.341 DEBUG: Saving info: ./results/nacs_run-100_train.txt
2025-10-22 10:59:45.387 DEBUG: Saving info: ./results/nacs_run-100_train.txt
2025-10-22 10:59:45.433 DEBUG: Saving info: ./results/nacs_run-100_train.txt
2025-10-22 10:59:45.479 DEBUG: Saving info: ./results/nacs_run-100_train.txt
2025-10-22 10:59:45.525 DEBUG: Saving info: ./results/nacs_run-100_train.txt
2025-10-22 10:59:45.571 DEBUG: Saving info: ./results/nacs_run-100_train.txt
2025-10-22 10:59:45.617 DEBUG: Saving info: ./results/nacs_run-100_train.txt
2025-10-22 10:59:45.663 DEBUG: Saving info: ./results/nacs_run-100_train.txt
2025-10-22 10:59:45.709 DEBUG: Saving info: ./results/nacs_run-100_train.txt
2025-10-22 10:59:45.756 DEBUG: Saving info: ./results/nacs_run-100_train.txt
2025-10-22 10:59:45.802 DEBUG: Saving info: ./results/nacs_run-100_train.txt
2025-10-22 10:59:45.848 DEBUG: Saving info: ./results/nacs_run-100_train.txt
2025-10-22 10:59:46.061 DEBUG: Saving info: ./results/nacs_run-100_train.txt
2025-10-22 10:59:46.062 DEBUG: Saving checkpoint: ./checkpoints/nacs_run-100_epoch-0.pt
2025-10-22 10:59:46.151 DEBUG: Saving info: ./results/nacs_run-100_train.txt
2025-10-22 10:59:46.197 DEBUG: Saving info: ./results/nacs_run-100_train.txt
2025-10-22 10:59:46.243 DEBUG: Saving info: ./results/nacs_run-100_train.txt
2025-10-22 10:59:46.288 DEBUG: Saving info: ./results/nacs_run-100_train.txt
2025-10-22 10:59:46.334 DEBUG: Saving info: ./results/nacs_run-100_train.txt
2025-10-22 10:59:46.380 DEBUG: Saving info: ./results/nacs_run-100_train.txt
2025-10-22 10:59:46.427 DEBUG: Saving info: ./results/nacs_run-100_train.txt
2025-10-22 10:59:46.472 DEBUG: Saving info: ./results/nacs_run-100_train.txt
2025-10-22 10:59:46.518 DEBUG: Saving info: ./results/nacs_run-100_train.txt
2025-10-22 10:59:46.565 DEBUG: Saving info: ./results/nacs_run-100_train.txt
2025-10-22 10:59:46.611 DEBUG: Saving info: ./results/nacs_run-100_train.txt
2025-10-22 10:59:46.657 DEBUG: Saving info: ./results/nacs_run-100_train.txt
2025-10-22 10:59:46.703 DEBUG: Saving info: ./results/nacs_run-100_train.txt
2025-10-22 10:59:46.749 DEBUG: Saving info: ./results/nacs_run-100_train.txt
2025-10-22 10:59:46.795 DEBUG: Saving info: ./results/nacs_run-100_train.txt
2025-10-22 10:59:46.841 DEBUG: Saving info: ./results/nacs_run-100_train.txt
2025-10-22 10:59:46.887 DEBUG: Saving info: ./results/nacs_run-100_train.txt
2025-10-22 10:59:46.933 DEBUG: Saving info: ./results/nacs_run-100_train.txt
2025-10-22 10:59:46.979 DEBUG: Saving info: ./results/nacs_run-100_train.txt
2025-10-22 10:59:47.025 DEBUG: Saving info: ./results/nacs_run-100_train.txt
2025-10-22 10:59:47.071 DEBUG: Saving info: ./results/nacs_run-100_train.txt
2025-10-22 10:59:47.118 DEBUG: Saving info: ./results/nacs_run-100_train.txt
2025-10-22 10:59:47.164 DEBUG: Saving info: ./results/nacs_run-100_train.txt
2025-10-22 10:59:47.209 DEBUG: Saving info: ./results/nacs_run-100_train.txt
2025-10-22 10:59:47.255 DEBUG: Saving info: ./results/nacs_run-100_train.txt
2025-10-22 10:59:47.301 DEBUG: Saving info: ./results/nacs_run-100_train.txt
2025-10-22 10:59:47.349 DEBUG: Saving info: ./results/nacs_run-100_train.txt
2025-10-22 10:59:47.395 DEBUG: Saving info: ./results/nacs_run-100_train.txt
2025-10-22 10:59:47.441 DEBUG: Saving info: ./results/nacs_run-100_train.txt
2025-10-22 10:59:47.487 DEBUG: Saving info: ./results/nacs_run-100_train.txt
2025-10-22 10:59:47.533 DEBUG: Saving info: ./results/nacs_run-100_train.txt
2025-10-22 10:59:47.579 DEBUG: Saving info: ./results/nacs_run-100_train.txt
2025-10-22 10:59:47.625 DEBUG: Saving info: ./results/nacs_run-100_train.txt
2025-10-22 10:59:47.671 DEBUG: Saving info: ./results/nacs_run-100_train.txt
2025-10-22 10:59:47.717 DEBUG: Saving info: ./results/nacs_run-100_train.txt
2025-10-22 10:59:47.763 DEBUG: Saving info: ./results/nacs_run-100_train.txt
2025-10-22 10:59:47.809 DEBUG: Saving info: ./results/nacs_run-100_train.txt
2025-10-22 10:59:47.855 DEBUG: Saving info: ./results/nacs_run-100_train.txt
2025-10-22 10:59:47.901 DEBUG: Saving info: ./results/nacs_run-100_train.txt
2025-10-22 10:59:47.947 DEBUG: Saving info: ./results/nacs_run-100_train.txt
2025-10-22 10:59:47.993 DEBUG: Saving info: ./results/nacs_run-100_train.txt
2025-10-22 10:59:48.040 DEBUG: Saving info: ./results/nacs_run-100_train.txt
2025-10-22 10:59:48.086 DEBUG: Saving info: ./results/nacs_run-100_train.txt
2025-10-22 10:59:48.132 DEBUG: Saving info: ./results/nacs_run-100_train.txt
2025-10-22 10:59:48.178 DEBUG: Saving info: ./results/nacs_run-100_train.txt
2025-10-22 10:59:48.224 DEBUG: Saving info: ./results/nacs_run-100_train.txt
2025-10-22 10:59:48.269 DEBUG: Saving info: ./results/nacs_run-100_train.txt
2025-10-22 10:59:48.315 DEBUG: Saving info: ./results/nacs_run-100_train.txt
2025-10-22 10:59:48.361 DEBUG: Saving info: ./results/nacs_run-100_train.txt
2025-10-22 10:59:48.407 DEBUG: Saving info: ./results/nacs_run-100_train.txt
2025-10-22 10:59:48.453 DEBUG: Saving info: ./results/nacs_run-100_train.txt
2025-10-22 10:59:48.498 DEBUG: Saving info: ./results/nacs_run-100_train.txt
2025-10-22 10:59:48.544 DEBUG: Saving info: ./results/nacs_run-100_train.txt
2025-10-22 10:59:48.590 DEBUG: Saving info: ./results/nacs_run-100_train.txt
2025-10-22 10:59:48.637 DEBUG: Saving info: ./results/nacs_run-100_train.txt
2025-10-22 10:59:48.683 DEBUG: Saving info: ./results/nacs_run-100_train.txt
2025-10-22 10:59:48.729 DEBUG: Saving info: ./results/nacs_run-100_train.txt
2025-10-22 10:59:48.774 DEBUG: Saving info: ./results/nacs_run-100_train.txt
2025-10-22 10:59:48.820 DEBUG: Saving info: ./results/nacs_run-100_train.txt
2025-10-22 10:59:48.866 DEBUG: Saving info: ./results/nacs_run-100_train.txt
2025-10-22 10:59:48.912 DEBUG: Saving info: ./results/nacs_run-100_train.txt
2025-10-22 10:59:48.958 DEBUG: Saving info: ./results/nacs_run-100_train.txt
2025-10-22 10:59:49.004 DEBUG: Saving info: ./results/nacs_run-100_train.txt
2025-10-22 10:59:49.050 DEBUG: Saving info: ./results/nacs_run-100_train.txt
2025-10-22 10:59:49.097 DEBUG: Saving info: ./results/nacs_run-100_train.txt
2025-10-22 10:59:49.143 DEBUG: Saving info: ./results/nacs_run-100_train.txt
2025-10-22 10:59:49.189 DEBUG: Saving info: ./results/nacs_run-100_train.txt
2025-10-22 10:59:49.234 DEBUG: Saving info: ./results/nacs_run-100_train.txt
2025-10-22 10:59:49.280 DEBUG: Saving info: ./results/nacs_run-100_train.txt
2025-10-22 10:59:49.326 DEBUG: Saving info: ./results/nacs_run-100_train.txt
2025-10-22 10:59:49.372 DEBUG: Saving info: ./results/nacs_run-100_train.txt
2025-10-22 10:59:49.417 DEBUG: Saving info: ./results/nacs_run-100_train.txt
2025-10-22 10:59:49.464 DEBUG: Saving info: ./results/nacs_run-100_train.txt
2025-10-22 10:59:49.509 DEBUG: Saving info: ./results/nacs_run-100_train.txt
2025-10-22 10:59:49.556 DEBUG: Saving info: ./results/nacs_run-100_train.txt
2025-10-22 10:59:49.602 DEBUG: Saving info: ./results/nacs_run-100_train.txt
2025-10-22 10:59:49.647 DEBUG: Saving info: ./results/nacs_run-100_train.txt
2025-10-22 10:59:49.693 DEBUG: Saving info: ./results/nacs_run-100_train.txt
2025-10-22 10:59:49.739 DEBUG: Saving info: ./results/nacs_run-100_train.txt
2025-10-22 10:59:49.785 DEBUG: Saving info: ./results/nacs_run-100_train.txt
2025-10-22 10:59:49.830 DEBUG: Saving info: ./results/nacs_run-100_train.txt
2025-10-22 10:59:49.876 DEBUG: Saving info: ./results/nacs_run-100_train.txt
2025-10-22 10:59:49.922 DEBUG: Saving info: ./results/nacs_run-100_train.txt
2025-10-22 10:59:49.968 DEBUG: Saving info: ./results/nacs_run-100_train.txt
2025-10-22 10:59:50.014 DEBUG: Saving info: ./results/nacs_run-100_train.txt
2025-10-22 10:59:50.227 DEBUG: Saving info: ./results/nacs_run-100_train.txt
2025-10-22 10:59:50.305 DEBUG: Saving info: ./results/nacs_run-100_train.txt
2025-10-22 10:59:50.350 DEBUG: Saving info: ./results/nacs_run-100_train.txt
2025-10-22 10:59:50.396 DEBUG: Saving info: ./results/nacs_run-100_train.txt
2025-10-22 10:59:50.442 DEBUG: Saving info: ./results/nacs_run-100_train.txt
2025-10-22 10:59:50.488 DEBUG: Saving info: ./results/nacs_run-100_train.txt
2025-10-22 10:59:50.534 DEBUG: Saving info: ./results/nacs_run-100_train.txt
2025-10-22 10:59:50.580 DEBUG: Saving info: ./results/nacs_run-100_train.txt
2025-10-22 10:59:50.626 DEBUG: Saving info: ./results/nacs_run-100_train.txt
2025-10-22 10:59:50.672 DEBUG: Saving info: ./results/nacs_run-100_train.txt
2025-10-22 10:59:50.718 DEBUG: Saving info: ./results/nacs_run-100_train.txt
2025-10-22 10:59:50.763 DEBUG: Saving info: ./results/nacs_run-100_train.txt
2025-10-22 10:59:50.809 DEBUG: Saving info: ./results/nacs_run-100_train.txt
2025-10-22 10:59:50.855 DEBUG: Saving info: ./results/nacs_run-100_train.txt
2025-10-22 10:59:50.901 DEBUG: Saving info: ./results/nacs_run-100_train.txt
2025-10-22 10:59:50.947 DEBUG: Saving info: ./results/nacs_run-100_train.txt
2025-10-22 10:59:50.993 DEBUG: Saving info: ./results/nacs_run-100_train.txt
2025-10-22 10:59:51.040 DEBUG: Saving info: ./results/nacs_run-100_train.txt
2025-10-22 10:59:51.086 DEBUG: Saving info: ./results/nacs_run-100_train.txt
2025-10-22 10:59:51.132 DEBUG: Saving info: ./results/nacs_run-100_train.txt
2025-10-22 10:59:51.178 DEBUG: Saving info: ./results/nacs_run-100_train.txt
2025-10-22 10:59:51.224 DEBUG: Saving info: ./results/nacs_run-100_train.txt
2025-10-22 10:59:51.269 DEBUG: Saving info: ./results/nacs_run-100_train.txt
2025-10-22 10:59:51.316 DEBUG: Saving info: ./results/nacs_run-100_train.txt
2025-10-22 10:59:51.361 DEBUG: Saving info: ./results/nacs_run-100_train.txt
2025-10-22 10:59:51.408 DEBUG: Saving info: ./results/nacs_run-100_train.txt
2025-10-22 10:59:51.454 DEBUG: Saving info: ./results/nacs_run-100_train.txt
2025-10-22 10:59:51.500 DEBUG: Saving info: ./results/nacs_run-100_train.txt
2025-10-22 10:59:51.546 DEBUG: Saving info: ./results/nacs_run-100_train.txt
2025-10-22 10:59:51.591 DEBUG: Saving info: ./results/nacs_run-100_train.txt
2025-10-22 10:59:51.637 DEBUG: Saving info: ./results/nacs_run-100_train.txt
2025-10-22 10:59:51.683 DEBUG: Saving info: ./results/nacs_run-100_train.txt
2025-10-22 10:59:51.729 DEBUG: Saving info: ./results/nacs_run-100_train.txt
2025-10-22 10:59:51.775 DEBUG: Saving info: ./results/nacs_run-100_train.txt
2025-10-22 10:59:51.821 DEBUG: Saving info: ./results/nacs_run-100_train.txt
2025-10-22 10:59:51.867 DEBUG: Saving info: ./results/nacs_run-100_train.txt
2025-10-22 10:59:51.912 DEBUG: Saving info: ./results/nacs_run-100_train.txt
2025-10-22 10:59:51.959 DEBUG: Saving info: ./results/nacs_run-100_train.txt
2025-10-22 10:59:52.005 DEBUG: Saving info: ./results/nacs_run-100_train.txt
2025-10-22 10:59:52.051 DEBUG: Saving info: ./results/nacs_run-100_train.txt
2025-10-22 10:59:52.097 DEBUG: Saving info: ./results/nacs_run-100_train.txt
2025-10-22 10:59:52.143 DEBUG: Saving info: ./results/nacs_run-100_train.txt
2025-10-22 10:59:52.189 DEBUG: Saving info: ./results/nacs_run-100_train.txt
2025-10-22 10:59:52.235 DEBUG: Saving info: ./results/nacs_run-100_train.txt
2025-10-22 10:59:52.281 DEBUG: Saving info: ./results/nacs_run-100_train.txt
2025-10-22 10:59:52.327 DEBUG: Saving info: ./results/nacs_run-100_train.txt
2025-10-22 10:59:52.373 DEBUG: Saving info: ./results/nacs_run-100_train.txt
2025-10-22 10:59:52.419 DEBUG: Saving info: ./results/nacs_run-100_train.txt
2025-10-22 10:59:52.465 DEBUG: Saving info: ./results/nacs_run-100_train.txt
2025-10-22 10:59:52.511 DEBUG: Saving info: ./results/nacs_run-100_train.txt
2025-10-22 10:59:52.557 DEBUG: Saving info: ./results/nacs_run-100_train.txt
2025-10-22 10:59:52.603 DEBUG: Saving info: ./results/nacs_run-100_train.txt
2025-10-22 10:59:52.649 DEBUG: Saving info: ./results/nacs_run-100_train.txt
2025-10-22 10:59:52.695 DEBUG: Saving info: ./results/nacs_run-100_train.txt
2025-10-22 10:59:52.741 DEBUG: Saving info: ./results/nacs_run-100_train.txt
2025-10-22 10:59:52.787 DEBUG: Saving info: ./results/nacs_run-100_train.txt
2025-10-22 10:59:52.833 DEBUG: Saving info: ./results/nacs_run-100_train.txt
2025-10-22 10:59:52.879 DEBUG: Saving info: ./results/nacs_run-100_train.txt
2025-10-22 10:59:52.925 DEBUG: Saving info: ./results/nacs_run-100_train.txt
2025-10-22 10:59:52.972 DEBUG: Saving info: ./results/nacs_run-100_train.txt
2025-10-22 10:59:53.018 DEBUG: Saving info: ./results/nacs_run-100_train.txt
2025-10-22 10:59:53.065 DEBUG: Saving info: ./results/nacs_run-100_train.txt
2025-10-22 10:59:53.110 DEBUG: Saving info: ./results/nacs_run-100_train.txt
2025-10-22 10:59:53.156 DEBUG: Saving info: ./results/nacs_run-100_train.txt
2025-10-22 10:59:53.202 DEBUG: Saving info: ./results/nacs_run-100_train.txt
2025-10-22 10:59:53.248 DEBUG: Saving info: ./results/nacs_run-100_train.txt
2025-10-22 10:59:53.294 DEBUG: Saving info: ./results/nacs_run-100_train.txt
2025-10-22 10:59:53.340 DEBUG: Saving info: ./results/nacs_run-100_train.txt
2025-10-22 10:59:53.386 DEBUG: Saving info: ./results/nacs_run-100_train.txt
2025-10-22 10:59:53.432 DEBUG: Saving info: ./results/nacs_run-100_train.txt
2025-10-22 10:59:53.478 DEBUG: Saving info: ./results/nacs_run-100_train.txt
2025-10-22 10:59:53.524 DEBUG: Saving info: ./results/nacs_run-100_train.txt
2025-10-22 10:59:53.570 DEBUG: Saving info: ./results/nacs_run-100_train.txt
2025-10-22 10:59:53.616 DEBUG: Saving info: ./results/nacs_run-100_train.txt
2025-10-22 10:59:53.662 DEBUG: Saving info: ./results/nacs_run-100_train.txt
2025-10-22 10:59:53.708 DEBUG: Saving info: ./results/nacs_run-100_train.txt
2025-10-22 10:59:53.754 DEBUG: Saving info: ./results/nacs_run-100_train.txt
2025-10-22 10:59:53.800 DEBUG: Saving info: ./results/nacs_run-100_train.txt
2025-10-22 10:59:53.845 DEBUG: Saving info: ./results/nacs_run-100_train.txt
2025-10-22 10:59:53.891 DEBUG: Saving info: ./results/nacs_run-100_train.txt
2025-10-22 10:59:53.937 DEBUG: Saving info: ./results/nacs_run-100_train.txt
2025-10-22 10:59:53.984 DEBUG: Saving info: ./results/nacs_run-100_train.txt
2025-10-22 10:59:54.030 DEBUG: Saving info: ./results/nacs_run-100_train.txt
2025-10-22 10:59:54.076 DEBUG: Saving info: ./results/nacs_run-100_train.txt
2025-10-22 10:59:54.122 DEBUG: Saving info: ./results/nacs_run-100_train.txt
2025-10-22 10:59:54.168 DEBUG: Saving info: ./results/nacs_run-100_train.txt
2025-10-22 10:59:54.382 DEBUG: Saving info: ./results/nacs_run-100_train.txt
2025-10-22 10:59:54.462 DEBUG: Saving info: ./results/nacs_run-100_train.txt
2025-10-22 10:59:54.507 DEBUG: Saving info: ./results/nacs_run-100_train.txt
2025-10-22 10:59:54.553 DEBUG: Saving info: ./results/nacs_run-100_train.txt
2025-10-22 10:59:54.600 DEBUG: Saving info: ./results/nacs_run-100_train.txt
2025-10-22 10:59:54.646 DEBUG: Saving info: ./results/nacs_run-100_train.txt
2025-10-22 10:59:54.691 DEBUG: Saving info: ./results/nacs_run-100_train.txt
2025-10-22 10:59:54.738 DEBUG: Saving info: ./results/nacs_run-100_train.txt
2025-10-22 10:59:54.783 DEBUG: Saving info: ./results/nacs_run-100_train.txt
2025-10-22 10:59:54.829 DEBUG: Saving info: ./results/nacs_run-100_train.txt
2025-10-22 10:59:54.875 DEBUG: Saving info: ./results/nacs_run-100_train.txt
2025-10-22 10:59:54.921 DEBUG: Saving info: ./results/nacs_run-100_train.txt
2025-10-22 10:59:54.967 DEBUG: Saving info: ./results/nacs_run-100_train.txt
2025-10-22 10:59:55.014 DEBUG: Saving info: ./results/nacs_run-100_train.txt
2025-10-22 10:59:55.060 DEBUG: Saving info: ./results/nacs_run-100_train.txt
2025-10-22 10:59:55.106 DEBUG: Saving info: ./results/nacs_run-100_train.txt
2025-10-22 10:59:55.153 DEBUG: Saving info: ./results/nacs_run-100_train.txt
2025-10-22 10:59:55.199 DEBUG: Saving info: ./results/nacs_run-100_train.txt
2025-10-22 10:59:55.248 DEBUG: Saving info: ./results/nacs_run-100_train.txt
2025-10-22 10:59:55.294 DEBUG: Saving info: ./results/nacs_run-100_train.txt
2025-10-22 10:59:55.340 DEBUG: Saving info: ./results/nacs_run-100_train.txt
2025-10-22 10:59:55.387 DEBUG: Saving info: ./results/nacs_run-100_train.txt
2025-10-22 10:59:55.432 DEBUG: Saving info: ./results/nacs_run-100_train.txt
2025-10-22 10:59:55.478 DEBUG: Saving info: ./results/nacs_run-100_train.txt
2025-10-22 10:59:55.524 DEBUG: Saving info: ./results/nacs_run-100_train.txt
2025-10-22 10:59:55.570 DEBUG: Saving info: ./results/nacs_run-100_train.txt
2025-10-22 10:59:55.616 DEBUG: Saving info: ./results/nacs_run-100_train.txt
2025-10-22 10:59:55.662 DEBUG: Saving info: ./results/nacs_run-100_train.txt
2025-10-22 10:59:55.708 DEBUG: Saving info: ./results/nacs_run-100_train.txt
2025-10-22 10:59:55.754 DEBUG: Saving info: ./results/nacs_run-100_train.txt
2025-10-22 10:59:55.800 DEBUG: Saving info: ./results/nacs_run-100_train.txt
2025-10-22 10:59:55.846 DEBUG: Saving info: ./results/nacs_run-100_train.txt
2025-10-22 10:59:55.892 DEBUG: Saving info: ./results/nacs_run-100_train.txt
2025-10-22 10:59:55.938 DEBUG: Saving info: ./results/nacs_run-100_train.txt
2025-10-22 10:59:55.984 DEBUG: Saving info: ./results/nacs_run-100_train.txt
2025-10-22 10:59:56.030 DEBUG: Saving info: ./results/nacs_run-100_train.txt
2025-10-22 10:59:56.077 DEBUG: Saving info: ./results/nacs_run-100_train.txt
2025-10-22 10:59:56.123 DEBUG: Saving info: ./results/nacs_run-100_train.txt
2025-10-22 10:59:56.169 DEBUG: Saving info: ./results/nacs_run-100_train.txt
2025-10-22 10:59:56.216 DEBUG: Saving info: ./results/nacs_run-100_train.txt
2025-10-22 10:59:56.261 DEBUG: Saving info: ./results/nacs_run-100_train.txt
2025-10-22 10:59:56.307 DEBUG: Saving info: ./results/nacs_run-100_train.txt
2025-10-22 10:59:56.353 DEBUG: Saving info: ./results/nacs_run-100_train.txt
2025-10-22 10:59:56.399 DEBUG: Saving info: ./results/nacs_run-100_train.txt
2025-10-22 10:59:56.445 DEBUG: Saving info: ./results/nacs_run-100_train.txt
2025-10-22 10:59:56.491 DEBUG: Saving info: ./results/nacs_run-100_train.txt
2025-10-22 10:59:56.537 DEBUG: Saving info: ./results/nacs_run-100_train.txt
2025-10-22 10:59:56.583 DEBUG: Saving info: ./results/nacs_run-100_train.txt
2025-10-22 10:59:56.629 DEBUG: Saving info: ./results/nacs_run-100_train.txt
2025-10-22 10:59:56.676 DEBUG: Saving info: ./results/nacs_run-100_train.txt
2025-10-22 10:59:56.722 DEBUG: Saving info: ./results/nacs_run-100_train.txt
2025-10-22 10:59:56.767 DEBUG: Saving info: ./results/nacs_run-100_train.txt
2025-10-22 10:59:56.813 DEBUG: Saving info: ./results/nacs_run-100_train.txt
2025-10-22 10:59:56.859 DEBUG: Saving info: ./results/nacs_run-100_train.txt
2025-10-22 10:59:56.905 DEBUG: Saving info: ./results/nacs_run-100_train.txt
2025-10-22 10:59:56.951 DEBUG: Saving info: ./results/nacs_run-100_train.txt
2025-10-22 10:59:56.997 DEBUG: Saving info: ./results/nacs_run-100_train.txt
2025-10-22 10:59:57.044 DEBUG: Saving info: ./results/nacs_run-100_train.txt
2025-10-22 10:59:57.090 DEBUG: Saving info: ./results/nacs_run-100_train.txt
2025-10-22 10:59:57.136 DEBUG: Saving info: ./results/nacs_run-100_train.txt
2025-10-22 10:59:57.182 DEBUG: Saving info: ./results/nacs_run-100_train.txt
2025-10-22 10:59:57.228 DEBUG: Saving info: ./results/nacs_run-100_train.txt
2025-10-22 10:59:57.274 DEBUG: Saving info: ./results/nacs_run-100_train.txt
2025-10-22 10:59:57.320 DEBUG: Saving info: ./results/nacs_run-100_train.txt
2025-10-22 10:59:57.366 DEBUG: Saving info: ./results/nacs_run-100_train.txt
2025-10-22 10:59:57.412 DEBUG: Saving info: ./results/nacs_run-100_train.txt
2025-10-22 10:59:57.458 DEBUG: Saving info: ./results/nacs_run-100_train.txt
2025-10-22 10:59:57.504 DEBUG: Saving info: ./results/nacs_run-100_train.txt
2025-10-22 10:59:57.550 DEBUG: Saving info: ./results/nacs_run-100_train.txt
2025-10-22 10:59:57.596 DEBUG: Saving info: ./results/nacs_run-100_train.txt
2025-10-22 10:59:57.643 DEBUG: Saving info: ./results/nacs_run-100_train.txt
2025-10-22 10:59:57.689 DEBUG: Saving info: ./results/nacs_run-100_train.txt
2025-10-22 10:59:57.734 DEBUG: Saving info: ./results/nacs_run-100_train.txt
2025-10-22 10:59:57.781 DEBUG: Saving info: ./results/nacs_run-100_train.txt
2025-10-22 10:59:57.826 DEBUG: Saving info: ./results/nacs_run-100_train.txt
2025-10-22 10:59:57.872 DEBUG: Saving info: ./results/nacs_run-100_train.txt
2025-10-22 11:00:36.935 INFO: ===========VERIFYING SETTINGS===========
2025-10-22 11:00:36.935 INFO: MACE version: 0.3.6
2025-10-22 11:00:36.935 DEBUG: Configuration: Namespace(config=None, name='nacs', seed=100, work_dir='.', nacs_key='smooth_nacs', log_dir='./logs', model_dir='.', checkpoints_dir='./checkpoints', results_dir='./results', downloads_dir='./downloads', device='cuda', default_dtype='float32', distributed=False, log_level='INFO', n_energies=4, error_table='EnergyNacsDipoleMAE', model='ExcitedMACE', r_max=5.0, num_permutational_invariant=16, radial_type='bessel', num_radial_basis=8, num_cutoff_basis=5, pair_repulsion=False, distance_transform='None', interaction='RealAgnosticResidualInteractionBlock', interaction_first='RealAgnosticResidualInteractionBlock', max_ell=3, correlation=3, num_interactions=2, MLP_irreps='32x0e', radial_MLP='[64, 64, 64]', hidden_irreps='32x0e + 32x1o', num_channels=32, max_L=1, gate='silu', scaling='rms_forces_scaling', avg_num_neighbors=1, compute_avg_num_neighbors=True, compute_stress=False, compute_forces=True, compute_dipoles=True, compute_nacs=True, compute_socs=False, train_file='ENERGIES_FORCES_NACS.xyz', valid_file=None, valid_fraction=0.1, test_file=None, test_dir=None, multi_processed_test=False, num_workers=0, pin_memory=True, atomic_numbers=None, mean=None, std=None, statistics_file=None, E0s='average', keep_isolated_atoms=False, energy_key='REF_energy', forces_key='REF_forces', virials_key='REF_virials', stress_key='REF_stress', dipoles_key='REF_dipoles', charges_key='REF_charges', loss='weighted', forces_weight=0.0, nacs_weight=100.0, socs_weight=0.0, soc_num=None, nac_num=6, swa_forces_weight=100.0, energy_weight=0.0, swa_energy_weight=1000.0, virials_weight=1.0, swa_virials_weight=10.0, stress_weight=1.0, swa_stress_weight=10.0, dipoles_weight=1.0, swa_dipole_weight=1.0, config_type_weights='{"Default":1.0}', huber_delta=0.01, optimizer='adam', beta=0.9, batch_size=10, valid_batch_size=10, lr=0.0001, swa_lr=0.001, weight_decay=5e-07, amsgrad=True, scheduler='ReduceLROnPlateau', lr_factor=0.8, scheduler_patience=50, lr_scheduler_gamma=0.9993, swa=False, start_swa=None, ema=True, ema_decay=0.99, max_num_epochs=100, patience=2048, foundation_model=None, foundation_model_readout=True, eval_interval=1, keep_checkpoints=False, save_all_checkpoints=False, restart_latest=False, save_cpu=False, clip_grad=10.0, wandb=False, wandb_dir=None, wandb_project='', wandb_entity='', wandb_name='', wandb_log_hypers=['num_channels', 'max_L', 'correlation', 'lr', 'swa_lr', 'weight_decay', 'batch_size', 'max_num_epochs', 'start_swa', 'energy_weight', 'forces_weight'])
2025-10-22 11:00:36.964 INFO: CUDA version: 12.4, CUDA device: 0
2025-10-22 11:00:36.982 DEBUG: Popen(['git', 'version'], cwd=/home/rhyan/Exciton_model/X-MACE, stdin=None, shell=False, universal_newlines=False)
2025-10-22 11:00:36.983 DEBUG: Popen(['git', 'version'], cwd=/home/rhyan/Exciton_model/X-MACE, stdin=None, shell=False, universal_newlines=False)
2025-10-22 11:00:36.984 DEBUG: sys.platform='linux', git_executable='git'
2025-10-22 11:00:36.985 DEBUG: Popen(['git', 'cat-file', '--batch-check'], cwd=/home/rhyan/Exciton_model/X-MACE, stdin=<valid stream>, shell=False, universal_newlines=False)
2025-10-22 11:00:36.986 DEBUG: Current Git commit: 0861c52cf365064d060e006c179e4cc1785b61c2
2025-10-22 11:00:36.986 INFO: 
2025-10-22 11:00:36.986 INFO: ===========LOADING INPUT DATA===========
2025-10-22 11:00:38.409 INFO: Using random 10% of training set for validation with indices saved in: ./valid_indices_100.txt
2025-10-22 11:00:38.411 INFO: Atomic Numbers used: [1, 6, 7, 8]
2025-10-22 11:00:38.411 INFO: Isolated Atomic Energies (E0s) not in training file, using command line argument
2025-10-22 11:00:38.411 INFO: Computing average Atomic Energies using least squares regression
2025-10-22 11:00:38.419 INFO: Atomic Energies used (z: eV): {1: -967.8427909292559, 6: -1244.3693026233295, 7: -138.2632558470366, 8: -829.5795350822196}
2025-10-22 11:00:38.619 INFO: 
2025-10-22 11:00:38.619 INFO: ===========MODEL DETAILS===========
2025-10-22 11:00:38.881 INFO: Average number of neighbors: 15.7
2025-10-22 11:00:38.881 INFO: During training the following quantities will be reported: energy, forces, dipoles, nacs
2025-10-22 11:00:38.972 INFO: Building model
2025-10-22 11:00:38.972 INFO: Message passing with 32 channels and max_L=1 (32x0e + 32x1o)
2025-10-22 11:00:38.973 INFO: 2 layers, each with correlation order: 3 (body order: 4) and spherical harmonics up to: l=3
2025-10-22 11:00:38.973 INFO: 8 radial and 5 basis functions
2025-10-22 11:00:38.973 INFO: Radial cutoff: 5.0 Å (total receptive field for each atom: 10.0 Å)
2025-10-22 11:00:38.973 INFO: Distance transform for radial basis functions: None
2025-10-22 11:00:39.663 DEBUG: ExcitedMACE(
  (node_embedding): LinearNodeEmbeddingBlock(
    (linear): Linear(4x0e -> 32x0e | 128 weights)
  )
  (radial_embedding): RadialEmbeddingBlock(
    (bessel_fn): BesselBasis(r_max=5.0, num_basis=8, trainable=False)
    (cutoff_fn): PolynomialCutoff(p=5.0, r_max=5.0)
  )
  (spherical_harmonics): SphericalHarmonics()
  (atomic_energies_fn): AtomicEnergiesBlock(energies=[-967.8428, -1244.3693, -138.2633, -829.5795])
  (interactions): ModuleList(
    (0): RealAgnosticInteractionBlock(
      (linear_up): Linear(32x0e -> 32x0e | 1024 weights)
      (conv_tp): TensorProduct(32x0e x 1x0e+1x1o+1x2e+1x3o -> 32x0e+32x1o+32x2e+32x3o | 128 paths | 128 weights)
      (conv_tp_weights): FullyConnectedNet[8, 64, 64, 64, 128]
      (linear): Linear(32x0e+32x1o+32x2e+32x3o -> 32x0e+32x1o+32x2e+32x3o | 4096 weights)
      (skip_tp): FullyConnectedTensorProduct(32x0e+32x1o+32x2e+32x3o x 4x0e -> 32x0e+32x1o+32x2e+32x3o | 16384 paths | 16384 weights)
      (reshape): reshape_irreps()
    )
    (1): RealAgnosticResidualInteractionBlock(
      (linear_up): Linear(32x0e+32x1o -> 32x0e+32x1o | 2048 weights)
      (conv_tp): TensorProduct(32x0e+32x1o x 1x0e+1x1o+1x2e+1x3o -> 64x0e+96x1o+96x2e+64x3o | 320 paths | 320 weights)
      (conv_tp_weights): FullyConnectedNet[8, 64, 64, 64, 320]
      (linear): Linear(64x0e+96x1o+96x2e+64x3o -> 32x0e+32x1o+32x2e+32x3o | 10240 weights)
      (skip_tp): FullyConnectedTensorProduct(32x0e+32x1o x 4x0e -> 32x0e | 4096 paths | 4096 weights)
      (reshape): reshape_irreps()
    )
  )
  (products): ModuleList(
    (0): EquivariantProductBasisBlock(
      (symmetric_contractions): SymmetricContraction(
        (contractions): ModuleList(
          (0): Contraction(
            (contractions_weighting): ModuleList(
              (0-1): 2 x GraphModule()
            )
            (contractions_features): ModuleList(
              (0-1): 2 x GraphModule()
            )
            (weights): ParameterList(
                (0): Parameter containing: [torch.float32 of size 4x4x32 (cuda:0)]
                (1): Parameter containing: [torch.float32 of size 4x1x32 (cuda:0)]
            )
            (graph_opt_main): GraphModule()
          )
          (1): Contraction(
            (contractions_weighting): ModuleList(
              (0-1): 2 x GraphModule()
            )
            (contractions_features): ModuleList(
              (0-1): 2 x GraphModule()
            )
            (weights): ParameterList(
                (0): Parameter containing: [torch.float32 of size 4x6x32 (cuda:0)]
                (1): Parameter containing: [torch.float32 of size 4x1x32 (cuda:0)]
            )
            (graph_opt_main): GraphModule()
          )
        )
      )
      (linear): Linear(32x0e+32x1o -> 32x0e+32x1o | 2048 weights)
    )
    (1): EquivariantProductBasisBlock(
      (symmetric_contractions): SymmetricContraction(
        (contractions): ModuleList(
          (0): Contraction(
            (contractions_weighting): ModuleList(
              (0-1): 2 x GraphModule()
            )
            (contractions_features): ModuleList(
              (0-1): 2 x GraphModule()
            )
            (weights): ParameterList(
                (0): Parameter containing: [torch.float32 of size 4x4x32 (cuda:0)]
                (1): Parameter containing: [torch.float32 of size 4x1x32 (cuda:0)]
            )
            (graph_opt_main): GraphModule()
          )
        )
      )
      (linear): Linear(32x0e -> 32x0e | 1024 weights)
    )
  )
  (readouts): ModuleList(
    (0): LinearReadoutBlock(
      (linear): Linear(32x0e+32x1o -> 4x0e+6x1o | 320 weights)
    )
    (1): NonLinearReadoutBlock(
      (linear_1): Linear(32x0e -> 32x0e | 1024 weights)
      (non_linearity): Activation [x] (32x0e -> 32x0e)
      (linear_2): Linear(32x0e -> 4x0e+6x1o | 128 weights)
    )
  )
  (socs_readouts): ModuleList(
    (0): None
  )
)
2025-10-22 11:00:39.664 INFO: Total number of parameters: 103232
2025-10-22 11:00:39.664 INFO: 
2025-10-22 11:00:39.664 INFO: ===========OPTIMIZER INFORMATION===========
2025-10-22 11:00:39.664 INFO: Using ADAM as parameter optimizer
2025-10-22 11:00:39.665 INFO: Batch size: 10
2025-10-22 11:00:39.665 INFO: Using Exponential Moving Average with decay: 0.99
2025-10-22 11:00:39.665 INFO: Number of gradient updates: 8550
2025-10-22 11:00:39.665 INFO: Learning rate: 0.0001, weight decay: 5e-07
2025-10-22 11:00:39.665 INFO: WeightedEnergyForcesNacsDipoleLoss(energy_weight=0.000, forces_weight=0.000, dipole_weight=1.000)
2025-10-22 11:00:39.665 INFO: Using gradient clipping with tolerance=10.000
2025-10-22 11:00:39.665 INFO: 
2025-10-22 11:00:39.665 INFO: ===========TRAINING===========
2025-10-22 11:00:39.665 INFO: Started training, reporting errors on validation set
2025-10-22 11:00:39.665 INFO: Loss metrics on validation set
2025-10-22 11:00:53.961 INFO: ===========VERIFYING SETTINGS===========
2025-10-22 11:00:53.961 INFO: MACE version: 0.3.6
2025-10-22 11:00:53.961 DEBUG: Configuration: Namespace(config=None, name='nacs', seed=100, work_dir='.', nacs_key='smooth_nacs', log_dir='./logs', model_dir='.', checkpoints_dir='./checkpoints', results_dir='./results', downloads_dir='./downloads', device='cuda', default_dtype='float32', distributed=False, log_level='INFO', n_energies=4, error_table='EnergyNacsDipoleMAE', model='ExcitedMACE', r_max=5.0, num_permutational_invariant=16, radial_type='bessel', num_radial_basis=8, num_cutoff_basis=5, pair_repulsion=False, distance_transform='None', interaction='RealAgnosticResidualInteractionBlock', interaction_first='RealAgnosticResidualInteractionBlock', max_ell=3, correlation=3, num_interactions=2, MLP_irreps='32x0e', radial_MLP='[64, 64, 64]', hidden_irreps='32x0e + 32x1o', num_channels=32, max_L=1, gate='silu', scaling='rms_forces_scaling', avg_num_neighbors=1, compute_avg_num_neighbors=True, compute_stress=False, compute_forces=True, compute_dipoles=True, compute_nacs=True, compute_socs=False, train_file='ENERGIES_FORCES_NACS.xyz', valid_file=None, valid_fraction=0.1, test_file=None, test_dir=None, multi_processed_test=False, num_workers=0, pin_memory=True, atomic_numbers=None, mean=None, std=None, statistics_file=None, E0s='average', keep_isolated_atoms=False, energy_key='REF_energy', forces_key='REF_forces', virials_key='REF_virials', stress_key='REF_stress', dipoles_key='REF_dipoles', charges_key='REF_charges', loss='weighted', forces_weight=0.0, nacs_weight=100.0, socs_weight=0.0, soc_num=None, nac_num=6, swa_forces_weight=100.0, energy_weight=0.0, swa_energy_weight=1000.0, virials_weight=1.0, swa_virials_weight=10.0, stress_weight=1.0, swa_stress_weight=10.0, dipoles_weight=1.0, swa_dipole_weight=1.0, config_type_weights='{"Default":1.0}', huber_delta=0.01, optimizer='adam', beta=0.9, batch_size=10, valid_batch_size=10, lr=0.0001, swa_lr=0.001, weight_decay=5e-07, amsgrad=True, scheduler='ReduceLROnPlateau', lr_factor=0.8, scheduler_patience=50, lr_scheduler_gamma=0.9993, swa=False, start_swa=None, ema=True, ema_decay=0.99, max_num_epochs=100, patience=2048, foundation_model=None, foundation_model_readout=True, eval_interval=1, keep_checkpoints=False, save_all_checkpoints=False, restart_latest=False, save_cpu=False, clip_grad=10.0, wandb=False, wandb_dir=None, wandb_project='', wandb_entity='', wandb_name='', wandb_log_hypers=['num_channels', 'max_L', 'correlation', 'lr', 'swa_lr', 'weight_decay', 'batch_size', 'max_num_epochs', 'start_swa', 'energy_weight', 'forces_weight'])
2025-10-22 11:00:53.990 INFO: CUDA version: 12.4, CUDA device: 0
2025-10-22 11:00:54.008 DEBUG: Popen(['git', 'version'], cwd=/home/rhyan/Exciton_model/X-MACE, stdin=None, shell=False, universal_newlines=False)
2025-10-22 11:00:54.010 DEBUG: Popen(['git', 'version'], cwd=/home/rhyan/Exciton_model/X-MACE, stdin=None, shell=False, universal_newlines=False)
2025-10-22 11:00:54.011 DEBUG: sys.platform='linux', git_executable='git'
2025-10-22 11:00:54.011 DEBUG: Popen(['git', 'cat-file', '--batch-check'], cwd=/home/rhyan/Exciton_model/X-MACE, stdin=<valid stream>, shell=False, universal_newlines=False)
2025-10-22 11:00:54.012 DEBUG: Current Git commit: 0861c52cf365064d060e006c179e4cc1785b61c2
2025-10-22 11:00:54.012 INFO: 
2025-10-22 11:00:54.012 INFO: ===========LOADING INPUT DATA===========
2025-10-22 11:00:55.435 INFO: Using random 10% of training set for validation with indices saved in: ./valid_indices_100.txt
2025-10-22 11:00:55.436 INFO: Atomic Numbers used: [1, 6, 7, 8]
2025-10-22 11:00:55.436 INFO: Isolated Atomic Energies (E0s) not in training file, using command line argument
2025-10-22 11:00:55.437 INFO: Computing average Atomic Energies using least squares regression
2025-10-22 11:00:55.444 INFO: Atomic Energies used (z: eV): {1: -967.8427909292559, 6: -1244.3693026233295, 7: -138.2632558470366, 8: -829.5795350822196}
2025-10-22 11:00:55.647 INFO: 
2025-10-22 11:00:55.647 INFO: ===========MODEL DETAILS===========
2025-10-22 11:00:55.917 INFO: Average number of neighbors: 15.7
2025-10-22 11:00:55.917 INFO: During training the following quantities will be reported: energy, forces, dipoles, nacs
2025-10-22 11:00:56.010 INFO: Building model
2025-10-22 11:00:56.010 INFO: Message passing with 32 channels and max_L=1 (32x0e + 32x1o)
2025-10-22 11:00:56.010 INFO: 2 layers, each with correlation order: 3 (body order: 4) and spherical harmonics up to: l=3
2025-10-22 11:00:56.010 INFO: 8 radial and 5 basis functions
2025-10-22 11:00:56.010 INFO: Radial cutoff: 5.0 Å (total receptive field for each atom: 10.0 Å)
2025-10-22 11:00:56.010 INFO: Distance transform for radial basis functions: None
2025-10-22 11:00:56.702 DEBUG: ExcitedMACE(
  (node_embedding): LinearNodeEmbeddingBlock(
    (linear): Linear(4x0e -> 32x0e | 128 weights)
  )
  (radial_embedding): RadialEmbeddingBlock(
    (bessel_fn): BesselBasis(r_max=5.0, num_basis=8, trainable=False)
    (cutoff_fn): PolynomialCutoff(p=5.0, r_max=5.0)
  )
  (spherical_harmonics): SphericalHarmonics()
  (atomic_energies_fn): AtomicEnergiesBlock(energies=[-967.8428, -1244.3693, -138.2633, -829.5795])
  (interactions): ModuleList(
    (0): RealAgnosticInteractionBlock(
      (linear_up): Linear(32x0e -> 32x0e | 1024 weights)
      (conv_tp): TensorProduct(32x0e x 1x0e+1x1o+1x2e+1x3o -> 32x0e+32x1o+32x2e+32x3o | 128 paths | 128 weights)
      (conv_tp_weights): FullyConnectedNet[8, 64, 64, 64, 128]
      (linear): Linear(32x0e+32x1o+32x2e+32x3o -> 32x0e+32x1o+32x2e+32x3o | 4096 weights)
      (skip_tp): FullyConnectedTensorProduct(32x0e+32x1o+32x2e+32x3o x 4x0e -> 32x0e+32x1o+32x2e+32x3o | 16384 paths | 16384 weights)
      (reshape): reshape_irreps()
    )
    (1): RealAgnosticResidualInteractionBlock(
      (linear_up): Linear(32x0e+32x1o -> 32x0e+32x1o | 2048 weights)
      (conv_tp): TensorProduct(32x0e+32x1o x 1x0e+1x1o+1x2e+1x3o -> 64x0e+96x1o+96x2e+64x3o | 320 paths | 320 weights)
      (conv_tp_weights): FullyConnectedNet[8, 64, 64, 64, 320]
      (linear): Linear(64x0e+96x1o+96x2e+64x3o -> 32x0e+32x1o+32x2e+32x3o | 10240 weights)
      (skip_tp): FullyConnectedTensorProduct(32x0e+32x1o x 4x0e -> 32x0e | 4096 paths | 4096 weights)
      (reshape): reshape_irreps()
    )
  )
  (products): ModuleList(
    (0): EquivariantProductBasisBlock(
      (symmetric_contractions): SymmetricContraction(
        (contractions): ModuleList(
          (0): Contraction(
            (contractions_weighting): ModuleList(
              (0-1): 2 x GraphModule()
            )
            (contractions_features): ModuleList(
              (0-1): 2 x GraphModule()
            )
            (weights): ParameterList(
                (0): Parameter containing: [torch.float32 of size 4x4x32 (cuda:0)]
                (1): Parameter containing: [torch.float32 of size 4x1x32 (cuda:0)]
            )
            (graph_opt_main): GraphModule()
          )
          (1): Contraction(
            (contractions_weighting): ModuleList(
              (0-1): 2 x GraphModule()
            )
            (contractions_features): ModuleList(
              (0-1): 2 x GraphModule()
            )
            (weights): ParameterList(
                (0): Parameter containing: [torch.float32 of size 4x6x32 (cuda:0)]
                (1): Parameter containing: [torch.float32 of size 4x1x32 (cuda:0)]
            )
            (graph_opt_main): GraphModule()
          )
        )
      )
      (linear): Linear(32x0e+32x1o -> 32x0e+32x1o | 2048 weights)
    )
    (1): EquivariantProductBasisBlock(
      (symmetric_contractions): SymmetricContraction(
        (contractions): ModuleList(
          (0): Contraction(
            (contractions_weighting): ModuleList(
              (0-1): 2 x GraphModule()
            )
            (contractions_features): ModuleList(
              (0-1): 2 x GraphModule()
            )
            (weights): ParameterList(
                (0): Parameter containing: [torch.float32 of size 4x4x32 (cuda:0)]
                (1): Parameter containing: [torch.float32 of size 4x1x32 (cuda:0)]
            )
            (graph_opt_main): GraphModule()
          )
        )
      )
      (linear): Linear(32x0e -> 32x0e | 1024 weights)
    )
  )
  (readouts): ModuleList(
    (0): LinearReadoutBlock(
      (linear): Linear(32x0e+32x1o -> 4x0e+6x1o | 320 weights)
    )
    (1): NonLinearReadoutBlock(
      (linear_1): Linear(32x0e -> 32x0e | 1024 weights)
      (non_linearity): Activation [x] (32x0e -> 32x0e)
      (linear_2): Linear(32x0e -> 4x0e+6x1o | 128 weights)
    )
  )
  (socs_readouts): ModuleList(
    (0): None
  )
)
2025-10-22 11:00:56.703 INFO: Total number of parameters: 103232
2025-10-22 11:00:56.703 INFO: 
2025-10-22 11:00:56.703 INFO: ===========OPTIMIZER INFORMATION===========
2025-10-22 11:00:56.703 INFO: Using ADAM as parameter optimizer
2025-10-22 11:00:56.703 INFO: Batch size: 10
2025-10-22 11:00:56.703 INFO: Using Exponential Moving Average with decay: 0.99
2025-10-22 11:00:56.703 INFO: Number of gradient updates: 8550
2025-10-22 11:00:56.703 INFO: Learning rate: 0.0001, weight decay: 5e-07
2025-10-22 11:00:56.703 INFO: WeightedEnergyForcesNacsDipoleLoss(energy_weight=0.000, forces_weight=0.000, dipole_weight=1.000)
2025-10-22 11:00:56.704 INFO: Using gradient clipping with tolerance=10.000
2025-10-22 11:00:56.704 INFO: 
2025-10-22 11:00:56.704 INFO: ===========TRAINING===========
2025-10-22 11:00:56.704 INFO: Started training, reporting errors on validation set
2025-10-22 11:00:56.704 INFO: Loss metrics on validation set
2025-10-22 11:00:58.941 DEBUG: Saving info: ./results/nacs_run-100_train.txt
2025-10-22 11:00:59.367 DEBUG: Saving info: ./results/nacs_run-100_train.txt
2025-10-22 11:01:33.268 INFO: ===========VERIFYING SETTINGS===========
2025-10-22 11:01:33.268 INFO: MACE version: 0.3.6
2025-10-22 11:01:33.268 DEBUG: Configuration: Namespace(config=None, name='nacs', seed=100, work_dir='.', nacs_key='REF_nacs', log_dir='./logs', model_dir='.', checkpoints_dir='./checkpoints', results_dir='./results', downloads_dir='./downloads', device='cuda', default_dtype='float32', distributed=False, log_level='INFO', n_energies=4, error_table='EnergyNacsDipoleMAE', model='ExcitedMACE', r_max=5.0, num_permutational_invariant=16, radial_type='bessel', num_radial_basis=8, num_cutoff_basis=5, pair_repulsion=False, distance_transform='None', interaction='RealAgnosticResidualInteractionBlock', interaction_first='RealAgnosticResidualInteractionBlock', max_ell=3, correlation=3, num_interactions=2, MLP_irreps='32x0e', radial_MLP='[64, 64, 64]', hidden_irreps='32x0e + 32x1o', num_channels=32, max_L=1, gate='silu', scaling='rms_forces_scaling', avg_num_neighbors=1, compute_avg_num_neighbors=True, compute_stress=False, compute_forces=True, compute_dipoles=True, compute_nacs=True, compute_socs=False, train_file='ENERGIES_FORCES_NACS.xyz', valid_file=None, valid_fraction=0.1, test_file=None, test_dir=None, multi_processed_test=False, num_workers=0, pin_memory=True, atomic_numbers=None, mean=None, std=None, statistics_file=None, E0s='average', keep_isolated_atoms=False, energy_key='REF_energy', forces_key='REF_forces', virials_key='REF_virials', stress_key='REF_stress', dipoles_key='REF_dipoles', charges_key='REF_charges', loss='weighted', forces_weight=0.0, nacs_weight=100.0, socs_weight=0.0, soc_num=None, nac_num=6, swa_forces_weight=100.0, energy_weight=0.0, swa_energy_weight=1000.0, virials_weight=1.0, swa_virials_weight=10.0, stress_weight=1.0, swa_stress_weight=10.0, dipoles_weight=1.0, swa_dipole_weight=1.0, config_type_weights='{"Default":1.0}', huber_delta=0.01, optimizer='adam', beta=0.9, batch_size=10, valid_batch_size=10, lr=0.0001, swa_lr=0.001, weight_decay=5e-07, amsgrad=True, scheduler='ReduceLROnPlateau', lr_factor=0.8, scheduler_patience=50, lr_scheduler_gamma=0.9993, swa=False, start_swa=None, ema=True, ema_decay=0.99, max_num_epochs=100, patience=2048, foundation_model=None, foundation_model_readout=True, eval_interval=1, keep_checkpoints=False, save_all_checkpoints=False, restart_latest=False, save_cpu=False, clip_grad=10.0, wandb=False, wandb_dir=None, wandb_project='', wandb_entity='', wandb_name='', wandb_log_hypers=['num_channels', 'max_L', 'correlation', 'lr', 'swa_lr', 'weight_decay', 'batch_size', 'max_num_epochs', 'start_swa', 'energy_weight', 'forces_weight'])
2025-10-22 11:01:33.297 INFO: CUDA version: 12.4, CUDA device: 0
2025-10-22 11:01:33.316 DEBUG: Popen(['git', 'version'], cwd=/home/rhyan/Exciton_model/X-MACE, stdin=None, shell=False, universal_newlines=False)
2025-10-22 11:01:33.317 DEBUG: Popen(['git', 'version'], cwd=/home/rhyan/Exciton_model/X-MACE, stdin=None, shell=False, universal_newlines=False)
2025-10-22 11:01:33.318 DEBUG: sys.platform='linux', git_executable='git'
2025-10-22 11:01:33.319 DEBUG: Popen(['git', 'cat-file', '--batch-check'], cwd=/home/rhyan/Exciton_model/X-MACE, stdin=<valid stream>, shell=False, universal_newlines=False)
2025-10-22 11:01:33.320 DEBUG: Current Git commit: 0861c52cf365064d060e006c179e4cc1785b61c2
2025-10-22 11:01:33.320 INFO: 
2025-10-22 11:01:33.320 INFO: ===========LOADING INPUT DATA===========
2025-10-22 11:01:34.749 INFO: Using random 10% of training set for validation with indices saved in: ./valid_indices_100.txt
2025-10-22 11:01:34.751 INFO: Atomic Numbers used: [1, 6, 7, 8]
2025-10-22 11:01:34.751 INFO: Isolated Atomic Energies (E0s) not in training file, using command line argument
2025-10-22 11:01:34.751 INFO: Computing average Atomic Energies using least squares regression
2025-10-22 11:01:34.758 INFO: Atomic Energies used (z: eV): {1: -967.8427909292559, 6: -1244.3693026233295, 7: -138.2632558470366, 8: -829.5795350822196}
2025-10-22 11:01:34.964 INFO: 
2025-10-22 11:01:34.964 INFO: ===========MODEL DETAILS===========
2025-10-22 11:01:35.238 INFO: Average number of neighbors: 15.7
2025-10-22 11:01:35.239 INFO: During training the following quantities will be reported: energy, forces, dipoles, nacs
2025-10-22 11:01:35.330 INFO: Building model
2025-10-22 11:01:35.331 INFO: Message passing with 32 channels and max_L=1 (32x0e + 32x1o)
2025-10-22 11:01:35.331 INFO: 2 layers, each with correlation order: 3 (body order: 4) and spherical harmonics up to: l=3
2025-10-22 11:01:35.331 INFO: 8 radial and 5 basis functions
2025-10-22 11:01:35.331 INFO: Radial cutoff: 5.0 Å (total receptive field for each atom: 10.0 Å)
2025-10-22 11:01:35.331 INFO: Distance transform for radial basis functions: None
2025-10-22 11:01:36.025 DEBUG: ExcitedMACE(
  (node_embedding): LinearNodeEmbeddingBlock(
    (linear): Linear(4x0e -> 32x0e | 128 weights)
  )
  (radial_embedding): RadialEmbeddingBlock(
    (bessel_fn): BesselBasis(r_max=5.0, num_basis=8, trainable=False)
    (cutoff_fn): PolynomialCutoff(p=5.0, r_max=5.0)
  )
  (spherical_harmonics): SphericalHarmonics()
  (atomic_energies_fn): AtomicEnergiesBlock(energies=[-967.8428, -1244.3693, -138.2633, -829.5795])
  (interactions): ModuleList(
    (0): RealAgnosticInteractionBlock(
      (linear_up): Linear(32x0e -> 32x0e | 1024 weights)
      (conv_tp): TensorProduct(32x0e x 1x0e+1x1o+1x2e+1x3o -> 32x0e+32x1o+32x2e+32x3o | 128 paths | 128 weights)
      (conv_tp_weights): FullyConnectedNet[8, 64, 64, 64, 128]
      (linear): Linear(32x0e+32x1o+32x2e+32x3o -> 32x0e+32x1o+32x2e+32x3o | 4096 weights)
      (skip_tp): FullyConnectedTensorProduct(32x0e+32x1o+32x2e+32x3o x 4x0e -> 32x0e+32x1o+32x2e+32x3o | 16384 paths | 16384 weights)
      (reshape): reshape_irreps()
    )
    (1): RealAgnosticResidualInteractionBlock(
      (linear_up): Linear(32x0e+32x1o -> 32x0e+32x1o | 2048 weights)
      (conv_tp): TensorProduct(32x0e+32x1o x 1x0e+1x1o+1x2e+1x3o -> 64x0e+96x1o+96x2e+64x3o | 320 paths | 320 weights)
      (conv_tp_weights): FullyConnectedNet[8, 64, 64, 64, 320]
      (linear): Linear(64x0e+96x1o+96x2e+64x3o -> 32x0e+32x1o+32x2e+32x3o | 10240 weights)
      (skip_tp): FullyConnectedTensorProduct(32x0e+32x1o x 4x0e -> 32x0e | 4096 paths | 4096 weights)
      (reshape): reshape_irreps()
    )
  )
  (products): ModuleList(
    (0): EquivariantProductBasisBlock(
      (symmetric_contractions): SymmetricContraction(
        (contractions): ModuleList(
          (0): Contraction(
            (contractions_weighting): ModuleList(
              (0-1): 2 x GraphModule()
            )
            (contractions_features): ModuleList(
              (0-1): 2 x GraphModule()
            )
            (weights): ParameterList(
                (0): Parameter containing: [torch.float32 of size 4x4x32 (cuda:0)]
                (1): Parameter containing: [torch.float32 of size 4x1x32 (cuda:0)]
            )
            (graph_opt_main): GraphModule()
          )
          (1): Contraction(
            (contractions_weighting): ModuleList(
              (0-1): 2 x GraphModule()
            )
            (contractions_features): ModuleList(
              (0-1): 2 x GraphModule()
            )
            (weights): ParameterList(
                (0): Parameter containing: [torch.float32 of size 4x6x32 (cuda:0)]
                (1): Parameter containing: [torch.float32 of size 4x1x32 (cuda:0)]
            )
            (graph_opt_main): GraphModule()
          )
        )
      )
      (linear): Linear(32x0e+32x1o -> 32x0e+32x1o | 2048 weights)
    )
    (1): EquivariantProductBasisBlock(
      (symmetric_contractions): SymmetricContraction(
        (contractions): ModuleList(
          (0): Contraction(
            (contractions_weighting): ModuleList(
              (0-1): 2 x GraphModule()
            )
            (contractions_features): ModuleList(
              (0-1): 2 x GraphModule()
            )
            (weights): ParameterList(
                (0): Parameter containing: [torch.float32 of size 4x4x32 (cuda:0)]
                (1): Parameter containing: [torch.float32 of size 4x1x32 (cuda:0)]
            )
            (graph_opt_main): GraphModule()
          )
        )
      )
      (linear): Linear(32x0e -> 32x0e | 1024 weights)
    )
  )
  (readouts): ModuleList(
    (0): LinearReadoutBlock(
      (linear): Linear(32x0e+32x1o -> 4x0e+6x1o | 320 weights)
    )
    (1): NonLinearReadoutBlock(
      (linear_1): Linear(32x0e -> 32x0e | 1024 weights)
      (non_linearity): Activation [x] (32x0e -> 32x0e)
      (linear_2): Linear(32x0e -> 4x0e+6x1o | 128 weights)
    )
  )
  (socs_readouts): ModuleList(
    (0): None
  )
)
2025-10-22 11:01:36.027 INFO: Total number of parameters: 103232
2025-10-22 11:01:36.027 INFO: 
2025-10-22 11:01:36.027 INFO: ===========OPTIMIZER INFORMATION===========
2025-10-22 11:01:36.027 INFO: Using ADAM as parameter optimizer
2025-10-22 11:01:36.027 INFO: Batch size: 10
2025-10-22 11:01:36.027 INFO: Using Exponential Moving Average with decay: 0.99
2025-10-22 11:01:36.027 INFO: Number of gradient updates: 8550
2025-10-22 11:01:36.027 INFO: Learning rate: 0.0001, weight decay: 5e-07
2025-10-22 11:01:36.027 INFO: WeightedEnergyForcesNacsDipoleLoss(energy_weight=0.000, forces_weight=0.000, dipole_weight=1.000)
2025-10-22 11:01:36.028 INFO: Using gradient clipping with tolerance=10.000
2025-10-22 11:01:36.028 INFO: 
2025-10-22 11:01:36.028 INFO: ===========TRAINING===========
2025-10-22 11:01:36.028 INFO: Started training, reporting errors on validation set
2025-10-22 11:01:36.028 INFO: Loss metrics on validation set
2025-10-22 11:01:38.270 DEBUG: Saving info: ./results/nacs_run-100_train.txt
2025-10-22 11:01:38.694 DEBUG: Saving info: ./results/nacs_run-100_train.txt
2025-10-22 11:01:39.262 DEBUG: Saving info: ./results/nacs_run-100_train.txt
2025-10-22 11:01:39.878 DEBUG: Saving info: ./results/nacs_run-100_train.txt
2025-10-22 11:01:39.927 DEBUG: Saving info: ./results/nacs_run-100_train.txt
2025-10-22 11:01:39.975 DEBUG: Saving info: ./results/nacs_run-100_train.txt
2025-10-22 11:01:40.023 DEBUG: Saving info: ./results/nacs_run-100_train.txt
2025-10-22 11:01:40.071 DEBUG: Saving info: ./results/nacs_run-100_train.txt
2025-10-22 11:01:40.117 DEBUG: Saving info: ./results/nacs_run-100_train.txt
2025-10-22 11:01:40.162 DEBUG: Saving info: ./results/nacs_run-100_train.txt
2025-10-22 11:01:40.207 DEBUG: Saving info: ./results/nacs_run-100_train.txt
2025-10-22 11:01:40.252 DEBUG: Saving info: ./results/nacs_run-100_train.txt
2025-10-22 11:01:40.297 DEBUG: Saving info: ./results/nacs_run-100_train.txt
2025-10-22 11:01:40.342 DEBUG: Saving info: ./results/nacs_run-100_train.txt
2025-10-22 11:01:40.387 DEBUG: Saving info: ./results/nacs_run-100_train.txt
2025-10-22 11:01:40.432 DEBUG: Saving info: ./results/nacs_run-100_train.txt
2025-10-22 11:01:40.477 DEBUG: Saving info: ./results/nacs_run-100_train.txt
2025-10-22 11:01:40.522 DEBUG: Saving info: ./results/nacs_run-100_train.txt
2025-10-22 11:01:40.567 DEBUG: Saving info: ./results/nacs_run-100_train.txt
2025-10-22 11:01:40.613 DEBUG: Saving info: ./results/nacs_run-100_train.txt
2025-10-22 11:01:40.657 DEBUG: Saving info: ./results/nacs_run-100_train.txt
2025-10-22 11:01:40.703 DEBUG: Saving info: ./results/nacs_run-100_train.txt
2025-10-22 11:01:40.748 DEBUG: Saving info: ./results/nacs_run-100_train.txt
2025-10-22 11:01:40.793 DEBUG: Saving info: ./results/nacs_run-100_train.txt
2025-10-22 11:01:40.838 DEBUG: Saving info: ./results/nacs_run-100_train.txt
2025-10-22 11:01:40.883 DEBUG: Saving info: ./results/nacs_run-100_train.txt
2025-10-22 11:01:40.928 DEBUG: Saving info: ./results/nacs_run-100_train.txt
2025-10-22 11:01:40.973 DEBUG: Saving info: ./results/nacs_run-100_train.txt
2025-10-22 11:01:41.018 DEBUG: Saving info: ./results/nacs_run-100_train.txt
2025-10-22 11:01:41.063 DEBUG: Saving info: ./results/nacs_run-100_train.txt
2025-10-22 11:01:41.108 DEBUG: Saving info: ./results/nacs_run-100_train.txt
2025-10-22 11:01:41.153 DEBUG: Saving info: ./results/nacs_run-100_train.txt
2025-10-22 11:01:41.198 DEBUG: Saving info: ./results/nacs_run-100_train.txt
2025-10-22 11:01:41.243 DEBUG: Saving info: ./results/nacs_run-100_train.txt
2025-10-22 11:01:41.288 DEBUG: Saving info: ./results/nacs_run-100_train.txt
2025-10-22 11:01:41.333 DEBUG: Saving info: ./results/nacs_run-100_train.txt
2025-10-22 11:01:41.378 DEBUG: Saving info: ./results/nacs_run-100_train.txt
2025-10-22 11:01:41.423 DEBUG: Saving info: ./results/nacs_run-100_train.txt
2025-10-22 11:01:41.468 DEBUG: Saving info: ./results/nacs_run-100_train.txt
2025-10-22 11:01:41.513 DEBUG: Saving info: ./results/nacs_run-100_train.txt
2025-10-22 11:01:41.558 DEBUG: Saving info: ./results/nacs_run-100_train.txt
2025-10-22 11:01:41.603 DEBUG: Saving info: ./results/nacs_run-100_train.txt
2025-10-22 11:01:41.648 DEBUG: Saving info: ./results/nacs_run-100_train.txt
2025-10-22 11:01:41.694 DEBUG: Saving info: ./results/nacs_run-100_train.txt
2025-10-22 11:01:41.739 DEBUG: Saving info: ./results/nacs_run-100_train.txt
2025-10-22 11:01:41.784 DEBUG: Saving info: ./results/nacs_run-100_train.txt
2025-10-22 11:01:41.829 DEBUG: Saving info: ./results/nacs_run-100_train.txt
2025-10-22 11:01:41.874 DEBUG: Saving info: ./results/nacs_run-100_train.txt
2025-10-22 11:01:41.919 DEBUG: Saving info: ./results/nacs_run-100_train.txt
2025-10-22 11:01:41.964 DEBUG: Saving info: ./results/nacs_run-100_train.txt
2025-10-22 11:01:42.009 DEBUG: Saving info: ./results/nacs_run-100_train.txt
2025-10-22 11:01:42.054 DEBUG: Saving info: ./results/nacs_run-100_train.txt
2025-10-22 11:01:42.099 DEBUG: Saving info: ./results/nacs_run-100_train.txt
2025-10-22 11:01:42.145 DEBUG: Saving info: ./results/nacs_run-100_train.txt
2025-10-22 11:01:42.190 DEBUG: Saving info: ./results/nacs_run-100_train.txt
2025-10-22 11:01:42.235 DEBUG: Saving info: ./results/nacs_run-100_train.txt
2025-10-22 11:01:42.279 DEBUG: Saving info: ./results/nacs_run-100_train.txt
2025-10-22 11:01:42.324 DEBUG: Saving info: ./results/nacs_run-100_train.txt
2025-10-22 11:01:42.369 DEBUG: Saving info: ./results/nacs_run-100_train.txt
2025-10-22 11:01:42.414 DEBUG: Saving info: ./results/nacs_run-100_train.txt
2025-10-22 11:01:42.459 DEBUG: Saving info: ./results/nacs_run-100_train.txt
2025-10-22 11:01:42.504 DEBUG: Saving info: ./results/nacs_run-100_train.txt
2025-10-22 11:01:42.549 DEBUG: Saving info: ./results/nacs_run-100_train.txt
2025-10-22 11:01:42.594 DEBUG: Saving info: ./results/nacs_run-100_train.txt
2025-10-22 11:01:42.639 DEBUG: Saving info: ./results/nacs_run-100_train.txt
2025-10-22 11:01:42.684 DEBUG: Saving info: ./results/nacs_run-100_train.txt
2025-10-22 11:01:42.729 DEBUG: Saving info: ./results/nacs_run-100_train.txt
2025-10-22 11:01:42.775 DEBUG: Saving info: ./results/nacs_run-100_train.txt
2025-10-22 11:01:42.820 DEBUG: Saving info: ./results/nacs_run-100_train.txt
2025-10-22 11:01:42.865 DEBUG: Saving info: ./results/nacs_run-100_train.txt
2025-10-22 11:01:42.910 DEBUG: Saving info: ./results/nacs_run-100_train.txt
2025-10-22 11:01:42.955 DEBUG: Saving info: ./results/nacs_run-100_train.txt
2025-10-22 11:01:43.000 DEBUG: Saving info: ./results/nacs_run-100_train.txt
2025-10-22 11:01:43.046 DEBUG: Saving info: ./results/nacs_run-100_train.txt
2025-10-22 11:01:43.090 DEBUG: Saving info: ./results/nacs_run-100_train.txt
2025-10-22 11:01:43.135 DEBUG: Saving info: ./results/nacs_run-100_train.txt
2025-10-22 11:01:43.181 DEBUG: Saving info: ./results/nacs_run-100_train.txt
2025-10-22 11:01:43.226 DEBUG: Saving info: ./results/nacs_run-100_train.txt
2025-10-22 11:01:43.271 DEBUG: Saving info: ./results/nacs_run-100_train.txt
2025-10-22 11:01:43.316 DEBUG: Saving info: ./results/nacs_run-100_train.txt
2025-10-22 11:01:43.361 DEBUG: Saving info: ./results/nacs_run-100_train.txt
2025-10-22 11:01:43.406 DEBUG: Saving info: ./results/nacs_run-100_train.txt
2025-10-22 11:01:43.451 DEBUG: Saving info: ./results/nacs_run-100_train.txt
2025-10-22 11:01:43.496 DEBUG: Saving info: ./results/nacs_run-100_train.txt
2025-10-22 11:01:43.541 DEBUG: Saving info: ./results/nacs_run-100_train.txt
2025-10-22 11:01:43.586 DEBUG: Saving info: ./results/nacs_run-100_train.txt
2025-10-22 11:01:43.796 DEBUG: Saving info: ./results/nacs_run-100_train.txt
2025-10-22 11:01:43.797 DEBUG: Saving checkpoint: ./checkpoints/nacs_run-100_epoch-0.pt
2025-10-22 11:01:43.880 DEBUG: Saving info: ./results/nacs_run-100_train.txt
2025-10-22 11:01:43.925 DEBUG: Saving info: ./results/nacs_run-100_train.txt
2025-10-22 11:01:43.970 DEBUG: Saving info: ./results/nacs_run-100_train.txt
2025-10-22 11:01:44.015 DEBUG: Saving info: ./results/nacs_run-100_train.txt
2025-10-22 11:01:44.060 DEBUG: Saving info: ./results/nacs_run-100_train.txt
2025-10-22 11:01:44.105 DEBUG: Saving info: ./results/nacs_run-100_train.txt
2025-10-22 11:01:44.150 DEBUG: Saving info: ./results/nacs_run-100_train.txt
2025-10-22 11:01:44.195 DEBUG: Saving info: ./results/nacs_run-100_train.txt
2025-10-22 11:01:44.240 DEBUG: Saving info: ./results/nacs_run-100_train.txt
2025-10-22 11:01:44.285 DEBUG: Saving info: ./results/nacs_run-100_train.txt
2025-10-22 11:01:44.330 DEBUG: Saving info: ./results/nacs_run-100_train.txt
2025-10-22 11:01:44.375 DEBUG: Saving info: ./results/nacs_run-100_train.txt
2025-10-22 11:01:44.420 DEBUG: Saving info: ./results/nacs_run-100_train.txt
2025-10-22 11:01:44.465 DEBUG: Saving info: ./results/nacs_run-100_train.txt
2025-10-22 11:01:44.510 DEBUG: Saving info: ./results/nacs_run-100_train.txt
2025-10-22 11:01:44.555 DEBUG: Saving info: ./results/nacs_run-100_train.txt
2025-10-22 11:01:44.600 DEBUG: Saving info: ./results/nacs_run-100_train.txt
2025-10-22 11:01:44.645 DEBUG: Saving info: ./results/nacs_run-100_train.txt
2025-10-22 11:01:44.690 DEBUG: Saving info: ./results/nacs_run-100_train.txt
2025-10-22 11:01:44.735 DEBUG: Saving info: ./results/nacs_run-100_train.txt
2025-10-22 11:01:44.780 DEBUG: Saving info: ./results/nacs_run-100_train.txt
2025-10-22 11:01:44.826 DEBUG: Saving info: ./results/nacs_run-100_train.txt
2025-10-22 11:01:44.871 DEBUG: Saving info: ./results/nacs_run-100_train.txt
2025-10-22 11:01:44.916 DEBUG: Saving info: ./results/nacs_run-100_train.txt
2025-10-22 11:01:44.961 DEBUG: Saving info: ./results/nacs_run-100_train.txt
2025-10-22 11:01:45.006 DEBUG: Saving info: ./results/nacs_run-100_train.txt
2025-10-22 11:01:45.052 DEBUG: Saving info: ./results/nacs_run-100_train.txt
2025-10-22 11:01:45.097 DEBUG: Saving info: ./results/nacs_run-100_train.txt
2025-10-22 11:01:45.142 DEBUG: Saving info: ./results/nacs_run-100_train.txt
2025-10-22 11:01:45.187 DEBUG: Saving info: ./results/nacs_run-100_train.txt
2025-10-22 11:01:45.233 DEBUG: Saving info: ./results/nacs_run-100_train.txt
2025-10-22 11:01:45.278 DEBUG: Saving info: ./results/nacs_run-100_train.txt
2025-10-22 11:01:45.323 DEBUG: Saving info: ./results/nacs_run-100_train.txt
2025-10-22 11:01:45.368 DEBUG: Saving info: ./results/nacs_run-100_train.txt
2025-10-22 11:01:45.414 DEBUG: Saving info: ./results/nacs_run-100_train.txt
2025-10-22 11:01:45.458 DEBUG: Saving info: ./results/nacs_run-100_train.txt
2025-10-22 11:01:45.504 DEBUG: Saving info: ./results/nacs_run-100_train.txt
2025-10-22 11:01:45.549 DEBUG: Saving info: ./results/nacs_run-100_train.txt
2025-10-22 11:01:45.594 DEBUG: Saving info: ./results/nacs_run-100_train.txt
2025-10-22 11:01:45.639 DEBUG: Saving info: ./results/nacs_run-100_train.txt
2025-10-22 11:01:45.684 DEBUG: Saving info: ./results/nacs_run-100_train.txt
2025-10-22 11:01:45.729 DEBUG: Saving info: ./results/nacs_run-100_train.txt
2025-10-22 11:01:45.774 DEBUG: Saving info: ./results/nacs_run-100_train.txt
2025-10-22 11:01:45.819 DEBUG: Saving info: ./results/nacs_run-100_train.txt
2025-10-22 11:01:45.864 DEBUG: Saving info: ./results/nacs_run-100_train.txt
2025-10-22 11:01:45.909 DEBUG: Saving info: ./results/nacs_run-100_train.txt
2025-10-22 11:01:45.955 DEBUG: Saving info: ./results/nacs_run-100_train.txt
2025-10-22 11:01:46.000 DEBUG: Saving info: ./results/nacs_run-100_train.txt
2025-10-22 11:01:46.046 DEBUG: Saving info: ./results/nacs_run-100_train.txt
2025-10-22 11:01:46.091 DEBUG: Saving info: ./results/nacs_run-100_train.txt
2025-10-22 11:01:46.136 DEBUG: Saving info: ./results/nacs_run-100_train.txt
2025-10-22 11:01:46.181 DEBUG: Saving info: ./results/nacs_run-100_train.txt
2025-10-22 11:01:46.226 DEBUG: Saving info: ./results/nacs_run-100_train.txt
2025-10-22 11:01:46.271 DEBUG: Saving info: ./results/nacs_run-100_train.txt
2025-10-22 11:01:46.316 DEBUG: Saving info: ./results/nacs_run-100_train.txt
2025-10-22 11:01:46.361 DEBUG: Saving info: ./results/nacs_run-100_train.txt
2025-10-22 11:01:46.406 DEBUG: Saving info: ./results/nacs_run-100_train.txt
2025-10-22 11:01:46.452 DEBUG: Saving info: ./results/nacs_run-100_train.txt
2025-10-22 11:01:46.497 DEBUG: Saving info: ./results/nacs_run-100_train.txt
2025-10-22 11:01:46.542 DEBUG: Saving info: ./results/nacs_run-100_train.txt
2025-10-22 11:01:46.587 DEBUG: Saving info: ./results/nacs_run-100_train.txt
2025-10-22 11:01:46.632 DEBUG: Saving info: ./results/nacs_run-100_train.txt
2025-10-22 11:01:46.677 DEBUG: Saving info: ./results/nacs_run-100_train.txt
2025-10-22 11:01:46.722 DEBUG: Saving info: ./results/nacs_run-100_train.txt
2025-10-22 11:01:46.777 DEBUG: Saving info: ./results/nacs_run-100_train.txt
2025-10-22 11:01:46.822 DEBUG: Saving info: ./results/nacs_run-100_train.txt
2025-10-22 11:01:46.868 DEBUG: Saving info: ./results/nacs_run-100_train.txt
2025-10-22 11:01:46.914 DEBUG: Saving info: ./results/nacs_run-100_train.txt
2025-10-22 11:01:46.959 DEBUG: Saving info: ./results/nacs_run-100_train.txt
2025-10-22 11:01:47.005 DEBUG: Saving info: ./results/nacs_run-100_train.txt
2025-10-22 11:01:47.051 DEBUG: Saving info: ./results/nacs_run-100_train.txt
2025-10-22 11:01:47.097 DEBUG: Saving info: ./results/nacs_run-100_train.txt
2025-10-22 11:01:47.143 DEBUG: Saving info: ./results/nacs_run-100_train.txt
2025-10-22 11:01:47.188 DEBUG: Saving info: ./results/nacs_run-100_train.txt
2025-10-22 11:01:47.234 DEBUG: Saving info: ./results/nacs_run-100_train.txt
2025-10-22 11:01:47.279 DEBUG: Saving info: ./results/nacs_run-100_train.txt
2025-10-22 11:01:47.325 DEBUG: Saving info: ./results/nacs_run-100_train.txt
2025-10-22 11:01:47.371 DEBUG: Saving info: ./results/nacs_run-100_train.txt
2025-10-22 11:01:47.416 DEBUG: Saving info: ./results/nacs_run-100_train.txt
2025-10-22 11:01:47.462 DEBUG: Saving info: ./results/nacs_run-100_train.txt
2025-10-22 11:01:47.508 DEBUG: Saving info: ./results/nacs_run-100_train.txt
2025-10-22 11:01:47.554 DEBUG: Saving info: ./results/nacs_run-100_train.txt
2025-10-22 11:01:47.599 DEBUG: Saving info: ./results/nacs_run-100_train.txt
2025-10-22 11:01:47.645 DEBUG: Saving info: ./results/nacs_run-100_train.txt
2025-10-22 11:01:47.691 DEBUG: Saving info: ./results/nacs_run-100_train.txt
2025-10-22 11:01:47.905 DEBUG: Saving info: ./results/nacs_run-100_train.txt
2025-10-22 11:01:47.906 DEBUG: Deleting old checkpoint file: ./checkpoints/nacs_run-100_epoch-0.pt
2025-10-22 11:01:47.906 DEBUG: Saving checkpoint: ./checkpoints/nacs_run-100_epoch-1.pt
2025-10-22 11:01:47.992 DEBUG: Saving info: ./results/nacs_run-100_train.txt
2025-10-22 11:01:48.038 DEBUG: Saving info: ./results/nacs_run-100_train.txt
2025-10-22 11:01:48.083 DEBUG: Saving info: ./results/nacs_run-100_train.txt
2025-10-22 11:01:48.129 DEBUG: Saving info: ./results/nacs_run-100_train.txt
2025-10-22 11:01:48.175 DEBUG: Saving info: ./results/nacs_run-100_train.txt
2025-10-22 11:01:48.220 DEBUG: Saving info: ./results/nacs_run-100_train.txt
2025-10-22 11:01:48.266 DEBUG: Saving info: ./results/nacs_run-100_train.txt
2025-10-22 11:01:48.311 DEBUG: Saving info: ./results/nacs_run-100_train.txt
2025-10-22 11:01:48.357 DEBUG: Saving info: ./results/nacs_run-100_train.txt
2025-10-22 11:01:48.403 DEBUG: Saving info: ./results/nacs_run-100_train.txt
2025-10-22 11:01:48.449 DEBUG: Saving info: ./results/nacs_run-100_train.txt
2025-10-22 11:01:48.495 DEBUG: Saving info: ./results/nacs_run-100_train.txt
2025-10-22 11:35:29.897 INFO: ===========VERIFYING SETTINGS===========
2025-10-22 11:35:29.897 INFO: MACE version: 0.3.6
2025-10-22 11:35:29.898 DEBUG: Configuration: Namespace(config=None, name='nacs', seed=100, work_dir='.', nacs_key='smooth_nacs', log_dir='./logs', model_dir='.', checkpoints_dir='./checkpoints', results_dir='./results', downloads_dir='./downloads', device='cuda', default_dtype='float32', distributed=False, log_level='INFO', n_energies=4, error_table='EnergyNacsDipoleMAE', model='ExcitedMACE', r_max=5.0, num_permutational_invariant=16, radial_type='bessel', num_radial_basis=8, num_cutoff_basis=5, pair_repulsion=False, distance_transform='None', interaction='RealAgnosticResidualInteractionBlock', interaction_first='RealAgnosticResidualInteractionBlock', max_ell=3, correlation=3, num_interactions=2, MLP_irreps='32x0e', radial_MLP='[64, 64, 64]', hidden_irreps='32x0e + 32x1o', num_channels=32, max_L=1, gate='silu', scaling='rms_forces_scaling', avg_num_neighbors=1, compute_avg_num_neighbors=True, compute_stress=False, compute_forces=True, compute_dipoles=True, compute_nacs=True, compute_socs=False, train_file='ENERGIES_FORCES_NACS.xyz', valid_file=None, valid_fraction=0.1, test_file=None, test_dir=None, multi_processed_test=False, num_workers=0, pin_memory=True, atomic_numbers=None, mean=None, std=None, statistics_file=None, E0s='average', keep_isolated_atoms=False, energy_key='REF_energy', forces_key='REF_forces', virials_key='REF_virials', stress_key='REF_stress', dipoles_key='REF_dipoles', charges_key='REF_charges', loss='weighted', forces_weight=0.0, nacs_weight=100.0, socs_weight=0.0, soc_num=None, nac_num=6, swa_forces_weight=100.0, energy_weight=0.0, swa_energy_weight=1000.0, virials_weight=1.0, swa_virials_weight=10.0, stress_weight=1.0, swa_stress_weight=10.0, dipoles_weight=1.0, swa_dipole_weight=1.0, config_type_weights='{"Default":1.0}', huber_delta=0.01, optimizer='adam', beta=0.9, batch_size=10, valid_batch_size=10, lr=0.0001, swa_lr=0.001, weight_decay=5e-07, amsgrad=True, scheduler='ReduceLROnPlateau', lr_factor=0.8, scheduler_patience=50, lr_scheduler_gamma=0.9993, swa=False, start_swa=None, ema=True, ema_decay=0.99, max_num_epochs=100, patience=2048, foundation_model='medium_off', foundation_model_readout=True, eval_interval=1, keep_checkpoints=False, save_all_checkpoints=False, restart_latest=False, save_cpu=False, clip_grad=10.0, wandb=False, wandb_dir=None, wandb_project='', wandb_entity='', wandb_name='', wandb_log_hypers=['num_channels', 'max_L', 'correlation', 'lr', 'swa_lr', 'weight_decay', 'batch_size', 'max_num_epochs', 'start_swa', 'energy_weight', 'forces_weight'])
2025-10-22 11:35:29.927 INFO: CUDA version: 12.4, CUDA device: 0
2025-10-22 11:35:29.945 DEBUG: Popen(['git', 'version'], cwd=/home/rhyan/Exciton_model/X-MACE, stdin=None, shell=False, universal_newlines=False)
2025-10-22 11:35:29.946 DEBUG: Popen(['git', 'version'], cwd=/home/rhyan/Exciton_model/X-MACE, stdin=None, shell=False, universal_newlines=False)
2025-10-22 11:35:29.947 DEBUG: sys.platform='linux', git_executable='git'
2025-10-22 11:35:29.948 DEBUG: Popen(['git', 'cat-file', '--batch-check'], cwd=/home/rhyan/Exciton_model/X-MACE, stdin=<valid stream>, shell=False, universal_newlines=False)
2025-10-22 11:35:29.949 DEBUG: Current Git commit: 0861c52cf365064d060e006c179e4cc1785b61c2
2025-10-22 11:35:29.949 INFO: Using foundation model mace-off-2023 medium as initial checkpoint. ASL license.
2025-10-22 11:41:51.759 INFO: ===========VERIFYING SETTINGS===========
2025-10-22 11:41:51.759 INFO: MACE version: 0.3.6
2025-10-22 11:41:51.759 DEBUG: Configuration: Namespace(config=None, name='nacs', seed=100, work_dir='.', nacs_key='smooth_nacs', log_dir='./logs', model_dir='.', checkpoints_dir='./checkpoints', results_dir='./results', downloads_dir='./downloads', device='cuda', default_dtype='float32', distributed=False, log_level='INFO', n_energies=4, error_table='EnergyNacsDipoleMAE', model='ExcitedMACE', r_max=5.0, num_permutational_invariant=16, radial_type='bessel', num_radial_basis=8, num_cutoff_basis=5, pair_repulsion=False, distance_transform='None', interaction='RealAgnosticResidualInteractionBlock', interaction_first='RealAgnosticResidualInteractionBlock', max_ell=3, correlation=3, num_interactions=2, MLP_irreps='32x0e', radial_MLP='[64, 64, 64]', hidden_irreps='32x0e + 32x1o', num_channels=32, max_L=1, gate='silu', scaling='rms_forces_scaling', avg_num_neighbors=1, compute_avg_num_neighbors=True, compute_stress=False, compute_forces=True, compute_dipoles=True, compute_nacs=True, compute_socs=False, train_file='ENERGIES_FORCES_NACS.xyz', valid_file=None, valid_fraction=0.1, test_file=None, test_dir=None, multi_processed_test=False, num_workers=0, pin_memory=True, atomic_numbers=None, mean=None, std=None, statistics_file=None, E0s='average', keep_isolated_atoms=False, energy_key='REF_energy', forces_key='REF_forces', virials_key='REF_virials', stress_key='REF_stress', dipoles_key='REF_dipoles', charges_key='REF_charges', loss='weighted', forces_weight=0.0, nacs_weight=100.0, socs_weight=0.0, soc_num=None, nac_num=6, swa_forces_weight=100.0, energy_weight=0.0, swa_energy_weight=1000.0, virials_weight=1.0, swa_virials_weight=10.0, stress_weight=1.0, swa_stress_weight=10.0, dipoles_weight=1.0, swa_dipole_weight=1.0, config_type_weights='{"Default":1.0}', huber_delta=0.01, optimizer='adam', beta=0.9, batch_size=10, valid_batch_size=10, lr=0.0001, swa_lr=0.001, weight_decay=5e-07, amsgrad=True, scheduler='ReduceLROnPlateau', lr_factor=0.8, scheduler_patience=50, lr_scheduler_gamma=0.9993, swa=False, start_swa=None, ema=True, ema_decay=0.99, max_num_epochs=100, patience=2048, foundation_model='medium_off', foundation_model_readout=True, eval_interval=1, keep_checkpoints=False, save_all_checkpoints=False, restart_latest=False, save_cpu=False, clip_grad=10.0, wandb=False, wandb_dir=None, wandb_project='', wandb_entity='', wandb_name='', wandb_log_hypers=['num_channels', 'max_L', 'correlation', 'lr', 'swa_lr', 'weight_decay', 'batch_size', 'max_num_epochs', 'start_swa', 'energy_weight', 'forces_weight'])
2025-10-22 11:41:51.787 INFO: CUDA version: 12.4, CUDA device: 0
2025-10-22 11:41:51.805 DEBUG: Popen(['git', 'version'], cwd=/home/rhyan/Exciton_model/X-MACE, stdin=None, shell=False, universal_newlines=False)
2025-10-22 11:41:51.807 DEBUG: Popen(['git', 'version'], cwd=/home/rhyan/Exciton_model/X-MACE, stdin=None, shell=False, universal_newlines=False)
2025-10-22 11:41:51.808 DEBUG: sys.platform='linux', git_executable='git'
2025-10-22 11:41:51.808 DEBUG: Popen(['git', 'cat-file', '--batch-check'], cwd=/home/rhyan/Exciton_model/X-MACE, stdin=<valid stream>, shell=False, universal_newlines=False)
2025-10-22 11:41:51.809 DEBUG: Current Git commit: 0861c52cf365064d060e006c179e4cc1785b61c2
2025-10-22 11:41:51.809 INFO: Using foundation model mace-off-2023 medium as initial checkpoint. ASL license.
2025-10-22 11:42:23.452 INFO: ===========VERIFYING SETTINGS===========
2025-10-22 11:42:23.452 INFO: MACE version: 0.3.6
2025-10-22 11:42:23.452 DEBUG: Configuration: Namespace(config=None, name='nacs', seed=100, work_dir='.', nacs_key='smooth_nacs', log_dir='./logs', model_dir='.', checkpoints_dir='./checkpoints', results_dir='./results', downloads_dir='./downloads', device='cuda', default_dtype='float32', distributed=False, log_level='INFO', n_energies=4, error_table='EnergyNacsDipoleMAE', model='ExcitedMACE', r_max=5.0, num_permutational_invariant=16, radial_type='bessel', num_radial_basis=8, num_cutoff_basis=5, pair_repulsion=False, distance_transform='None', interaction='RealAgnosticResidualInteractionBlock', interaction_first='RealAgnosticResidualInteractionBlock', max_ell=3, correlation=3, num_interactions=2, MLP_irreps='32x0e', radial_MLP='[64, 64, 64]', hidden_irreps='32x0e + 32x1o', num_channels=32, max_L=1, gate='silu', scaling='rms_forces_scaling', avg_num_neighbors=1, compute_avg_num_neighbors=True, compute_stress=False, compute_forces=True, compute_dipoles=True, compute_nacs=True, compute_socs=False, train_file='ENERGIES_FORCES_NACS.xyz', valid_file=None, valid_fraction=0.1, test_file=None, test_dir=None, multi_processed_test=False, num_workers=0, pin_memory=True, atomic_numbers=None, mean=None, std=None, statistics_file=None, E0s='average', keep_isolated_atoms=False, energy_key='REF_energy', forces_key='REF_forces', virials_key='REF_virials', stress_key='REF_stress', dipoles_key='REF_dipoles', charges_key='REF_charges', loss='weighted', forces_weight=0.0, nacs_weight=100.0, socs_weight=0.0, soc_num=None, nac_num=6, swa_forces_weight=100.0, energy_weight=0.0, swa_energy_weight=1000.0, virials_weight=1.0, swa_virials_weight=10.0, stress_weight=1.0, swa_stress_weight=10.0, dipoles_weight=1.0, swa_dipole_weight=1.0, config_type_weights='{"Default":1.0}', huber_delta=0.01, optimizer='adam', beta=0.9, batch_size=10, valid_batch_size=10, lr=0.0001, swa_lr=0.001, weight_decay=5e-07, amsgrad=True, scheduler='ReduceLROnPlateau', lr_factor=0.8, scheduler_patience=50, lr_scheduler_gamma=0.9993, swa=False, start_swa=None, ema=True, ema_decay=0.99, max_num_epochs=100, patience=2048, foundation_model='medium_off', foundation_model_readout=True, eval_interval=1, keep_checkpoints=False, save_all_checkpoints=False, restart_latest=False, save_cpu=False, clip_grad=10.0, wandb=False, wandb_dir=None, wandb_project='', wandb_entity='', wandb_name='', wandb_log_hypers=['num_channels', 'max_L', 'correlation', 'lr', 'swa_lr', 'weight_decay', 'batch_size', 'max_num_epochs', 'start_swa', 'energy_weight', 'forces_weight'])
2025-10-22 11:42:23.479 INFO: CUDA version: 12.4, CUDA device: 0
2025-10-22 11:42:23.497 DEBUG: Popen(['git', 'version'], cwd=/home/rhyan/Exciton_model/X-MACE, stdin=None, shell=False, universal_newlines=False)
2025-10-22 11:42:23.498 DEBUG: Popen(['git', 'version'], cwd=/home/rhyan/Exciton_model/X-MACE, stdin=None, shell=False, universal_newlines=False)
2025-10-22 11:42:23.500 DEBUG: sys.platform='linux', git_executable='git'
2025-10-22 11:42:23.500 DEBUG: Popen(['git', 'cat-file', '--batch-check'], cwd=/home/rhyan/Exciton_model/X-MACE, stdin=<valid stream>, shell=False, universal_newlines=False)
2025-10-22 11:42:23.501 DEBUG: Current Git commit: 0861c52cf365064d060e006c179e4cc1785b61c2
2025-10-22 11:42:23.501 INFO: Using foundation model mace-off-2023 medium as initial checkpoint. ASL license.
2025-10-22 11:42:23.710 INFO: CUDA version: 12.4, CUDA device: 0
2025-10-22 11:43:07.517 INFO: ===========VERIFYING SETTINGS===========
2025-10-22 11:43:07.517 INFO: MACE version: 0.3.6
2025-10-22 11:43:07.517 DEBUG: Configuration: Namespace(config=None, name='nacs', seed=100, work_dir='.', nacs_key='smooth_nacs', log_dir='./logs', model_dir='.', checkpoints_dir='./checkpoints', results_dir='./results', downloads_dir='./downloads', device='cuda', default_dtype='float32', distributed=False, log_level='INFO', n_energies=4, error_table='EnergyNacsDipoleMAE', model='ExcitedMACE', r_max=5.0, num_permutational_invariant=16, radial_type='bessel', num_radial_basis=8, num_cutoff_basis=5, pair_repulsion=False, distance_transform='None', interaction='RealAgnosticResidualInteractionBlock', interaction_first='RealAgnosticResidualInteractionBlock', max_ell=3, correlation=3, num_interactions=2, MLP_irreps='128x0e', radial_MLP='[64, 64, 64]', hidden_irreps='128x0e + 128x1o', num_channels=128, max_L=1, gate='silu', scaling='rms_forces_scaling', avg_num_neighbors=1, compute_avg_num_neighbors=True, compute_stress=False, compute_forces=True, compute_dipoles=True, compute_nacs=True, compute_socs=False, train_file='ENERGIES_FORCES_NACS.xyz', valid_file=None, valid_fraction=0.1, test_file=None, test_dir=None, multi_processed_test=False, num_workers=0, pin_memory=True, atomic_numbers=None, mean=None, std=None, statistics_file=None, E0s='average', keep_isolated_atoms=False, energy_key='REF_energy', forces_key='REF_forces', virials_key='REF_virials', stress_key='REF_stress', dipoles_key='REF_dipoles', charges_key='REF_charges', loss='weighted', forces_weight=0.0, nacs_weight=100.0, socs_weight=0.0, soc_num=None, nac_num=6, swa_forces_weight=100.0, energy_weight=0.0, swa_energy_weight=1000.0, virials_weight=1.0, swa_virials_weight=10.0, stress_weight=1.0, swa_stress_weight=10.0, dipoles_weight=1.0, swa_dipole_weight=1.0, config_type_weights='{"Default":1.0}', huber_delta=0.01, optimizer='adam', beta=0.9, batch_size=10, valid_batch_size=10, lr=0.0001, swa_lr=0.001, weight_decay=5e-07, amsgrad=True, scheduler='ReduceLROnPlateau', lr_factor=0.8, scheduler_patience=50, lr_scheduler_gamma=0.9993, swa=False, start_swa=None, ema=True, ema_decay=0.99, max_num_epochs=100, patience=2048, foundation_model='medium_off', foundation_model_readout=True, eval_interval=1, keep_checkpoints=False, save_all_checkpoints=False, restart_latest=False, save_cpu=False, clip_grad=10.0, wandb=False, wandb_dir=None, wandb_project='', wandb_entity='', wandb_name='', wandb_log_hypers=['num_channels', 'max_L', 'correlation', 'lr', 'swa_lr', 'weight_decay', 'batch_size', 'max_num_epochs', 'start_swa', 'energy_weight', 'forces_weight'])
2025-10-22 11:43:07.544 INFO: CUDA version: 12.4, CUDA device: 0
2025-10-22 11:43:07.562 DEBUG: Popen(['git', 'version'], cwd=/home/rhyan/Exciton_model/X-MACE, stdin=None, shell=False, universal_newlines=False)
2025-10-22 11:43:07.563 DEBUG: Popen(['git', 'version'], cwd=/home/rhyan/Exciton_model/X-MACE, stdin=None, shell=False, universal_newlines=False)
2025-10-22 11:43:07.564 DEBUG: sys.platform='linux', git_executable='git'
2025-10-22 11:43:07.565 DEBUG: Popen(['git', 'cat-file', '--batch-check'], cwd=/home/rhyan/Exciton_model/X-MACE, stdin=<valid stream>, shell=False, universal_newlines=False)
2025-10-22 11:43:07.566 DEBUG: Current Git commit: 0861c52cf365064d060e006c179e4cc1785b61c2
2025-10-22 11:43:07.566 INFO: Using foundation model mace-off-2023 medium as initial checkpoint. ASL license.
2025-10-22 11:43:07.761 INFO: CUDA version: 12.4, CUDA device: 0
2025-10-22 11:43:15.334 INFO: ===========VERIFYING SETTINGS===========
2025-10-22 11:43:15.334 INFO: MACE version: 0.3.6
2025-10-22 11:43:15.334 DEBUG: Configuration: Namespace(config=None, name='nacs', seed=100, work_dir='.', nacs_key='smooth_nacs', log_dir='./logs', model_dir='.', checkpoints_dir='./checkpoints', results_dir='./results', downloads_dir='./downloads', device='cuda', default_dtype='float32', distributed=False, log_level='INFO', n_energies=4, error_table='EnergyNacsDipoleMAE', model='ExcitedMACE', r_max=5.0, num_permutational_invariant=16, radial_type='bessel', num_radial_basis=8, num_cutoff_basis=5, pair_repulsion=False, distance_transform='None', interaction='RealAgnosticResidualInteractionBlock', interaction_first='RealAgnosticResidualInteractionBlock', max_ell=3, correlation=3, num_interactions=2, MLP_irreps='128x0e', radial_MLP='[64, 64, 64]', hidden_irreps='128x0e + 128x1o', num_channels=128, max_L=1, gate='silu', scaling='rms_forces_scaling', avg_num_neighbors=1, compute_avg_num_neighbors=True, compute_stress=False, compute_forces=True, compute_dipoles=True, compute_nacs=True, compute_socs=False, train_file='ENERGIES_FORCES_NACS.xyz', valid_file=None, valid_fraction=0.1, test_file=None, test_dir=None, multi_processed_test=False, num_workers=0, pin_memory=True, atomic_numbers=None, mean=None, std=None, statistics_file=None, E0s='average', keep_isolated_atoms=False, energy_key='REF_energy', forces_key='REF_forces', virials_key='REF_virials', stress_key='REF_stress', dipoles_key='REF_dipoles', charges_key='REF_charges', loss='weighted', forces_weight=0.0, nacs_weight=100.0, socs_weight=0.0, soc_num=None, nac_num=6, swa_forces_weight=100.0, energy_weight=0.0, swa_energy_weight=1000.0, virials_weight=1.0, swa_virials_weight=10.0, stress_weight=1.0, swa_stress_weight=10.0, dipoles_weight=1.0, swa_dipole_weight=1.0, config_type_weights='{"Default":1.0}', huber_delta=0.01, optimizer='adam', beta=0.9, batch_size=10, valid_batch_size=10, lr=0.0001, swa_lr=0.001, weight_decay=5e-07, amsgrad=True, scheduler='ReduceLROnPlateau', lr_factor=0.8, scheduler_patience=50, lr_scheduler_gamma=0.9993, swa=False, start_swa=None, ema=True, ema_decay=0.99, max_num_epochs=100, patience=2048, foundation_model='medium_off', foundation_model_readout=True, eval_interval=1, keep_checkpoints=False, save_all_checkpoints=False, restart_latest=False, save_cpu=False, clip_grad=10.0, wandb=False, wandb_dir=None, wandb_project='', wandb_entity='', wandb_name='', wandb_log_hypers=['num_channels', 'max_L', 'correlation', 'lr', 'swa_lr', 'weight_decay', 'batch_size', 'max_num_epochs', 'start_swa', 'energy_weight', 'forces_weight'])
2025-10-22 11:43:15.362 INFO: CUDA version: 12.4, CUDA device: 0
2025-10-22 11:43:15.380 DEBUG: Popen(['git', 'version'], cwd=/home/rhyan/Exciton_model/X-MACE, stdin=None, shell=False, universal_newlines=False)
2025-10-22 11:43:15.381 DEBUG: Popen(['git', 'version'], cwd=/home/rhyan/Exciton_model/X-MACE, stdin=None, shell=False, universal_newlines=False)
2025-10-22 11:43:15.382 DEBUG: sys.platform='linux', git_executable='git'
2025-10-22 11:43:15.382 DEBUG: Popen(['git', 'cat-file', '--batch-check'], cwd=/home/rhyan/Exciton_model/X-MACE, stdin=<valid stream>, shell=False, universal_newlines=False)
2025-10-22 11:43:15.384 DEBUG: Current Git commit: 0861c52cf365064d060e006c179e4cc1785b61c2
2025-10-22 11:43:15.384 INFO: Using foundation model mace-off-2023 medium as initial checkpoint. ASL license.
2025-10-22 11:43:15.578 INFO: CUDA version: 12.4, CUDA device: 0
2025-10-22 11:43:15.586 INFO: 
2025-10-22 11:43:15.586 INFO: ===========LOADING INPUT DATA===========
2025-10-22 11:43:17.018 INFO: Using random 10% of training set for validation with indices saved in: ./valid_indices_100.txt
2025-10-22 11:43:17.020 INFO: Atomic Numbers used: [1, 6, 7, 8]
2025-10-22 11:43:17.020 INFO: Isolated Atomic Energies (E0s) not in training file, using command line argument
2025-10-22 11:43:17.020 INFO: Computing average Atomic Energies using least squares regression
2025-10-22 11:43:17.027 INFO: Atomic Energies used (z: eV): {1: -967.8427909292559, 6: -1244.3693026233295, 7: -138.2632558470366, 8: -829.5795350822196}
2025-10-22 11:43:17.226 INFO: 
2025-10-22 11:43:17.226 INFO: ===========MODEL DETAILS===========
2025-10-22 11:43:17.324 INFO: Average number of neighbors: 15.7
2025-10-22 11:43:17.324 INFO: During training the following quantities will be reported: energy, forces, dipoles, nacs
2025-10-22 11:43:17.416 INFO: Building model
2025-10-22 11:43:17.416 INFO: Message passing with 128 channels and max_L=1 (128x0e + 128x1o)
2025-10-22 11:43:17.416 INFO: 2 layers, each with correlation order: 3 (body order: 4) and spherical harmonics up to: l=3
2025-10-22 11:43:17.416 INFO: 8 radial and 5 basis functions
2025-10-22 11:43:17.416 INFO: Radial cutoff: 5.0 Å (total receptive field for each atom: 10.0 Å)
2025-10-22 11:43:17.416 INFO: Distance transform for radial basis functions: None
2025-10-22 11:43:18.132 DEBUG: ExcitedMACE(
  (node_embedding): LinearNodeEmbeddingBlock(
    (linear): Linear(4x0e -> 128x0e | 512 weights)
  )
  (radial_embedding): RadialEmbeddingBlock(
    (bessel_fn): BesselBasis(r_max=5.0, num_basis=8, trainable=True)
    (cutoff_fn): PolynomialCutoff(p=5.0, r_max=5.0)
  )
  (spherical_harmonics): SphericalHarmonics()
  (atomic_energies_fn): AtomicEnergiesBlock(energies=[-967.8428, -1244.3693, -138.2633, -829.5795])
  (interactions): ModuleList(
    (0): RealAgnosticInteractionBlock(
      (linear_up): Linear(128x0e -> 128x0e | 16384 weights)
      (conv_tp): TensorProduct(128x0e x 1x0e+1x1o+1x2e+1x3o -> 128x0e+128x1o+128x2e+128x3o | 512 paths | 512 weights)
      (conv_tp_weights): FullyConnectedNet[8, 64, 64, 64, 512]
      (linear): Linear(128x0e+128x1o+128x2e+128x3o -> 128x0e+128x1o+128x2e+128x3o | 65536 weights)
      (skip_tp): FullyConnectedTensorProduct(128x0e+128x1o+128x2e+128x3o x 4x0e -> 128x0e+128x1o+128x2e+128x3o | 262144 paths | 262144 weights)
      (reshape): reshape_irreps()
    )
    (1): RealAgnosticResidualInteractionBlock(
      (linear_up): Linear(128x0e+128x1o -> 128x0e+128x1o | 32768 weights)
      (conv_tp): TensorProduct(128x0e+128x1o x 1x0e+1x1o+1x2e+1x3o -> 256x0e+384x1o+384x2e+256x3o | 1280 paths | 1280 weights)
      (conv_tp_weights): FullyConnectedNet[8, 64, 64, 64, 1280]
      (linear): Linear(256x0e+384x1o+384x2e+256x3o -> 128x0e+128x1o+128x2e+128x3o | 163840 weights)
      (skip_tp): FullyConnectedTensorProduct(128x0e+128x1o x 4x0e -> 128x0e | 65536 paths | 65536 weights)
      (reshape): reshape_irreps()
    )
  )
  (products): ModuleList(
    (0): EquivariantProductBasisBlock(
      (symmetric_contractions): SymmetricContraction(
        (contractions): ModuleList(
          (0): Contraction(
            (contractions_weighting): ModuleList(
              (0-1): 2 x GraphModule()
            )
            (contractions_features): ModuleList(
              (0-1): 2 x GraphModule()
            )
            (weights): ParameterList(
                (0): Parameter containing: [torch.float32 of size 4x4x128 (cuda:0)]
                (1): Parameter containing: [torch.float32 of size 4x1x128 (cuda:0)]
            )
            (graph_opt_main): GraphModule()
          )
          (1): Contraction(
            (contractions_weighting): ModuleList(
              (0-1): 2 x GraphModule()
            )
            (contractions_features): ModuleList(
              (0-1): 2 x GraphModule()
            )
            (weights): ParameterList(
                (0): Parameter containing: [torch.float32 of size 4x6x128 (cuda:0)]
                (1): Parameter containing: [torch.float32 of size 4x1x128 (cuda:0)]
            )
            (graph_opt_main): GraphModule()
          )
        )
      )
      (linear): Linear(128x0e+128x1o -> 128x0e+128x1o | 32768 weights)
    )
    (1): EquivariantProductBasisBlock(
      (symmetric_contractions): SymmetricContraction(
        (contractions): ModuleList(
          (0): Contraction(
            (contractions_weighting): ModuleList(
              (0-1): 2 x GraphModule()
            )
            (contractions_features): ModuleList(
              (0-1): 2 x GraphModule()
            )
            (weights): ParameterList(
                (0): Parameter containing: [torch.float32 of size 4x4x128 (cuda:0)]
                (1): Parameter containing: [torch.float32 of size 4x1x128 (cuda:0)]
            )
            (graph_opt_main): GraphModule()
          )
        )
      )
      (linear): Linear(128x0e -> 128x0e | 16384 weights)
    )
  )
  (readouts): ModuleList(
    (0): LinearReadoutBlock(
      (linear): Linear(128x0e+128x1o -> 4x0e+6x1o | 1280 weights)
    )
    (1): NonLinearReadoutBlock(
      (linear_1): Linear(128x0e -> 128x0e | 16384 weights)
      (non_linearity): Activation [x] (128x0e -> 128x0e)
      (linear_2): Linear(128x0e -> 4x0e+6x1o | 512 weights)
    )
  )
  (socs_readouts): ModuleList(
    (0): None
  )
  (scale_shift): ScaleShiftBlock(scale=1.088502, shift=0.000000)
)
2025-10-22 11:43:18.134 INFO: Total number of parameters: 864520
2025-10-22 11:43:18.141 INFO: 
2025-10-22 11:43:18.141 INFO: ===========OPTIMIZER INFORMATION===========
2025-10-22 11:43:18.141 INFO: Using ADAM as parameter optimizer
2025-10-22 11:43:18.141 INFO: Batch size: 10
2025-10-22 11:43:18.141 INFO: Using Exponential Moving Average with decay: 0.99
2025-10-22 11:43:18.141 INFO: Number of gradient updates: 8550
2025-10-22 11:43:18.141 INFO: Learning rate: 0.0001, weight decay: 5e-07
2025-10-22 11:43:18.141 INFO: WeightedEnergyForcesNacsDipoleLoss(energy_weight=0.000, forces_weight=0.000, dipole_weight=1.000)
2025-10-22 11:43:18.142 INFO: Using gradient clipping with tolerance=10.000
2025-10-22 11:43:18.142 INFO: 
2025-10-22 11:43:18.142 INFO: ===========TRAINING===========
2025-10-22 11:43:18.142 INFO: Started training, reporting errors on validation set
2025-10-22 11:43:18.142 INFO: Loss metrics on validation set
2025-10-22 11:43:20.548 DEBUG: Saving info: ./results/nacs_run-100_train.txt
2025-10-22 11:43:21.030 DEBUG: Saving info: ./results/nacs_run-100_train.txt
2025-10-22 11:43:21.629 DEBUG: Saving info: ./results/nacs_run-100_train.txt
2025-10-22 11:43:31.310 INFO: ===========VERIFYING SETTINGS===========
2025-10-22 11:43:31.311 INFO: MACE version: 0.3.6
2025-10-22 11:43:31.311 DEBUG: Configuration: Namespace(config=None, name='nacs', seed=100, work_dir='.', nacs_key='smooth_nacs', log_dir='./logs', model_dir='.', checkpoints_dir='./checkpoints', results_dir='./results', downloads_dir='./downloads', device='cuda', default_dtype='float32', distributed=False, log_level='INFO', n_energies=4, error_table='EnergyNacsDipoleMAE', model='ExcitedMACE', r_max=5.0, num_permutational_invariant=16, radial_type='bessel', num_radial_basis=8, num_cutoff_basis=5, pair_repulsion=False, distance_transform='None', interaction='RealAgnosticResidualInteractionBlock', interaction_first='RealAgnosticResidualInteractionBlock', max_ell=3, correlation=3, num_interactions=2, MLP_irreps='128x0e', radial_MLP='[64, 64, 64]', hidden_irreps='128x0e + 128x1o', num_channels=128, max_L=1, gate='silu', scaling='rms_forces_scaling', avg_num_neighbors=1, compute_avg_num_neighbors=True, compute_stress=False, compute_forces=True, compute_dipoles=True, compute_nacs=True, compute_socs=False, train_file='ENERGIES_FORCES_NACS.xyz', valid_file=None, valid_fraction=0.1, test_file=None, test_dir=None, multi_processed_test=False, num_workers=0, pin_memory=True, atomic_numbers=None, mean=None, std=None, statistics_file=None, E0s='average', keep_isolated_atoms=False, energy_key='REF_energy', forces_key='REF_forces', virials_key='REF_virials', stress_key='REF_stress', dipoles_key='REF_dipoles', charges_key='REF_charges', loss='weighted', forces_weight=0.0, nacs_weight=100.0, socs_weight=0.0, soc_num=None, nac_num=6, swa_forces_weight=100.0, energy_weight=0.0, swa_energy_weight=1000.0, virials_weight=1.0, swa_virials_weight=10.0, stress_weight=1.0, swa_stress_weight=10.0, dipoles_weight=1.0, swa_dipole_weight=1.0, config_type_weights='{"Default":1.0}', huber_delta=0.01, optimizer='adam', beta=0.9, batch_size=10, valid_batch_size=10, lr=0.0001, swa_lr=0.001, weight_decay=5e-07, amsgrad=True, scheduler='ReduceLROnPlateau', lr_factor=0.8, scheduler_patience=50, lr_scheduler_gamma=0.9993, swa=False, start_swa=None, ema=True, ema_decay=0.99, max_num_epochs=100, patience=2048, foundation_model='medium_off', foundation_model_readout=True, eval_interval=1, keep_checkpoints=False, save_all_checkpoints=False, restart_latest=False, save_cpu=False, clip_grad=10.0, wandb=False, wandb_dir=None, wandb_project='', wandb_entity='', wandb_name='', wandb_log_hypers=['num_channels', 'max_L', 'correlation', 'lr', 'swa_lr', 'weight_decay', 'batch_size', 'max_num_epochs', 'start_swa', 'energy_weight', 'forces_weight'])
2025-10-22 11:43:31.340 INFO: CUDA version: 12.4, CUDA device: 0
2025-10-22 11:43:31.358 DEBUG: Popen(['git', 'version'], cwd=/home/rhyan/Exciton_model/X-MACE, stdin=None, shell=False, universal_newlines=False)
2025-10-22 11:43:31.359 DEBUG: Popen(['git', 'version'], cwd=/home/rhyan/Exciton_model/X-MACE, stdin=None, shell=False, universal_newlines=False)
2025-10-22 11:43:31.360 DEBUG: sys.platform='linux', git_executable='git'
2025-10-22 11:43:31.361 DEBUG: Popen(['git', 'cat-file', '--batch-check'], cwd=/home/rhyan/Exciton_model/X-MACE, stdin=<valid stream>, shell=False, universal_newlines=False)
2025-10-22 11:43:31.362 DEBUG: Current Git commit: 0861c52cf365064d060e006c179e4cc1785b61c2
2025-10-22 11:43:31.362 INFO: Using foundation model mace-off-2023 medium as initial checkpoint. ASL license.
2025-10-22 11:43:31.588 INFO: CUDA version: 12.4, CUDA device: 0
2025-10-22 11:43:31.595 INFO: 
2025-10-22 11:43:31.595 INFO: ===========LOADING INPUT DATA===========
2025-10-22 11:43:33.027 INFO: Using random 10% of training set for validation with indices saved in: ./valid_indices_100.txt
2025-10-22 11:43:33.028 INFO: Atomic Numbers used: [1, 6, 7, 8]
2025-10-22 11:43:33.028 INFO: Isolated Atomic Energies (E0s) not in training file, using command line argument
2025-10-22 11:43:33.029 INFO: Computing average Atomic Energies using least squares regression
2025-10-22 11:43:33.036 INFO: Atomic Energies used (z: eV): {1: -967.8427909292559, 6: -1244.3693026233295, 7: -138.2632558470366, 8: -829.5795350822196}
2025-10-22 11:43:33.236 INFO: 
2025-10-22 11:43:33.236 INFO: ===========MODEL DETAILS===========
2025-10-22 11:43:33.335 INFO: Average number of neighbors: 15.7
2025-10-22 11:43:33.335 INFO: During training the following quantities will be reported: energy, forces, dipoles, nacs
2025-10-22 11:43:33.426 INFO: Building model
2025-10-22 11:43:33.426 INFO: Message passing with 128 channels and max_L=1 (128x0e + 128x1o)
2025-10-22 11:43:33.426 INFO: 2 layers, each with correlation order: 3 (body order: 4) and spherical harmonics up to: l=3
2025-10-22 11:43:33.426 INFO: 8 radial and 5 basis functions
2025-10-22 11:43:33.426 INFO: Radial cutoff: 5.0 Å (total receptive field for each atom: 10.0 Å)
2025-10-22 11:43:33.426 INFO: Distance transform for radial basis functions: None
2025-10-22 11:43:34.144 DEBUG: ExcitedMACE(
  (node_embedding): LinearNodeEmbeddingBlock(
    (linear): Linear(4x0e -> 128x0e | 512 weights)
  )
  (radial_embedding): RadialEmbeddingBlock(
    (bessel_fn): BesselBasis(r_max=5.0, num_basis=8, trainable=True)
    (cutoff_fn): PolynomialCutoff(p=5.0, r_max=5.0)
  )
  (spherical_harmonics): SphericalHarmonics()
  (atomic_energies_fn): AtomicEnergiesBlock(energies=[-967.8428, -1244.3693, -138.2633, -829.5795])
  (interactions): ModuleList(
    (0): RealAgnosticInteractionBlock(
      (linear_up): Linear(128x0e -> 128x0e | 16384 weights)
      (conv_tp): TensorProduct(128x0e x 1x0e+1x1o+1x2e+1x3o -> 128x0e+128x1o+128x2e+128x3o | 512 paths | 512 weights)
      (conv_tp_weights): FullyConnectedNet[8, 64, 64, 64, 512]
      (linear): Linear(128x0e+128x1o+128x2e+128x3o -> 128x0e+128x1o+128x2e+128x3o | 65536 weights)
      (skip_tp): FullyConnectedTensorProduct(128x0e+128x1o+128x2e+128x3o x 4x0e -> 128x0e+128x1o+128x2e+128x3o | 262144 paths | 262144 weights)
      (reshape): reshape_irreps()
    )
    (1): RealAgnosticResidualInteractionBlock(
      (linear_up): Linear(128x0e+128x1o -> 128x0e+128x1o | 32768 weights)
      (conv_tp): TensorProduct(128x0e+128x1o x 1x0e+1x1o+1x2e+1x3o -> 256x0e+384x1o+384x2e+256x3o | 1280 paths | 1280 weights)
      (conv_tp_weights): FullyConnectedNet[8, 64, 64, 64, 1280]
      (linear): Linear(256x0e+384x1o+384x2e+256x3o -> 128x0e+128x1o+128x2e+128x3o | 163840 weights)
      (skip_tp): FullyConnectedTensorProduct(128x0e+128x1o x 4x0e -> 128x0e | 65536 paths | 65536 weights)
      (reshape): reshape_irreps()
    )
  )
  (products): ModuleList(
    (0): EquivariantProductBasisBlock(
      (symmetric_contractions): SymmetricContraction(
        (contractions): ModuleList(
          (0): Contraction(
            (contractions_weighting): ModuleList(
              (0-1): 2 x GraphModule()
            )
            (contractions_features): ModuleList(
              (0-1): 2 x GraphModule()
            )
            (weights): ParameterList(
                (0): Parameter containing: [torch.float32 of size 4x4x128 (cuda:0)]
                (1): Parameter containing: [torch.float32 of size 4x1x128 (cuda:0)]
            )
            (graph_opt_main): GraphModule()
          )
          (1): Contraction(
            (contractions_weighting): ModuleList(
              (0-1): 2 x GraphModule()
            )
            (contractions_features): ModuleList(
              (0-1): 2 x GraphModule()
            )
            (weights): ParameterList(
                (0): Parameter containing: [torch.float32 of size 4x6x128 (cuda:0)]
                (1): Parameter containing: [torch.float32 of size 4x1x128 (cuda:0)]
            )
            (graph_opt_main): GraphModule()
          )
        )
      )
      (linear): Linear(128x0e+128x1o -> 128x0e+128x1o | 32768 weights)
    )
    (1): EquivariantProductBasisBlock(
      (symmetric_contractions): SymmetricContraction(
        (contractions): ModuleList(
          (0): Contraction(
            (contractions_weighting): ModuleList(
              (0-1): 2 x GraphModule()
            )
            (contractions_features): ModuleList(
              (0-1): 2 x GraphModule()
            )
            (weights): ParameterList(
                (0): Parameter containing: [torch.float32 of size 4x4x128 (cuda:0)]
                (1): Parameter containing: [torch.float32 of size 4x1x128 (cuda:0)]
            )
            (graph_opt_main): GraphModule()
          )
        )
      )
      (linear): Linear(128x0e -> 128x0e | 16384 weights)
    )
  )
  (readouts): ModuleList(
    (0): LinearReadoutBlock(
      (linear): Linear(128x0e+128x1o -> 4x0e+6x1o | 1280 weights)
    )
    (1): NonLinearReadoutBlock(
      (linear_1): Linear(128x0e -> 128x0e | 16384 weights)
      (non_linearity): Activation [x] (128x0e -> 128x0e)
      (linear_2): Linear(128x0e -> 4x0e+6x1o | 512 weights)
    )
  )
  (socs_readouts): ModuleList(
    (0): None
  )
  (scale_shift): ScaleShiftBlock(scale=1.088502, shift=0.000000)
)
2025-10-22 11:43:34.146 INFO: Total number of parameters: 864520
2025-10-22 11:43:34.146 INFO: 
2025-10-22 11:43:34.146 INFO: ===========OPTIMIZER INFORMATION===========
2025-10-22 11:43:34.146 INFO: Using ADAM as parameter optimizer
2025-10-22 11:43:34.146 INFO: Batch size: 10
2025-10-22 11:43:34.146 INFO: Using Exponential Moving Average with decay: 0.99
2025-10-22 11:43:34.146 INFO: Number of gradient updates: 8550
2025-10-22 11:43:34.146 INFO: Learning rate: 0.0001, weight decay: 5e-07
2025-10-22 11:43:34.146 INFO: WeightedEnergyForcesNacsDipoleLoss(energy_weight=0.000, forces_weight=0.000, dipole_weight=1.000)
2025-10-22 11:43:34.147 INFO: Using gradient clipping with tolerance=10.000
2025-10-22 11:43:34.147 INFO: 
2025-10-22 11:43:34.147 INFO: ===========TRAINING===========
2025-10-22 11:43:34.147 INFO: Started training, reporting errors on validation set
2025-10-22 11:43:34.147 INFO: Loss metrics on validation set
2025-10-22 11:43:36.555 DEBUG: Saving info: ./results/nacs_run-100_train.txt
2025-10-22 11:43:37.036 DEBUG: Saving info: ./results/nacs_run-100_train.txt
2025-10-22 11:43:37.637 DEBUG: Saving info: ./results/nacs_run-100_train.txt
2025-10-22 11:43:38.288 DEBUG: Saving info: ./results/nacs_run-100_train.txt
2025-10-22 11:43:38.408 DEBUG: Saving info: ./results/nacs_run-100_train.txt
2025-10-22 11:43:38.529 DEBUG: Saving info: ./results/nacs_run-100_train.txt
2025-10-22 11:43:38.650 DEBUG: Saving info: ./results/nacs_run-100_train.txt
2025-10-22 11:43:38.771 DEBUG: Saving info: ./results/nacs_run-100_train.txt
2025-10-22 11:43:38.892 DEBUG: Saving info: ./results/nacs_run-100_train.txt
2025-10-22 11:43:39.013 DEBUG: Saving info: ./results/nacs_run-100_train.txt
2025-10-22 11:43:39.135 DEBUG: Saving info: ./results/nacs_run-100_train.txt
2025-10-22 11:43:57.758 INFO: ===========VERIFYING SETTINGS===========
2025-10-22 11:43:57.758 INFO: MACE version: 0.3.6
2025-10-22 11:43:57.758 DEBUG: Configuration: Namespace(config=None, name='nacs', seed=100, work_dir='.', nacs_key='smooth_nacs', log_dir='./logs', model_dir='.', checkpoints_dir='./checkpoints', results_dir='./results', downloads_dir='./downloads', device='cuda', default_dtype='float32', distributed=False, log_level='INFO', n_energies=4, error_table='EnergyNacsDipoleMAE', model='ExcitedMACE', r_max=5.0, num_permutational_invariant=16, radial_type='bessel', num_radial_basis=8, num_cutoff_basis=5, pair_repulsion=False, distance_transform='None', interaction='RealAgnosticResidualInteractionBlock', interaction_first='RealAgnosticResidualInteractionBlock', max_ell=3, correlation=3, num_interactions=2, MLP_irreps='128x0e', radial_MLP='[64, 64, 64]', hidden_irreps='128x0e + 128x1o', num_channels=128, max_L=1, gate='silu', scaling='rms_forces_scaling', avg_num_neighbors=1, compute_avg_num_neighbors=True, compute_stress=False, compute_forces=True, compute_dipoles=True, compute_nacs=False, compute_socs=True, train_file='ENERGIES_FORCES_NACS.xyz', valid_file=None, valid_fraction=0.1, test_file=None, test_dir=None, multi_processed_test=False, num_workers=0, pin_memory=True, atomic_numbers=None, mean=None, std=None, statistics_file=None, E0s='average', keep_isolated_atoms=False, energy_key='REF_energy', forces_key='REF_forces', virials_key='REF_virials', stress_key='REF_stress', dipoles_key='REF_dipoles', charges_key='REF_charges', loss='weighted', forces_weight=0.0, nacs_weight=100.0, socs_weight=0.0, soc_num=6, nac_num=None, swa_forces_weight=100.0, energy_weight=0.0, swa_energy_weight=1000.0, virials_weight=1.0, swa_virials_weight=10.0, stress_weight=1.0, swa_stress_weight=10.0, dipoles_weight=1.0, swa_dipole_weight=1.0, config_type_weights='{"Default":1.0}', huber_delta=0.01, optimizer='adam', beta=0.9, batch_size=10, valid_batch_size=10, lr=0.0001, swa_lr=0.001, weight_decay=5e-07, amsgrad=True, scheduler='ReduceLROnPlateau', lr_factor=0.8, scheduler_patience=50, lr_scheduler_gamma=0.9993, swa=False, start_swa=None, ema=True, ema_decay=0.99, max_num_epochs=100, patience=2048, foundation_model='medium_off', foundation_model_readout=True, eval_interval=1, keep_checkpoints=False, save_all_checkpoints=False, restart_latest=False, save_cpu=False, clip_grad=10.0, wandb=False, wandb_dir=None, wandb_project='', wandb_entity='', wandb_name='', wandb_log_hypers=['num_channels', 'max_L', 'correlation', 'lr', 'swa_lr', 'weight_decay', 'batch_size', 'max_num_epochs', 'start_swa', 'energy_weight', 'forces_weight'])
2025-10-22 11:43:57.787 INFO: CUDA version: 12.4, CUDA device: 0
2025-10-22 11:43:57.804 DEBUG: Popen(['git', 'version'], cwd=/home/rhyan/Exciton_model/X-MACE, stdin=None, shell=False, universal_newlines=False)
2025-10-22 11:43:57.806 DEBUG: Popen(['git', 'version'], cwd=/home/rhyan/Exciton_model/X-MACE, stdin=None, shell=False, universal_newlines=False)
2025-10-22 11:43:57.807 DEBUG: sys.platform='linux', git_executable='git'
2025-10-22 11:43:57.807 DEBUG: Popen(['git', 'cat-file', '--batch-check'], cwd=/home/rhyan/Exciton_model/X-MACE, stdin=<valid stream>, shell=False, universal_newlines=False)
2025-10-22 11:43:57.808 DEBUG: Current Git commit: 0861c52cf365064d060e006c179e4cc1785b61c2
2025-10-22 11:43:57.808 INFO: Using foundation model mace-off-2023 medium as initial checkpoint. ASL license.
2025-10-22 11:43:58.041 INFO: CUDA version: 12.4, CUDA device: 0
2025-10-22 11:43:58.050 INFO: 
2025-10-22 11:43:58.050 INFO: ===========LOADING INPUT DATA===========
2025-10-22 11:43:59.484 INFO: Using random 10% of training set for validation with indices saved in: ./valid_indices_100.txt
2025-10-22 11:43:59.485 INFO: Atomic Numbers used: [1, 6, 7, 8]
2025-10-22 11:43:59.485 INFO: Isolated Atomic Energies (E0s) not in training file, using command line argument
2025-10-22 11:43:59.486 INFO: Computing average Atomic Energies using least squares regression
2025-10-22 11:43:59.493 INFO: Atomic Energies used (z: eV): {1: -967.8427909292559, 6: -1244.3693026233295, 7: -138.2632558470366, 8: -829.5795350822196}
2025-10-22 11:43:59.692 INFO: 
2025-10-22 11:43:59.692 INFO: ===========MODEL DETAILS===========
2025-10-22 11:43:59.790 INFO: Average number of neighbors: 15.7
2025-10-22 11:43:59.791 INFO: During training the following quantities will be reported: energy, forces, dipoles, nacs
2025-10-22 11:43:59.882 INFO: Building model
2025-10-22 11:43:59.882 INFO: Message passing with 128 channels and max_L=1 (128x0e + 128x1o)
2025-10-22 11:43:59.882 INFO: 2 layers, each with correlation order: 3 (body order: 4) and spherical harmonics up to: l=3
2025-10-22 11:43:59.882 INFO: 8 radial and 5 basis functions
2025-10-22 11:43:59.882 INFO: Radial cutoff: 5.0 Å (total receptive field for each atom: 10.0 Å)
2025-10-22 11:43:59.882 INFO: Distance transform for radial basis functions: None
2025-10-22 11:44:00.677 DEBUG: ExcitedMACE(
  (node_embedding): LinearNodeEmbeddingBlock(
    (linear): Linear(4x0e -> 128x0e | 512 weights)
  )
  (radial_embedding): RadialEmbeddingBlock(
    (bessel_fn): BesselBasis(r_max=5.0, num_basis=8, trainable=True)
    (cutoff_fn): PolynomialCutoff(p=5.0, r_max=5.0)
  )
  (spherical_harmonics): SphericalHarmonics()
  (atomic_energies_fn): AtomicEnergiesBlock(energies=[-967.8428, -1244.3693, -138.2633, -829.5795])
  (interactions): ModuleList(
    (0): RealAgnosticInteractionBlock(
      (linear_up): Linear(128x0e -> 128x0e | 16384 weights)
      (conv_tp): TensorProduct(128x0e x 1x0e+1x1o+1x2e+1x3o -> 128x0e+128x1o+128x2e+128x3o | 512 paths | 512 weights)
      (conv_tp_weights): FullyConnectedNet[8, 64, 64, 64, 512]
      (linear): Linear(128x0e+128x1o+128x2e+128x3o -> 128x0e+128x1o+128x2e+128x3o | 65536 weights)
      (skip_tp): FullyConnectedTensorProduct(128x0e+128x1o+128x2e+128x3o x 4x0e -> 128x0e+128x1o+128x2e+128x3o | 262144 paths | 262144 weights)
      (reshape): reshape_irreps()
    )
    (1): RealAgnosticResidualInteractionBlock(
      (linear_up): Linear(128x0e+128x1o -> 128x0e+128x1o | 32768 weights)
      (conv_tp): TensorProduct(128x0e+128x1o x 1x0e+1x1o+1x2e+1x3o -> 256x0e+384x1o+384x2e+256x3o | 1280 paths | 1280 weights)
      (conv_tp_weights): FullyConnectedNet[8, 64, 64, 64, 1280]
      (linear): Linear(256x0e+384x1o+384x2e+256x3o -> 128x0e+128x1o+128x2e+128x3o | 163840 weights)
      (skip_tp): FullyConnectedTensorProduct(128x0e+128x1o x 4x0e -> 128x0e | 65536 paths | 65536 weights)
      (reshape): reshape_irreps()
    )
  )
  (products): ModuleList(
    (0): EquivariantProductBasisBlock(
      (symmetric_contractions): SymmetricContraction(
        (contractions): ModuleList(
          (0): Contraction(
            (contractions_weighting): ModuleList(
              (0-1): 2 x GraphModule()
            )
            (contractions_features): ModuleList(
              (0-1): 2 x GraphModule()
            )
            (weights): ParameterList(
                (0): Parameter containing: [torch.float32 of size 4x4x128 (cuda:0)]
                (1): Parameter containing: [torch.float32 of size 4x1x128 (cuda:0)]
            )
            (graph_opt_main): GraphModule()
          )
          (1): Contraction(
            (contractions_weighting): ModuleList(
              (0-1): 2 x GraphModule()
            )
            (contractions_features): ModuleList(
              (0-1): 2 x GraphModule()
            )
            (weights): ParameterList(
                (0): Parameter containing: [torch.float32 of size 4x6x128 (cuda:0)]
                (1): Parameter containing: [torch.float32 of size 4x1x128 (cuda:0)]
            )
            (graph_opt_main): GraphModule()
          )
        )
      )
      (linear): Linear(128x0e+128x1o -> 128x0e+128x1o | 32768 weights)
    )
    (1): EquivariantProductBasisBlock(
      (symmetric_contractions): SymmetricContraction(
        (contractions): ModuleList(
          (0): Contraction(
            (contractions_weighting): ModuleList(
              (0-1): 2 x GraphModule()
            )
            (contractions_features): ModuleList(
              (0-1): 2 x GraphModule()
            )
            (weights): ParameterList(
                (0): Parameter containing: [torch.float32 of size 4x4x128 (cuda:0)]
                (1): Parameter containing: [torch.float32 of size 4x1x128 (cuda:0)]
            )
            (graph_opt_main): GraphModule()
          )
        )
      )
      (linear): Linear(128x0e -> 128x0e | 16384 weights)
    )
  )
  (readouts): ModuleList(
    (0): LinearReadoutBlock(
      (linear): Linear(128x0e+128x1o -> 4x0e | 512 weights)
    )
    (1): NonLinearReadoutBlock(
      (linear_1): Linear(128x0e -> 128x0e | 16384 weights)
      (non_linearity): Activation [x] (128x0e -> 128x0e)
      (linear_2): Linear(128x0e -> 4x0e | 512 weights)
    )
  )
  (socs_readouts): ModuleList(
    (0): LinearSocReadoutBlock(
      (linear): Linear(128x0e+128x1o -> 6x0e | 768 weights)
    )
    (1): NonLinearSocReadoutBlock(
      (equivariant_nonlin): Gate (128x0e -> 128x0e)
      (linear_1): Linear(128x0e -> 128x0e | 16384 weights)
      (linear_2): Linear(128x0e -> 6x0e | 768 weights)
    )
  )
  (scale_shift): ScaleShiftBlock(scale=1.088502, shift=0.000000)
)
2025-10-22 11:44:00.678 INFO: Total number of parameters: 881672
2025-10-22 11:44:00.678 INFO: 
2025-10-22 11:44:00.678 INFO: ===========OPTIMIZER INFORMATION===========
2025-10-22 11:44:00.678 INFO: Using ADAM as parameter optimizer
2025-10-22 11:44:00.678 INFO: Batch size: 10
2025-10-22 11:44:00.678 INFO: Using Exponential Moving Average with decay: 0.99
2025-10-22 11:44:00.678 INFO: Number of gradient updates: 8550
2025-10-22 11:44:00.678 INFO: Learning rate: 0.0001, weight decay: 5e-07
2025-10-22 11:44:00.678 INFO: WeightedEnergyForcesNacsDipoleLoss(energy_weight=0.000, forces_weight=0.000, dipole_weight=1.000)
2025-10-22 11:44:00.679 INFO: Using gradient clipping with tolerance=10.000
2025-10-22 11:44:00.679 INFO: 
2025-10-22 11:44:00.679 INFO: ===========TRAINING===========
2025-10-22 11:44:00.679 INFO: Started training, reporting errors on validation set
2025-10-22 11:44:00.679 INFO: Loss metrics on validation set
2025-10-22 11:44:03.728 DEBUG: Saving info: ./results/nacs_run-100_train.txt
2025-10-22 11:44:04.401 DEBUG: Saving info: ./results/nacs_run-100_train.txt
2025-10-22 11:44:05.204 DEBUG: Saving info: ./results/nacs_run-100_train.txt
2025-10-22 11:45:48.276 INFO: ===========VERIFYING SETTINGS===========
2025-10-22 11:45:48.276 INFO: MACE version: 0.3.6
2025-10-22 11:45:48.276 DEBUG: Configuration: Namespace(config=None, name='nacs', seed=100, work_dir='.', nacs_key='smooth_nacs', log_dir='./logs', model_dir='.', checkpoints_dir='./checkpoints', results_dir='./results', downloads_dir='./downloads', device='cuda', default_dtype='float32', distributed=False, log_level='INFO', n_energies=4, error_table='EnergyNacsDipoleMAE', model='ExcitedMACE', r_max=5.0, num_permutational_invariant=16, radial_type='bessel', num_radial_basis=8, num_cutoff_basis=5, pair_repulsion=False, distance_transform='None', interaction='RealAgnosticResidualInteractionBlock', interaction_first='RealAgnosticResidualInteractionBlock', max_ell=3, correlation=3, num_interactions=2, MLP_irreps='128x0e', radial_MLP='[64, 64, 64]', hidden_irreps='128x0e + 128x1o', num_channels=128, max_L=1, gate='silu', scaling='rms_forces_scaling', avg_num_neighbors=1, compute_avg_num_neighbors=True, compute_stress=False, compute_forces=True, compute_dipoles=True, compute_nacs=False, compute_socs=True, train_file='ENERGIES_FORCES_correct.xyz', valid_file=None, valid_fraction=0.1, test_file=None, test_dir=None, multi_processed_test=False, num_workers=0, pin_memory=True, atomic_numbers=None, mean=None, std=None, statistics_file=None, E0s='average', keep_isolated_atoms=False, energy_key='REF_energy', forces_key='REF_forces', virials_key='REF_virials', stress_key='REF_stress', dipoles_key='REF_dipoles', charges_key='REF_charges', loss='weighted', forces_weight=0.0, nacs_weight=100.0, socs_weight=0.0, soc_num=6, nac_num=None, swa_forces_weight=100.0, energy_weight=0.0, swa_energy_weight=1000.0, virials_weight=1.0, swa_virials_weight=10.0, stress_weight=1.0, swa_stress_weight=10.0, dipoles_weight=1.0, swa_dipole_weight=1.0, config_type_weights='{"Default":1.0}', huber_delta=0.01, optimizer='adam', beta=0.9, batch_size=10, valid_batch_size=10, lr=0.0001, swa_lr=0.001, weight_decay=5e-07, amsgrad=True, scheduler='ReduceLROnPlateau', lr_factor=0.8, scheduler_patience=50, lr_scheduler_gamma=0.9993, swa=False, start_swa=None, ema=True, ema_decay=0.99, max_num_epochs=100, patience=2048, foundation_model='medium_off', foundation_model_readout=True, eval_interval=1, keep_checkpoints=False, save_all_checkpoints=False, restart_latest=False, save_cpu=False, clip_grad=10.0, wandb=False, wandb_dir=None, wandb_project='', wandb_entity='', wandb_name='', wandb_log_hypers=['num_channels', 'max_L', 'correlation', 'lr', 'swa_lr', 'weight_decay', 'batch_size', 'max_num_epochs', 'start_swa', 'energy_weight', 'forces_weight'])
2025-10-22 11:45:48.303 INFO: CUDA version: 12.4, CUDA device: 0
2025-10-22 11:45:48.321 DEBUG: Popen(['git', 'version'], cwd=/home/rhyan/Exciton_model/X-MACE, stdin=None, shell=False, universal_newlines=False)
2025-10-22 11:45:48.322 DEBUG: Popen(['git', 'version'], cwd=/home/rhyan/Exciton_model/X-MACE, stdin=None, shell=False, universal_newlines=False)
2025-10-22 11:45:48.324 DEBUG: sys.platform='linux', git_executable='git'
2025-10-22 11:45:48.324 DEBUG: Popen(['git', 'cat-file', '--batch-check'], cwd=/home/rhyan/Exciton_model/X-MACE, stdin=<valid stream>, shell=False, universal_newlines=False)
2025-10-22 11:45:48.325 DEBUG: Current Git commit: 0861c52cf365064d060e006c179e4cc1785b61c2
2025-10-22 11:45:48.325 INFO: Using foundation model mace-off-2023 medium as initial checkpoint. ASL license.
2025-10-22 11:45:48.517 INFO: CUDA version: 12.4, CUDA device: 0
2025-10-22 11:45:48.525 INFO: 
2025-10-22 11:45:48.525 INFO: ===========LOADING INPUT DATA===========
2025-10-22 11:45:49.526 INFO: Using random 10% of training set for validation with indices saved in: ./valid_indices_100.txt
2025-10-22 11:45:49.528 INFO: Atomic Numbers used: [1, 6, 7, 8]
2025-10-22 11:45:49.528 INFO: Isolated Atomic Energies (E0s) not in training file, using command line argument
2025-10-22 11:45:49.528 INFO: Computing average Atomic Energies using least squares regression
2025-10-22 11:45:49.535 INFO: Atomic Energies used (z: eV): {1: -967.8375379496284, 6: -1244.3625487923791, 7: -138.2625054213755, 8: -829.5750325282529}
2025-10-22 11:45:49.716 INFO: 
2025-10-22 11:45:49.716 INFO: ===========MODEL DETAILS===========
2025-10-22 11:45:49.805 INFO: Average number of neighbors: 15.7
2025-10-22 11:45:49.805 INFO: During training the following quantities will be reported: energy, forces, dipoles, nacs
2025-10-22 11:45:49.888 INFO: Building model
2025-10-22 11:45:49.888 INFO: Message passing with 128 channels and max_L=1 (128x0e + 128x1o)
2025-10-22 11:45:49.888 INFO: 2 layers, each with correlation order: 3 (body order: 4) and spherical harmonics up to: l=3
2025-10-22 11:45:49.888 INFO: 8 radial and 5 basis functions
2025-10-22 11:45:49.888 INFO: Radial cutoff: 5.0 Å (total receptive field for each atom: 10.0 Å)
2025-10-22 11:45:49.888 INFO: Distance transform for radial basis functions: None
2025-10-22 11:45:50.679 DEBUG: ExcitedMACE(
  (node_embedding): LinearNodeEmbeddingBlock(
    (linear): Linear(4x0e -> 128x0e | 512 weights)
  )
  (radial_embedding): RadialEmbeddingBlock(
    (bessel_fn): BesselBasis(r_max=5.0, num_basis=8, trainable=True)
    (cutoff_fn): PolynomialCutoff(p=5.0, r_max=5.0)
  )
  (spherical_harmonics): SphericalHarmonics()
  (atomic_energies_fn): AtomicEnergiesBlock(energies=[-967.8375, -1244.3625, -138.2625, -829.5750])
  (interactions): ModuleList(
    (0): RealAgnosticInteractionBlock(
      (linear_up): Linear(128x0e -> 128x0e | 16384 weights)
      (conv_tp): TensorProduct(128x0e x 1x0e+1x1o+1x2e+1x3o -> 128x0e+128x1o+128x2e+128x3o | 512 paths | 512 weights)
      (conv_tp_weights): FullyConnectedNet[8, 64, 64, 64, 512]
      (linear): Linear(128x0e+128x1o+128x2e+128x3o -> 128x0e+128x1o+128x2e+128x3o | 65536 weights)
      (skip_tp): FullyConnectedTensorProduct(128x0e+128x1o+128x2e+128x3o x 4x0e -> 128x0e+128x1o+128x2e+128x3o | 262144 paths | 262144 weights)
      (reshape): reshape_irreps()
    )
    (1): RealAgnosticResidualInteractionBlock(
      (linear_up): Linear(128x0e+128x1o -> 128x0e+128x1o | 32768 weights)
      (conv_tp): TensorProduct(128x0e+128x1o x 1x0e+1x1o+1x2e+1x3o -> 256x0e+384x1o+384x2e+256x3o | 1280 paths | 1280 weights)
      (conv_tp_weights): FullyConnectedNet[8, 64, 64, 64, 1280]
      (linear): Linear(256x0e+384x1o+384x2e+256x3o -> 128x0e+128x1o+128x2e+128x3o | 163840 weights)
      (skip_tp): FullyConnectedTensorProduct(128x0e+128x1o x 4x0e -> 128x0e | 65536 paths | 65536 weights)
      (reshape): reshape_irreps()
    )
  )
  (products): ModuleList(
    (0): EquivariantProductBasisBlock(
      (symmetric_contractions): SymmetricContraction(
        (contractions): ModuleList(
          (0): Contraction(
            (contractions_weighting): ModuleList(
              (0-1): 2 x GraphModule()
            )
            (contractions_features): ModuleList(
              (0-1): 2 x GraphModule()
            )
            (weights): ParameterList(
                (0): Parameter containing: [torch.float32 of size 4x4x128 (cuda:0)]
                (1): Parameter containing: [torch.float32 of size 4x1x128 (cuda:0)]
            )
            (graph_opt_main): GraphModule()
          )
          (1): Contraction(
            (contractions_weighting): ModuleList(
              (0-1): 2 x GraphModule()
            )
            (contractions_features): ModuleList(
              (0-1): 2 x GraphModule()
            )
            (weights): ParameterList(
                (0): Parameter containing: [torch.float32 of size 4x6x128 (cuda:0)]
                (1): Parameter containing: [torch.float32 of size 4x1x128 (cuda:0)]
            )
            (graph_opt_main): GraphModule()
          )
        )
      )
      (linear): Linear(128x0e+128x1o -> 128x0e+128x1o | 32768 weights)
    )
    (1): EquivariantProductBasisBlock(
      (symmetric_contractions): SymmetricContraction(
        (contractions): ModuleList(
          (0): Contraction(
            (contractions_weighting): ModuleList(
              (0-1): 2 x GraphModule()
            )
            (contractions_features): ModuleList(
              (0-1): 2 x GraphModule()
            )
            (weights): ParameterList(
                (0): Parameter containing: [torch.float32 of size 4x4x128 (cuda:0)]
                (1): Parameter containing: [torch.float32 of size 4x1x128 (cuda:0)]
            )
            (graph_opt_main): GraphModule()
          )
        )
      )
      (linear): Linear(128x0e -> 128x0e | 16384 weights)
    )
  )
  (readouts): ModuleList(
    (0): LinearReadoutBlock(
      (linear): Linear(128x0e+128x1o -> 4x0e | 512 weights)
    )
    (1): NonLinearReadoutBlock(
      (linear_1): Linear(128x0e -> 128x0e | 16384 weights)
      (non_linearity): Activation [x] (128x0e -> 128x0e)
      (linear_2): Linear(128x0e -> 4x0e | 512 weights)
    )
  )
  (socs_readouts): ModuleList(
    (0): LinearSocReadoutBlock(
      (linear): Linear(128x0e+128x1o -> 6x0e | 768 weights)
    )
    (1): NonLinearSocReadoutBlock(
      (equivariant_nonlin): Gate (128x0e -> 128x0e)
      (linear_1): Linear(128x0e -> 128x0e | 16384 weights)
      (linear_2): Linear(128x0e -> 6x0e | 768 weights)
    )
  )
  (scale_shift): ScaleShiftBlock(scale=1.088502, shift=0.000000)
)
2025-10-22 11:45:50.680 INFO: Total number of parameters: 881672
2025-10-22 11:45:50.680 INFO: 
2025-10-22 11:45:50.680 INFO: ===========OPTIMIZER INFORMATION===========
2025-10-22 11:45:50.680 INFO: Using ADAM as parameter optimizer
2025-10-22 11:45:50.680 INFO: Batch size: 10
2025-10-22 11:45:50.680 INFO: Using Exponential Moving Average with decay: 0.99
2025-10-22 11:45:50.680 INFO: Number of gradient updates: 7690
2025-10-22 11:45:50.680 INFO: Learning rate: 0.0001, weight decay: 5e-07
2025-10-22 11:45:50.680 INFO: WeightedEnergyForcesNacsDipoleLoss(energy_weight=0.000, forces_weight=0.000, dipole_weight=1.000)
2025-10-22 11:45:50.681 INFO: Using gradient clipping with tolerance=10.000
2025-10-22 11:45:50.681 INFO: 
2025-10-22 11:45:50.681 INFO: ===========TRAINING===========
2025-10-22 11:45:50.681 INFO: Started training, reporting errors on validation set
2025-10-22 11:45:50.681 INFO: Loss metrics on validation set
2025-10-22 11:46:32.572 INFO: ===========VERIFYING SETTINGS===========
2025-10-22 11:46:32.572 INFO: MACE version: 0.3.6
2025-10-22 11:46:32.572 DEBUG: Configuration: Namespace(config=None, name='nacs', seed=100, work_dir='.', nacs_key='smooth_nacs', log_dir='./logs', model_dir='.', checkpoints_dir='./checkpoints', results_dir='./results', downloads_dir='./downloads', device='cuda', default_dtype='float32', distributed=False, log_level='INFO', n_energies=4, error_table='EnergyNacsDipoleMAE', model='ExcitedMACE', r_max=5.0, num_permutational_invariant=16, radial_type='bessel', num_radial_basis=8, num_cutoff_basis=5, pair_repulsion=False, distance_transform='None', interaction='RealAgnosticResidualInteractionBlock', interaction_first='RealAgnosticResidualInteractionBlock', max_ell=3, correlation=3, num_interactions=2, MLP_irreps='128x0e', radial_MLP='[64, 64, 64]', hidden_irreps='128x0e + 128x1o', num_channels=128, max_L=1, gate='silu', scaling='rms_forces_scaling', avg_num_neighbors=1, compute_avg_num_neighbors=True, compute_stress=False, compute_forces=True, compute_dipoles=True, compute_nacs=False, compute_socs=True, train_file='SINGLET_SOC_ALL.xyz', valid_file=None, valid_fraction=0.1, test_file=None, test_dir=None, multi_processed_test=False, num_workers=0, pin_memory=True, atomic_numbers=None, mean=None, std=None, statistics_file=None, E0s='average', keep_isolated_atoms=False, energy_key='REF_energy', forces_key='REF_forces', virials_key='REF_virials', stress_key='REF_stress', dipoles_key='REF_dipoles', charges_key='REF_charges', loss='weighted', forces_weight=0.0, nacs_weight=100.0, socs_weight=0.0, soc_num=6, nac_num=None, swa_forces_weight=100.0, energy_weight=0.0, swa_energy_weight=1000.0, virials_weight=1.0, swa_virials_weight=10.0, stress_weight=1.0, swa_stress_weight=10.0, dipoles_weight=1.0, swa_dipole_weight=1.0, config_type_weights='{"Default":1.0}', huber_delta=0.01, optimizer='adam', beta=0.9, batch_size=10, valid_batch_size=10, lr=0.0001, swa_lr=0.001, weight_decay=5e-07, amsgrad=True, scheduler='ReduceLROnPlateau', lr_factor=0.8, scheduler_patience=50, lr_scheduler_gamma=0.9993, swa=False, start_swa=None, ema=True, ema_decay=0.99, max_num_epochs=100, patience=2048, foundation_model='medium_off', foundation_model_readout=True, eval_interval=1, keep_checkpoints=False, save_all_checkpoints=False, restart_latest=False, save_cpu=False, clip_grad=10.0, wandb=False, wandb_dir=None, wandb_project='', wandb_entity='', wandb_name='', wandb_log_hypers=['num_channels', 'max_L', 'correlation', 'lr', 'swa_lr', 'weight_decay', 'batch_size', 'max_num_epochs', 'start_swa', 'energy_weight', 'forces_weight'])
2025-10-22 11:46:32.599 INFO: CUDA version: 12.4, CUDA device: 0
2025-10-22 11:46:32.617 DEBUG: Popen(['git', 'version'], cwd=/home/rhyan/Exciton_model/X-MACE, stdin=None, shell=False, universal_newlines=False)
2025-10-22 11:46:32.618 DEBUG: Popen(['git', 'version'], cwd=/home/rhyan/Exciton_model/X-MACE, stdin=None, shell=False, universal_newlines=False)
2025-10-22 11:46:32.620 DEBUG: sys.platform='linux', git_executable='git'
2025-10-22 11:46:32.620 DEBUG: Popen(['git', 'cat-file', '--batch-check'], cwd=/home/rhyan/Exciton_model/X-MACE, stdin=<valid stream>, shell=False, universal_newlines=False)
2025-10-22 11:46:32.621 DEBUG: Current Git commit: 0861c52cf365064d060e006c179e4cc1785b61c2
2025-10-22 11:46:32.621 INFO: Using foundation model mace-off-2023 medium as initial checkpoint. ASL license.
2025-10-22 11:46:32.812 INFO: CUDA version: 12.4, CUDA device: 0
2025-10-22 11:46:32.820 INFO: 
2025-10-22 11:46:32.820 INFO: ===========LOADING INPUT DATA===========
2025-10-22 11:46:37.605 INFO: Using random 10% of training set for validation with indices saved in: ./valid_indices_100.txt
2025-10-22 11:46:37.607 INFO: Atomic Numbers used: [1, 6, 7, 8]
2025-10-22 11:46:37.607 INFO: Isolated Atomic Energies (E0s) not in training file, using command line argument
2025-10-22 11:46:37.607 INFO: Computing average Atomic Energies using least squares regression
2025-10-22 11:46:37.614 INFO: Atomic Energies used (z: eV): {1: -967.8427909292559, 6: -1244.3693026233295, 7: -138.2632558470366, 8: -829.5795350822196}
2025-10-22 11:46:37.818 INFO: 
2025-10-22 11:46:37.818 INFO: ===========MODEL DETAILS===========
2025-10-22 11:46:37.917 INFO: Average number of neighbors: 15.7
2025-10-22 11:46:37.918 INFO: During training the following quantities will be reported: energy, forces, dipoles, nacs
2025-10-22 11:46:38.010 INFO: Building model
2025-10-22 11:46:38.010 INFO: Message passing with 128 channels and max_L=1 (128x0e + 128x1o)
2025-10-22 11:46:38.010 INFO: 2 layers, each with correlation order: 3 (body order: 4) and spherical harmonics up to: l=3
2025-10-22 11:46:38.010 INFO: 8 radial and 5 basis functions
2025-10-22 11:46:38.010 INFO: Radial cutoff: 5.0 Å (total receptive field for each atom: 10.0 Å)
2025-10-22 11:46:38.010 INFO: Distance transform for radial basis functions: None
2025-10-22 11:46:38.810 DEBUG: ExcitedMACE(
  (node_embedding): LinearNodeEmbeddingBlock(
    (linear): Linear(4x0e -> 128x0e | 512 weights)
  )
  (radial_embedding): RadialEmbeddingBlock(
    (bessel_fn): BesselBasis(r_max=5.0, num_basis=8, trainable=True)
    (cutoff_fn): PolynomialCutoff(p=5.0, r_max=5.0)
  )
  (spherical_harmonics): SphericalHarmonics()
  (atomic_energies_fn): AtomicEnergiesBlock(energies=[-967.8428, -1244.3693, -138.2633, -829.5795])
  (interactions): ModuleList(
    (0): RealAgnosticInteractionBlock(
      (linear_up): Linear(128x0e -> 128x0e | 16384 weights)
      (conv_tp): TensorProduct(128x0e x 1x0e+1x1o+1x2e+1x3o -> 128x0e+128x1o+128x2e+128x3o | 512 paths | 512 weights)
      (conv_tp_weights): FullyConnectedNet[8, 64, 64, 64, 512]
      (linear): Linear(128x0e+128x1o+128x2e+128x3o -> 128x0e+128x1o+128x2e+128x3o | 65536 weights)
      (skip_tp): FullyConnectedTensorProduct(128x0e+128x1o+128x2e+128x3o x 4x0e -> 128x0e+128x1o+128x2e+128x3o | 262144 paths | 262144 weights)
      (reshape): reshape_irreps()
    )
    (1): RealAgnosticResidualInteractionBlock(
      (linear_up): Linear(128x0e+128x1o -> 128x0e+128x1o | 32768 weights)
      (conv_tp): TensorProduct(128x0e+128x1o x 1x0e+1x1o+1x2e+1x3o -> 256x0e+384x1o+384x2e+256x3o | 1280 paths | 1280 weights)
      (conv_tp_weights): FullyConnectedNet[8, 64, 64, 64, 1280]
      (linear): Linear(256x0e+384x1o+384x2e+256x3o -> 128x0e+128x1o+128x2e+128x3o | 163840 weights)
      (skip_tp): FullyConnectedTensorProduct(128x0e+128x1o x 4x0e -> 128x0e | 65536 paths | 65536 weights)
      (reshape): reshape_irreps()
    )
  )
  (products): ModuleList(
    (0): EquivariantProductBasisBlock(
      (symmetric_contractions): SymmetricContraction(
        (contractions): ModuleList(
          (0): Contraction(
            (contractions_weighting): ModuleList(
              (0-1): 2 x GraphModule()
            )
            (contractions_features): ModuleList(
              (0-1): 2 x GraphModule()
            )
            (weights): ParameterList(
                (0): Parameter containing: [torch.float32 of size 4x4x128 (cuda:0)]
                (1): Parameter containing: [torch.float32 of size 4x1x128 (cuda:0)]
            )
            (graph_opt_main): GraphModule()
          )
          (1): Contraction(
            (contractions_weighting): ModuleList(
              (0-1): 2 x GraphModule()
            )
            (contractions_features): ModuleList(
              (0-1): 2 x GraphModule()
            )
            (weights): ParameterList(
                (0): Parameter containing: [torch.float32 of size 4x6x128 (cuda:0)]
                (1): Parameter containing: [torch.float32 of size 4x1x128 (cuda:0)]
            )
            (graph_opt_main): GraphModule()
          )
        )
      )
      (linear): Linear(128x0e+128x1o -> 128x0e+128x1o | 32768 weights)
    )
    (1): EquivariantProductBasisBlock(
      (symmetric_contractions): SymmetricContraction(
        (contractions): ModuleList(
          (0): Contraction(
            (contractions_weighting): ModuleList(
              (0-1): 2 x GraphModule()
            )
            (contractions_features): ModuleList(
              (0-1): 2 x GraphModule()
            )
            (weights): ParameterList(
                (0): Parameter containing: [torch.float32 of size 4x4x128 (cuda:0)]
                (1): Parameter containing: [torch.float32 of size 4x1x128 (cuda:0)]
            )
            (graph_opt_main): GraphModule()
          )
        )
      )
      (linear): Linear(128x0e -> 128x0e | 16384 weights)
    )
  )
  (readouts): ModuleList(
    (0): LinearReadoutBlock(
      (linear): Linear(128x0e+128x1o -> 4x0e | 512 weights)
    )
    (1): NonLinearReadoutBlock(
      (linear_1): Linear(128x0e -> 128x0e | 16384 weights)
      (non_linearity): Activation [x] (128x0e -> 128x0e)
      (linear_2): Linear(128x0e -> 4x0e | 512 weights)
    )
  )
  (socs_readouts): ModuleList(
    (0): LinearSocReadoutBlock(
      (linear): Linear(128x0e+128x1o -> 6x0e | 768 weights)
    )
    (1): NonLinearSocReadoutBlock(
      (equivariant_nonlin): Gate (128x0e -> 128x0e)
      (linear_1): Linear(128x0e -> 128x0e | 16384 weights)
      (linear_2): Linear(128x0e -> 6x0e | 768 weights)
    )
  )
  (scale_shift): ScaleShiftBlock(scale=1.088502, shift=0.000000)
)
2025-10-22 11:46:38.811 INFO: Total number of parameters: 881672
2025-10-22 11:46:38.811 INFO: 
2025-10-22 11:46:38.811 INFO: ===========OPTIMIZER INFORMATION===========
2025-10-22 11:46:38.811 INFO: Using ADAM as parameter optimizer
2025-10-22 11:46:38.811 INFO: Batch size: 10
2025-10-22 11:46:38.811 INFO: Using Exponential Moving Average with decay: 0.99
2025-10-22 11:46:38.811 INFO: Number of gradient updates: 8550
2025-10-22 11:46:38.811 INFO: Learning rate: 0.0001, weight decay: 5e-07
2025-10-22 11:46:38.811 INFO: WeightedEnergyForcesNacsDipoleLoss(energy_weight=0.000, forces_weight=0.000, dipole_weight=1.000)
2025-10-22 11:46:38.812 INFO: Using gradient clipping with tolerance=10.000
2025-10-22 11:46:38.812 INFO: 
2025-10-22 11:46:38.812 INFO: ===========TRAINING===========
2025-10-22 11:46:38.812 INFO: Started training, reporting errors on validation set
2025-10-22 11:46:38.812 INFO: Loss metrics on validation set
2025-10-22 11:46:41.868 DEBUG: Saving info: ./results/nacs_run-100_train.txt
2025-10-22 11:46:42.546 DEBUG: Saving info: ./results/nacs_run-100_train.txt
2025-10-22 11:46:43.345 DEBUG: Saving info: ./results/nacs_run-100_train.txt
2025-10-22 11:46:44.194 DEBUG: Saving info: ./results/nacs_run-100_train.txt
2025-10-22 11:46:44.533 DEBUG: Saving info: ./results/nacs_run-100_train.txt
2025-10-22 11:46:44.870 DEBUG: Saving info: ./results/nacs_run-100_train.txt
2025-10-22 11:46:45.208 DEBUG: Saving info: ./results/nacs_run-100_train.txt
2025-10-22 11:46:45.547 DEBUG: Saving info: ./results/nacs_run-100_train.txt
2025-10-22 11:46:45.885 DEBUG: Saving info: ./results/nacs_run-100_train.txt
2025-10-22 11:46:46.222 DEBUG: Saving info: ./results/nacs_run-100_train.txt
2025-10-22 11:46:46.562 DEBUG: Saving info: ./results/nacs_run-100_train.txt
2025-10-22 11:46:46.900 DEBUG: Saving info: ./results/nacs_run-100_train.txt
2025-10-22 11:46:47.238 DEBUG: Saving info: ./results/nacs_run-100_train.txt
2025-10-22 11:46:47.577 DEBUG: Saving info: ./results/nacs_run-100_train.txt
2025-10-22 11:46:47.916 DEBUG: Saving info: ./results/nacs_run-100_train.txt
2025-10-22 11:46:48.254 DEBUG: Saving info: ./results/nacs_run-100_train.txt
2025-10-22 11:46:48.591 DEBUG: Saving info: ./results/nacs_run-100_train.txt
2025-10-22 11:46:48.929 DEBUG: Saving info: ./results/nacs_run-100_train.txt
2025-10-22 11:46:49.267 DEBUG: Saving info: ./results/nacs_run-100_train.txt
2025-10-22 11:46:49.604 DEBUG: Saving info: ./results/nacs_run-100_train.txt
2025-10-22 11:46:49.942 DEBUG: Saving info: ./results/nacs_run-100_train.txt
2025-10-22 11:46:50.280 DEBUG: Saving info: ./results/nacs_run-100_train.txt
2025-10-22 11:46:50.618 DEBUG: Saving info: ./results/nacs_run-100_train.txt
2025-10-22 11:46:50.957 DEBUG: Saving info: ./results/nacs_run-100_train.txt
2025-10-22 11:46:51.296 DEBUG: Saving info: ./results/nacs_run-100_train.txt
2025-10-22 11:46:51.635 DEBUG: Saving info: ./results/nacs_run-100_train.txt
2025-10-22 11:46:51.975 DEBUG: Saving info: ./results/nacs_run-100_train.txt
2025-10-22 11:46:52.314 DEBUG: Saving info: ./results/nacs_run-100_train.txt
2025-10-22 11:46:52.652 DEBUG: Saving info: ./results/nacs_run-100_train.txt
2025-10-22 11:46:52.991 DEBUG: Saving info: ./results/nacs_run-100_train.txt
2025-10-22 11:46:53.329 DEBUG: Saving info: ./results/nacs_run-100_train.txt
2025-10-22 11:46:53.668 DEBUG: Saving info: ./results/nacs_run-100_train.txt
2025-10-22 11:46:54.008 DEBUG: Saving info: ./results/nacs_run-100_train.txt
2025-10-22 11:46:54.347 DEBUG: Saving info: ./results/nacs_run-100_train.txt
2025-10-22 11:46:54.685 DEBUG: Saving info: ./results/nacs_run-100_train.txt
2025-10-22 11:46:55.024 DEBUG: Saving info: ./results/nacs_run-100_train.txt
2025-10-22 11:46:55.363 DEBUG: Saving info: ./results/nacs_run-100_train.txt
2025-10-22 11:46:55.702 DEBUG: Saving info: ./results/nacs_run-100_train.txt
2025-10-22 11:46:56.041 DEBUG: Saving info: ./results/nacs_run-100_train.txt
2025-10-22 11:46:56.381 DEBUG: Saving info: ./results/nacs_run-100_train.txt
2025-10-22 11:46:56.721 DEBUG: Saving info: ./results/nacs_run-100_train.txt
2025-10-22 11:46:57.059 DEBUG: Saving info: ./results/nacs_run-100_train.txt
2025-10-22 11:46:57.400 DEBUG: Saving info: ./results/nacs_run-100_train.txt
2025-10-22 11:46:57.739 DEBUG: Saving info: ./results/nacs_run-100_train.txt
2025-10-22 11:46:58.079 DEBUG: Saving info: ./results/nacs_run-100_train.txt
2025-10-22 11:46:58.418 DEBUG: Saving info: ./results/nacs_run-100_train.txt
2025-10-22 11:46:58.757 DEBUG: Saving info: ./results/nacs_run-100_train.txt
2025-10-22 11:46:59.098 DEBUG: Saving info: ./results/nacs_run-100_train.txt
2025-10-22 11:46:59.436 DEBUG: Saving info: ./results/nacs_run-100_train.txt
2025-10-22 11:46:59.776 DEBUG: Saving info: ./results/nacs_run-100_train.txt
2025-10-22 11:47:00.117 DEBUG: Saving info: ./results/nacs_run-100_train.txt
2025-10-22 11:47:00.456 DEBUG: Saving info: ./results/nacs_run-100_train.txt
2025-10-22 11:47:00.795 DEBUG: Saving info: ./results/nacs_run-100_train.txt
2025-10-22 11:47:01.135 DEBUG: Saving info: ./results/nacs_run-100_train.txt
2025-10-22 11:47:01.474 DEBUG: Saving info: ./results/nacs_run-100_train.txt
2025-10-22 11:47:01.814 DEBUG: Saving info: ./results/nacs_run-100_train.txt
2025-10-22 11:47:02.153 DEBUG: Saving info: ./results/nacs_run-100_train.txt
2025-10-22 11:47:02.492 DEBUG: Saving info: ./results/nacs_run-100_train.txt
2025-10-22 11:47:02.832 DEBUG: Saving info: ./results/nacs_run-100_train.txt
2025-10-22 11:47:03.173 DEBUG: Saving info: ./results/nacs_run-100_train.txt
2025-10-22 11:47:03.512 DEBUG: Saving info: ./results/nacs_run-100_train.txt
2025-10-22 11:47:03.853 DEBUG: Saving info: ./results/nacs_run-100_train.txt
2025-10-22 11:47:04.192 DEBUG: Saving info: ./results/nacs_run-100_train.txt
2025-10-22 11:47:04.532 DEBUG: Saving info: ./results/nacs_run-100_train.txt
2025-10-22 11:47:04.873 DEBUG: Saving info: ./results/nacs_run-100_train.txt
2025-10-22 11:47:05.212 DEBUG: Saving info: ./results/nacs_run-100_train.txt
2025-10-22 11:47:05.552 DEBUG: Saving info: ./results/nacs_run-100_train.txt
2025-10-22 11:47:05.892 DEBUG: Saving info: ./results/nacs_run-100_train.txt
2025-10-22 11:47:06.232 DEBUG: Saving info: ./results/nacs_run-100_train.txt
2025-10-22 11:47:06.572 DEBUG: Saving info: ./results/nacs_run-100_train.txt
2025-10-22 11:47:06.913 DEBUG: Saving info: ./results/nacs_run-100_train.txt
2025-10-22 11:48:07.397 INFO: ===========VERIFYING SETTINGS===========
2025-10-22 11:48:07.397 INFO: MACE version: 0.3.6
2025-10-22 11:48:07.397 DEBUG: Configuration: Namespace(config=None, name='nacs', seed=100, work_dir='.', nacs_key='smooth_nacs', log_dir='./logs', model_dir='.', checkpoints_dir='./checkpoints', results_dir='./results', downloads_dir='./downloads', device='cuda', default_dtype='float32', distributed=False, log_level='INFO', n_energies=4, error_table='EnergyNacsDipoleMAE', model='ExcitedMACE', r_max=5.0, num_permutational_invariant=16, radial_type='bessel', num_radial_basis=8, num_cutoff_basis=5, pair_repulsion=False, distance_transform='None', interaction='RealAgnosticResidualInteractionBlock', interaction_first='RealAgnosticResidualInteractionBlock', max_ell=3, correlation=3, num_interactions=2, MLP_irreps='128x0e', radial_MLP='[64, 64, 64]', hidden_irreps='128x0e + 128x1o', num_channels=128, max_L=1, gate='silu', scaling='rms_forces_scaling', avg_num_neighbors=1, compute_avg_num_neighbors=True, compute_stress=False, compute_forces=True, compute_dipoles=True, compute_nacs=False, compute_socs=True, train_file='SINGLET_SOC_ALL.xyz', valid_file=None, valid_fraction=0.1, test_file=None, test_dir=None, multi_processed_test=False, num_workers=0, pin_memory=True, atomic_numbers=None, mean=None, std=None, statistics_file=None, E0s='average', keep_isolated_atoms=False, energy_key='REF_energy', forces_key='REF_forces', virials_key='REF_virials', stress_key='REF_stress', dipoles_key='REF_dipoles', charges_key='REF_charges', loss='weighted', forces_weight=0.0, nacs_weight=100.0, socs_weight=0.0, soc_num=252, nac_num=None, swa_forces_weight=100.0, energy_weight=0.0, swa_energy_weight=1000.0, virials_weight=1.0, swa_virials_weight=10.0, stress_weight=1.0, swa_stress_weight=10.0, dipoles_weight=1.0, swa_dipole_weight=1.0, config_type_weights='{"Default":1.0}', huber_delta=0.01, optimizer='adam', beta=0.9, batch_size=10, valid_batch_size=10, lr=0.0001, swa_lr=0.001, weight_decay=5e-07, amsgrad=True, scheduler='ReduceLROnPlateau', lr_factor=0.8, scheduler_patience=50, lr_scheduler_gamma=0.9993, swa=False, start_swa=None, ema=True, ema_decay=0.99, max_num_epochs=100, patience=2048, foundation_model='medium_off', foundation_model_readout=True, eval_interval=1, keep_checkpoints=False, save_all_checkpoints=False, restart_latest=False, save_cpu=False, clip_grad=10.0, wandb=False, wandb_dir=None, wandb_project='', wandb_entity='', wandb_name='', wandb_log_hypers=['num_channels', 'max_L', 'correlation', 'lr', 'swa_lr', 'weight_decay', 'batch_size', 'max_num_epochs', 'start_swa', 'energy_weight', 'forces_weight'])
2025-10-22 11:48:07.426 INFO: CUDA version: 12.4, CUDA device: 0
2025-10-22 11:48:07.443 DEBUG: Popen(['git', 'version'], cwd=/home/rhyan/Exciton_model/X-MACE, stdin=None, shell=False, universal_newlines=False)
2025-10-22 11:48:07.448 DEBUG: Popen(['git', 'version'], cwd=/home/rhyan/Exciton_model/X-MACE, stdin=None, shell=False, universal_newlines=False)
2025-10-22 11:48:07.449 DEBUG: sys.platform='linux', git_executable='git'
2025-10-22 11:48:07.450 DEBUG: Popen(['git', 'cat-file', '--batch-check'], cwd=/home/rhyan/Exciton_model/X-MACE, stdin=<valid stream>, shell=False, universal_newlines=False)
2025-10-22 11:48:07.451 DEBUG: Current Git commit: 0861c52cf365064d060e006c179e4cc1785b61c2
2025-10-22 11:48:07.451 INFO: Using foundation model mace-off-2023 medium as initial checkpoint. ASL license.
2025-10-22 11:48:07.668 INFO: CUDA version: 12.4, CUDA device: 0
2025-10-22 11:48:07.676 INFO: 
2025-10-22 11:48:07.676 INFO: ===========LOADING INPUT DATA===========
2025-10-22 11:48:12.473 INFO: Using random 10% of training set for validation with indices saved in: ./valid_indices_100.txt
2025-10-22 11:48:12.475 INFO: Atomic Numbers used: [1, 6, 7, 8]
2025-10-22 11:48:12.475 INFO: Isolated Atomic Energies (E0s) not in training file, using command line argument
2025-10-22 11:48:12.475 INFO: Computing average Atomic Energies using least squares regression
2025-10-22 11:48:12.482 INFO: Atomic Energies used (z: eV): {1: -967.8427909292559, 6: -1244.3693026233295, 7: -138.2632558470366, 8: -829.5795350822196}
2025-10-22 11:48:12.685 INFO: 
2025-10-22 11:48:12.685 INFO: ===========MODEL DETAILS===========
2025-10-22 11:48:12.784 INFO: Average number of neighbors: 15.7
2025-10-22 11:48:12.785 INFO: During training the following quantities will be reported: energy, forces, dipoles, nacs
2025-10-22 11:48:12.876 INFO: Building model
2025-10-22 11:48:12.877 INFO: Message passing with 128 channels and max_L=1 (128x0e + 128x1o)
2025-10-22 11:48:12.877 INFO: 2 layers, each with correlation order: 3 (body order: 4) and spherical harmonics up to: l=3
2025-10-22 11:48:12.877 INFO: 8 radial and 5 basis functions
2025-10-22 11:48:12.877 INFO: Radial cutoff: 5.0 Å (total receptive field for each atom: 10.0 Å)
2025-10-22 11:48:12.877 INFO: Distance transform for radial basis functions: None
2025-10-22 11:48:13.676 DEBUG: ExcitedMACE(
  (node_embedding): LinearNodeEmbeddingBlock(
    (linear): Linear(4x0e -> 128x0e | 512 weights)
  )
  (radial_embedding): RadialEmbeddingBlock(
    (bessel_fn): BesselBasis(r_max=5.0, num_basis=8, trainable=True)
    (cutoff_fn): PolynomialCutoff(p=5.0, r_max=5.0)
  )
  (spherical_harmonics): SphericalHarmonics()
  (atomic_energies_fn): AtomicEnergiesBlock(energies=[-967.8428, -1244.3693, -138.2633, -829.5795])
  (interactions): ModuleList(
    (0): RealAgnosticInteractionBlock(
      (linear_up): Linear(128x0e -> 128x0e | 16384 weights)
      (conv_tp): TensorProduct(128x0e x 1x0e+1x1o+1x2e+1x3o -> 128x0e+128x1o+128x2e+128x3o | 512 paths | 512 weights)
      (conv_tp_weights): FullyConnectedNet[8, 64, 64, 64, 512]
      (linear): Linear(128x0e+128x1o+128x2e+128x3o -> 128x0e+128x1o+128x2e+128x3o | 65536 weights)
      (skip_tp): FullyConnectedTensorProduct(128x0e+128x1o+128x2e+128x3o x 4x0e -> 128x0e+128x1o+128x2e+128x3o | 262144 paths | 262144 weights)
      (reshape): reshape_irreps()
    )
    (1): RealAgnosticResidualInteractionBlock(
      (linear_up): Linear(128x0e+128x1o -> 128x0e+128x1o | 32768 weights)
      (conv_tp): TensorProduct(128x0e+128x1o x 1x0e+1x1o+1x2e+1x3o -> 256x0e+384x1o+384x2e+256x3o | 1280 paths | 1280 weights)
      (conv_tp_weights): FullyConnectedNet[8, 64, 64, 64, 1280]
      (linear): Linear(256x0e+384x1o+384x2e+256x3o -> 128x0e+128x1o+128x2e+128x3o | 163840 weights)
      (skip_tp): FullyConnectedTensorProduct(128x0e+128x1o x 4x0e -> 128x0e | 65536 paths | 65536 weights)
      (reshape): reshape_irreps()
    )
  )
  (products): ModuleList(
    (0): EquivariantProductBasisBlock(
      (symmetric_contractions): SymmetricContraction(
        (contractions): ModuleList(
          (0): Contraction(
            (contractions_weighting): ModuleList(
              (0-1): 2 x GraphModule()
            )
            (contractions_features): ModuleList(
              (0-1): 2 x GraphModule()
            )
            (weights): ParameterList(
                (0): Parameter containing: [torch.float32 of size 4x4x128 (cuda:0)]
                (1): Parameter containing: [torch.float32 of size 4x1x128 (cuda:0)]
            )
            (graph_opt_main): GraphModule()
          )
          (1): Contraction(
            (contractions_weighting): ModuleList(
              (0-1): 2 x GraphModule()
            )
            (contractions_features): ModuleList(
              (0-1): 2 x GraphModule()
            )
            (weights): ParameterList(
                (0): Parameter containing: [torch.float32 of size 4x6x128 (cuda:0)]
                (1): Parameter containing: [torch.float32 of size 4x1x128 (cuda:0)]
            )
            (graph_opt_main): GraphModule()
          )
        )
      )
      (linear): Linear(128x0e+128x1o -> 128x0e+128x1o | 32768 weights)
    )
    (1): EquivariantProductBasisBlock(
      (symmetric_contractions): SymmetricContraction(
        (contractions): ModuleList(
          (0): Contraction(
            (contractions_weighting): ModuleList(
              (0-1): 2 x GraphModule()
            )
            (contractions_features): ModuleList(
              (0-1): 2 x GraphModule()
            )
            (weights): ParameterList(
                (0): Parameter containing: [torch.float32 of size 4x4x128 (cuda:0)]
                (1): Parameter containing: [torch.float32 of size 4x1x128 (cuda:0)]
            )
            (graph_opt_main): GraphModule()
          )
        )
      )
      (linear): Linear(128x0e -> 128x0e | 16384 weights)
    )
  )
  (readouts): ModuleList(
    (0): LinearReadoutBlock(
      (linear): Linear(128x0e+128x1o -> 4x0e | 512 weights)
    )
    (1): NonLinearReadoutBlock(
      (linear_1): Linear(128x0e -> 128x0e | 16384 weights)
      (non_linearity): Activation [x] (128x0e -> 128x0e)
      (linear_2): Linear(128x0e -> 4x0e | 512 weights)
    )
  )
  (socs_readouts): ModuleList(
    (0): LinearSocReadoutBlock(
      (linear): Linear(128x0e+128x1o -> 252x0e | 32256 weights)
    )
    (1): NonLinearSocReadoutBlock(
      (equivariant_nonlin): Gate (128x0e -> 128x0e)
      (linear_1): Linear(128x0e -> 128x0e | 16384 weights)
      (linear_2): Linear(128x0e -> 252x0e | 32256 weights)
    )
  )
  (scale_shift): ScaleShiftBlock(scale=1.088502, shift=0.000000)
)
2025-10-22 11:48:13.678 INFO: Total number of parameters: 944648
2025-10-22 11:48:13.678 INFO: 
2025-10-22 11:48:13.678 INFO: ===========OPTIMIZER INFORMATION===========
2025-10-22 11:48:13.678 INFO: Using ADAM as parameter optimizer
2025-10-22 11:48:13.678 INFO: Batch size: 10
2025-10-22 11:48:13.678 INFO: Using Exponential Moving Average with decay: 0.99
2025-10-22 11:48:13.678 INFO: Number of gradient updates: 8550
2025-10-22 11:48:13.678 INFO: Learning rate: 0.0001, weight decay: 5e-07
2025-10-22 11:48:13.678 INFO: WeightedEnergyForcesNacsDipoleLoss(energy_weight=0.000, forces_weight=0.000, dipole_weight=1.000)
2025-10-22 11:48:13.679 INFO: Using gradient clipping with tolerance=10.000
2025-10-22 11:48:13.679 INFO: 
2025-10-22 11:48:13.679 INFO: ===========TRAINING===========
2025-10-22 11:48:13.679 INFO: Started training, reporting errors on validation set
2025-10-22 11:48:13.679 INFO: Loss metrics on validation set
2025-10-22 11:48:16.731 DEBUG: Saving info: ./results/nacs_run-100_train.txt
2025-10-22 11:48:17.406 DEBUG: Saving info: ./results/nacs_run-100_train.txt
2025-10-22 11:48:18.213 DEBUG: Saving info: ./results/nacs_run-100_train.txt
2025-10-22 11:48:19.066 DEBUG: Saving info: ./results/nacs_run-100_train.txt
2025-10-22 11:48:19.405 DEBUG: Saving info: ./results/nacs_run-100_train.txt
2025-10-22 11:48:19.743 DEBUG: Saving info: ./results/nacs_run-100_train.txt
2025-10-22 11:48:20.082 DEBUG: Saving info: ./results/nacs_run-100_train.txt
2025-10-22 11:48:20.421 DEBUG: Saving info: ./results/nacs_run-100_train.txt
2025-10-22 11:48:20.761 DEBUG: Saving info: ./results/nacs_run-100_train.txt
2025-10-22 11:48:21.099 DEBUG: Saving info: ./results/nacs_run-100_train.txt
2025-10-22 11:48:21.440 DEBUG: Saving info: ./results/nacs_run-100_train.txt
2025-10-22 11:48:21.779 DEBUG: Saving info: ./results/nacs_run-100_train.txt
2025-10-22 11:48:22.118 DEBUG: Saving info: ./results/nacs_run-100_train.txt
2025-10-22 11:48:22.457 DEBUG: Saving info: ./results/nacs_run-100_train.txt
2025-10-22 11:48:22.796 DEBUG: Saving info: ./results/nacs_run-100_train.txt
2025-10-22 11:48:23.135 DEBUG: Saving info: ./results/nacs_run-100_train.txt
2025-10-22 11:48:23.473 DEBUG: Saving info: ./results/nacs_run-100_train.txt
2025-10-22 11:48:23.811 DEBUG: Saving info: ./results/nacs_run-100_train.txt
2025-10-22 11:48:24.150 DEBUG: Saving info: ./results/nacs_run-100_train.txt
2025-10-22 11:48:24.489 DEBUG: Saving info: ./results/nacs_run-100_train.txt
2025-10-22 11:48:55.615 INFO: ===========VERIFYING SETTINGS===========
2025-10-22 11:48:55.615 INFO: MACE version: 0.3.6
2025-10-22 11:48:55.616 DEBUG: Configuration: Namespace(config=None, name='nacs', seed=100, work_dir='.', nacs_key='smooth_nacs', log_dir='./logs', model_dir='.', checkpoints_dir='./checkpoints', results_dir='./results', downloads_dir='./downloads', device='cuda', default_dtype='float32', distributed=False, log_level='INFO', n_energies=4, error_table='EnergyNacsDipoleMAE', model='ExcitedMACE', r_max=5.0, num_permutational_invariant=16, radial_type='bessel', num_radial_basis=8, num_cutoff_basis=5, pair_repulsion=False, distance_transform='None', interaction='RealAgnosticResidualInteractionBlock', interaction_first='RealAgnosticResidualInteractionBlock', max_ell=3, correlation=3, num_interactions=2, MLP_irreps='128x0e', radial_MLP='[64, 64, 64]', hidden_irreps='128x0e + 128x1o', num_channels=128, max_L=1, gate='silu', scaling='rms_forces_scaling', avg_num_neighbors=1, compute_avg_num_neighbors=True, compute_stress=False, compute_forces=True, compute_dipoles=True, compute_nacs=False, compute_socs=True, train_file='SINGLET_SOC_ALL.xyz', valid_file=None, valid_fraction=0.1, test_file=None, test_dir=None, multi_processed_test=False, num_workers=0, pin_memory=True, atomic_numbers=None, mean=None, std=None, statistics_file=None, E0s='average', keep_isolated_atoms=False, energy_key='REF_energy', forces_key='REF_forces', virials_key='REF_virials', stress_key='REF_stress', dipoles_key='REF_dipoles', charges_key='REF_charges', loss='weighted', forces_weight=0.0, nacs_weight=100.0, socs_weight=100.0, soc_num=252, nac_num=None, swa_forces_weight=100.0, energy_weight=0.0, swa_energy_weight=1000.0, virials_weight=1.0, swa_virials_weight=10.0, stress_weight=1.0, swa_stress_weight=10.0, dipoles_weight=1.0, swa_dipole_weight=1.0, config_type_weights='{"Default":1.0}', huber_delta=0.01, optimizer='adam', beta=0.9, batch_size=10, valid_batch_size=10, lr=0.0001, swa_lr=0.001, weight_decay=5e-07, amsgrad=True, scheduler='ReduceLROnPlateau', lr_factor=0.8, scheduler_patience=50, lr_scheduler_gamma=0.9993, swa=False, start_swa=None, ema=True, ema_decay=0.99, max_num_epochs=100, patience=2048, foundation_model='medium_off', foundation_model_readout=True, eval_interval=1, keep_checkpoints=False, save_all_checkpoints=False, restart_latest=False, save_cpu=False, clip_grad=10.0, wandb=False, wandb_dir=None, wandb_project='', wandb_entity='', wandb_name='', wandb_log_hypers=['num_channels', 'max_L', 'correlation', 'lr', 'swa_lr', 'weight_decay', 'batch_size', 'max_num_epochs', 'start_swa', 'energy_weight', 'forces_weight'])
2025-10-22 11:48:55.645 INFO: CUDA version: 12.4, CUDA device: 0
2025-10-22 11:48:55.662 DEBUG: Popen(['git', 'version'], cwd=/home/rhyan/Exciton_model/X-MACE, stdin=None, shell=False, universal_newlines=False)
2025-10-22 11:48:55.664 DEBUG: Popen(['git', 'version'], cwd=/home/rhyan/Exciton_model/X-MACE, stdin=None, shell=False, universal_newlines=False)
2025-10-22 11:48:55.665 DEBUG: sys.platform='linux', git_executable='git'
2025-10-22 11:48:55.665 DEBUG: Popen(['git', 'cat-file', '--batch-check'], cwd=/home/rhyan/Exciton_model/X-MACE, stdin=<valid stream>, shell=False, universal_newlines=False)
2025-10-22 11:48:55.667 DEBUG: Current Git commit: 0861c52cf365064d060e006c179e4cc1785b61c2
2025-10-22 11:48:55.667 INFO: Using foundation model mace-off-2023 medium as initial checkpoint. ASL license.
2025-10-22 11:48:55.892 INFO: CUDA version: 12.4, CUDA device: 0
2025-10-22 11:48:55.900 INFO: 
2025-10-22 11:48:55.900 INFO: ===========LOADING INPUT DATA===========
2025-10-22 11:49:00.689 INFO: Using random 10% of training set for validation with indices saved in: ./valid_indices_100.txt
2025-10-22 11:49:00.690 INFO: Atomic Numbers used: [1, 6, 7, 8]
2025-10-22 11:49:00.690 INFO: Isolated Atomic Energies (E0s) not in training file, using command line argument
2025-10-22 11:49:00.690 INFO: Computing average Atomic Energies using least squares regression
2025-10-22 11:49:00.698 INFO: Atomic Energies used (z: eV): {1: -967.8427909292559, 6: -1244.3693026233295, 7: -138.2632558470366, 8: -829.5795350822196}
2025-10-22 11:49:00.902 INFO: 
2025-10-22 11:49:00.902 INFO: ===========MODEL DETAILS===========
2025-10-22 11:49:01.002 INFO: Average number of neighbors: 15.7
2025-10-22 11:49:01.003 INFO: During training the following quantities will be reported: energy, forces, dipoles, nacs
2025-10-22 11:49:01.097 INFO: Building model
2025-10-22 11:49:01.097 INFO: Message passing with 128 channels and max_L=1 (128x0e + 128x1o)
2025-10-22 11:49:01.097 INFO: 2 layers, each with correlation order: 3 (body order: 4) and spherical harmonics up to: l=3
2025-10-22 11:49:01.097 INFO: 8 radial and 5 basis functions
2025-10-22 11:49:01.097 INFO: Radial cutoff: 5.0 Å (total receptive field for each atom: 10.0 Å)
2025-10-22 11:49:01.097 INFO: Distance transform for radial basis functions: None
2025-10-22 11:49:01.897 DEBUG: ExcitedMACE(
  (node_embedding): LinearNodeEmbeddingBlock(
    (linear): Linear(4x0e -> 128x0e | 512 weights)
  )
  (radial_embedding): RadialEmbeddingBlock(
    (bessel_fn): BesselBasis(r_max=5.0, num_basis=8, trainable=True)
    (cutoff_fn): PolynomialCutoff(p=5.0, r_max=5.0)
  )
  (spherical_harmonics): SphericalHarmonics()
  (atomic_energies_fn): AtomicEnergiesBlock(energies=[-967.8428, -1244.3693, -138.2633, -829.5795])
  (interactions): ModuleList(
    (0): RealAgnosticInteractionBlock(
      (linear_up): Linear(128x0e -> 128x0e | 16384 weights)
      (conv_tp): TensorProduct(128x0e x 1x0e+1x1o+1x2e+1x3o -> 128x0e+128x1o+128x2e+128x3o | 512 paths | 512 weights)
      (conv_tp_weights): FullyConnectedNet[8, 64, 64, 64, 512]
      (linear): Linear(128x0e+128x1o+128x2e+128x3o -> 128x0e+128x1o+128x2e+128x3o | 65536 weights)
      (skip_tp): FullyConnectedTensorProduct(128x0e+128x1o+128x2e+128x3o x 4x0e -> 128x0e+128x1o+128x2e+128x3o | 262144 paths | 262144 weights)
      (reshape): reshape_irreps()
    )
    (1): RealAgnosticResidualInteractionBlock(
      (linear_up): Linear(128x0e+128x1o -> 128x0e+128x1o | 32768 weights)
      (conv_tp): TensorProduct(128x0e+128x1o x 1x0e+1x1o+1x2e+1x3o -> 256x0e+384x1o+384x2e+256x3o | 1280 paths | 1280 weights)
      (conv_tp_weights): FullyConnectedNet[8, 64, 64, 64, 1280]
      (linear): Linear(256x0e+384x1o+384x2e+256x3o -> 128x0e+128x1o+128x2e+128x3o | 163840 weights)
      (skip_tp): FullyConnectedTensorProduct(128x0e+128x1o x 4x0e -> 128x0e | 65536 paths | 65536 weights)
      (reshape): reshape_irreps()
    )
  )
  (products): ModuleList(
    (0): EquivariantProductBasisBlock(
      (symmetric_contractions): SymmetricContraction(
        (contractions): ModuleList(
          (0): Contraction(
            (contractions_weighting): ModuleList(
              (0-1): 2 x GraphModule()
            )
            (contractions_features): ModuleList(
              (0-1): 2 x GraphModule()
            )
            (weights): ParameterList(
                (0): Parameter containing: [torch.float32 of size 4x4x128 (cuda:0)]
                (1): Parameter containing: [torch.float32 of size 4x1x128 (cuda:0)]
            )
            (graph_opt_main): GraphModule()
          )
          (1): Contraction(
            (contractions_weighting): ModuleList(
              (0-1): 2 x GraphModule()
            )
            (contractions_features): ModuleList(
              (0-1): 2 x GraphModule()
            )
            (weights): ParameterList(
                (0): Parameter containing: [torch.float32 of size 4x6x128 (cuda:0)]
                (1): Parameter containing: [torch.float32 of size 4x1x128 (cuda:0)]
            )
            (graph_opt_main): GraphModule()
          )
        )
      )
      (linear): Linear(128x0e+128x1o -> 128x0e+128x1o | 32768 weights)
    )
    (1): EquivariantProductBasisBlock(
      (symmetric_contractions): SymmetricContraction(
        (contractions): ModuleList(
          (0): Contraction(
            (contractions_weighting): ModuleList(
              (0-1): 2 x GraphModule()
            )
            (contractions_features): ModuleList(
              (0-1): 2 x GraphModule()
            )
            (weights): ParameterList(
                (0): Parameter containing: [torch.float32 of size 4x4x128 (cuda:0)]
                (1): Parameter containing: [torch.float32 of size 4x1x128 (cuda:0)]
            )
            (graph_opt_main): GraphModule()
          )
        )
      )
      (linear): Linear(128x0e -> 128x0e | 16384 weights)
    )
  )
  (readouts): ModuleList(
    (0): LinearReadoutBlock(
      (linear): Linear(128x0e+128x1o -> 4x0e | 512 weights)
    )
    (1): NonLinearReadoutBlock(
      (linear_1): Linear(128x0e -> 128x0e | 16384 weights)
      (non_linearity): Activation [x] (128x0e -> 128x0e)
      (linear_2): Linear(128x0e -> 4x0e | 512 weights)
    )
  )
  (socs_readouts): ModuleList(
    (0): LinearSocReadoutBlock(
      (linear): Linear(128x0e+128x1o -> 252x0e | 32256 weights)
    )
    (1): NonLinearSocReadoutBlock(
      (equivariant_nonlin): Gate (128x0e -> 128x0e)
      (linear_1): Linear(128x0e -> 128x0e | 16384 weights)
      (linear_2): Linear(128x0e -> 252x0e | 32256 weights)
    )
  )
  (scale_shift): ScaleShiftBlock(scale=1.088502, shift=0.000000)
)
2025-10-22 11:49:01.898 INFO: Total number of parameters: 944648
2025-10-22 11:49:01.898 INFO: 
2025-10-22 11:49:01.899 INFO: ===========OPTIMIZER INFORMATION===========
2025-10-22 11:49:01.899 INFO: Using ADAM as parameter optimizer
2025-10-22 11:49:01.899 INFO: Batch size: 10
2025-10-22 11:49:01.899 INFO: Using Exponential Moving Average with decay: 0.99
2025-10-22 11:49:01.899 INFO: Number of gradient updates: 8550
2025-10-22 11:49:01.899 INFO: Learning rate: 0.0001, weight decay: 5e-07
2025-10-22 11:49:01.899 INFO: WeightedEnergyForcesNacsDipoleLoss(energy_weight=0.000, forces_weight=0.000, dipole_weight=1.000)
2025-10-22 11:49:01.900 INFO: Using gradient clipping with tolerance=10.000
2025-10-22 11:49:01.900 INFO: 
2025-10-22 11:49:01.900 INFO: ===========TRAINING===========
2025-10-22 11:49:01.900 INFO: Started training, reporting errors on validation set
2025-10-22 11:49:01.900 INFO: Loss metrics on validation set
2025-10-22 11:49:16.140 INFO: ===========VERIFYING SETTINGS===========
2025-10-22 11:49:16.141 INFO: MACE version: 0.3.6
2025-10-22 11:49:16.141 DEBUG: Configuration: Namespace(config=None, name='nacs', seed=100, work_dir='.', nacs_key='smooth_nacs', log_dir='./logs', model_dir='.', checkpoints_dir='./checkpoints', results_dir='./results', downloads_dir='./downloads', device='cuda', default_dtype='float32', distributed=False, log_level='INFO', n_energies=4, error_table='EnergyNacsDipoleMAE', model='ExcitedMACE', r_max=5.0, num_permutational_invariant=16, radial_type='bessel', num_radial_basis=8, num_cutoff_basis=5, pair_repulsion=False, distance_transform='None', interaction='RealAgnosticResidualInteractionBlock', interaction_first='RealAgnosticResidualInteractionBlock', max_ell=3, correlation=3, num_interactions=2, MLP_irreps='128x0e', radial_MLP='[64, 64, 64]', hidden_irreps='128x0e + 128x1o', num_channels=128, max_L=1, gate='silu', scaling='rms_forces_scaling', avg_num_neighbors=1, compute_avg_num_neighbors=True, compute_stress=False, compute_forces=True, compute_dipoles=True, compute_nacs=False, compute_socs=True, train_file='SINGLET_SOC_ALL.xyz', valid_file=None, valid_fraction=0.1, test_file=None, test_dir=None, multi_processed_test=False, num_workers=0, pin_memory=True, atomic_numbers=None, mean=None, std=None, statistics_file=None, E0s='average', keep_isolated_atoms=False, energy_key='REF_energy', forces_key='REF_forces', virials_key='REF_virials', stress_key='REF_stress', dipoles_key='REF_dipoles', charges_key='REF_charges', loss='weighted', forces_weight=0.0, nacs_weight=100.0, socs_weight=100.0, soc_num=252, nac_num=None, swa_forces_weight=100.0, energy_weight=0.0, swa_energy_weight=1000.0, virials_weight=1.0, swa_virials_weight=10.0, stress_weight=1.0, swa_stress_weight=10.0, dipoles_weight=1.0, swa_dipole_weight=1.0, config_type_weights='{"Default":1.0}', huber_delta=0.01, optimizer='adam', beta=0.9, batch_size=10, valid_batch_size=10, lr=0.0001, swa_lr=0.001, weight_decay=5e-07, amsgrad=True, scheduler='ReduceLROnPlateau', lr_factor=0.8, scheduler_patience=50, lr_scheduler_gamma=0.9993, swa=False, start_swa=None, ema=True, ema_decay=0.99, max_num_epochs=100, patience=2048, foundation_model='medium_off', foundation_model_readout=True, eval_interval=1, keep_checkpoints=False, save_all_checkpoints=False, restart_latest=False, save_cpu=False, clip_grad=10.0, wandb=False, wandb_dir=None, wandb_project='', wandb_entity='', wandb_name='', wandb_log_hypers=['num_channels', 'max_L', 'correlation', 'lr', 'swa_lr', 'weight_decay', 'batch_size', 'max_num_epochs', 'start_swa', 'energy_weight', 'forces_weight'])
2025-10-22 11:49:16.169 INFO: CUDA version: 12.4, CUDA device: 0
2025-10-22 11:49:16.186 DEBUG: Popen(['git', 'version'], cwd=/home/rhyan/Exciton_model/X-MACE, stdin=None, shell=False, universal_newlines=False)
2025-10-22 11:49:16.188 DEBUG: Popen(['git', 'version'], cwd=/home/rhyan/Exciton_model/X-MACE, stdin=None, shell=False, universal_newlines=False)
2025-10-22 11:49:16.189 DEBUG: sys.platform='linux', git_executable='git'
2025-10-22 11:49:16.189 DEBUG: Popen(['git', 'cat-file', '--batch-check'], cwd=/home/rhyan/Exciton_model/X-MACE, stdin=<valid stream>, shell=False, universal_newlines=False)
2025-10-22 11:49:16.190 DEBUG: Current Git commit: 0861c52cf365064d060e006c179e4cc1785b61c2
2025-10-22 11:49:16.190 INFO: Using foundation model mace-off-2023 medium as initial checkpoint. ASL license.
2025-10-22 11:49:16.381 INFO: CUDA version: 12.4, CUDA device: 0
2025-10-22 11:49:16.389 INFO: 
2025-10-22 11:49:16.389 INFO: ===========LOADING INPUT DATA===========
2025-10-22 11:49:21.187 INFO: Using random 10% of training set for validation with indices saved in: ./valid_indices_100.txt
2025-10-22 11:49:21.189 INFO: Atomic Numbers used: [1, 6, 7, 8]
2025-10-22 11:49:21.189 INFO: Isolated Atomic Energies (E0s) not in training file, using command line argument
2025-10-22 11:49:21.189 INFO: Computing average Atomic Energies using least squares regression
2025-10-22 11:49:21.197 INFO: Atomic Energies used (z: eV): {1: -967.8427909292559, 6: -1244.3693026233295, 7: -138.2632558470366, 8: -829.5795350822196}
2025-10-22 11:49:21.402 INFO: 
2025-10-22 11:49:21.403 INFO: ===========MODEL DETAILS===========
2025-10-22 11:49:21.502 INFO: Average number of neighbors: 15.7
2025-10-22 11:49:21.502 INFO: During training the following quantities will be reported: energy, forces, dipoles, nacs
2025-10-22 11:49:21.595 INFO: Building model
2025-10-22 11:49:21.595 INFO: Message passing with 128 channels and max_L=1 (128x0e + 128x1o)
2025-10-22 11:49:21.595 INFO: 2 layers, each with correlation order: 3 (body order: 4) and spherical harmonics up to: l=3
2025-10-22 11:49:21.595 INFO: 8 radial and 5 basis functions
2025-10-22 11:49:21.595 INFO: Radial cutoff: 5.0 Å (total receptive field for each atom: 10.0 Å)
2025-10-22 11:49:21.595 INFO: Distance transform for radial basis functions: None
2025-10-22 11:49:22.396 DEBUG: ExcitedMACE(
  (node_embedding): LinearNodeEmbeddingBlock(
    (linear): Linear(4x0e -> 128x0e | 512 weights)
  )
  (radial_embedding): RadialEmbeddingBlock(
    (bessel_fn): BesselBasis(r_max=5.0, num_basis=8, trainable=True)
    (cutoff_fn): PolynomialCutoff(p=5.0, r_max=5.0)
  )
  (spherical_harmonics): SphericalHarmonics()
  (atomic_energies_fn): AtomicEnergiesBlock(energies=[-967.8428, -1244.3693, -138.2633, -829.5795])
  (interactions): ModuleList(
    (0): RealAgnosticInteractionBlock(
      (linear_up): Linear(128x0e -> 128x0e | 16384 weights)
      (conv_tp): TensorProduct(128x0e x 1x0e+1x1o+1x2e+1x3o -> 128x0e+128x1o+128x2e+128x3o | 512 paths | 512 weights)
      (conv_tp_weights): FullyConnectedNet[8, 64, 64, 64, 512]
      (linear): Linear(128x0e+128x1o+128x2e+128x3o -> 128x0e+128x1o+128x2e+128x3o | 65536 weights)
      (skip_tp): FullyConnectedTensorProduct(128x0e+128x1o+128x2e+128x3o x 4x0e -> 128x0e+128x1o+128x2e+128x3o | 262144 paths | 262144 weights)
      (reshape): reshape_irreps()
    )
    (1): RealAgnosticResidualInteractionBlock(
      (linear_up): Linear(128x0e+128x1o -> 128x0e+128x1o | 32768 weights)
      (conv_tp): TensorProduct(128x0e+128x1o x 1x0e+1x1o+1x2e+1x3o -> 256x0e+384x1o+384x2e+256x3o | 1280 paths | 1280 weights)
      (conv_tp_weights): FullyConnectedNet[8, 64, 64, 64, 1280]
      (linear): Linear(256x0e+384x1o+384x2e+256x3o -> 128x0e+128x1o+128x2e+128x3o | 163840 weights)
      (skip_tp): FullyConnectedTensorProduct(128x0e+128x1o x 4x0e -> 128x0e | 65536 paths | 65536 weights)
      (reshape): reshape_irreps()
    )
  )
  (products): ModuleList(
    (0): EquivariantProductBasisBlock(
      (symmetric_contractions): SymmetricContraction(
        (contractions): ModuleList(
          (0): Contraction(
            (contractions_weighting): ModuleList(
              (0-1): 2 x GraphModule()
            )
            (contractions_features): ModuleList(
              (0-1): 2 x GraphModule()
            )
            (weights): ParameterList(
                (0): Parameter containing: [torch.float32 of size 4x4x128 (cuda:0)]
                (1): Parameter containing: [torch.float32 of size 4x1x128 (cuda:0)]
            )
            (graph_opt_main): GraphModule()
          )
          (1): Contraction(
            (contractions_weighting): ModuleList(
              (0-1): 2 x GraphModule()
            )
            (contractions_features): ModuleList(
              (0-1): 2 x GraphModule()
            )
            (weights): ParameterList(
                (0): Parameter containing: [torch.float32 of size 4x6x128 (cuda:0)]
                (1): Parameter containing: [torch.float32 of size 4x1x128 (cuda:0)]
            )
            (graph_opt_main): GraphModule()
          )
        )
      )
      (linear): Linear(128x0e+128x1o -> 128x0e+128x1o | 32768 weights)
    )
    (1): EquivariantProductBasisBlock(
      (symmetric_contractions): SymmetricContraction(
        (contractions): ModuleList(
          (0): Contraction(
            (contractions_weighting): ModuleList(
              (0-1): 2 x GraphModule()
            )
            (contractions_features): ModuleList(
              (0-1): 2 x GraphModule()
            )
            (weights): ParameterList(
                (0): Parameter containing: [torch.float32 of size 4x4x128 (cuda:0)]
                (1): Parameter containing: [torch.float32 of size 4x1x128 (cuda:0)]
            )
            (graph_opt_main): GraphModule()
          )
        )
      )
      (linear): Linear(128x0e -> 128x0e | 16384 weights)
    )
  )
  (readouts): ModuleList(
    (0): LinearReadoutBlock(
      (linear): Linear(128x0e+128x1o -> 4x0e | 512 weights)
    )
    (1): NonLinearReadoutBlock(
      (linear_1): Linear(128x0e -> 128x0e | 16384 weights)
      (non_linearity): Activation [x] (128x0e -> 128x0e)
      (linear_2): Linear(128x0e -> 4x0e | 512 weights)
    )
  )
  (socs_readouts): ModuleList(
    (0): LinearSocReadoutBlock(
      (linear): Linear(128x0e+128x1o -> 252x0e | 32256 weights)
    )
    (1): NonLinearSocReadoutBlock(
      (equivariant_nonlin): Gate (128x0e -> 128x0e)
      (linear_1): Linear(128x0e -> 128x0e | 16384 weights)
      (linear_2): Linear(128x0e -> 252x0e | 32256 weights)
    )
  )
  (scale_shift): ScaleShiftBlock(scale=1.088502, shift=0.000000)
)
2025-10-22 11:49:22.397 INFO: Total number of parameters: 944648
2025-10-22 11:49:22.397 INFO: 
2025-10-22 11:49:22.397 INFO: ===========OPTIMIZER INFORMATION===========
2025-10-22 11:49:22.397 INFO: Using ADAM as parameter optimizer
2025-10-22 11:49:22.397 INFO: Batch size: 10
2025-10-22 11:49:22.397 INFO: Using Exponential Moving Average with decay: 0.99
2025-10-22 11:49:22.397 INFO: Number of gradient updates: 8550
2025-10-22 11:49:22.397 INFO: Learning rate: 0.0001, weight decay: 5e-07
2025-10-22 11:49:22.397 INFO: WeightedEnergyForcesNacsDipoleLoss(energy_weight=0.000, forces_weight=0.000, dipole_weight=1.000)
2025-10-22 11:49:22.398 INFO: Using gradient clipping with tolerance=10.000
2025-10-22 11:49:22.398 INFO: 
2025-10-22 11:49:22.398 INFO: ===========TRAINING===========
2025-10-22 11:49:22.398 INFO: Started training, reporting errors on validation set
2025-10-22 11:49:22.398 INFO: Loss metrics on validation set
2025-10-22 11:49:25.463 DEBUG: Saving info: ./results/nacs_run-100_train.txt
2025-10-22 11:49:26.138 DEBUG: Saving info: ./results/nacs_run-100_train.txt
2025-10-22 11:49:26.943 DEBUG: Saving info: ./results/nacs_run-100_train.txt
2025-10-22 11:49:27.795 DEBUG: Saving info: ./results/nacs_run-100_train.txt
2025-10-22 11:49:28.132 DEBUG: Saving info: ./results/nacs_run-100_train.txt
2025-10-22 11:49:28.470 DEBUG: Saving info: ./results/nacs_run-100_train.txt
2025-10-22 11:49:28.810 DEBUG: Saving info: ./results/nacs_run-100_train.txt
2025-10-22 11:49:29.150 DEBUG: Saving info: ./results/nacs_run-100_train.txt
2025-10-22 11:49:29.490 DEBUG: Saving info: ./results/nacs_run-100_train.txt
2025-10-22 11:49:29.828 DEBUG: Saving info: ./results/nacs_run-100_train.txt
2025-10-22 11:49:30.170 DEBUG: Saving info: ./results/nacs_run-100_train.txt
2025-10-22 11:49:30.510 DEBUG: Saving info: ./results/nacs_run-100_train.txt
2025-10-22 11:49:30.849 DEBUG: Saving info: ./results/nacs_run-100_train.txt
2025-10-22 11:49:31.188 DEBUG: Saving info: ./results/nacs_run-100_train.txt
2025-10-22 11:49:31.527 DEBUG: Saving info: ./results/nacs_run-100_train.txt
2025-10-22 11:49:31.867 DEBUG: Saving info: ./results/nacs_run-100_train.txt
2025-10-22 11:49:32.206 DEBUG: Saving info: ./results/nacs_run-100_train.txt
2025-10-22 11:49:32.546 DEBUG: Saving info: ./results/nacs_run-100_train.txt
2025-10-22 11:49:32.886 DEBUG: Saving info: ./results/nacs_run-100_train.txt
2025-10-22 11:49:33.226 DEBUG: Saving info: ./results/nacs_run-100_train.txt
2025-10-22 11:49:33.566 DEBUG: Saving info: ./results/nacs_run-100_train.txt
2025-10-22 12:25:27.308 INFO: ===========VERIFYING SETTINGS===========
2025-10-22 12:25:27.308 INFO: MACE version: 0.3.6
2025-10-22 12:25:27.308 DEBUG: Configuration: Namespace(config=None, name='nacs', seed=100, work_dir='.', nacs_key='smooth_nacs', log_dir='./logs', model_dir='.', checkpoints_dir='./checkpoints', results_dir='./results', downloads_dir='./downloads', device='cuda', default_dtype='float32', distributed=False, log_level='INFO', n_energies=4, error_table='EnergyNacsDipoleMAE', model='ExcitedMACE', r_max=5.0, num_permutational_invariant=16, radial_type='bessel', num_radial_basis=8, num_cutoff_basis=5, pair_repulsion=False, distance_transform='None', interaction='RealAgnosticResidualInteractionBlock', interaction_first='RealAgnosticResidualInteractionBlock', max_ell=3, correlation=3, num_interactions=2, MLP_irreps='32x0e', radial_MLP='[64, 64, 64]', hidden_irreps='32x0e + 32x1o', num_channels=32, max_L=1, gate='silu', scaling='rms_forces_scaling', avg_num_neighbors=1, compute_avg_num_neighbors=True, compute_stress=False, compute_forces=True, compute_dipoles=True, compute_nacs=True, compute_socs=False, train_file='SINGLET_SOC_ALL.xyz', valid_file=None, valid_fraction=0.1, test_file=None, test_dir=None, multi_processed_test=False, num_workers=0, pin_memory=True, atomic_numbers=None, mean=None, std=None, statistics_file=None, E0s='average', keep_isolated_atoms=False, energy_key='REF_energy', forces_key='REF_forces', virials_key='REF_virials', stress_key='REF_stress', dipoles_key='REF_dipoles', charges_key='REF_charges', loss='weighted', forces_weight=0.0, nacs_weight=100.0, socs_weight=100.0, soc_num=None, nac_num=6, swa_forces_weight=100.0, energy_weight=100.0, swa_energy_weight=1000.0, virials_weight=1.0, swa_virials_weight=10.0, stress_weight=1.0, swa_stress_weight=10.0, dipoles_weight=1.0, swa_dipole_weight=1.0, config_type_weights='{"Default":1.0}', huber_delta=0.01, optimizer='adam', beta=0.9, batch_size=10, valid_batch_size=10, lr=0.0001, swa_lr=0.001, weight_decay=5e-07, amsgrad=True, scheduler='ReduceLROnPlateau', lr_factor=0.8, scheduler_patience=50, lr_scheduler_gamma=0.9993, swa=False, start_swa=None, ema=True, ema_decay=0.99, max_num_epochs=1, patience=2048, foundation_model=None, foundation_model_readout=True, eval_interval=1, keep_checkpoints=False, save_all_checkpoints=False, restart_latest=False, save_cpu=False, clip_grad=10.0, wandb=False, wandb_dir=None, wandb_project='', wandb_entity='', wandb_name='', wandb_log_hypers=['num_channels', 'max_L', 'correlation', 'lr', 'swa_lr', 'weight_decay', 'batch_size', 'max_num_epochs', 'start_swa', 'energy_weight', 'forces_weight'])
2025-10-22 12:25:27.335 INFO: CUDA version: 12.4, CUDA device: 0
2025-10-22 12:25:27.353 DEBUG: Popen(['git', 'version'], cwd=/home/rhyan/Exciton_model/X-MACE, stdin=None, shell=False, universal_newlines=False)
2025-10-22 12:25:27.354 DEBUG: Popen(['git', 'version'], cwd=/home/rhyan/Exciton_model/X-MACE, stdin=None, shell=False, universal_newlines=False)
2025-10-22 12:25:27.356 DEBUG: sys.platform='linux', git_executable='git'
2025-10-22 12:25:27.356 DEBUG: Popen(['git', 'cat-file', '--batch-check'], cwd=/home/rhyan/Exciton_model/X-MACE, stdin=<valid stream>, shell=False, universal_newlines=False)
2025-10-22 12:25:27.357 DEBUG: Current Git commit: c8c2669a37c36e6342b34860e4a7a0a201afa6e5
2025-10-22 12:25:27.357 INFO: 
2025-10-22 12:25:27.357 INFO: ===========LOADING INPUT DATA===========
2025-10-22 12:25:32.146 INFO: Using random 10% of training set for validation with indices saved in: ./valid_indices_100.txt
2025-10-22 12:25:32.148 INFO: Atomic Numbers used: [1, 6, 7, 8]
2025-10-22 12:25:32.148 INFO: Isolated Atomic Energies (E0s) not in training file, using command line argument
2025-10-22 12:25:32.148 INFO: Computing average Atomic Energies using least squares regression
2025-10-22 12:25:32.155 INFO: Atomic Energies used (z: eV): {1: -967.8427909292559, 6: -1244.3693026233295, 7: -138.2632558470366, 8: -829.5795350822196}
2025-10-22 12:25:32.360 INFO: 
2025-10-22 12:25:32.360 INFO: ===========MODEL DETAILS===========
2025-10-22 12:25:32.578 INFO: Average number of neighbors: 15.7
2025-10-22 12:25:32.578 INFO: During training the following quantities will be reported: energy, forces, dipoles, nacs
2025-10-22 12:25:32.671 INFO: Building model
2025-10-22 12:25:32.671 INFO: Message passing with 32 channels and max_L=1 (32x0e + 32x1o)
2025-10-22 12:25:32.671 INFO: 2 layers, each with correlation order: 3 (body order: 4) and spherical harmonics up to: l=3
2025-10-22 12:25:32.671 INFO: 8 radial and 5 basis functions
2025-10-22 12:25:32.671 INFO: Radial cutoff: 5.0 Å (total receptive field for each atom: 10.0 Å)
2025-10-22 12:25:32.671 INFO: Distance transform for radial basis functions: None
2025-10-22 12:25:33.360 DEBUG: ExcitedMACE(
  (node_embedding): LinearNodeEmbeddingBlock(
    (linear): Linear(4x0e -> 32x0e | 128 weights)
  )
  (radial_embedding): RadialEmbeddingBlock(
    (bessel_fn): BesselBasis(r_max=5.0, num_basis=8, trainable=False)
    (cutoff_fn): PolynomialCutoff(p=5.0, r_max=5.0)
  )
  (spherical_harmonics): SphericalHarmonics()
  (atomic_energies_fn): AtomicEnergiesBlock(energies=[-967.8428, -1244.3693, -138.2633, -829.5795])
  (interactions): ModuleList(
    (0): RealAgnosticInteractionBlock(
      (linear_up): Linear(32x0e -> 32x0e | 1024 weights)
      (conv_tp): TensorProduct(32x0e x 1x0e+1x1o+1x2e+1x3o -> 32x0e+32x1o+32x2e+32x3o | 128 paths | 128 weights)
      (conv_tp_weights): FullyConnectedNet[8, 64, 64, 64, 128]
      (linear): Linear(32x0e+32x1o+32x2e+32x3o -> 32x0e+32x1o+32x2e+32x3o | 4096 weights)
      (skip_tp): FullyConnectedTensorProduct(32x0e+32x1o+32x2e+32x3o x 4x0e -> 32x0e+32x1o+32x2e+32x3o | 16384 paths | 16384 weights)
      (reshape): reshape_irreps()
    )
    (1): RealAgnosticResidualInteractionBlock(
      (linear_up): Linear(32x0e+32x1o -> 32x0e+32x1o | 2048 weights)
      (conv_tp): TensorProduct(32x0e+32x1o x 1x0e+1x1o+1x2e+1x3o -> 64x0e+96x1o+96x2e+64x3o | 320 paths | 320 weights)
      (conv_tp_weights): FullyConnectedNet[8, 64, 64, 64, 320]
      (linear): Linear(64x0e+96x1o+96x2e+64x3o -> 32x0e+32x1o+32x2e+32x3o | 10240 weights)
      (skip_tp): FullyConnectedTensorProduct(32x0e+32x1o x 4x0e -> 32x0e | 4096 paths | 4096 weights)
      (reshape): reshape_irreps()
    )
  )
  (products): ModuleList(
    (0): EquivariantProductBasisBlock(
      (symmetric_contractions): SymmetricContraction(
        (contractions): ModuleList(
          (0): Contraction(
            (contractions_weighting): ModuleList(
              (0-1): 2 x GraphModule()
            )
            (contractions_features): ModuleList(
              (0-1): 2 x GraphModule()
            )
            (weights): ParameterList(
                (0): Parameter containing: [torch.float32 of size 4x4x32 (cuda:0)]
                (1): Parameter containing: [torch.float32 of size 4x1x32 (cuda:0)]
            )
            (graph_opt_main): GraphModule()
          )
          (1): Contraction(
            (contractions_weighting): ModuleList(
              (0-1): 2 x GraphModule()
            )
            (contractions_features): ModuleList(
              (0-1): 2 x GraphModule()
            )
            (weights): ParameterList(
                (0): Parameter containing: [torch.float32 of size 4x6x32 (cuda:0)]
                (1): Parameter containing: [torch.float32 of size 4x1x32 (cuda:0)]
            )
            (graph_opt_main): GraphModule()
          )
        )
      )
      (linear): Linear(32x0e+32x1o -> 32x0e+32x1o | 2048 weights)
    )
    (1): EquivariantProductBasisBlock(
      (symmetric_contractions): SymmetricContraction(
        (contractions): ModuleList(
          (0): Contraction(
            (contractions_weighting): ModuleList(
              (0-1): 2 x GraphModule()
            )
            (contractions_features): ModuleList(
              (0-1): 2 x GraphModule()
            )
            (weights): ParameterList(
                (0): Parameter containing: [torch.float32 of size 4x4x32 (cuda:0)]
                (1): Parameter containing: [torch.float32 of size 4x1x32 (cuda:0)]
            )
            (graph_opt_main): GraphModule()
          )
        )
      )
      (linear): Linear(32x0e -> 32x0e | 1024 weights)
    )
  )
  (readouts): ModuleList(
    (0): LinearReadoutBlock(
      (linear): Linear(32x0e+32x1o -> 4x0e+6x1o | 320 weights)
    )
    (1): NonLinearReadoutBlock(
      (linear_1): Linear(32x0e -> 32x0e | 1024 weights)
      (non_linearity): Activation [x] (32x0e -> 32x0e)
      (linear_2): Linear(32x0e -> 4x0e+6x1o | 128 weights)
    )
  )
  (socs_readouts): ModuleList(
    (0): None
  )
)
2025-10-22 12:25:33.361 INFO: Total number of parameters: 103232
2025-10-22 12:25:33.361 INFO: 
2025-10-22 12:25:33.361 INFO: ===========OPTIMIZER INFORMATION===========
2025-10-22 12:25:33.361 INFO: Using ADAM as parameter optimizer
2025-10-22 12:25:33.361 INFO: Batch size: 10
2025-10-22 12:25:33.361 INFO: Using Exponential Moving Average with decay: 0.99
2025-10-22 12:25:33.361 INFO: Number of gradient updates: 85
2025-10-22 12:25:33.361 INFO: Learning rate: 0.0001, weight decay: 5e-07
2025-10-22 12:25:33.361 INFO: WeightedEnergyForcesNacsDipoleLoss(energy_weight=100.000, forces_weight=0.000, dipole_weight=1.000)
2025-10-22 12:25:33.362 INFO: Using gradient clipping with tolerance=10.000
2025-10-22 12:25:33.362 INFO: 
2025-10-22 12:25:33.362 INFO: ===========TRAINING===========
2025-10-22 12:25:33.362 INFO: Started training, reporting errors on validation set
2025-10-22 12:25:33.362 INFO: Loss metrics on validation set
2025-10-22 12:25:35.621 DEBUG: Saving info: ./results/nacs_run-100_train.txt
2025-10-22 12:25:36.045 DEBUG: Saving info: ./results/nacs_run-100_train.txt
2025-10-22 12:25:36.611 DEBUG: Saving info: ./results/nacs_run-100_train.txt
2025-10-22 12:25:37.230 DEBUG: Saving info: ./results/nacs_run-100_train.txt
2025-10-22 12:25:37.282 DEBUG: Saving info: ./results/nacs_run-100_train.txt
2025-10-22 12:25:37.334 DEBUG: Saving info: ./results/nacs_run-100_train.txt
2025-10-22 12:25:37.385 DEBUG: Saving info: ./results/nacs_run-100_train.txt
2025-10-22 12:25:37.436 DEBUG: Saving info: ./results/nacs_run-100_train.txt
2025-10-22 12:25:37.487 DEBUG: Saving info: ./results/nacs_run-100_train.txt
2025-10-22 12:25:37.537 DEBUG: Saving info: ./results/nacs_run-100_train.txt
2025-10-22 12:25:37.584 DEBUG: Saving info: ./results/nacs_run-100_train.txt
2025-10-22 12:25:37.631 DEBUG: Saving info: ./results/nacs_run-100_train.txt
2025-10-22 12:25:37.677 DEBUG: Saving info: ./results/nacs_run-100_train.txt
2025-10-22 12:25:37.724 DEBUG: Saving info: ./results/nacs_run-100_train.txt
2025-10-22 12:25:37.770 DEBUG: Saving info: ./results/nacs_run-100_train.txt
2025-10-22 12:25:37.816 DEBUG: Saving info: ./results/nacs_run-100_train.txt
2025-10-22 12:25:37.863 DEBUG: Saving info: ./results/nacs_run-100_train.txt
2025-10-22 12:25:37.909 DEBUG: Saving info: ./results/nacs_run-100_train.txt
2025-10-22 12:25:37.956 DEBUG: Saving info: ./results/nacs_run-100_train.txt
2025-10-22 12:25:38.002 DEBUG: Saving info: ./results/nacs_run-100_train.txt
2025-10-22 12:25:38.049 DEBUG: Saving info: ./results/nacs_run-100_train.txt
2025-10-22 12:25:38.095 DEBUG: Saving info: ./results/nacs_run-100_train.txt
2025-10-22 12:25:38.142 DEBUG: Saving info: ./results/nacs_run-100_train.txt
2025-10-22 12:25:38.188 DEBUG: Saving info: ./results/nacs_run-100_train.txt
2025-10-22 12:25:38.235 DEBUG: Saving info: ./results/nacs_run-100_train.txt
2025-10-22 12:25:38.281 DEBUG: Saving info: ./results/nacs_run-100_train.txt
2025-10-22 12:25:38.328 DEBUG: Saving info: ./results/nacs_run-100_train.txt
2025-10-22 12:25:38.374 DEBUG: Saving info: ./results/nacs_run-100_train.txt
2025-10-22 12:25:38.420 DEBUG: Saving info: ./results/nacs_run-100_train.txt
2025-10-22 12:25:38.467 DEBUG: Saving info: ./results/nacs_run-100_train.txt
2025-10-22 12:25:38.513 DEBUG: Saving info: ./results/nacs_run-100_train.txt
2025-10-22 12:25:38.560 DEBUG: Saving info: ./results/nacs_run-100_train.txt
2025-10-22 12:25:38.607 DEBUG: Saving info: ./results/nacs_run-100_train.txt
2025-10-22 12:25:38.653 DEBUG: Saving info: ./results/nacs_run-100_train.txt
2025-10-22 12:25:38.699 DEBUG: Saving info: ./results/nacs_run-100_train.txt
2025-10-22 12:25:38.746 DEBUG: Saving info: ./results/nacs_run-100_train.txt
2025-10-22 12:25:38.792 DEBUG: Saving info: ./results/nacs_run-100_train.txt
2025-10-22 12:25:38.839 DEBUG: Saving info: ./results/nacs_run-100_train.txt
2025-10-22 12:25:38.885 DEBUG: Saving info: ./results/nacs_run-100_train.txt
2025-10-22 12:25:38.931 DEBUG: Saving info: ./results/nacs_run-100_train.txt
2025-10-22 12:25:38.978 DEBUG: Saving info: ./results/nacs_run-100_train.txt
2025-10-22 12:25:39.025 DEBUG: Saving info: ./results/nacs_run-100_train.txt
2025-10-22 12:25:39.072 DEBUG: Saving info: ./results/nacs_run-100_train.txt
2025-10-22 12:25:39.118 DEBUG: Saving info: ./results/nacs_run-100_train.txt
2025-10-22 12:25:39.165 DEBUG: Saving info: ./results/nacs_run-100_train.txt
2025-10-22 12:25:39.211 DEBUG: Saving info: ./results/nacs_run-100_train.txt
2025-10-22 12:25:39.258 DEBUG: Saving info: ./results/nacs_run-100_train.txt
2025-10-22 12:25:39.304 DEBUG: Saving info: ./results/nacs_run-100_train.txt
2025-10-22 12:25:39.351 DEBUG: Saving info: ./results/nacs_run-100_train.txt
2025-10-22 12:25:39.398 DEBUG: Saving info: ./results/nacs_run-100_train.txt
2025-10-22 12:25:39.444 DEBUG: Saving info: ./results/nacs_run-100_train.txt
2025-10-22 12:25:39.490 DEBUG: Saving info: ./results/nacs_run-100_train.txt
2025-10-22 12:25:39.537 DEBUG: Saving info: ./results/nacs_run-100_train.txt
2025-10-22 12:25:39.583 DEBUG: Saving info: ./results/nacs_run-100_train.txt
2025-10-22 12:25:39.630 DEBUG: Saving info: ./results/nacs_run-100_train.txt
2025-10-22 12:25:39.676 DEBUG: Saving info: ./results/nacs_run-100_train.txt
2025-10-22 12:25:39.722 DEBUG: Saving info: ./results/nacs_run-100_train.txt
2025-10-22 12:25:39.769 DEBUG: Saving info: ./results/nacs_run-100_train.txt
2025-10-22 12:25:39.815 DEBUG: Saving info: ./results/nacs_run-100_train.txt
2025-10-22 12:25:39.861 DEBUG: Saving info: ./results/nacs_run-100_train.txt
2025-10-22 12:25:39.907 DEBUG: Saving info: ./results/nacs_run-100_train.txt
2025-10-22 12:25:39.955 DEBUG: Saving info: ./results/nacs_run-100_train.txt
2025-10-22 12:25:40.001 DEBUG: Saving info: ./results/nacs_run-100_train.txt
2025-10-22 12:25:40.048 DEBUG: Saving info: ./results/nacs_run-100_train.txt
2025-10-22 12:25:40.095 DEBUG: Saving info: ./results/nacs_run-100_train.txt
2025-10-22 12:25:40.141 DEBUG: Saving info: ./results/nacs_run-100_train.txt
2025-10-22 12:25:40.188 DEBUG: Saving info: ./results/nacs_run-100_train.txt
2025-10-22 12:25:40.235 DEBUG: Saving info: ./results/nacs_run-100_train.txt
2025-10-22 12:25:40.281 DEBUG: Saving info: ./results/nacs_run-100_train.txt
2025-10-22 12:25:40.327 DEBUG: Saving info: ./results/nacs_run-100_train.txt
2025-10-22 12:25:40.373 DEBUG: Saving info: ./results/nacs_run-100_train.txt
2025-10-22 12:25:40.420 DEBUG: Saving info: ./results/nacs_run-100_train.txt
2025-10-22 12:25:40.466 DEBUG: Saving info: ./results/nacs_run-100_train.txt
2025-10-22 12:25:40.513 DEBUG: Saving info: ./results/nacs_run-100_train.txt
2025-10-22 12:25:40.559 DEBUG: Saving info: ./results/nacs_run-100_train.txt
2025-10-22 12:25:40.606 DEBUG: Saving info: ./results/nacs_run-100_train.txt
2025-10-22 12:25:40.653 DEBUG: Saving info: ./results/nacs_run-100_train.txt
2025-10-22 12:25:40.699 DEBUG: Saving info: ./results/nacs_run-100_train.txt
2025-10-22 12:25:40.746 DEBUG: Saving info: ./results/nacs_run-100_train.txt
2025-10-22 12:25:40.792 DEBUG: Saving info: ./results/nacs_run-100_train.txt
2025-10-22 12:25:40.838 DEBUG: Saving info: ./results/nacs_run-100_train.txt
2025-10-22 12:25:40.885 DEBUG: Saving info: ./results/nacs_run-100_train.txt
2025-10-22 12:25:40.932 DEBUG: Saving info: ./results/nacs_run-100_train.txt
2025-10-22 12:25:40.978 DEBUG: Saving info: ./results/nacs_run-100_train.txt
2025-10-22 12:25:41.024 DEBUG: Saving info: ./results/nacs_run-100_train.txt
2025-10-22 12:25:41.071 DEBUG: Saving info: ./results/nacs_run-100_train.txt
2025-10-22 12:25:41.290 DEBUG: Saving info: ./results/nacs_run-100_train.txt
2025-10-22 12:25:41.291 DEBUG: Saving checkpoint: ./checkpoints/nacs_run-100_epoch-0.pt
2025-10-22 12:25:41.299 INFO: Training complete
2025-10-22 12:25:41.299 INFO: 
2025-10-22 12:25:41.299 INFO: ===========RESULTS===========
2025-10-22 12:25:41.299 INFO: Computing metrics for training, validation, and test sets
2025-10-22 12:25:41.299 INFO: Loading checkpoint: ./checkpoints/nacs_run-100_epoch-0.pt
2025-10-22 12:25:41.312 INFO: Loaded Stage one model from epoch 0 for evaluation
2025-10-22 12:25:41.312 INFO: Saving model to checkpoints/nacs_run-100.model
2025-10-22 12:25:41.359 INFO: Compiling model, saving metadata to nacs_compiled.model
2025-10-22 12:25:41.677 INFO: Done
2025-10-22 12:25:52.449 INFO: ===========VERIFYING SETTINGS===========
2025-10-22 12:25:52.449 INFO: MACE version: 0.3.6
2025-10-22 12:25:52.450 DEBUG: Configuration: Namespace(config=None, name='nacs', seed=100, work_dir='.', nacs_key='REF_nacs', log_dir='./logs', model_dir='.', checkpoints_dir='./checkpoints', results_dir='./results', downloads_dir='./downloads', device='cuda', default_dtype='float32', distributed=False, log_level='INFO', n_energies=4, error_table='EnergyNacsDipoleMAE', model='ExcitedMACE', r_max=5.0, num_permutational_invariant=16, radial_type='bessel', num_radial_basis=8, num_cutoff_basis=5, pair_repulsion=False, distance_transform='None', interaction='RealAgnosticResidualInteractionBlock', interaction_first='RealAgnosticResidualInteractionBlock', max_ell=3, correlation=3, num_interactions=2, MLP_irreps='32x0e', radial_MLP='[64, 64, 64]', hidden_irreps='32x0e + 32x1o', num_channels=32, max_L=1, gate='silu', scaling='rms_forces_scaling', avg_num_neighbors=1, compute_avg_num_neighbors=True, compute_stress=False, compute_forces=True, compute_dipoles=True, compute_nacs=True, compute_socs=False, train_file='SINGLET_SOC_ALL.xyz', valid_file=None, valid_fraction=0.1, test_file=None, test_dir=None, multi_processed_test=False, num_workers=0, pin_memory=True, atomic_numbers=None, mean=None, std=None, statistics_file=None, E0s='average', keep_isolated_atoms=False, energy_key='REF_energy', forces_key='REF_forces', virials_key='REF_virials', stress_key='REF_stress', dipoles_key='REF_dipoles', charges_key='REF_charges', loss='weighted', forces_weight=0.0, nacs_weight=100.0, socs_weight=0.0, soc_num=None, nac_num=6, swa_forces_weight=100.0, energy_weight=0.0, swa_energy_weight=1000.0, virials_weight=1.0, swa_virials_weight=10.0, stress_weight=1.0, swa_stress_weight=10.0, dipoles_weight=1.0, swa_dipole_weight=1.0, config_type_weights='{"Default":1.0}', huber_delta=0.01, optimizer='adam', beta=0.9, batch_size=10, valid_batch_size=10, lr=0.0001, swa_lr=0.001, weight_decay=5e-07, amsgrad=True, scheduler='ReduceLROnPlateau', lr_factor=0.8, scheduler_patience=50, lr_scheduler_gamma=0.9993, swa=False, start_swa=None, ema=True, ema_decay=0.99, max_num_epochs=100, patience=2048, foundation_model=None, foundation_model_readout=True, eval_interval=1, keep_checkpoints=False, save_all_checkpoints=False, restart_latest=False, save_cpu=False, clip_grad=10.0, wandb=False, wandb_dir=None, wandb_project='', wandb_entity='', wandb_name='', wandb_log_hypers=['num_channels', 'max_L', 'correlation', 'lr', 'swa_lr', 'weight_decay', 'batch_size', 'max_num_epochs', 'start_swa', 'energy_weight', 'forces_weight'])
2025-10-22 12:25:52.477 INFO: CUDA version: 12.4, CUDA device: 0
2025-10-22 12:25:52.495 DEBUG: Popen(['git', 'version'], cwd=/home/rhyan/Exciton_model/X-MACE, stdin=None, shell=False, universal_newlines=False)
2025-10-22 12:25:52.496 DEBUG: Popen(['git', 'version'], cwd=/home/rhyan/Exciton_model/X-MACE, stdin=None, shell=False, universal_newlines=False)
2025-10-22 12:25:52.497 DEBUG: sys.platform='linux', git_executable='git'
2025-10-22 12:25:52.498 DEBUG: Popen(['git', 'cat-file', '--batch-check'], cwd=/home/rhyan/Exciton_model/X-MACE, stdin=<valid stream>, shell=False, universal_newlines=False)
2025-10-22 12:25:52.499 DEBUG: Current Git commit: c8c2669a37c36e6342b34860e4a7a0a201afa6e5
2025-10-22 12:25:52.499 INFO: 
2025-10-22 12:25:52.499 INFO: ===========LOADING INPUT DATA===========
2025-10-22 12:25:57.295 INFO: Using random 10% of training set for validation with indices saved in: ./valid_indices_100.txt
2025-10-22 12:25:57.297 INFO: Atomic Numbers used: [1, 6, 7, 8]
2025-10-22 12:25:57.297 INFO: Isolated Atomic Energies (E0s) not in training file, using command line argument
2025-10-22 12:25:57.297 INFO: Computing average Atomic Energies using least squares regression
2025-10-22 12:25:57.305 INFO: Atomic Energies used (z: eV): {1: -967.8427909292559, 6: -1244.3693026233295, 7: -138.2632558470366, 8: -829.5795350822196}
2025-10-22 12:25:57.508 INFO: 
2025-10-22 12:25:57.508 INFO: ===========MODEL DETAILS===========
2025-10-22 12:25:57.725 INFO: Average number of neighbors: 15.7
2025-10-22 12:25:57.725 INFO: During training the following quantities will be reported: energy, forces, dipoles, nacs
2025-10-22 12:25:57.818 INFO: Building model
2025-10-22 12:25:57.818 INFO: Message passing with 32 channels and max_L=1 (32x0e + 32x1o)
2025-10-22 12:25:57.818 INFO: 2 layers, each with correlation order: 3 (body order: 4) and spherical harmonics up to: l=3
2025-10-22 12:25:57.818 INFO: 8 radial and 5 basis functions
2025-10-22 12:25:57.818 INFO: Radial cutoff: 5.0 Å (total receptive field for each atom: 10.0 Å)
2025-10-22 12:25:57.818 INFO: Distance transform for radial basis functions: None
2025-10-22 12:25:58.511 DEBUG: ExcitedMACE(
  (node_embedding): LinearNodeEmbeddingBlock(
    (linear): Linear(4x0e -> 32x0e | 128 weights)
  )
  (radial_embedding): RadialEmbeddingBlock(
    (bessel_fn): BesselBasis(r_max=5.0, num_basis=8, trainable=False)
    (cutoff_fn): PolynomialCutoff(p=5.0, r_max=5.0)
  )
  (spherical_harmonics): SphericalHarmonics()
  (atomic_energies_fn): AtomicEnergiesBlock(energies=[-967.8428, -1244.3693, -138.2633, -829.5795])
  (interactions): ModuleList(
    (0): RealAgnosticInteractionBlock(
      (linear_up): Linear(32x0e -> 32x0e | 1024 weights)
      (conv_tp): TensorProduct(32x0e x 1x0e+1x1o+1x2e+1x3o -> 32x0e+32x1o+32x2e+32x3o | 128 paths | 128 weights)
      (conv_tp_weights): FullyConnectedNet[8, 64, 64, 64, 128]
      (linear): Linear(32x0e+32x1o+32x2e+32x3o -> 32x0e+32x1o+32x2e+32x3o | 4096 weights)
      (skip_tp): FullyConnectedTensorProduct(32x0e+32x1o+32x2e+32x3o x 4x0e -> 32x0e+32x1o+32x2e+32x3o | 16384 paths | 16384 weights)
      (reshape): reshape_irreps()
    )
    (1): RealAgnosticResidualInteractionBlock(
      (linear_up): Linear(32x0e+32x1o -> 32x0e+32x1o | 2048 weights)
      (conv_tp): TensorProduct(32x0e+32x1o x 1x0e+1x1o+1x2e+1x3o -> 64x0e+96x1o+96x2e+64x3o | 320 paths | 320 weights)
      (conv_tp_weights): FullyConnectedNet[8, 64, 64, 64, 320]
      (linear): Linear(64x0e+96x1o+96x2e+64x3o -> 32x0e+32x1o+32x2e+32x3o | 10240 weights)
      (skip_tp): FullyConnectedTensorProduct(32x0e+32x1o x 4x0e -> 32x0e | 4096 paths | 4096 weights)
      (reshape): reshape_irreps()
    )
  )
  (products): ModuleList(
    (0): EquivariantProductBasisBlock(
      (symmetric_contractions): SymmetricContraction(
        (contractions): ModuleList(
          (0): Contraction(
            (contractions_weighting): ModuleList(
              (0-1): 2 x GraphModule()
            )
            (contractions_features): ModuleList(
              (0-1): 2 x GraphModule()
            )
            (weights): ParameterList(
                (0): Parameter containing: [torch.float32 of size 4x4x32 (cuda:0)]
                (1): Parameter containing: [torch.float32 of size 4x1x32 (cuda:0)]
            )
            (graph_opt_main): GraphModule()
          )
          (1): Contraction(
            (contractions_weighting): ModuleList(
              (0-1): 2 x GraphModule()
            )
            (contractions_features): ModuleList(
              (0-1): 2 x GraphModule()
            )
            (weights): ParameterList(
                (0): Parameter containing: [torch.float32 of size 4x6x32 (cuda:0)]
                (1): Parameter containing: [torch.float32 of size 4x1x32 (cuda:0)]
            )
            (graph_opt_main): GraphModule()
          )
        )
      )
      (linear): Linear(32x0e+32x1o -> 32x0e+32x1o | 2048 weights)
    )
    (1): EquivariantProductBasisBlock(
      (symmetric_contractions): SymmetricContraction(
        (contractions): ModuleList(
          (0): Contraction(
            (contractions_weighting): ModuleList(
              (0-1): 2 x GraphModule()
            )
            (contractions_features): ModuleList(
              (0-1): 2 x GraphModule()
            )
            (weights): ParameterList(
                (0): Parameter containing: [torch.float32 of size 4x4x32 (cuda:0)]
                (1): Parameter containing: [torch.float32 of size 4x1x32 (cuda:0)]
            )
            (graph_opt_main): GraphModule()
          )
        )
      )
      (linear): Linear(32x0e -> 32x0e | 1024 weights)
    )
  )
  (readouts): ModuleList(
    (0): LinearReadoutBlock(
      (linear): Linear(32x0e+32x1o -> 4x0e+6x1o | 320 weights)
    )
    (1): NonLinearReadoutBlock(
      (linear_1): Linear(32x0e -> 32x0e | 1024 weights)
      (non_linearity): Activation [x] (32x0e -> 32x0e)
      (linear_2): Linear(32x0e -> 4x0e+6x1o | 128 weights)
    )
  )
  (socs_readouts): ModuleList(
    (0): None
  )
)
2025-10-22 12:25:58.512 INFO: Total number of parameters: 103232
2025-10-22 12:25:58.512 INFO: 
2025-10-22 12:25:58.512 INFO: ===========OPTIMIZER INFORMATION===========
2025-10-22 12:25:58.512 INFO: Using ADAM as parameter optimizer
2025-10-22 12:25:58.513 INFO: Batch size: 10
2025-10-22 12:25:58.513 INFO: Using Exponential Moving Average with decay: 0.99
2025-10-22 12:25:58.513 INFO: Number of gradient updates: 8550
2025-10-22 12:25:58.513 INFO: Learning rate: 0.0001, weight decay: 5e-07
2025-10-22 12:25:58.513 INFO: WeightedEnergyForcesNacsDipoleLoss(energy_weight=0.000, forces_weight=0.000, dipole_weight=1.000)
2025-10-22 12:25:58.513 INFO: Using gradient clipping with tolerance=10.000
2025-10-22 12:25:58.513 INFO: 
2025-10-22 12:25:58.513 INFO: ===========TRAINING===========
2025-10-22 12:25:58.513 INFO: Started training, reporting errors on validation set
2025-10-22 12:25:58.513 INFO: Loss metrics on validation set
2025-10-22 12:26:00.755 DEBUG: Saving info: ./results/nacs_run-100_train.txt
2025-10-22 12:26:01.180 DEBUG: Saving info: ./results/nacs_run-100_train.txt
2025-10-22 12:26:01.747 DEBUG: Saving info: ./results/nacs_run-100_train.txt
2025-10-22 12:26:02.368 DEBUG: Saving info: ./results/nacs_run-100_train.txt
2025-10-22 12:26:02.422 DEBUG: Saving info: ./results/nacs_run-100_train.txt
2025-10-22 12:26:02.474 DEBUG: Saving info: ./results/nacs_run-100_train.txt
2025-10-22 12:26:02.526 DEBUG: Saving info: ./results/nacs_run-100_train.txt
2025-10-22 12:26:02.573 DEBUG: Saving info: ./results/nacs_run-100_train.txt
2025-10-22 12:26:02.620 DEBUG: Saving info: ./results/nacs_run-100_train.txt
2025-10-22 12:26:02.666 DEBUG: Saving info: ./results/nacs_run-100_train.txt
2025-10-22 12:26:02.711 DEBUG: Saving info: ./results/nacs_run-100_train.txt
2025-10-22 12:26:02.757 DEBUG: Saving info: ./results/nacs_run-100_train.txt
2025-10-22 12:26:02.803 DEBUG: Saving info: ./results/nacs_run-100_train.txt
2025-10-22 12:26:02.848 DEBUG: Saving info: ./results/nacs_run-100_train.txt
2025-10-22 12:26:02.894 DEBUG: Saving info: ./results/nacs_run-100_train.txt
2025-10-22 12:26:02.940 DEBUG: Saving info: ./results/nacs_run-100_train.txt
2025-10-22 12:26:02.986 DEBUG: Saving info: ./results/nacs_run-100_train.txt
2025-10-22 12:26:03.033 DEBUG: Saving info: ./results/nacs_run-100_train.txt
2025-10-22 12:26:03.079 DEBUG: Saving info: ./results/nacs_run-100_train.txt
2025-10-22 12:26:03.125 DEBUG: Saving info: ./results/nacs_run-100_train.txt
2025-10-22 12:26:03.170 DEBUG: Saving info: ./results/nacs_run-100_train.txt
2025-10-22 12:26:03.217 DEBUG: Saving info: ./results/nacs_run-100_train.txt
2025-10-22 12:26:03.263 DEBUG: Saving info: ./results/nacs_run-100_train.txt
2025-10-22 12:26:03.309 DEBUG: Saving info: ./results/nacs_run-100_train.txt
2025-10-22 12:26:03.355 DEBUG: Saving info: ./results/nacs_run-100_train.txt
2025-10-22 12:26:03.401 DEBUG: Saving info: ./results/nacs_run-100_train.txt
2025-10-22 12:26:03.446 DEBUG: Saving info: ./results/nacs_run-100_train.txt
2025-10-22 12:26:03.492 DEBUG: Saving info: ./results/nacs_run-100_train.txt
2025-10-22 12:26:03.538 DEBUG: Saving info: ./results/nacs_run-100_train.txt
2025-10-22 12:26:03.584 DEBUG: Saving info: ./results/nacs_run-100_train.txt
2025-10-22 12:26:03.630 DEBUG: Saving info: ./results/nacs_run-100_train.txt
2025-10-22 12:26:03.675 DEBUG: Saving info: ./results/nacs_run-100_train.txt
2025-10-22 12:26:03.721 DEBUG: Saving info: ./results/nacs_run-100_train.txt
2025-10-22 12:26:03.767 DEBUG: Saving info: ./results/nacs_run-100_train.txt
2025-10-22 12:26:03.812 DEBUG: Saving info: ./results/nacs_run-100_train.txt
2025-10-22 12:26:03.858 DEBUG: Saving info: ./results/nacs_run-100_train.txt
2025-10-22 12:26:03.906 DEBUG: Saving info: ./results/nacs_run-100_train.txt
2025-10-22 12:26:03.951 DEBUG: Saving info: ./results/nacs_run-100_train.txt
2025-10-22 12:26:03.997 DEBUG: Saving info: ./results/nacs_run-100_train.txt
2025-10-22 12:26:04.044 DEBUG: Saving info: ./results/nacs_run-100_train.txt
2025-10-22 12:26:04.090 DEBUG: Saving info: ./results/nacs_run-100_train.txt
2025-10-22 12:26:04.136 DEBUG: Saving info: ./results/nacs_run-100_train.txt
2025-10-22 12:26:04.182 DEBUG: Saving info: ./results/nacs_run-100_train.txt
2025-10-22 12:26:04.228 DEBUG: Saving info: ./results/nacs_run-100_train.txt
2025-10-22 12:26:04.273 DEBUG: Saving info: ./results/nacs_run-100_train.txt
2025-10-22 12:26:04.319 DEBUG: Saving info: ./results/nacs_run-100_train.txt
2025-10-22 12:26:04.365 DEBUG: Saving info: ./results/nacs_run-100_train.txt
2025-10-22 12:26:04.411 DEBUG: Saving info: ./results/nacs_run-100_train.txt
2025-10-22 12:26:04.457 DEBUG: Saving info: ./results/nacs_run-100_train.txt
2025-10-22 12:26:04.502 DEBUG: Saving info: ./results/nacs_run-100_train.txt
2025-10-22 12:26:04.548 DEBUG: Saving info: ./results/nacs_run-100_train.txt
2025-10-22 12:26:04.594 DEBUG: Saving info: ./results/nacs_run-100_train.txt
2025-10-22 12:26:04.640 DEBUG: Saving info: ./results/nacs_run-100_train.txt
2025-10-22 12:26:04.686 DEBUG: Saving info: ./results/nacs_run-100_train.txt
2025-10-22 12:26:04.732 DEBUG: Saving info: ./results/nacs_run-100_train.txt
2025-10-22 12:26:04.778 DEBUG: Saving info: ./results/nacs_run-100_train.txt
2025-10-22 12:26:04.823 DEBUG: Saving info: ./results/nacs_run-100_train.txt
2025-10-22 12:26:04.869 DEBUG: Saving info: ./results/nacs_run-100_train.txt
2025-10-22 12:26:04.915 DEBUG: Saving info: ./results/nacs_run-100_train.txt
2025-10-22 12:26:04.960 DEBUG: Saving info: ./results/nacs_run-100_train.txt
2025-10-22 12:26:05.006 DEBUG: Saving info: ./results/nacs_run-100_train.txt
2025-10-22 12:26:05.053 DEBUG: Saving info: ./results/nacs_run-100_train.txt
2025-10-22 12:26:05.099 DEBUG: Saving info: ./results/nacs_run-100_train.txt
2025-10-22 12:26:05.145 DEBUG: Saving info: ./results/nacs_run-100_train.txt
2025-10-22 12:26:05.191 DEBUG: Saving info: ./results/nacs_run-100_train.txt
2025-10-22 12:26:05.237 DEBUG: Saving info: ./results/nacs_run-100_train.txt
2025-10-22 12:26:05.283 DEBUG: Saving info: ./results/nacs_run-100_train.txt
2025-10-22 12:26:05.329 DEBUG: Saving info: ./results/nacs_run-100_train.txt
2025-10-22 12:26:05.375 DEBUG: Saving info: ./results/nacs_run-100_train.txt
2025-10-22 12:26:05.421 DEBUG: Saving info: ./results/nacs_run-100_train.txt
2025-10-22 12:26:05.466 DEBUG: Saving info: ./results/nacs_run-100_train.txt
2025-10-22 12:26:05.512 DEBUG: Saving info: ./results/nacs_run-100_train.txt
2025-10-22 12:26:05.559 DEBUG: Saving info: ./results/nacs_run-100_train.txt
2025-10-22 12:26:05.604 DEBUG: Saving info: ./results/nacs_run-100_train.txt
2025-10-22 12:26:05.650 DEBUG: Saving info: ./results/nacs_run-100_train.txt
2025-10-22 12:26:05.696 DEBUG: Saving info: ./results/nacs_run-100_train.txt
2025-10-22 12:26:05.742 DEBUG: Saving info: ./results/nacs_run-100_train.txt
2025-10-22 12:26:05.788 DEBUG: Saving info: ./results/nacs_run-100_train.txt
2025-10-22 12:26:05.834 DEBUG: Saving info: ./results/nacs_run-100_train.txt
2025-10-22 12:26:05.879 DEBUG: Saving info: ./results/nacs_run-100_train.txt
2025-10-22 12:26:05.925 DEBUG: Saving info: ./results/nacs_run-100_train.txt
2025-10-22 12:26:05.971 DEBUG: Saving info: ./results/nacs_run-100_train.txt
2025-10-22 12:26:06.017 DEBUG: Saving info: ./results/nacs_run-100_train.txt
2025-10-22 12:26:06.063 DEBUG: Saving info: ./results/nacs_run-100_train.txt
2025-10-22 12:26:06.109 DEBUG: Saving info: ./results/nacs_run-100_train.txt
2025-10-22 12:26:06.155 DEBUG: Saving info: ./results/nacs_run-100_train.txt
2025-10-22 12:26:06.368 DEBUG: Saving info: ./results/nacs_run-100_train.txt
2025-10-22 12:26:06.369 DEBUG: Saving checkpoint: ./checkpoints/nacs_run-100_epoch-0.pt
2025-10-22 12:26:06.433 DEBUG: Saving info: ./results/nacs_run-100_train.txt
2025-10-22 12:26:06.478 DEBUG: Saving info: ./results/nacs_run-100_train.txt
2025-10-22 12:26:06.525 DEBUG: Saving info: ./results/nacs_run-100_train.txt
2025-10-22 12:26:06.570 DEBUG: Saving info: ./results/nacs_run-100_train.txt
2025-10-22 12:26:06.616 DEBUG: Saving info: ./results/nacs_run-100_train.txt
2025-10-22 12:26:06.662 DEBUG: Saving info: ./results/nacs_run-100_train.txt
2025-10-22 12:26:06.708 DEBUG: Saving info: ./results/nacs_run-100_train.txt
2025-10-22 12:26:06.754 DEBUG: Saving info: ./results/nacs_run-100_train.txt
2025-10-22 12:26:06.799 DEBUG: Saving info: ./results/nacs_run-100_train.txt
2025-10-22 12:26:06.845 DEBUG: Saving info: ./results/nacs_run-100_train.txt
2025-10-22 12:26:06.891 DEBUG: Saving info: ./results/nacs_run-100_train.txt
2025-10-22 12:26:06.937 DEBUG: Saving info: ./results/nacs_run-100_train.txt
2025-10-22 12:26:06.983 DEBUG: Saving info: ./results/nacs_run-100_train.txt
2025-10-22 12:26:07.030 DEBUG: Saving info: ./results/nacs_run-100_train.txt
2025-10-22 12:26:07.076 DEBUG: Saving info: ./results/nacs_run-100_train.txt
2025-10-22 12:26:07.122 DEBUG: Saving info: ./results/nacs_run-100_train.txt
2025-10-22 12:26:07.168 DEBUG: Saving info: ./results/nacs_run-100_train.txt
2025-10-22 12:26:07.213 DEBUG: Saving info: ./results/nacs_run-100_train.txt
2025-10-22 12:26:07.259 DEBUG: Saving info: ./results/nacs_run-100_train.txt
2025-10-22 12:26:07.305 DEBUG: Saving info: ./results/nacs_run-100_train.txt
2025-10-22 12:26:07.350 DEBUG: Saving info: ./results/nacs_run-100_train.txt
2025-10-22 12:26:07.396 DEBUG: Saving info: ./results/nacs_run-100_train.txt
2025-10-22 12:26:07.442 DEBUG: Saving info: ./results/nacs_run-100_train.txt
2025-10-22 12:26:07.488 DEBUG: Saving info: ./results/nacs_run-100_train.txt
2025-10-22 12:26:07.535 DEBUG: Saving info: ./results/nacs_run-100_train.txt
2025-10-22 12:26:07.582 DEBUG: Saving info: ./results/nacs_run-100_train.txt
2025-10-22 12:26:07.627 DEBUG: Saving info: ./results/nacs_run-100_train.txt
2025-10-22 12:26:07.673 DEBUG: Saving info: ./results/nacs_run-100_train.txt
2025-10-22 12:26:07.719 DEBUG: Saving info: ./results/nacs_run-100_train.txt
2025-10-22 12:26:07.765 DEBUG: Saving info: ./results/nacs_run-100_train.txt
2025-10-22 12:26:07.811 DEBUG: Saving info: ./results/nacs_run-100_train.txt
2025-10-22 12:26:07.857 DEBUG: Saving info: ./results/nacs_run-100_train.txt
2025-10-22 12:26:07.902 DEBUG: Saving info: ./results/nacs_run-100_train.txt
2025-10-22 12:26:07.949 DEBUG: Saving info: ./results/nacs_run-100_train.txt
2025-10-22 12:26:07.994 DEBUG: Saving info: ./results/nacs_run-100_train.txt
2025-10-22 12:26:08.041 DEBUG: Saving info: ./results/nacs_run-100_train.txt
2025-10-22 12:26:08.088 DEBUG: Saving info: ./results/nacs_run-100_train.txt
2025-10-22 12:26:08.133 DEBUG: Saving info: ./results/nacs_run-100_train.txt
2025-10-22 12:26:08.179 DEBUG: Saving info: ./results/nacs_run-100_train.txt
2025-10-22 12:26:08.225 DEBUG: Saving info: ./results/nacs_run-100_train.txt
2025-10-22 12:26:08.271 DEBUG: Saving info: ./results/nacs_run-100_train.txt
2025-10-22 12:26:08.317 DEBUG: Saving info: ./results/nacs_run-100_train.txt
2025-10-22 12:26:08.363 DEBUG: Saving info: ./results/nacs_run-100_train.txt
2025-10-22 12:26:08.409 DEBUG: Saving info: ./results/nacs_run-100_train.txt
2025-10-22 12:26:08.455 DEBUG: Saving info: ./results/nacs_run-100_train.txt
2025-10-22 12:26:08.501 DEBUG: Saving info: ./results/nacs_run-100_train.txt
2025-10-22 12:26:08.547 DEBUG: Saving info: ./results/nacs_run-100_train.txt
2025-10-22 12:26:08.593 DEBUG: Saving info: ./results/nacs_run-100_train.txt
2025-10-22 12:26:08.639 DEBUG: Saving info: ./results/nacs_run-100_train.txt
2025-10-22 12:26:08.685 DEBUG: Saving info: ./results/nacs_run-100_train.txt
2025-10-22 12:26:08.731 DEBUG: Saving info: ./results/nacs_run-100_train.txt
2025-10-22 12:26:08.777 DEBUG: Saving info: ./results/nacs_run-100_train.txt
2025-10-22 12:26:08.823 DEBUG: Saving info: ./results/nacs_run-100_train.txt
2025-10-22 12:26:08.869 DEBUG: Saving info: ./results/nacs_run-100_train.txt
2025-10-22 12:26:13.189 INFO: ===========VERIFYING SETTINGS===========
2025-10-22 12:26:13.189 INFO: MACE version: 0.3.6
2025-10-22 12:26:13.189 DEBUG: Configuration: Namespace(config=None, name='nacs', seed=100, work_dir='.', nacs_key='smooth_nacs', log_dir='./logs', model_dir='.', checkpoints_dir='./checkpoints', results_dir='./results', downloads_dir='./downloads', device='cuda', default_dtype='float32', distributed=False, log_level='INFO', n_energies=4, error_table='EnergyNacsDipoleMAE', model='ExcitedMACE', r_max=5.0, num_permutational_invariant=16, radial_type='bessel', num_radial_basis=8, num_cutoff_basis=5, pair_repulsion=False, distance_transform='None', interaction='RealAgnosticResidualInteractionBlock', interaction_first='RealAgnosticResidualInteractionBlock', max_ell=3, correlation=3, num_interactions=2, MLP_irreps='32x0e', radial_MLP='[64, 64, 64]', hidden_irreps='32x0e + 32x1o', num_channels=32, max_L=1, gate='silu', scaling='rms_forces_scaling', avg_num_neighbors=1, compute_avg_num_neighbors=True, compute_stress=False, compute_forces=True, compute_dipoles=True, compute_nacs=True, compute_socs=False, train_file='SINGLET_SOC_ALL.xyz', valid_file=None, valid_fraction=0.1, test_file=None, test_dir=None, multi_processed_test=False, num_workers=0, pin_memory=True, atomic_numbers=None, mean=None, std=None, statistics_file=None, E0s='average', keep_isolated_atoms=False, energy_key='REF_energy', forces_key='REF_forces', virials_key='REF_virials', stress_key='REF_stress', dipoles_key='REF_dipoles', charges_key='REF_charges', loss='weighted', forces_weight=0.0, nacs_weight=100.0, socs_weight=100.0, soc_num=None, nac_num=6, swa_forces_weight=100.0, energy_weight=100.0, swa_energy_weight=1000.0, virials_weight=1.0, swa_virials_weight=10.0, stress_weight=1.0, swa_stress_weight=10.0, dipoles_weight=1.0, swa_dipole_weight=1.0, config_type_weights='{"Default":1.0}', huber_delta=0.01, optimizer='adam', beta=0.9, batch_size=10, valid_batch_size=10, lr=0.0001, swa_lr=0.001, weight_decay=5e-07, amsgrad=True, scheduler='ReduceLROnPlateau', lr_factor=0.8, scheduler_patience=50, lr_scheduler_gamma=0.9993, swa=False, start_swa=None, ema=True, ema_decay=0.99, max_num_epochs=100, patience=2048, foundation_model=None, foundation_model_readout=True, eval_interval=1, keep_checkpoints=False, save_all_checkpoints=False, restart_latest=False, save_cpu=False, clip_grad=10.0, wandb=False, wandb_dir=None, wandb_project='', wandb_entity='', wandb_name='', wandb_log_hypers=['num_channels', 'max_L', 'correlation', 'lr', 'swa_lr', 'weight_decay', 'batch_size', 'max_num_epochs', 'start_swa', 'energy_weight', 'forces_weight'])
2025-10-22 12:26:13.218 INFO: CUDA version: 12.4, CUDA device: 0
2025-10-22 12:26:13.235 DEBUG: Popen(['git', 'version'], cwd=/home/rhyan/Exciton_model/X-MACE, stdin=None, shell=False, universal_newlines=False)
2025-10-22 12:26:13.237 DEBUG: Popen(['git', 'version'], cwd=/home/rhyan/Exciton_model/X-MACE, stdin=None, shell=False, universal_newlines=False)
2025-10-22 12:26:13.238 DEBUG: sys.platform='linux', git_executable='git'
2025-10-22 12:26:13.238 DEBUG: Popen(['git', 'cat-file', '--batch-check'], cwd=/home/rhyan/Exciton_model/X-MACE, stdin=<valid stream>, shell=False, universal_newlines=False)
2025-10-22 12:26:13.240 DEBUG: Current Git commit: c8c2669a37c36e6342b34860e4a7a0a201afa6e5
2025-10-22 12:26:13.240 INFO: 
2025-10-22 12:26:13.240 INFO: ===========LOADING INPUT DATA===========
2025-10-22 12:26:18.112 INFO: Using random 10% of training set for validation with indices saved in: ./valid_indices_100.txt
2025-10-22 12:26:18.114 INFO: Atomic Numbers used: [1, 6, 7, 8]
2025-10-22 12:26:18.114 INFO: Isolated Atomic Energies (E0s) not in training file, using command line argument
2025-10-22 12:26:18.114 INFO: Computing average Atomic Energies using least squares regression
2025-10-22 12:26:18.122 INFO: Atomic Energies used (z: eV): {1: -967.8427909292559, 6: -1244.3693026233295, 7: -138.2632558470366, 8: -829.5795350822196}
2025-10-22 12:26:18.329 INFO: 
2025-10-22 12:26:18.329 INFO: ===========MODEL DETAILS===========
2025-10-22 12:26:18.568 INFO: Average number of neighbors: 15.7
2025-10-22 12:26:18.568 INFO: During training the following quantities will be reported: energy, forces, dipoles, nacs
2025-10-22 12:26:18.659 INFO: Building model
2025-10-22 12:26:18.660 INFO: Message passing with 32 channels and max_L=1 (32x0e + 32x1o)
2025-10-22 12:26:18.660 INFO: 2 layers, each with correlation order: 3 (body order: 4) and spherical harmonics up to: l=3
2025-10-22 12:26:18.660 INFO: 8 radial and 5 basis functions
2025-10-22 12:26:18.660 INFO: Radial cutoff: 5.0 Å (total receptive field for each atom: 10.0 Å)
2025-10-22 12:26:18.660 INFO: Distance transform for radial basis functions: None
2025-10-22 12:26:19.347 DEBUG: ExcitedMACE(
  (node_embedding): LinearNodeEmbeddingBlock(
    (linear): Linear(4x0e -> 32x0e | 128 weights)
  )
  (radial_embedding): RadialEmbeddingBlock(
    (bessel_fn): BesselBasis(r_max=5.0, num_basis=8, trainable=False)
    (cutoff_fn): PolynomialCutoff(p=5.0, r_max=5.0)
  )
  (spherical_harmonics): SphericalHarmonics()
  (atomic_energies_fn): AtomicEnergiesBlock(energies=[-967.8428, -1244.3693, -138.2633, -829.5795])
  (interactions): ModuleList(
    (0): RealAgnosticInteractionBlock(
      (linear_up): Linear(32x0e -> 32x0e | 1024 weights)
      (conv_tp): TensorProduct(32x0e x 1x0e+1x1o+1x2e+1x3o -> 32x0e+32x1o+32x2e+32x3o | 128 paths | 128 weights)
      (conv_tp_weights): FullyConnectedNet[8, 64, 64, 64, 128]
      (linear): Linear(32x0e+32x1o+32x2e+32x3o -> 32x0e+32x1o+32x2e+32x3o | 4096 weights)
      (skip_tp): FullyConnectedTensorProduct(32x0e+32x1o+32x2e+32x3o x 4x0e -> 32x0e+32x1o+32x2e+32x3o | 16384 paths | 16384 weights)
      (reshape): reshape_irreps()
    )
    (1): RealAgnosticResidualInteractionBlock(
      (linear_up): Linear(32x0e+32x1o -> 32x0e+32x1o | 2048 weights)
      (conv_tp): TensorProduct(32x0e+32x1o x 1x0e+1x1o+1x2e+1x3o -> 64x0e+96x1o+96x2e+64x3o | 320 paths | 320 weights)
      (conv_tp_weights): FullyConnectedNet[8, 64, 64, 64, 320]
      (linear): Linear(64x0e+96x1o+96x2e+64x3o -> 32x0e+32x1o+32x2e+32x3o | 10240 weights)
      (skip_tp): FullyConnectedTensorProduct(32x0e+32x1o x 4x0e -> 32x0e | 4096 paths | 4096 weights)
      (reshape): reshape_irreps()
    )
  )
  (products): ModuleList(
    (0): EquivariantProductBasisBlock(
      (symmetric_contractions): SymmetricContraction(
        (contractions): ModuleList(
          (0): Contraction(
            (contractions_weighting): ModuleList(
              (0-1): 2 x GraphModule()
            )
            (contractions_features): ModuleList(
              (0-1): 2 x GraphModule()
            )
            (weights): ParameterList(
                (0): Parameter containing: [torch.float32 of size 4x4x32 (cuda:0)]
                (1): Parameter containing: [torch.float32 of size 4x1x32 (cuda:0)]
            )
            (graph_opt_main): GraphModule()
          )
          (1): Contraction(
            (contractions_weighting): ModuleList(
              (0-1): 2 x GraphModule()
            )
            (contractions_features): ModuleList(
              (0-1): 2 x GraphModule()
            )
            (weights): ParameterList(
                (0): Parameter containing: [torch.float32 of size 4x6x32 (cuda:0)]
                (1): Parameter containing: [torch.float32 of size 4x1x32 (cuda:0)]
            )
            (graph_opt_main): GraphModule()
          )
        )
      )
      (linear): Linear(32x0e+32x1o -> 32x0e+32x1o | 2048 weights)
    )
    (1): EquivariantProductBasisBlock(
      (symmetric_contractions): SymmetricContraction(
        (contractions): ModuleList(
          (0): Contraction(
            (contractions_weighting): ModuleList(
              (0-1): 2 x GraphModule()
            )
            (contractions_features): ModuleList(
              (0-1): 2 x GraphModule()
            )
            (weights): ParameterList(
                (0): Parameter containing: [torch.float32 of size 4x4x32 (cuda:0)]
                (1): Parameter containing: [torch.float32 of size 4x1x32 (cuda:0)]
            )
            (graph_opt_main): GraphModule()
          )
        )
      )
      (linear): Linear(32x0e -> 32x0e | 1024 weights)
    )
  )
  (readouts): ModuleList(
    (0): LinearReadoutBlock(
      (linear): Linear(32x0e+32x1o -> 4x0e+6x1o | 320 weights)
    )
    (1): NonLinearReadoutBlock(
      (linear_1): Linear(32x0e -> 32x0e | 1024 weights)
      (non_linearity): Activation [x] (32x0e -> 32x0e)
      (linear_2): Linear(32x0e -> 4x0e+6x1o | 128 weights)
    )
  )
  (socs_readouts): ModuleList(
    (0): None
  )
)
2025-10-22 12:26:19.349 INFO: Total number of parameters: 103232
2025-10-22 12:26:19.349 INFO: 
2025-10-22 12:26:19.349 INFO: ===========OPTIMIZER INFORMATION===========
2025-10-22 12:26:19.349 INFO: Using ADAM as parameter optimizer
2025-10-22 12:26:19.349 INFO: Batch size: 10
2025-10-22 12:26:19.349 INFO: Using Exponential Moving Average with decay: 0.99
2025-10-22 12:26:19.349 INFO: Number of gradient updates: 8550
2025-10-22 12:26:19.349 INFO: Learning rate: 0.0001, weight decay: 5e-07
2025-10-22 12:26:19.349 INFO: WeightedEnergyForcesNacsDipoleLoss(energy_weight=100.000, forces_weight=0.000, dipole_weight=1.000)
2025-10-22 12:26:19.349 INFO: Using gradient clipping with tolerance=10.000
2025-10-22 12:26:19.350 INFO: 
2025-10-22 12:26:19.350 INFO: ===========TRAINING===========
2025-10-22 12:26:19.350 INFO: Started training, reporting errors on validation set
2025-10-22 12:26:19.350 INFO: Loss metrics on validation set
2025-10-22 12:26:21.612 DEBUG: Saving info: ./results/nacs_run-100_train.txt
2025-10-22 12:26:22.036 DEBUG: Saving info: ./results/nacs_run-100_train.txt
2025-10-22 12:26:22.601 DEBUG: Saving info: ./results/nacs_run-100_train.txt
2025-10-22 12:26:23.219 DEBUG: Saving info: ./results/nacs_run-100_train.txt
2025-10-22 12:26:23.271 DEBUG: Saving info: ./results/nacs_run-100_train.txt
2025-10-22 12:26:23.322 DEBUG: Saving info: ./results/nacs_run-100_train.txt
2025-10-22 12:26:23.371 DEBUG: Saving info: ./results/nacs_run-100_train.txt
2025-10-22 12:26:23.422 DEBUG: Saving info: ./results/nacs_run-100_train.txt
2025-10-22 12:26:23.472 DEBUG: Saving info: ./results/nacs_run-100_train.txt
2025-10-22 12:26:23.521 DEBUG: Saving info: ./results/nacs_run-100_train.txt
2025-10-22 12:26:23.569 DEBUG: Saving info: ./results/nacs_run-100_train.txt
2025-10-22 12:26:23.615 DEBUG: Saving info: ./results/nacs_run-100_train.txt
2025-10-22 12:26:23.661 DEBUG: Saving info: ./results/nacs_run-100_train.txt
2025-10-22 12:26:23.707 DEBUG: Saving info: ./results/nacs_run-100_train.txt
2025-10-22 12:26:23.754 DEBUG: Saving info: ./results/nacs_run-100_train.txt
2025-10-22 12:26:23.800 DEBUG: Saving info: ./results/nacs_run-100_train.txt
2025-10-22 12:26:23.847 DEBUG: Saving info: ./results/nacs_run-100_train.txt
2025-10-22 12:26:23.893 DEBUG: Saving info: ./results/nacs_run-100_train.txt
2025-10-22 12:26:23.939 DEBUG: Saving info: ./results/nacs_run-100_train.txt
2025-10-22 12:26:23.986 DEBUG: Saving info: ./results/nacs_run-100_train.txt
2025-10-22 12:26:24.033 DEBUG: Saving info: ./results/nacs_run-100_train.txt
2025-10-22 12:26:24.080 DEBUG: Saving info: ./results/nacs_run-100_train.txt
2025-10-22 12:26:24.126 DEBUG: Saving info: ./results/nacs_run-100_train.txt
2025-10-22 12:26:24.173 DEBUG: Saving info: ./results/nacs_run-100_train.txt
2025-10-22 12:26:24.219 DEBUG: Saving info: ./results/nacs_run-100_train.txt
2025-10-22 12:26:24.265 DEBUG: Saving info: ./results/nacs_run-100_train.txt
2025-10-22 12:26:24.312 DEBUG: Saving info: ./results/nacs_run-100_train.txt
2025-10-22 12:26:24.358 DEBUG: Saving info: ./results/nacs_run-100_train.txt
2025-10-22 12:26:24.405 DEBUG: Saving info: ./results/nacs_run-100_train.txt
2025-10-22 12:26:24.451 DEBUG: Saving info: ./results/nacs_run-100_train.txt
2025-10-22 12:26:24.497 DEBUG: Saving info: ./results/nacs_run-100_train.txt
2025-10-22 12:26:24.544 DEBUG: Saving info: ./results/nacs_run-100_train.txt
2025-10-22 12:26:24.590 DEBUG: Saving info: ./results/nacs_run-100_train.txt
2025-10-22 12:26:24.637 DEBUG: Saving info: ./results/nacs_run-100_train.txt
2025-10-22 12:26:24.683 DEBUG: Saving info: ./results/nacs_run-100_train.txt
2025-10-22 12:26:24.730 DEBUG: Saving info: ./results/nacs_run-100_train.txt
2025-10-22 12:26:24.776 DEBUG: Saving info: ./results/nacs_run-100_train.txt
2025-10-22 12:26:24.822 DEBUG: Saving info: ./results/nacs_run-100_train.txt
2025-10-22 12:26:24.869 DEBUG: Saving info: ./results/nacs_run-100_train.txt
2025-10-22 12:26:24.915 DEBUG: Saving info: ./results/nacs_run-100_train.txt
2025-10-22 12:26:24.961 DEBUG: Saving info: ./results/nacs_run-100_train.txt
2025-10-22 12:26:25.008 DEBUG: Saving info: ./results/nacs_run-100_train.txt
2025-10-22 12:26:25.055 DEBUG: Saving info: ./results/nacs_run-100_train.txt
2025-10-22 12:26:25.101 DEBUG: Saving info: ./results/nacs_run-100_train.txt
2025-10-22 12:26:25.148 DEBUG: Saving info: ./results/nacs_run-100_train.txt
2025-10-22 12:26:25.194 DEBUG: Saving info: ./results/nacs_run-100_train.txt
2025-10-22 12:26:25.240 DEBUG: Saving info: ./results/nacs_run-100_train.txt
2025-10-22 12:26:25.286 DEBUG: Saving info: ./results/nacs_run-100_train.txt
2025-10-22 12:26:25.333 DEBUG: Saving info: ./results/nacs_run-100_train.txt
2025-10-22 12:26:25.379 DEBUG: Saving info: ./results/nacs_run-100_train.txt
2025-10-22 12:26:25.425 DEBUG: Saving info: ./results/nacs_run-100_train.txt
2025-10-22 12:26:25.472 DEBUG: Saving info: ./results/nacs_run-100_train.txt
2025-10-22 12:26:25.518 DEBUG: Saving info: ./results/nacs_run-100_train.txt
2025-10-22 12:26:25.565 DEBUG: Saving info: ./results/nacs_run-100_train.txt
2025-10-22 12:26:25.611 DEBUG: Saving info: ./results/nacs_run-100_train.txt
2025-10-22 12:26:25.658 DEBUG: Saving info: ./results/nacs_run-100_train.txt
2025-10-22 12:26:25.704 DEBUG: Saving info: ./results/nacs_run-100_train.txt
2025-10-22 12:26:25.750 DEBUG: Saving info: ./results/nacs_run-100_train.txt
2025-10-22 12:26:25.796 DEBUG: Saving info: ./results/nacs_run-100_train.txt
2025-10-22 12:26:25.843 DEBUG: Saving info: ./results/nacs_run-100_train.txt
2025-10-22 12:26:25.889 DEBUG: Saving info: ./results/nacs_run-100_train.txt
2025-10-22 12:26:25.935 DEBUG: Saving info: ./results/nacs_run-100_train.txt
2025-10-22 12:26:25.982 DEBUG: Saving info: ./results/nacs_run-100_train.txt
2025-10-22 12:26:26.029 DEBUG: Saving info: ./results/nacs_run-100_train.txt
2025-10-22 12:26:26.075 DEBUG: Saving info: ./results/nacs_run-100_train.txt
2025-10-22 12:26:26.122 DEBUG: Saving info: ./results/nacs_run-100_train.txt
2025-10-22 12:26:26.168 DEBUG: Saving info: ./results/nacs_run-100_train.txt
2025-10-22 12:26:26.215 DEBUG: Saving info: ./results/nacs_run-100_train.txt
2025-10-22 12:26:26.261 DEBUG: Saving info: ./results/nacs_run-100_train.txt
2025-10-22 12:26:26.307 DEBUG: Saving info: ./results/nacs_run-100_train.txt
2025-10-22 12:26:26.353 DEBUG: Saving info: ./results/nacs_run-100_train.txt
2025-10-22 12:26:26.400 DEBUG: Saving info: ./results/nacs_run-100_train.txt
2025-10-22 12:26:26.447 DEBUG: Saving info: ./results/nacs_run-100_train.txt
2025-10-22 12:26:26.493 DEBUG: Saving info: ./results/nacs_run-100_train.txt
2025-10-22 12:26:26.540 DEBUG: Saving info: ./results/nacs_run-100_train.txt
2025-10-22 12:26:26.586 DEBUG: Saving info: ./results/nacs_run-100_train.txt
2025-10-22 12:26:26.633 DEBUG: Saving info: ./results/nacs_run-100_train.txt
2025-10-22 12:26:26.679 DEBUG: Saving info: ./results/nacs_run-100_train.txt
2025-10-22 12:26:26.726 DEBUG: Saving info: ./results/nacs_run-100_train.txt
2025-10-22 12:26:26.772 DEBUG: Saving info: ./results/nacs_run-100_train.txt
2025-10-22 12:26:26.818 DEBUG: Saving info: ./results/nacs_run-100_train.txt
2025-10-22 12:26:26.865 DEBUG: Saving info: ./results/nacs_run-100_train.txt
2025-10-22 12:26:26.911 DEBUG: Saving info: ./results/nacs_run-100_train.txt
2025-10-22 12:26:26.958 DEBUG: Saving info: ./results/nacs_run-100_train.txt
2025-10-22 12:26:27.004 DEBUG: Saving info: ./results/nacs_run-100_train.txt
2025-10-22 12:26:27.051 DEBUG: Saving info: ./results/nacs_run-100_train.txt
2025-10-22 12:26:27.272 DEBUG: Saving info: ./results/nacs_run-100_train.txt
2025-10-22 12:26:27.273 DEBUG: Saving checkpoint: ./checkpoints/nacs_run-100_epoch-0.pt
2025-10-22 12:26:27.337 DEBUG: Saving info: ./results/nacs_run-100_train.txt
2025-10-22 12:26:27.383 DEBUG: Saving info: ./results/nacs_run-100_train.txt
2025-10-22 12:26:27.429 DEBUG: Saving info: ./results/nacs_run-100_train.txt
2025-10-22 12:26:27.476 DEBUG: Saving info: ./results/nacs_run-100_train.txt
2025-10-22 12:26:27.523 DEBUG: Saving info: ./results/nacs_run-100_train.txt
2025-10-22 12:26:27.569 DEBUG: Saving info: ./results/nacs_run-100_train.txt
2025-10-22 12:26:27.616 DEBUG: Saving info: ./results/nacs_run-100_train.txt
2025-10-22 12:26:27.662 DEBUG: Saving info: ./results/nacs_run-100_train.txt
2025-10-22 12:26:27.708 DEBUG: Saving info: ./results/nacs_run-100_train.txt
2025-10-22 12:26:27.755 DEBUG: Saving info: ./results/nacs_run-100_train.txt
2025-10-22 12:26:27.802 DEBUG: Saving info: ./results/nacs_run-100_train.txt
2025-10-22 12:26:27.848 DEBUG: Saving info: ./results/nacs_run-100_train.txt
2025-10-22 12:26:27.894 DEBUG: Saving info: ./results/nacs_run-100_train.txt
2025-10-22 12:26:27.941 DEBUG: Saving info: ./results/nacs_run-100_train.txt
2025-10-22 12:26:27.987 DEBUG: Saving info: ./results/nacs_run-100_train.txt
2025-10-22 12:26:28.035 DEBUG: Saving info: ./results/nacs_run-100_train.txt
2025-10-22 12:26:28.081 DEBUG: Saving info: ./results/nacs_run-100_train.txt
2025-10-22 12:26:28.127 DEBUG: Saving info: ./results/nacs_run-100_train.txt
2025-10-22 12:26:28.174 DEBUG: Saving info: ./results/nacs_run-100_train.txt
2025-10-22 12:26:28.221 DEBUG: Saving info: ./results/nacs_run-100_train.txt
2025-10-22 12:26:28.267 DEBUG: Saving info: ./results/nacs_run-100_train.txt
2025-10-22 12:26:28.314 DEBUG: Saving info: ./results/nacs_run-100_train.txt
2025-10-22 12:26:28.360 DEBUG: Saving info: ./results/nacs_run-100_train.txt
2025-10-22 12:26:28.406 DEBUG: Saving info: ./results/nacs_run-100_train.txt
2025-10-22 12:26:28.453 DEBUG: Saving info: ./results/nacs_run-100_train.txt
2025-10-22 12:26:28.502 DEBUG: Saving info: ./results/nacs_run-100_train.txt
2025-10-22 12:26:28.548 DEBUG: Saving info: ./results/nacs_run-100_train.txt
2025-10-22 12:26:28.595 DEBUG: Saving info: ./results/nacs_run-100_train.txt
2025-10-22 12:26:28.641 DEBUG: Saving info: ./results/nacs_run-100_train.txt
2025-10-22 12:26:28.688 DEBUG: Saving info: ./results/nacs_run-100_train.txt
2025-10-22 12:26:28.734 DEBUG: Saving info: ./results/nacs_run-100_train.txt
2025-10-22 12:26:28.781 DEBUG: Saving info: ./results/nacs_run-100_train.txt
2025-10-22 12:26:28.827 DEBUG: Saving info: ./results/nacs_run-100_train.txt
2025-10-22 12:26:28.878 DEBUG: Saving info: ./results/nacs_run-100_train.txt
2025-10-22 12:26:28.924 DEBUG: Saving info: ./results/nacs_run-100_train.txt
2025-10-22 12:26:28.970 DEBUG: Saving info: ./results/nacs_run-100_train.txt
2025-10-22 12:26:29.017 DEBUG: Saving info: ./results/nacs_run-100_train.txt
2025-10-22 12:26:29.063 DEBUG: Saving info: ./results/nacs_run-100_train.txt
2025-10-22 12:26:29.109 DEBUG: Saving info: ./results/nacs_run-100_train.txt
2025-10-22 12:26:29.159 DEBUG: Saving info: ./results/nacs_run-100_train.txt
2025-10-22 12:26:29.206 DEBUG: Saving info: ./results/nacs_run-100_train.txt
2025-10-22 12:26:29.252 DEBUG: Saving info: ./results/nacs_run-100_train.txt
2025-10-22 12:26:29.299 DEBUG: Saving info: ./results/nacs_run-100_train.txt
2025-10-22 12:26:29.345 DEBUG: Saving info: ./results/nacs_run-100_train.txt
2025-10-22 12:26:29.392 DEBUG: Saving info: ./results/nacs_run-100_train.txt
2025-10-22 12:26:29.438 DEBUG: Saving info: ./results/nacs_run-100_train.txt
2025-10-22 12:26:29.485 DEBUG: Saving info: ./results/nacs_run-100_train.txt
2025-10-22 12:26:29.532 DEBUG: Saving info: ./results/nacs_run-100_train.txt
2025-10-22 12:26:29.579 DEBUG: Saving info: ./results/nacs_run-100_train.txt
2025-10-22 12:26:29.625 DEBUG: Saving info: ./results/nacs_run-100_train.txt
2025-10-22 12:26:29.672 DEBUG: Saving info: ./results/nacs_run-100_train.txt
2025-10-22 12:26:29.718 DEBUG: Saving info: ./results/nacs_run-100_train.txt
2025-10-22 12:26:29.764 DEBUG: Saving info: ./results/nacs_run-100_train.txt
2025-10-22 12:26:29.811 DEBUG: Saving info: ./results/nacs_run-100_train.txt
2025-10-22 12:26:29.857 DEBUG: Saving info: ./results/nacs_run-100_train.txt
2025-10-22 12:26:29.904 DEBUG: Saving info: ./results/nacs_run-100_train.txt
2025-10-22 12:26:29.950 DEBUG: Saving info: ./results/nacs_run-100_train.txt
2025-10-22 12:26:59.414 INFO: ===========VERIFYING SETTINGS===========
2025-10-22 12:26:59.414 INFO: MACE version: 0.3.6
2025-10-22 12:26:59.414 DEBUG: Configuration: Namespace(config=None, name='nacs', seed=100, work_dir='.', nacs_key='smooth_nacs', log_dir='./logs', model_dir='.', checkpoints_dir='./checkpoints', results_dir='./results', downloads_dir='./downloads', device='cuda', default_dtype='float32', distributed=False, log_level='INFO', n_energies=4, error_table='EnergyNacsDipoleMAE', model='ExcitedMACE', r_max=5.0, num_permutational_invariant=16, radial_type='bessel', num_radial_basis=8, num_cutoff_basis=5, pair_repulsion=False, distance_transform='None', interaction='RealAgnosticResidualInteractionBlock', interaction_first='RealAgnosticResidualInteractionBlock', max_ell=3, correlation=3, num_interactions=2, MLP_irreps='32x0e', radial_MLP='[64, 64, 64]', hidden_irreps='32x0e + 32x1o', num_channels=32, max_L=1, gate='silu', scaling='rms_forces_scaling', avg_num_neighbors=1, compute_avg_num_neighbors=True, compute_stress=False, compute_forces=True, compute_dipoles=True, compute_nacs=False, compute_socs=True, train_file='SINGLET_SOC_ALL.xyz', valid_file=None, valid_fraction=0.1, test_file=None, test_dir=None, multi_processed_test=False, num_workers=0, pin_memory=True, atomic_numbers=None, mean=None, std=None, statistics_file=None, E0s='average', keep_isolated_atoms=False, energy_key='REF_energy', forces_key='REF_forces', virials_key='REF_virials', stress_key='REF_stress', dipoles_key='REF_dipoles', charges_key='REF_charges', loss='weighted', forces_weight=0.0, nacs_weight=100.0, socs_weight=100.0, soc_num=252, nac_num=None, swa_forces_weight=100.0, energy_weight=100.0, swa_energy_weight=1000.0, virials_weight=1.0, swa_virials_weight=10.0, stress_weight=1.0, swa_stress_weight=10.0, dipoles_weight=1.0, swa_dipole_weight=1.0, config_type_weights='{"Default":1.0}', huber_delta=0.01, optimizer='adam', beta=0.9, batch_size=10, valid_batch_size=10, lr=0.0001, swa_lr=0.001, weight_decay=5e-07, amsgrad=True, scheduler='ReduceLROnPlateau', lr_factor=0.8, scheduler_patience=50, lr_scheduler_gamma=0.9993, swa=False, start_swa=None, ema=True, ema_decay=0.99, max_num_epochs=100, patience=2048, foundation_model=None, foundation_model_readout=True, eval_interval=1, keep_checkpoints=False, save_all_checkpoints=False, restart_latest=False, save_cpu=False, clip_grad=10.0, wandb=False, wandb_dir=None, wandb_project='', wandb_entity='', wandb_name='', wandb_log_hypers=['num_channels', 'max_L', 'correlation', 'lr', 'swa_lr', 'weight_decay', 'batch_size', 'max_num_epochs', 'start_swa', 'energy_weight', 'forces_weight'])
2025-10-22 12:26:59.443 INFO: CUDA version: 12.4, CUDA device: 0
2025-10-22 12:26:59.460 DEBUG: Popen(['git', 'version'], cwd=/home/rhyan/Exciton_model/X-MACE, stdin=None, shell=False, universal_newlines=False)
2025-10-22 12:26:59.462 DEBUG: Popen(['git', 'version'], cwd=/home/rhyan/Exciton_model/X-MACE, stdin=None, shell=False, universal_newlines=False)
2025-10-22 12:26:59.463 DEBUG: sys.platform='linux', git_executable='git'
2025-10-22 12:26:59.464 DEBUG: Popen(['git', 'cat-file', '--batch-check'], cwd=/home/rhyan/Exciton_model/X-MACE, stdin=<valid stream>, shell=False, universal_newlines=False)
2025-10-22 12:26:59.465 DEBUG: Current Git commit: c8c2669a37c36e6342b34860e4a7a0a201afa6e5
2025-10-22 12:26:59.465 INFO: 
2025-10-22 12:26:59.465 INFO: ===========LOADING INPUT DATA===========
2025-10-22 12:27:04.272 INFO: Using random 10% of training set for validation with indices saved in: ./valid_indices_100.txt
2025-10-22 12:27:04.274 INFO: Atomic Numbers used: [1, 6, 7, 8]
2025-10-22 12:27:04.274 INFO: Isolated Atomic Energies (E0s) not in training file, using command line argument
2025-10-22 12:27:04.274 INFO: Computing average Atomic Energies using least squares regression
2025-10-22 12:27:04.282 INFO: Atomic Energies used (z: eV): {1: -967.8427909292559, 6: -1244.3693026233295, 7: -138.2632558470366, 8: -829.5795350822196}
2025-10-22 12:27:04.487 INFO: 
2025-10-22 12:27:04.487 INFO: ===========MODEL DETAILS===========
2025-10-22 12:27:04.734 INFO: Average number of neighbors: 15.7
2025-10-22 12:27:04.735 INFO: During training the following quantities will be reported: energy, forces, dipoles, nacs
2025-10-22 12:27:04.826 INFO: Building model
2025-10-22 12:27:04.826 INFO: Message passing with 32 channels and max_L=1 (32x0e + 32x1o)
2025-10-22 12:27:04.826 INFO: 2 layers, each with correlation order: 3 (body order: 4) and spherical harmonics up to: l=3
2025-10-22 12:27:04.826 INFO: 8 radial and 5 basis functions
2025-10-22 12:27:04.826 INFO: Radial cutoff: 5.0 Å (total receptive field for each atom: 10.0 Å)
2025-10-22 12:27:04.826 INFO: Distance transform for radial basis functions: None
2025-10-22 12:27:05.612 DEBUG: ExcitedMACE(
  (node_embedding): LinearNodeEmbeddingBlock(
    (linear): Linear(4x0e -> 32x0e | 128 weights)
  )
  (radial_embedding): RadialEmbeddingBlock(
    (bessel_fn): BesselBasis(r_max=5.0, num_basis=8, trainable=False)
    (cutoff_fn): PolynomialCutoff(p=5.0, r_max=5.0)
  )
  (spherical_harmonics): SphericalHarmonics()
  (atomic_energies_fn): AtomicEnergiesBlock(energies=[-967.8428, -1244.3693, -138.2633, -829.5795])
  (interactions): ModuleList(
    (0): RealAgnosticInteractionBlock(
      (linear_up): Linear(32x0e -> 32x0e | 1024 weights)
      (conv_tp): TensorProduct(32x0e x 1x0e+1x1o+1x2e+1x3o -> 32x0e+32x1o+32x2e+32x3o | 128 paths | 128 weights)
      (conv_tp_weights): FullyConnectedNet[8, 64, 64, 64, 128]
      (linear): Linear(32x0e+32x1o+32x2e+32x3o -> 32x0e+32x1o+32x2e+32x3o | 4096 weights)
      (skip_tp): FullyConnectedTensorProduct(32x0e+32x1o+32x2e+32x3o x 4x0e -> 32x0e+32x1o+32x2e+32x3o | 16384 paths | 16384 weights)
      (reshape): reshape_irreps()
    )
    (1): RealAgnosticResidualInteractionBlock(
      (linear_up): Linear(32x0e+32x1o -> 32x0e+32x1o | 2048 weights)
      (conv_tp): TensorProduct(32x0e+32x1o x 1x0e+1x1o+1x2e+1x3o -> 64x0e+96x1o+96x2e+64x3o | 320 paths | 320 weights)
      (conv_tp_weights): FullyConnectedNet[8, 64, 64, 64, 320]
      (linear): Linear(64x0e+96x1o+96x2e+64x3o -> 32x0e+32x1o+32x2e+32x3o | 10240 weights)
      (skip_tp): FullyConnectedTensorProduct(32x0e+32x1o x 4x0e -> 32x0e | 4096 paths | 4096 weights)
      (reshape): reshape_irreps()
    )
  )
  (products): ModuleList(
    (0): EquivariantProductBasisBlock(
      (symmetric_contractions): SymmetricContraction(
        (contractions): ModuleList(
          (0): Contraction(
            (contractions_weighting): ModuleList(
              (0-1): 2 x GraphModule()
            )
            (contractions_features): ModuleList(
              (0-1): 2 x GraphModule()
            )
            (weights): ParameterList(
                (0): Parameter containing: [torch.float32 of size 4x4x32 (cuda:0)]
                (1): Parameter containing: [torch.float32 of size 4x1x32 (cuda:0)]
            )
            (graph_opt_main): GraphModule()
          )
          (1): Contraction(
            (contractions_weighting): ModuleList(
              (0-1): 2 x GraphModule()
            )
            (contractions_features): ModuleList(
              (0-1): 2 x GraphModule()
            )
            (weights): ParameterList(
                (0): Parameter containing: [torch.float32 of size 4x6x32 (cuda:0)]
                (1): Parameter containing: [torch.float32 of size 4x1x32 (cuda:0)]
            )
            (graph_opt_main): GraphModule()
          )
        )
      )
      (linear): Linear(32x0e+32x1o -> 32x0e+32x1o | 2048 weights)
    )
    (1): EquivariantProductBasisBlock(
      (symmetric_contractions): SymmetricContraction(
        (contractions): ModuleList(
          (0): Contraction(
            (contractions_weighting): ModuleList(
              (0-1): 2 x GraphModule()
            )
            (contractions_features): ModuleList(
              (0-1): 2 x GraphModule()
            )
            (weights): ParameterList(
                (0): Parameter containing: [torch.float32 of size 4x4x32 (cuda:0)]
                (1): Parameter containing: [torch.float32 of size 4x1x32 (cuda:0)]
            )
            (graph_opt_main): GraphModule()
          )
        )
      )
      (linear): Linear(32x0e -> 32x0e | 1024 weights)
    )
  )
  (readouts): ModuleList(
    (0): LinearReadoutBlock(
      (linear): Linear(32x0e+32x1o -> 4x0e | 128 weights)
    )
    (1): NonLinearReadoutBlock(
      (linear_1): Linear(32x0e -> 32x0e | 1024 weights)
      (non_linearity): Activation [x] (32x0e -> 32x0e)
      (linear_2): Linear(32x0e -> 4x0e | 128 weights)
    )
  )
  (socs_readouts): ModuleList(
    (0): LinearSocReadoutBlock(
      (linear): Linear(32x0e+32x1o -> 252x0e | 8064 weights)
    )
    (1): NonLinearSocReadoutBlock(
      (equivariant_nonlin): Gate (32x0e -> 32x0e)
      (linear_1): Linear(32x0e -> 32x0e | 1024 weights)
      (linear_2): Linear(32x0e -> 252x0e | 8064 weights)
    )
  )
)
2025-10-22 12:27:05.613 INFO: Total number of parameters: 120192
2025-10-22 12:27:05.613 INFO: 
2025-10-22 12:27:05.613 INFO: ===========OPTIMIZER INFORMATION===========
2025-10-22 12:27:05.613 INFO: Using ADAM as parameter optimizer
2025-10-22 12:27:05.613 INFO: Batch size: 10
2025-10-22 12:27:05.613 INFO: Using Exponential Moving Average with decay: 0.99
2025-10-22 12:27:05.613 INFO: Number of gradient updates: 8550
2025-10-22 12:27:05.613 INFO: Learning rate: 0.0001, weight decay: 5e-07
2025-10-22 12:27:05.613 INFO: WeightedEnergyForcesNacsDipoleLoss(energy_weight=100.000, forces_weight=0.000, dipole_weight=1.000)
2025-10-22 12:27:05.614 INFO: Using gradient clipping with tolerance=10.000
2025-10-22 12:27:05.614 INFO: 
2025-10-22 12:27:05.614 INFO: ===========TRAINING===========
2025-10-22 12:27:05.614 INFO: Started training, reporting errors on validation set
2025-10-22 12:27:05.614 INFO: Loss metrics on validation set
2025-10-22 12:27:08.126 DEBUG: Saving info: ./results/nacs_run-100_train.txt
2025-10-22 12:27:08.611 DEBUG: Saving info: ./results/nacs_run-100_train.txt
2025-10-22 12:27:09.220 DEBUG: Saving info: ./results/nacs_run-100_train.txt
2025-10-22 12:27:09.881 DEBUG: Saving info: ./results/nacs_run-100_train.txt
2025-10-22 12:27:09.998 DEBUG: Saving info: ./results/nacs_run-100_train.txt
2025-10-22 12:27:10.115 DEBUG: Saving info: ./results/nacs_run-100_train.txt
2025-10-22 12:27:10.232 DEBUG: Saving info: ./results/nacs_run-100_train.txt
2025-10-22 12:27:10.348 DEBUG: Saving info: ./results/nacs_run-100_train.txt
2025-10-22 12:27:10.464 DEBUG: Saving info: ./results/nacs_run-100_train.txt
2025-10-22 12:27:10.580 DEBUG: Saving info: ./results/nacs_run-100_train.txt
2025-10-22 12:27:10.698 DEBUG: Saving info: ./results/nacs_run-100_train.txt
2025-10-22 12:27:10.814 DEBUG: Saving info: ./results/nacs_run-100_train.txt
2025-10-22 12:27:10.931 DEBUG: Saving info: ./results/nacs_run-100_train.txt
2025-10-22 12:27:11.047 DEBUG: Saving info: ./results/nacs_run-100_train.txt
2025-10-22 12:27:11.164 DEBUG: Saving info: ./results/nacs_run-100_train.txt
2025-10-22 12:27:11.280 DEBUG: Saving info: ./results/nacs_run-100_train.txt
2025-10-22 12:27:11.396 DEBUG: Saving info: ./results/nacs_run-100_train.txt
2025-10-22 12:27:11.513 DEBUG: Saving info: ./results/nacs_run-100_train.txt
2025-10-22 12:27:11.629 DEBUG: Saving info: ./results/nacs_run-100_train.txt
