2025-09-25 10:30:57.768 INFO: ===========VERIFYING SETTINGS===========
2025-09-25 10:30:57.768 INFO: MACE version: 0.3.6
2025-09-25 10:30:57.769 DEBUG: Configuration: Namespace(name='tyrosine', seed=123, work_dir='.', nacs_key='smooth_nacs', log_dir='./logs', model_dir='.', checkpoints_dir='./checkpoints', results_dir='./results', downloads_dir='./downloads', device='cuda', default_dtype='float32', distributed=False, log_level='INFO', n_energies=13, error_table='EnergyNacsDipoleMAE', model='ExcitedMACE', r_max=5.0, num_permutational_invariant=16, radial_type='bessel', num_radial_basis=8, num_cutoff_basis=5, pair_repulsion=False, distance_transform='None', interaction='RealAgnosticResidualInteractionBlock', interaction_first='RealAgnosticResidualInteractionBlock', max_ell=3, correlation=3, num_interactions=2, MLP_irreps='128x0e', radial_MLP='[64, 64, 64]', hidden_irreps='128x0e + 128x1o', num_channels=128, max_L=1, gate='silu', scaling='rms_forces_scaling', avg_num_neighbors=1, compute_avg_num_neighbors=True, compute_stress=False, compute_forces=True, compute_dipoles=True, compute_nacs=True, compute_socs=True, train_file='tyrosine_correct.xyz', valid_file=None, valid_fraction=0.1, test_file=None, test_dir=None, multi_processed_test=False, num_workers=0, pin_memory=True, atomic_numbers=None, mean=None, std=None, statistics_file=None, E0s='average', keep_isolated_atoms=False, energy_key='REF_energy', forces_key='REF_forces', virials_key='REF_virials', stress_key='REF_stress', dipoles_key='REF_dipoles', charges_key='REF_charges', loss='weighted', forces_weight=100.0, nacs_weight=100.0, socs_weight=1000.0, soc_num=812, swa_forces_weight=100.0, energy_weight=100.0, swa_energy_weight=1000.0, virials_weight=1.0, swa_virials_weight=10.0, stress_weight=1.0, swa_stress_weight=10.0, dipoles_weight=1.0, swa_dipole_weight=1.0, config_type_weights='{"Default":1.0}', huber_delta=0.01, optimizer='adam', beta=0.9, batch_size=10, valid_batch_size=10, lr=0.001, swa_lr=0.001, weight_decay=5e-07, amsgrad=True, scheduler='ReduceLROnPlateau', lr_factor=0.8, scheduler_patience=50, lr_scheduler_gamma=0.9993, swa=False, start_swa=None, ema=True, ema_decay=0.99, max_num_epochs=10, patience=2048, foundation_model=None, foundation_model_readout=True, eval_interval=1, keep_checkpoints=False, save_all_checkpoints=False, restart_latest=False, save_cpu=False, clip_grad=10.0, wandb=False, wandb_dir=None, wandb_project='', wandb_entity='', wandb_name='', wandb_log_hypers=['num_channels', 'max_L', 'correlation', 'lr', 'swa_lr', 'weight_decay', 'batch_size', 'max_num_epochs', 'start_swa', 'energy_weight', 'forces_weight'])
2025-09-25 10:30:58.113 INFO: CUDA version: 12.4, CUDA device: 0
2025-09-25 10:30:58.132 DEBUG: Popen(['git', 'version'], cwd=/home/rhyan/Exciton_model/X-MACE, stdin=None, shell=False, universal_newlines=False)
2025-09-25 10:30:58.134 DEBUG: Popen(['git', 'version'], cwd=/home/rhyan/Exciton_model/X-MACE, stdin=None, shell=False, universal_newlines=False)
2025-09-25 10:30:58.135 DEBUG: sys.platform='linux', git_executable='git'
2025-09-25 10:30:58.143 DEBUG: Popen(['git', 'cat-file', '--batch-check'], cwd=/home/rhyan/Exciton_model/X-MACE, stdin=<valid stream>, shell=False, universal_newlines=False)
2025-09-25 10:30:58.145 DEBUG: Current Git commit: 0861c52cf365064d060e006c179e4cc1785b61c2
2025-09-25 10:30:58.145 INFO: 
2025-09-25 10:30:58.145 INFO: ===========LOADING INPUT DATA===========
2025-09-25 10:30:58.590 INFO: Using random 10% of training set for validation with indices saved in: ./valid_indices_123.txt
2025-09-25 10:30:58.590 INFO: Atomic Numbers used: [1, 6, 7, 8]
2025-09-25 10:30:58.590 INFO: Isolated Atomic Energies (E0s) not in training file, using command line argument
2025-09-25 10:30:58.590 INFO: Computing average Atomic Energies using least squares regression
2025-09-25 10:30:58.594 INFO: Atomic Energies used (z: eV): {1: -887.1094175756843, 6: -725.8167961982872, 7: -80.64631068869856, 8: -241.9389320660957}
2025-09-25 10:30:58.623 INFO: 
2025-09-25 10:30:58.623 INFO: ===========MODEL DETAILS===========
2025-09-25 10:30:58.747 INFO: Average number of neighbors: 6.4
2025-09-25 10:30:58.748 INFO: During training the following quantities will be reported: energy, forces, dipoles, nacs
2025-09-25 10:30:58.759 INFO: Building model
2025-09-25 10:30:58.759 INFO: Message passing with 128 channels and max_L=1 (128x0e + 128x1o)
2025-09-25 10:30:58.759 INFO: 2 layers, each with correlation order: 3 (body order: 4) and spherical harmonics up to: l=3
2025-09-25 10:30:58.759 INFO: 8 radial and 5 basis functions
2025-09-25 10:30:58.759 INFO: Radial cutoff: 5.0 Å (total receptive field for each atom: 10.0 Å)
2025-09-25 10:30:58.759 INFO: Distance transform for radial basis functions: None
2025-09-25 10:30:59.549 DEBUG: ExcitedMACE(
  (node_embedding): LinearNodeEmbeddingBlock(
    (linear): Linear(4x0e -> 128x0e | 512 weights)
  )
  (radial_embedding): RadialEmbeddingBlock(
    (bessel_fn): BesselBasis(r_max=5.0, num_basis=8, trainable=False)
    (cutoff_fn): PolynomialCutoff(p=5.0, r_max=5.0)
  )
  (spherical_harmonics): SphericalHarmonics()
  (atomic_energies_fn): AtomicEnergiesBlock(energies=[-887.1094, -725.8168, -80.6463, -241.9389])
  (interactions): ModuleList(
    (0): RealAgnosticInteractionBlock(
      (linear_up): Linear(128x0e -> 128x0e | 16384 weights)
      (conv_tp): TensorProduct(128x0e x 1x0e+1x1o+1x2e+1x3o -> 128x0e+128x1o+128x2e+128x3o | 512 paths | 512 weights)
      (conv_tp_weights): FullyConnectedNet[8, 64, 64, 64, 512]
      (linear): Linear(128x0e+128x1o+128x2e+128x3o -> 128x0e+128x1o+128x2e+128x3o | 65536 weights)
      (skip_tp): FullyConnectedTensorProduct(128x0e+128x1o+128x2e+128x3o x 4x0e -> 128x0e+128x1o+128x2e+128x3o | 262144 paths | 262144 weights)
      (reshape): reshape_irreps()
    )
    (1): RealAgnosticResidualInteractionBlock(
      (linear_up): Linear(128x0e+128x1o -> 128x0e+128x1o | 32768 weights)
      (conv_tp): TensorProduct(128x0e+128x1o x 1x0e+1x1o+1x2e+1x3o -> 256x0e+384x1o+384x2e+256x3o | 1280 paths | 1280 weights)
      (conv_tp_weights): FullyConnectedNet[8, 64, 64, 64, 1280]
      (linear): Linear(256x0e+384x1o+384x2e+256x3o -> 128x0e+128x1o+128x2e+128x3o | 163840 weights)
      (skip_tp): FullyConnectedTensorProduct(128x0e+128x1o x 4x0e -> 128x0e | 65536 paths | 65536 weights)
      (reshape): reshape_irreps()
    )
  )
  (products): ModuleList(
    (0): EquivariantProductBasisBlock(
      (symmetric_contractions): SymmetricContraction(
        (contractions): ModuleList(
          (0): Contraction(
            (contractions_weighting): ModuleList(
              (0-1): 2 x GraphModule()
            )
            (contractions_features): ModuleList(
              (0-1): 2 x GraphModule()
            )
            (weights): ParameterList(
                (0): Parameter containing: [torch.float32 of size 4x4x128 (cuda:0)]
                (1): Parameter containing: [torch.float32 of size 4x1x128 (cuda:0)]
            )
            (graph_opt_main): GraphModule()
          )
          (1): Contraction(
            (contractions_weighting): ModuleList(
              (0-1): 2 x GraphModule()
            )
            (contractions_features): ModuleList(
              (0-1): 2 x GraphModule()
            )
            (weights): ParameterList(
                (0): Parameter containing: [torch.float32 of size 4x6x128 (cuda:0)]
                (1): Parameter containing: [torch.float32 of size 4x1x128 (cuda:0)]
            )
            (graph_opt_main): GraphModule()
          )
        )
      )
      (linear): Linear(128x0e+128x1o -> 128x0e+128x1o | 32768 weights)
    )
    (1): EquivariantProductBasisBlock(
      (symmetric_contractions): SymmetricContraction(
        (contractions): ModuleList(
          (0): Contraction(
            (contractions_weighting): ModuleList(
              (0-1): 2 x GraphModule()
            )
            (contractions_features): ModuleList(
              (0-1): 2 x GraphModule()
            )
            (weights): ParameterList(
                (0): Parameter containing: [torch.float32 of size 4x4x128 (cuda:0)]
                (1): Parameter containing: [torch.float32 of size 4x1x128 (cuda:0)]
            )
            (graph_opt_main): GraphModule()
          )
        )
      )
      (linear): Linear(128x0e -> 128x0e | 16384 weights)
    )
  )
  (readouts): ModuleList(
    (0): LinearDipoleReadoutBlock(
      (linear): Linear(128x0e+128x1o -> 13x0e+169x1o | 23296 weights)
    )
    (1): NonLinearDipoleReadoutBlock(
      (equivariant_nonlin): Gate (128x0e -> 128x0e)
      (linear_1): Linear(128x0e -> 128x0e | 16384 weights)
      (linear_2): Linear(128x0e -> 13x0e+169x1o | 1664 weights)
    )
  )
  (socs_readouts): ModuleList(
    (0): LinearSocReadoutBlock(
      (linear): Linear(128x0e+128x1o -> 812x1o | 103936 weights)
    )
    (1): NonLinearSocReadoutBlock(
      (equivariant_nonlin): Gate ( -> )
      (linear_1): Linear(128x0e ->  | 0 weights)
      (linear_2): Linear(128x0e -> 812x1o | 0 weights)
    )
  )
)
2025-09-25 10:30:59.551 INFO: Total number of parameters: 991616
2025-09-25 10:30:59.551 INFO: 
2025-09-25 10:30:59.551 INFO: ===========OPTIMIZER INFORMATION===========
2025-09-25 10:30:59.551 INFO: Using ADAM as parameter optimizer
2025-09-25 10:30:59.551 INFO: Batch size: 10
2025-09-25 10:30:59.551 INFO: Using Exponential Moving Average with decay: 0.99
2025-09-25 10:30:59.551 INFO: Number of gradient updates: 90
2025-09-25 10:30:59.551 INFO: Learning rate: 0.001, weight decay: 5e-07
2025-09-25 10:30:59.551 INFO: WeightedEnergyForcesNacsDipoleLoss(energy_weight=100.000, forces_weight=100.000, dipole_weight=1.000)
2025-09-25 10:30:59.552 INFO: Using gradient clipping with tolerance=10.000
2025-09-25 10:30:59.552 INFO: 
2025-09-25 10:30:59.552 INFO: ===========TRAINING===========
2025-09-25 10:30:59.552 INFO: Started training, reporting errors on validation set
2025-09-25 10:30:59.552 INFO: Loss metrics on validation set
2025-09-25 10:31:51.466 INFO: ===========VERIFYING SETTINGS===========
2025-09-25 10:31:51.466 INFO: MACE version: 0.3.6
2025-09-25 10:31:51.466 DEBUG: Configuration: Namespace(name='tyrosine', seed=123, work_dir='.', nacs_key='smooth_nacs', log_dir='./logs', model_dir='.', checkpoints_dir='./checkpoints', results_dir='./results', downloads_dir='./downloads', device='cuda', default_dtype='float32', distributed=False, log_level='INFO', n_energies=13, error_table='EnergyNacsDipoleMAE', model='ExcitedMACE', r_max=5.0, num_permutational_invariant=16, radial_type='bessel', num_radial_basis=8, num_cutoff_basis=5, pair_repulsion=False, distance_transform='None', interaction='RealAgnosticResidualInteractionBlock', interaction_first='RealAgnosticResidualInteractionBlock', max_ell=3, correlation=3, num_interactions=2, MLP_irreps='128x0e', radial_MLP='[64, 64, 64]', hidden_irreps='128x0e + 128x1o', num_channels=128, max_L=1, gate='silu', scaling='rms_forces_scaling', avg_num_neighbors=1, compute_avg_num_neighbors=True, compute_stress=False, compute_forces=True, compute_dipoles=True, compute_nacs=True, compute_socs=True, train_file='tyrosine_correct.xyz', valid_file=None, valid_fraction=0.1, test_file=None, test_dir=None, multi_processed_test=False, num_workers=0, pin_memory=True, atomic_numbers=None, mean=None, std=None, statistics_file=None, E0s='average', keep_isolated_atoms=False, energy_key='REF_energy', forces_key='REF_forces', virials_key='REF_virials', stress_key='REF_stress', dipoles_key='REF_dipoles', charges_key='REF_charges', loss='weighted', forces_weight=100.0, nacs_weight=100.0, socs_weight=1000.0, soc_num=812, swa_forces_weight=100.0, energy_weight=100.0, swa_energy_weight=1000.0, virials_weight=1.0, swa_virials_weight=10.0, stress_weight=1.0, swa_stress_weight=10.0, dipoles_weight=1.0, swa_dipole_weight=1.0, config_type_weights='{"Default":1.0}', huber_delta=0.01, optimizer='adam', beta=0.9, batch_size=10, valid_batch_size=10, lr=0.001, swa_lr=0.001, weight_decay=5e-07, amsgrad=True, scheduler='ReduceLROnPlateau', lr_factor=0.8, scheduler_patience=50, lr_scheduler_gamma=0.9993, swa=False, start_swa=None, ema=True, ema_decay=0.99, max_num_epochs=10, patience=2048, foundation_model=None, foundation_model_readout=True, eval_interval=1, keep_checkpoints=False, save_all_checkpoints=False, restart_latest=False, save_cpu=False, clip_grad=10.0, wandb=False, wandb_dir=None, wandb_project='', wandb_entity='', wandb_name='', wandb_log_hypers=['num_channels', 'max_L', 'correlation', 'lr', 'swa_lr', 'weight_decay', 'batch_size', 'max_num_epochs', 'start_swa', 'energy_weight', 'forces_weight'])
2025-09-25 10:31:51.645 INFO: CUDA version: 12.4, CUDA device: 0
2025-09-25 10:31:51.663 DEBUG: Popen(['git', 'version'], cwd=/home/rhyan/Exciton_model/X-MACE, stdin=None, shell=False, universal_newlines=False)
2025-09-25 10:31:51.664 DEBUG: Popen(['git', 'version'], cwd=/home/rhyan/Exciton_model/X-MACE, stdin=None, shell=False, universal_newlines=False)
2025-09-25 10:31:51.666 DEBUG: sys.platform='linux', git_executable='git'
2025-09-25 10:31:51.666 DEBUG: Popen(['git', 'cat-file', '--batch-check'], cwd=/home/rhyan/Exciton_model/X-MACE, stdin=<valid stream>, shell=False, universal_newlines=False)
2025-09-25 10:31:51.667 DEBUG: Current Git commit: 0861c52cf365064d060e006c179e4cc1785b61c2
2025-09-25 10:31:51.667 INFO: 
2025-09-25 10:31:51.667 INFO: ===========LOADING INPUT DATA===========
2025-09-25 10:31:52.111 INFO: Using random 10% of training set for validation with indices saved in: ./valid_indices_123.txt
2025-09-25 10:31:52.111 INFO: Atomic Numbers used: [1, 6, 7, 8]
2025-09-25 10:31:52.111 INFO: Isolated Atomic Energies (E0s) not in training file, using command line argument
2025-09-25 10:31:52.111 INFO: Computing average Atomic Energies using least squares regression
2025-09-25 10:31:52.114 INFO: Atomic Energies used (z: eV): {1: -887.1094175756843, 6: -725.8167961982872, 7: -80.64631068869856, 8: -241.9389320660957}
2025-09-25 10:31:52.137 INFO: 
2025-09-25 10:31:52.137 INFO: ===========MODEL DETAILS===========
2025-09-25 10:31:52.257 INFO: Average number of neighbors: 6.4
2025-09-25 10:31:52.257 INFO: During training the following quantities will be reported: energy, forces, dipoles, nacs
2025-09-25 10:31:52.268 INFO: Building model
2025-09-25 10:31:52.268 INFO: Message passing with 128 channels and max_L=1 (128x0e + 128x1o)
2025-09-25 10:31:52.268 INFO: 2 layers, each with correlation order: 3 (body order: 4) and spherical harmonics up to: l=3
2025-09-25 10:31:52.268 INFO: 8 radial and 5 basis functions
2025-09-25 10:31:52.268 INFO: Radial cutoff: 5.0 Å (total receptive field for each atom: 10.0 Å)
2025-09-25 10:31:52.268 INFO: Distance transform for radial basis functions: None
2025-09-25 10:31:53.056 DEBUG: ExcitedMACE(
  (node_embedding): LinearNodeEmbeddingBlock(
    (linear): Linear(4x0e -> 128x0e | 512 weights)
  )
  (radial_embedding): RadialEmbeddingBlock(
    (bessel_fn): BesselBasis(r_max=5.0, num_basis=8, trainable=False)
    (cutoff_fn): PolynomialCutoff(p=5.0, r_max=5.0)
  )
  (spherical_harmonics): SphericalHarmonics()
  (atomic_energies_fn): AtomicEnergiesBlock(energies=[-887.1094, -725.8168, -80.6463, -241.9389])
  (interactions): ModuleList(
    (0): RealAgnosticInteractionBlock(
      (linear_up): Linear(128x0e -> 128x0e | 16384 weights)
      (conv_tp): TensorProduct(128x0e x 1x0e+1x1o+1x2e+1x3o -> 128x0e+128x1o+128x2e+128x3o | 512 paths | 512 weights)
      (conv_tp_weights): FullyConnectedNet[8, 64, 64, 64, 512]
      (linear): Linear(128x0e+128x1o+128x2e+128x3o -> 128x0e+128x1o+128x2e+128x3o | 65536 weights)
      (skip_tp): FullyConnectedTensorProduct(128x0e+128x1o+128x2e+128x3o x 4x0e -> 128x0e+128x1o+128x2e+128x3o | 262144 paths | 262144 weights)
      (reshape): reshape_irreps()
    )
    (1): RealAgnosticResidualInteractionBlock(
      (linear_up): Linear(128x0e+128x1o -> 128x0e+128x1o | 32768 weights)
      (conv_tp): TensorProduct(128x0e+128x1o x 1x0e+1x1o+1x2e+1x3o -> 256x0e+384x1o+384x2e+256x3o | 1280 paths | 1280 weights)
      (conv_tp_weights): FullyConnectedNet[8, 64, 64, 64, 1280]
      (linear): Linear(256x0e+384x1o+384x2e+256x3o -> 128x0e+128x1o+128x2e+128x3o | 163840 weights)
      (skip_tp): FullyConnectedTensorProduct(128x0e+128x1o x 4x0e -> 128x0e | 65536 paths | 65536 weights)
      (reshape): reshape_irreps()
    )
  )
  (products): ModuleList(
    (0): EquivariantProductBasisBlock(
      (symmetric_contractions): SymmetricContraction(
        (contractions): ModuleList(
          (0): Contraction(
            (contractions_weighting): ModuleList(
              (0-1): 2 x GraphModule()
            )
            (contractions_features): ModuleList(
              (0-1): 2 x GraphModule()
            )
            (weights): ParameterList(
                (0): Parameter containing: [torch.float32 of size 4x4x128 (cuda:0)]
                (1): Parameter containing: [torch.float32 of size 4x1x128 (cuda:0)]
            )
            (graph_opt_main): GraphModule()
          )
          (1): Contraction(
            (contractions_weighting): ModuleList(
              (0-1): 2 x GraphModule()
            )
            (contractions_features): ModuleList(
              (0-1): 2 x GraphModule()
            )
            (weights): ParameterList(
                (0): Parameter containing: [torch.float32 of size 4x6x128 (cuda:0)]
                (1): Parameter containing: [torch.float32 of size 4x1x128 (cuda:0)]
            )
            (graph_opt_main): GraphModule()
          )
        )
      )
      (linear): Linear(128x0e+128x1o -> 128x0e+128x1o | 32768 weights)
    )
    (1): EquivariantProductBasisBlock(
      (symmetric_contractions): SymmetricContraction(
        (contractions): ModuleList(
          (0): Contraction(
            (contractions_weighting): ModuleList(
              (0-1): 2 x GraphModule()
            )
            (contractions_features): ModuleList(
              (0-1): 2 x GraphModule()
            )
            (weights): ParameterList(
                (0): Parameter containing: [torch.float32 of size 4x4x128 (cuda:0)]
                (1): Parameter containing: [torch.float32 of size 4x1x128 (cuda:0)]
            )
            (graph_opt_main): GraphModule()
          )
        )
      )
      (linear): Linear(128x0e -> 128x0e | 16384 weights)
    )
  )
  (readouts): ModuleList(
    (0): LinearDipoleReadoutBlock(
      (linear): Linear(128x0e+128x1o -> 13x0e+169x1o | 23296 weights)
    )
    (1): NonLinearDipoleReadoutBlock(
      (equivariant_nonlin): Gate (128x0e -> 128x0e)
      (linear_1): Linear(128x0e -> 128x0e | 16384 weights)
      (linear_2): Linear(128x0e -> 13x0e+169x1o | 1664 weights)
    )
  )
  (socs_readouts): ModuleList(
    (0): LinearSocReadoutBlock(
      (linear): Linear(128x0e+128x1o -> 812x1o | 103936 weights)
    )
    (1): NonLinearSocReadoutBlock(
      (equivariant_nonlin): Gate ( -> )
      (linear_1): Linear(128x0e ->  | 0 weights)
      (linear_2): Linear(128x0e -> 812x1o | 0 weights)
    )
  )
)
2025-09-25 10:31:53.058 INFO: Total number of parameters: 991616
2025-09-25 10:31:53.058 INFO: 
2025-09-25 10:31:53.058 INFO: ===========OPTIMIZER INFORMATION===========
2025-09-25 10:31:53.058 INFO: Using ADAM as parameter optimizer
2025-09-25 10:31:53.058 INFO: Batch size: 10
2025-09-25 10:31:53.058 INFO: Using Exponential Moving Average with decay: 0.99
2025-09-25 10:31:53.058 INFO: Number of gradient updates: 90
2025-09-25 10:31:53.058 INFO: Learning rate: 0.001, weight decay: 5e-07
2025-09-25 10:31:53.058 INFO: WeightedEnergyForcesNacsDipoleLoss(energy_weight=100.000, forces_weight=100.000, dipole_weight=1.000)
2025-09-25 10:31:53.059 INFO: Using gradient clipping with tolerance=10.000
2025-09-25 10:31:53.059 INFO: 
2025-09-25 10:31:53.059 INFO: ===========TRAINING===========
2025-09-25 10:31:53.059 INFO: Started training, reporting errors on validation set
2025-09-25 10:31:53.059 INFO: Loss metrics on validation set
2025-09-25 10:32:47.611 INFO: ===========VERIFYING SETTINGS===========
2025-09-25 10:32:47.611 INFO: MACE version: 0.3.6
2025-09-25 10:32:47.611 DEBUG: Configuration: Namespace(name='tyrosine', seed=123, work_dir='.', nacs_key='smooth_nacs', log_dir='./logs', model_dir='.', checkpoints_dir='./checkpoints', results_dir='./results', downloads_dir='./downloads', device='cuda', default_dtype='float32', distributed=False, log_level='INFO', n_energies=13, error_table='EnergyNacsDipoleMAE', model='ExcitedMACE', r_max=5.0, num_permutational_invariant=16, radial_type='bessel', num_radial_basis=8, num_cutoff_basis=5, pair_repulsion=False, distance_transform='None', interaction='RealAgnosticResidualInteractionBlock', interaction_first='RealAgnosticResidualInteractionBlock', max_ell=3, correlation=3, num_interactions=2, MLP_irreps='128x0e', radial_MLP='[64, 64, 64]', hidden_irreps='128x0e + 128x1o', num_channels=128, max_L=1, gate='silu', scaling='rms_forces_scaling', avg_num_neighbors=1, compute_avg_num_neighbors=True, compute_stress=False, compute_forces=True, compute_dipoles=True, compute_nacs=True, compute_socs=True, train_file='tyrosine_correct.xyz', valid_file=None, valid_fraction=0.1, test_file=None, test_dir=None, multi_processed_test=False, num_workers=0, pin_memory=True, atomic_numbers=None, mean=None, std=None, statistics_file=None, E0s='average', keep_isolated_atoms=False, energy_key='REF_energy', forces_key='REF_forces', virials_key='REF_virials', stress_key='REF_stress', dipoles_key='REF_dipoles', charges_key='REF_charges', loss='weighted', forces_weight=100.0, nacs_weight=100.0, socs_weight=1000.0, soc_num=812, swa_forces_weight=100.0, energy_weight=100.0, swa_energy_weight=1000.0, virials_weight=1.0, swa_virials_weight=10.0, stress_weight=1.0, swa_stress_weight=10.0, dipoles_weight=1.0, swa_dipole_weight=1.0, config_type_weights='{"Default":1.0}', huber_delta=0.01, optimizer='adam', beta=0.9, batch_size=10, valid_batch_size=10, lr=0.001, swa_lr=0.001, weight_decay=5e-07, amsgrad=True, scheduler='ReduceLROnPlateau', lr_factor=0.8, scheduler_patience=50, lr_scheduler_gamma=0.9993, swa=False, start_swa=None, ema=True, ema_decay=0.99, max_num_epochs=10, patience=2048, foundation_model=None, foundation_model_readout=True, eval_interval=1, keep_checkpoints=False, save_all_checkpoints=False, restart_latest=False, save_cpu=False, clip_grad=10.0, wandb=False, wandb_dir=None, wandb_project='', wandb_entity='', wandb_name='', wandb_log_hypers=['num_channels', 'max_L', 'correlation', 'lr', 'swa_lr', 'weight_decay', 'batch_size', 'max_num_epochs', 'start_swa', 'energy_weight', 'forces_weight'])
2025-09-25 10:32:47.775 INFO: CUDA version: 12.4, CUDA device: 0
2025-09-25 10:32:47.793 DEBUG: Popen(['git', 'version'], cwd=/home/rhyan/Exciton_model/X-MACE, stdin=None, shell=False, universal_newlines=False)
2025-09-25 10:32:47.795 DEBUG: Popen(['git', 'version'], cwd=/home/rhyan/Exciton_model/X-MACE, stdin=None, shell=False, universal_newlines=False)
2025-09-25 10:32:47.796 DEBUG: sys.platform='linux', git_executable='git'
2025-09-25 10:32:47.796 DEBUG: Popen(['git', 'cat-file', '--batch-check'], cwd=/home/rhyan/Exciton_model/X-MACE, stdin=<valid stream>, shell=False, universal_newlines=False)
2025-09-25 10:32:47.797 DEBUG: Current Git commit: 0861c52cf365064d060e006c179e4cc1785b61c2
2025-09-25 10:32:47.798 INFO: 
2025-09-25 10:32:47.798 INFO: ===========LOADING INPUT DATA===========
2025-09-25 10:32:48.240 INFO: Using random 10% of training set for validation with indices saved in: ./valid_indices_123.txt
2025-09-25 10:32:48.240 INFO: Atomic Numbers used: [1, 6, 7, 8]
2025-09-25 10:32:48.240 INFO: Isolated Atomic Energies (E0s) not in training file, using command line argument
2025-09-25 10:32:48.240 INFO: Computing average Atomic Energies using least squares regression
2025-09-25 10:32:48.243 INFO: Atomic Energies used (z: eV): {1: -887.1094175756843, 6: -725.8167961982872, 7: -80.64631068869856, 8: -241.9389320660957}
2025-09-25 10:32:48.266 INFO: 
2025-09-25 10:32:48.266 INFO: ===========MODEL DETAILS===========
2025-09-25 10:32:48.391 INFO: Average number of neighbors: 6.4
2025-09-25 10:32:48.391 INFO: During training the following quantities will be reported: energy, forces, dipoles, nacs
2025-09-25 10:32:48.402 INFO: Building model
2025-09-25 10:32:48.402 INFO: Message passing with 128 channels and max_L=1 (128x0e + 128x1o)
2025-09-25 10:32:48.402 INFO: 2 layers, each with correlation order: 3 (body order: 4) and spherical harmonics up to: l=3
2025-09-25 10:32:48.402 INFO: 8 radial and 5 basis functions
2025-09-25 10:32:48.402 INFO: Radial cutoff: 5.0 Å (total receptive field for each atom: 10.0 Å)
2025-09-25 10:32:48.402 INFO: Distance transform for radial basis functions: None
2025-09-25 10:32:49.188 DEBUG: ExcitedMACE(
  (node_embedding): LinearNodeEmbeddingBlock(
    (linear): Linear(4x0e -> 128x0e | 512 weights)
  )
  (radial_embedding): RadialEmbeddingBlock(
    (bessel_fn): BesselBasis(r_max=5.0, num_basis=8, trainable=False)
    (cutoff_fn): PolynomialCutoff(p=5.0, r_max=5.0)
  )
  (spherical_harmonics): SphericalHarmonics()
  (atomic_energies_fn): AtomicEnergiesBlock(energies=[-887.1094, -725.8168, -80.6463, -241.9389])
  (interactions): ModuleList(
    (0): RealAgnosticInteractionBlock(
      (linear_up): Linear(128x0e -> 128x0e | 16384 weights)
      (conv_tp): TensorProduct(128x0e x 1x0e+1x1o+1x2e+1x3o -> 128x0e+128x1o+128x2e+128x3o | 512 paths | 512 weights)
      (conv_tp_weights): FullyConnectedNet[8, 64, 64, 64, 512]
      (linear): Linear(128x0e+128x1o+128x2e+128x3o -> 128x0e+128x1o+128x2e+128x3o | 65536 weights)
      (skip_tp): FullyConnectedTensorProduct(128x0e+128x1o+128x2e+128x3o x 4x0e -> 128x0e+128x1o+128x2e+128x3o | 262144 paths | 262144 weights)
      (reshape): reshape_irreps()
    )
    (1): RealAgnosticResidualInteractionBlock(
      (linear_up): Linear(128x0e+128x1o -> 128x0e+128x1o | 32768 weights)
      (conv_tp): TensorProduct(128x0e+128x1o x 1x0e+1x1o+1x2e+1x3o -> 256x0e+384x1o+384x2e+256x3o | 1280 paths | 1280 weights)
      (conv_tp_weights): FullyConnectedNet[8, 64, 64, 64, 1280]
      (linear): Linear(256x0e+384x1o+384x2e+256x3o -> 128x0e+128x1o+128x2e+128x3o | 163840 weights)
      (skip_tp): FullyConnectedTensorProduct(128x0e+128x1o x 4x0e -> 128x0e | 65536 paths | 65536 weights)
      (reshape): reshape_irreps()
    )
  )
  (products): ModuleList(
    (0): EquivariantProductBasisBlock(
      (symmetric_contractions): SymmetricContraction(
        (contractions): ModuleList(
          (0): Contraction(
            (contractions_weighting): ModuleList(
              (0-1): 2 x GraphModule()
            )
            (contractions_features): ModuleList(
              (0-1): 2 x GraphModule()
            )
            (weights): ParameterList(
                (0): Parameter containing: [torch.float32 of size 4x4x128 (cuda:0)]
                (1): Parameter containing: [torch.float32 of size 4x1x128 (cuda:0)]
            )
            (graph_opt_main): GraphModule()
          )
          (1): Contraction(
            (contractions_weighting): ModuleList(
              (0-1): 2 x GraphModule()
            )
            (contractions_features): ModuleList(
              (0-1): 2 x GraphModule()
            )
            (weights): ParameterList(
                (0): Parameter containing: [torch.float32 of size 4x6x128 (cuda:0)]
                (1): Parameter containing: [torch.float32 of size 4x1x128 (cuda:0)]
            )
            (graph_opt_main): GraphModule()
          )
        )
      )
      (linear): Linear(128x0e+128x1o -> 128x0e+128x1o | 32768 weights)
    )
    (1): EquivariantProductBasisBlock(
      (symmetric_contractions): SymmetricContraction(
        (contractions): ModuleList(
          (0): Contraction(
            (contractions_weighting): ModuleList(
              (0-1): 2 x GraphModule()
            )
            (contractions_features): ModuleList(
              (0-1): 2 x GraphModule()
            )
            (weights): ParameterList(
                (0): Parameter containing: [torch.float32 of size 4x4x128 (cuda:0)]
                (1): Parameter containing: [torch.float32 of size 4x1x128 (cuda:0)]
            )
            (graph_opt_main): GraphModule()
          )
        )
      )
      (linear): Linear(128x0e -> 128x0e | 16384 weights)
    )
  )
  (readouts): ModuleList(
    (0): LinearDipoleReadoutBlock(
      (linear): Linear(128x0e+128x1o -> 13x0e+169x1o | 23296 weights)
    )
    (1): NonLinearDipoleReadoutBlock(
      (equivariant_nonlin): Gate (128x0e -> 128x0e)
      (linear_1): Linear(128x0e -> 128x0e | 16384 weights)
      (linear_2): Linear(128x0e -> 13x0e+169x1o | 1664 weights)
    )
  )
  (socs_readouts): ModuleList(
    (0): LinearSocReadoutBlock(
      (linear): Linear(128x0e+128x1o -> 812x1o | 103936 weights)
    )
    (1): NonLinearSocReadoutBlock(
      (equivariant_nonlin): Gate ( -> )
      (linear_1): Linear(128x0e ->  | 0 weights)
      (linear_2): Linear(128x0e -> 812x1o | 0 weights)
    )
  )
)
2025-09-25 10:32:49.189 INFO: Total number of parameters: 991616
2025-09-25 10:32:49.189 INFO: 
2025-09-25 10:32:49.189 INFO: ===========OPTIMIZER INFORMATION===========
2025-09-25 10:32:49.189 INFO: Using ADAM as parameter optimizer
2025-09-25 10:32:49.189 INFO: Batch size: 10
2025-09-25 10:32:49.189 INFO: Using Exponential Moving Average with decay: 0.99
2025-09-25 10:32:49.189 INFO: Number of gradient updates: 90
2025-09-25 10:32:49.189 INFO: Learning rate: 0.001, weight decay: 5e-07
2025-09-25 10:32:49.189 INFO: WeightedEnergyForcesNacsDipoleLoss(energy_weight=100.000, forces_weight=100.000, dipole_weight=1.000)
2025-09-25 10:32:49.190 INFO: Using gradient clipping with tolerance=10.000
2025-09-25 10:32:49.190 INFO: 
2025-09-25 10:32:49.190 INFO: ===========TRAINING===========
2025-09-25 10:32:49.190 INFO: Started training, reporting errors on validation set
2025-09-25 10:32:49.190 INFO: Loss metrics on validation set
2025-09-25 10:33:11.043 INFO: ===========VERIFYING SETTINGS===========
2025-09-25 10:33:11.043 INFO: MACE version: 0.3.6
2025-09-25 10:33:11.043 DEBUG: Configuration: Namespace(name='tyrosine', seed=123, work_dir='.', nacs_key='smooth_nacs', log_dir='./logs', model_dir='.', checkpoints_dir='./checkpoints', results_dir='./results', downloads_dir='./downloads', device='cuda', default_dtype='float32', distributed=False, log_level='INFO', n_energies=13, error_table='EnergyNacsDipoleMAE', model='ExcitedMACE', r_max=5.0, num_permutational_invariant=16, radial_type='bessel', num_radial_basis=8, num_cutoff_basis=5, pair_repulsion=False, distance_transform='None', interaction='RealAgnosticResidualInteractionBlock', interaction_first='RealAgnosticResidualInteractionBlock', max_ell=3, correlation=3, num_interactions=2, MLP_irreps='128x0e', radial_MLP='[64, 64, 64]', hidden_irreps='128x0e + 128x1o', num_channels=128, max_L=1, gate='silu', scaling='rms_forces_scaling', avg_num_neighbors=1, compute_avg_num_neighbors=True, compute_stress=False, compute_forces=True, compute_dipoles=True, compute_nacs=True, compute_socs=True, train_file='tyrosine_correct.xyz', valid_file=None, valid_fraction=0.1, test_file=None, test_dir=None, multi_processed_test=False, num_workers=0, pin_memory=True, atomic_numbers=None, mean=None, std=None, statistics_file=None, E0s='average', keep_isolated_atoms=False, energy_key='REF_energy', forces_key='REF_forces', virials_key='REF_virials', stress_key='REF_stress', dipoles_key='REF_dipoles', charges_key='REF_charges', loss='weighted', forces_weight=100.0, nacs_weight=100.0, socs_weight=1000.0, soc_num=812, swa_forces_weight=100.0, energy_weight=100.0, swa_energy_weight=1000.0, virials_weight=1.0, swa_virials_weight=10.0, stress_weight=1.0, swa_stress_weight=10.0, dipoles_weight=1.0, swa_dipole_weight=1.0, config_type_weights='{"Default":1.0}', huber_delta=0.01, optimizer='adam', beta=0.9, batch_size=10, valid_batch_size=10, lr=0.001, swa_lr=0.001, weight_decay=5e-07, amsgrad=True, scheduler='ReduceLROnPlateau', lr_factor=0.8, scheduler_patience=50, lr_scheduler_gamma=0.9993, swa=False, start_swa=None, ema=True, ema_decay=0.99, max_num_epochs=10, patience=2048, foundation_model=None, foundation_model_readout=True, eval_interval=1, keep_checkpoints=False, save_all_checkpoints=False, restart_latest=False, save_cpu=False, clip_grad=10.0, wandb=False, wandb_dir=None, wandb_project='', wandb_entity='', wandb_name='', wandb_log_hypers=['num_channels', 'max_L', 'correlation', 'lr', 'swa_lr', 'weight_decay', 'batch_size', 'max_num_epochs', 'start_swa', 'energy_weight', 'forces_weight'])
2025-09-25 10:33:11.207 INFO: CUDA version: 12.4, CUDA device: 0
2025-09-25 10:33:11.225 DEBUG: Popen(['git', 'version'], cwd=/home/rhyan/Exciton_model/X-MACE, stdin=None, shell=False, universal_newlines=False)
2025-09-25 10:33:11.227 DEBUG: Popen(['git', 'version'], cwd=/home/rhyan/Exciton_model/X-MACE, stdin=None, shell=False, universal_newlines=False)
2025-09-25 10:33:11.228 DEBUG: sys.platform='linux', git_executable='git'
2025-09-25 10:33:11.229 DEBUG: Popen(['git', 'cat-file', '--batch-check'], cwd=/home/rhyan/Exciton_model/X-MACE, stdin=<valid stream>, shell=False, universal_newlines=False)
2025-09-25 10:33:11.230 DEBUG: Current Git commit: 0861c52cf365064d060e006c179e4cc1785b61c2
2025-09-25 10:33:11.230 INFO: 
2025-09-25 10:33:11.230 INFO: ===========LOADING INPUT DATA===========
2025-09-25 10:33:11.672 INFO: Using random 10% of training set for validation with indices saved in: ./valid_indices_123.txt
2025-09-25 10:33:11.672 INFO: Atomic Numbers used: [1, 6, 7, 8]
2025-09-25 10:33:11.672 INFO: Isolated Atomic Energies (E0s) not in training file, using command line argument
2025-09-25 10:33:11.672 INFO: Computing average Atomic Energies using least squares regression
2025-09-25 10:33:11.675 INFO: Atomic Energies used (z: eV): {1: -887.1094175756843, 6: -725.8167961982872, 7: -80.64631068869856, 8: -241.9389320660957}
2025-09-25 10:33:11.698 INFO: 
2025-09-25 10:33:11.698 INFO: ===========MODEL DETAILS===========
2025-09-25 10:33:11.822 INFO: Average number of neighbors: 6.4
2025-09-25 10:33:11.822 INFO: During training the following quantities will be reported: energy, forces, dipoles, nacs
2025-09-25 10:33:11.834 INFO: Building model
2025-09-25 10:33:11.834 INFO: Message passing with 128 channels and max_L=1 (128x0e + 128x1o)
2025-09-25 10:33:11.834 INFO: 2 layers, each with correlation order: 3 (body order: 4) and spherical harmonics up to: l=3
2025-09-25 10:33:11.834 INFO: 8 radial and 5 basis functions
2025-09-25 10:33:11.834 INFO: Radial cutoff: 5.0 Å (total receptive field for each atom: 10.0 Å)
2025-09-25 10:33:11.834 INFO: Distance transform for radial basis functions: None
2025-09-25 10:33:12.611 DEBUG: ExcitedMACE(
  (node_embedding): LinearNodeEmbeddingBlock(
    (linear): Linear(4x0e -> 128x0e | 512 weights)
  )
  (radial_embedding): RadialEmbeddingBlock(
    (bessel_fn): BesselBasis(r_max=5.0, num_basis=8, trainable=False)
    (cutoff_fn): PolynomialCutoff(p=5.0, r_max=5.0)
  )
  (spherical_harmonics): SphericalHarmonics()
  (atomic_energies_fn): AtomicEnergiesBlock(energies=[-887.1094, -725.8168, -80.6463, -241.9389])
  (interactions): ModuleList(
    (0): RealAgnosticInteractionBlock(
      (linear_up): Linear(128x0e -> 128x0e | 16384 weights)
      (conv_tp): TensorProduct(128x0e x 1x0e+1x1o+1x2e+1x3o -> 128x0e+128x1o+128x2e+128x3o | 512 paths | 512 weights)
      (conv_tp_weights): FullyConnectedNet[8, 64, 64, 64, 512]
      (linear): Linear(128x0e+128x1o+128x2e+128x3o -> 128x0e+128x1o+128x2e+128x3o | 65536 weights)
      (skip_tp): FullyConnectedTensorProduct(128x0e+128x1o+128x2e+128x3o x 4x0e -> 128x0e+128x1o+128x2e+128x3o | 262144 paths | 262144 weights)
      (reshape): reshape_irreps()
    )
    (1): RealAgnosticResidualInteractionBlock(
      (linear_up): Linear(128x0e+128x1o -> 128x0e+128x1o | 32768 weights)
      (conv_tp): TensorProduct(128x0e+128x1o x 1x0e+1x1o+1x2e+1x3o -> 256x0e+384x1o+384x2e+256x3o | 1280 paths | 1280 weights)
      (conv_tp_weights): FullyConnectedNet[8, 64, 64, 64, 1280]
      (linear): Linear(256x0e+384x1o+384x2e+256x3o -> 128x0e+128x1o+128x2e+128x3o | 163840 weights)
      (skip_tp): FullyConnectedTensorProduct(128x0e+128x1o x 4x0e -> 128x0e | 65536 paths | 65536 weights)
      (reshape): reshape_irreps()
    )
  )
  (products): ModuleList(
    (0): EquivariantProductBasisBlock(
      (symmetric_contractions): SymmetricContraction(
        (contractions): ModuleList(
          (0): Contraction(
            (contractions_weighting): ModuleList(
              (0-1): 2 x GraphModule()
            )
            (contractions_features): ModuleList(
              (0-1): 2 x GraphModule()
            )
            (weights): ParameterList(
                (0): Parameter containing: [torch.float32 of size 4x4x128 (cuda:0)]
                (1): Parameter containing: [torch.float32 of size 4x1x128 (cuda:0)]
            )
            (graph_opt_main): GraphModule()
          )
          (1): Contraction(
            (contractions_weighting): ModuleList(
              (0-1): 2 x GraphModule()
            )
            (contractions_features): ModuleList(
              (0-1): 2 x GraphModule()
            )
            (weights): ParameterList(
                (0): Parameter containing: [torch.float32 of size 4x6x128 (cuda:0)]
                (1): Parameter containing: [torch.float32 of size 4x1x128 (cuda:0)]
            )
            (graph_opt_main): GraphModule()
          )
        )
      )
      (linear): Linear(128x0e+128x1o -> 128x0e+128x1o | 32768 weights)
    )
    (1): EquivariantProductBasisBlock(
      (symmetric_contractions): SymmetricContraction(
        (contractions): ModuleList(
          (0): Contraction(
            (contractions_weighting): ModuleList(
              (0-1): 2 x GraphModule()
            )
            (contractions_features): ModuleList(
              (0-1): 2 x GraphModule()
            )
            (weights): ParameterList(
                (0): Parameter containing: [torch.float32 of size 4x4x128 (cuda:0)]
                (1): Parameter containing: [torch.float32 of size 4x1x128 (cuda:0)]
            )
            (graph_opt_main): GraphModule()
          )
        )
      )
      (linear): Linear(128x0e -> 128x0e | 16384 weights)
    )
  )
  (readouts): ModuleList(
    (0): LinearDipoleReadoutBlock(
      (linear): Linear(128x0e+128x1o -> 13x0e+169x1o | 23296 weights)
    )
    (1): NonLinearDipoleReadoutBlock(
      (equivariant_nonlin): Gate (128x0e -> 128x0e)
      (linear_1): Linear(128x0e -> 128x0e | 16384 weights)
      (linear_2): Linear(128x0e -> 13x0e+169x1o | 1664 weights)
    )
  )
  (socs_readouts): ModuleList(
    (0): LinearSocReadoutBlock(
      (linear): Linear(128x0e+128x1o -> 812x1o | 103936 weights)
    )
    (1): NonLinearSocReadoutBlock(
      (equivariant_nonlin): Gate ( -> )
      (linear_1): Linear(128x0e ->  | 0 weights)
      (linear_2): Linear(128x0e -> 812x1o | 0 weights)
    )
  )
)
2025-09-25 10:33:12.613 INFO: Total number of parameters: 991616
2025-09-25 10:33:12.613 INFO: 
2025-09-25 10:33:12.613 INFO: ===========OPTIMIZER INFORMATION===========
2025-09-25 10:33:12.613 INFO: Using ADAM as parameter optimizer
2025-09-25 10:33:12.613 INFO: Batch size: 10
2025-09-25 10:33:12.613 INFO: Using Exponential Moving Average with decay: 0.99
2025-09-25 10:33:12.613 INFO: Number of gradient updates: 90
2025-09-25 10:33:12.613 INFO: Learning rate: 0.001, weight decay: 5e-07
2025-09-25 10:33:12.613 INFO: WeightedEnergyForcesNacsDipoleLoss(energy_weight=100.000, forces_weight=100.000, dipole_weight=1.000)
2025-09-25 10:33:12.614 INFO: Using gradient clipping with tolerance=10.000
2025-09-25 10:33:12.614 INFO: 
2025-09-25 10:33:12.614 INFO: ===========TRAINING===========
2025-09-25 10:33:12.614 INFO: Started training, reporting errors on validation set
2025-09-25 10:33:12.614 INFO: Loss metrics on validation set
2025-09-25 10:35:19.980 INFO: ===========VERIFYING SETTINGS===========
2025-09-25 10:35:19.980 INFO: MACE version: 0.3.6
2025-09-25 10:35:19.980 DEBUG: Configuration: Namespace(name='tyrosine', seed=123, work_dir='.', nacs_key='smooth_nacs', log_dir='./logs', model_dir='.', checkpoints_dir='./checkpoints', results_dir='./results', downloads_dir='./downloads', device='cuda', default_dtype='float32', distributed=False, log_level='INFO', n_energies=13, error_table='EnergyNacsDipoleMAE', model='ExcitedMACE', r_max=5.0, num_permutational_invariant=16, radial_type='bessel', num_radial_basis=8, num_cutoff_basis=5, pair_repulsion=False, distance_transform='None', interaction='RealAgnosticResidualInteractionBlock', interaction_first='RealAgnosticResidualInteractionBlock', max_ell=3, correlation=3, num_interactions=2, MLP_irreps='128x0e', radial_MLP='[64, 64, 64]', hidden_irreps='128x0e + 128x1o', num_channels=128, max_L=1, gate='silu', scaling='rms_forces_scaling', avg_num_neighbors=1, compute_avg_num_neighbors=True, compute_stress=False, compute_forces=True, compute_dipoles=True, compute_nacs=True, compute_socs=True, train_file='tyrosine_correct.xyz', valid_file=None, valid_fraction=0.1, test_file=None, test_dir=None, multi_processed_test=False, num_workers=0, pin_memory=True, atomic_numbers=None, mean=None, std=None, statistics_file=None, E0s='average', keep_isolated_atoms=False, energy_key='REF_energy', forces_key='REF_forces', virials_key='REF_virials', stress_key='REF_stress', dipoles_key='REF_dipoles', charges_key='REF_charges', loss='weighted', forces_weight=100.0, nacs_weight=100.0, socs_weight=1000.0, soc_num=812, swa_forces_weight=100.0, energy_weight=100.0, swa_energy_weight=1000.0, virials_weight=1.0, swa_virials_weight=10.0, stress_weight=1.0, swa_stress_weight=10.0, dipoles_weight=1.0, swa_dipole_weight=1.0, config_type_weights='{"Default":1.0}', huber_delta=0.01, optimizer='adam', beta=0.9, batch_size=10, valid_batch_size=10, lr=0.001, swa_lr=0.001, weight_decay=5e-07, amsgrad=True, scheduler='ReduceLROnPlateau', lr_factor=0.8, scheduler_patience=50, lr_scheduler_gamma=0.9993, swa=False, start_swa=None, ema=True, ema_decay=0.99, max_num_epochs=10, patience=2048, foundation_model=None, foundation_model_readout=True, eval_interval=1, keep_checkpoints=False, save_all_checkpoints=False, restart_latest=False, save_cpu=False, clip_grad=10.0, wandb=False, wandb_dir=None, wandb_project='', wandb_entity='', wandb_name='', wandb_log_hypers=['num_channels', 'max_L', 'correlation', 'lr', 'swa_lr', 'weight_decay', 'batch_size', 'max_num_epochs', 'start_swa', 'energy_weight', 'forces_weight'])
2025-09-25 10:35:20.143 INFO: CUDA version: 12.4, CUDA device: 0
2025-09-25 10:35:20.161 DEBUG: Popen(['git', 'version'], cwd=/home/rhyan/Exciton_model/X-MACE, stdin=None, shell=False, universal_newlines=False)
2025-09-25 10:35:20.162 DEBUG: Popen(['git', 'version'], cwd=/home/rhyan/Exciton_model/X-MACE, stdin=None, shell=False, universal_newlines=False)
2025-09-25 10:35:20.164 DEBUG: sys.platform='linux', git_executable='git'
2025-09-25 10:35:20.164 DEBUG: Popen(['git', 'cat-file', '--batch-check'], cwd=/home/rhyan/Exciton_model/X-MACE, stdin=<valid stream>, shell=False, universal_newlines=False)
2025-09-25 10:35:20.165 DEBUG: Current Git commit: 0861c52cf365064d060e006c179e4cc1785b61c2
2025-09-25 10:35:20.165 INFO: 
2025-09-25 10:35:20.165 INFO: ===========LOADING INPUT DATA===========
2025-09-25 10:35:20.608 INFO: Using random 10% of training set for validation with indices saved in: ./valid_indices_123.txt
2025-09-25 10:35:20.608 INFO: Atomic Numbers used: [1, 6, 7, 8]
2025-09-25 10:35:20.608 INFO: Isolated Atomic Energies (E0s) not in training file, using command line argument
2025-09-25 10:35:20.608 INFO: Computing average Atomic Energies using least squares regression
2025-09-25 10:35:20.610 INFO: Atomic Energies used (z: eV): {1: -887.1094175756843, 6: -725.8167961982872, 7: -80.64631068869856, 8: -241.9389320660957}
2025-09-25 10:35:20.633 INFO: 
2025-09-25 10:35:20.633 INFO: ===========MODEL DETAILS===========
2025-09-25 10:35:20.753 INFO: Average number of neighbors: 6.4
2025-09-25 10:35:20.754 INFO: During training the following quantities will be reported: energy, forces, dipoles, nacs
2025-09-25 10:35:20.765 INFO: Building model
2025-09-25 10:35:20.765 INFO: Message passing with 128 channels and max_L=1 (128x0e + 128x1o)
2025-09-25 10:35:20.765 INFO: 2 layers, each with correlation order: 3 (body order: 4) and spherical harmonics up to: l=3
2025-09-25 10:35:20.765 INFO: 8 radial and 5 basis functions
2025-09-25 10:35:20.765 INFO: Radial cutoff: 5.0 Å (total receptive field for each atom: 10.0 Å)
2025-09-25 10:35:20.765 INFO: Distance transform for radial basis functions: None
2025-09-25 10:35:21.547 DEBUG: ExcitedMACE(
  (node_embedding): LinearNodeEmbeddingBlock(
    (linear): Linear(4x0e -> 128x0e | 512 weights)
  )
  (radial_embedding): RadialEmbeddingBlock(
    (bessel_fn): BesselBasis(r_max=5.0, num_basis=8, trainable=False)
    (cutoff_fn): PolynomialCutoff(p=5.0, r_max=5.0)
  )
  (spherical_harmonics): SphericalHarmonics()
  (atomic_energies_fn): AtomicEnergiesBlock(energies=[-887.1094, -725.8168, -80.6463, -241.9389])
  (interactions): ModuleList(
    (0): RealAgnosticInteractionBlock(
      (linear_up): Linear(128x0e -> 128x0e | 16384 weights)
      (conv_tp): TensorProduct(128x0e x 1x0e+1x1o+1x2e+1x3o -> 128x0e+128x1o+128x2e+128x3o | 512 paths | 512 weights)
      (conv_tp_weights): FullyConnectedNet[8, 64, 64, 64, 512]
      (linear): Linear(128x0e+128x1o+128x2e+128x3o -> 128x0e+128x1o+128x2e+128x3o | 65536 weights)
      (skip_tp): FullyConnectedTensorProduct(128x0e+128x1o+128x2e+128x3o x 4x0e -> 128x0e+128x1o+128x2e+128x3o | 262144 paths | 262144 weights)
      (reshape): reshape_irreps()
    )
    (1): RealAgnosticResidualInteractionBlock(
      (linear_up): Linear(128x0e+128x1o -> 128x0e+128x1o | 32768 weights)
      (conv_tp): TensorProduct(128x0e+128x1o x 1x0e+1x1o+1x2e+1x3o -> 256x0e+384x1o+384x2e+256x3o | 1280 paths | 1280 weights)
      (conv_tp_weights): FullyConnectedNet[8, 64, 64, 64, 1280]
      (linear): Linear(256x0e+384x1o+384x2e+256x3o -> 128x0e+128x1o+128x2e+128x3o | 163840 weights)
      (skip_tp): FullyConnectedTensorProduct(128x0e+128x1o x 4x0e -> 128x0e | 65536 paths | 65536 weights)
      (reshape): reshape_irreps()
    )
  )
  (products): ModuleList(
    (0): EquivariantProductBasisBlock(
      (symmetric_contractions): SymmetricContraction(
        (contractions): ModuleList(
          (0): Contraction(
            (contractions_weighting): ModuleList(
              (0-1): 2 x GraphModule()
            )
            (contractions_features): ModuleList(
              (0-1): 2 x GraphModule()
            )
            (weights): ParameterList(
                (0): Parameter containing: [torch.float32 of size 4x4x128 (cuda:0)]
                (1): Parameter containing: [torch.float32 of size 4x1x128 (cuda:0)]
            )
            (graph_opt_main): GraphModule()
          )
          (1): Contraction(
            (contractions_weighting): ModuleList(
              (0-1): 2 x GraphModule()
            )
            (contractions_features): ModuleList(
              (0-1): 2 x GraphModule()
            )
            (weights): ParameterList(
                (0): Parameter containing: [torch.float32 of size 4x6x128 (cuda:0)]
                (1): Parameter containing: [torch.float32 of size 4x1x128 (cuda:0)]
            )
            (graph_opt_main): GraphModule()
          )
        )
      )
      (linear): Linear(128x0e+128x1o -> 128x0e+128x1o | 32768 weights)
    )
    (1): EquivariantProductBasisBlock(
      (symmetric_contractions): SymmetricContraction(
        (contractions): ModuleList(
          (0): Contraction(
            (contractions_weighting): ModuleList(
              (0-1): 2 x GraphModule()
            )
            (contractions_features): ModuleList(
              (0-1): 2 x GraphModule()
            )
            (weights): ParameterList(
                (0): Parameter containing: [torch.float32 of size 4x4x128 (cuda:0)]
                (1): Parameter containing: [torch.float32 of size 4x1x128 (cuda:0)]
            )
            (graph_opt_main): GraphModule()
          )
        )
      )
      (linear): Linear(128x0e -> 128x0e | 16384 weights)
    )
  )
  (readouts): ModuleList(
    (0): LinearDipoleReadoutBlock(
      (linear): Linear(128x0e+128x1o -> 13x0e+169x1o | 23296 weights)
    )
    (1): NonLinearDipoleReadoutBlock(
      (equivariant_nonlin): Gate (128x0e -> 128x0e)
      (linear_1): Linear(128x0e -> 128x0e | 16384 weights)
      (linear_2): Linear(128x0e -> 13x0e+169x1o | 1664 weights)
    )
  )
  (socs_readouts): ModuleList(
    (0): LinearSocReadoutBlock(
      (linear): Linear(128x0e+128x1o -> 812x1o | 103936 weights)
    )
    (1): NonLinearSocReadoutBlock(
      (equivariant_nonlin): Gate ( -> )
      (linear_1): Linear(128x0e ->  | 0 weights)
      (linear_2): Linear(128x0e -> 812x1o | 0 weights)
    )
  )
)
2025-09-25 10:35:21.549 INFO: Total number of parameters: 991616
2025-09-25 10:35:21.549 INFO: 
2025-09-25 10:35:21.549 INFO: ===========OPTIMIZER INFORMATION===========
2025-09-25 10:35:21.549 INFO: Using ADAM as parameter optimizer
2025-09-25 10:35:21.549 INFO: Batch size: 10
2025-09-25 10:35:21.549 INFO: Using Exponential Moving Average with decay: 0.99
2025-09-25 10:35:21.549 INFO: Number of gradient updates: 90
2025-09-25 10:35:21.549 INFO: Learning rate: 0.001, weight decay: 5e-07
2025-09-25 10:35:21.549 INFO: WeightedEnergyForcesNacsDipoleLoss(energy_weight=100.000, forces_weight=100.000, dipole_weight=1.000)
2025-09-25 10:35:21.550 INFO: Using gradient clipping with tolerance=10.000
2025-09-25 10:35:21.550 INFO: 
2025-09-25 10:35:21.550 INFO: ===========TRAINING===========
2025-09-25 10:35:21.550 INFO: Started training, reporting errors on validation set
2025-09-25 10:35:21.550 INFO: Loss metrics on validation set
2025-09-25 10:36:54.550 INFO: ===========VERIFYING SETTINGS===========
2025-09-25 10:36:54.550 INFO: MACE version: 0.3.6
2025-09-25 10:36:54.550 DEBUG: Configuration: Namespace(name='tyrosine', seed=123, work_dir='.', nacs_key='smooth_nacs', log_dir='./logs', model_dir='.', checkpoints_dir='./checkpoints', results_dir='./results', downloads_dir='./downloads', device='cuda', default_dtype='float32', distributed=False, log_level='INFO', n_energies=13, error_table='EnergyNacsDipoleMAE', model='ExcitedMACE', r_max=5.0, num_permutational_invariant=16, radial_type='bessel', num_radial_basis=8, num_cutoff_basis=5, pair_repulsion=False, distance_transform='None', interaction='RealAgnosticResidualInteractionBlock', interaction_first='RealAgnosticResidualInteractionBlock', max_ell=3, correlation=3, num_interactions=2, MLP_irreps='128x0e', radial_MLP='[64, 64, 64]', hidden_irreps='128x0e + 128x1o', num_channels=128, max_L=1, gate='silu', scaling='rms_forces_scaling', avg_num_neighbors=1, compute_avg_num_neighbors=True, compute_stress=False, compute_forces=True, compute_dipoles=True, compute_nacs=True, compute_socs=True, train_file='tyrosine_correct.xyz', valid_file=None, valid_fraction=0.1, test_file=None, test_dir=None, multi_processed_test=False, num_workers=0, pin_memory=True, atomic_numbers=None, mean=None, std=None, statistics_file=None, E0s='average', keep_isolated_atoms=False, energy_key='REF_energy', forces_key='REF_forces', virials_key='REF_virials', stress_key='REF_stress', dipoles_key='REF_dipoles', charges_key='REF_charges', loss='weighted', forces_weight=100.0, nacs_weight=100.0, socs_weight=1000.0, soc_num=812, swa_forces_weight=100.0, energy_weight=100.0, swa_energy_weight=1000.0, virials_weight=1.0, swa_virials_weight=10.0, stress_weight=1.0, swa_stress_weight=10.0, dipoles_weight=1.0, swa_dipole_weight=1.0, config_type_weights='{"Default":1.0}', huber_delta=0.01, optimizer='adam', beta=0.9, batch_size=10, valid_batch_size=10, lr=0.001, swa_lr=0.001, weight_decay=5e-07, amsgrad=True, scheduler='ReduceLROnPlateau', lr_factor=0.8, scheduler_patience=50, lr_scheduler_gamma=0.9993, swa=False, start_swa=None, ema=True, ema_decay=0.99, max_num_epochs=10, patience=2048, foundation_model=None, foundation_model_readout=True, eval_interval=1, keep_checkpoints=False, save_all_checkpoints=False, restart_latest=False, save_cpu=False, clip_grad=10.0, wandb=False, wandb_dir=None, wandb_project='', wandb_entity='', wandb_name='', wandb_log_hypers=['num_channels', 'max_L', 'correlation', 'lr', 'swa_lr', 'weight_decay', 'batch_size', 'max_num_epochs', 'start_swa', 'energy_weight', 'forces_weight'])
2025-09-25 10:36:54.714 INFO: CUDA version: 12.4, CUDA device: 0
2025-09-25 10:36:54.733 DEBUG: Popen(['git', 'version'], cwd=/home/rhyan/Exciton_model/X-MACE, stdin=None, shell=False, universal_newlines=False)
2025-09-25 10:36:54.734 DEBUG: Popen(['git', 'version'], cwd=/home/rhyan/Exciton_model/X-MACE, stdin=None, shell=False, universal_newlines=False)
2025-09-25 10:36:54.736 DEBUG: sys.platform='linux', git_executable='git'
2025-09-25 10:36:54.736 DEBUG: Popen(['git', 'cat-file', '--batch-check'], cwd=/home/rhyan/Exciton_model/X-MACE, stdin=<valid stream>, shell=False, universal_newlines=False)
2025-09-25 10:36:54.737 DEBUG: Current Git commit: 0861c52cf365064d060e006c179e4cc1785b61c2
2025-09-25 10:36:54.737 INFO: 
2025-09-25 10:36:54.738 INFO: ===========LOADING INPUT DATA===========
2025-09-25 10:36:55.179 INFO: Using random 10% of training set for validation with indices saved in: ./valid_indices_123.txt
2025-09-25 10:36:55.180 INFO: Atomic Numbers used: [1, 6, 7, 8]
2025-09-25 10:36:55.180 INFO: Isolated Atomic Energies (E0s) not in training file, using command line argument
2025-09-25 10:36:55.180 INFO: Computing average Atomic Energies using least squares regression
2025-09-25 10:36:55.183 INFO: Atomic Energies used (z: eV): {1: -887.1094175756843, 6: -725.8167961982872, 7: -80.64631068869856, 8: -241.9389320660957}
2025-09-25 10:36:55.207 INFO: 
2025-09-25 10:36:55.207 INFO: ===========MODEL DETAILS===========
2025-09-25 10:36:55.332 INFO: Average number of neighbors: 6.4
2025-09-25 10:36:55.332 INFO: During training the following quantities will be reported: energy, forces, dipoles, nacs
2025-09-25 10:36:55.343 INFO: Building model
2025-09-25 10:36:55.343 INFO: Message passing with 128 channels and max_L=1 (128x0e + 128x1o)
2025-09-25 10:36:55.343 INFO: 2 layers, each with correlation order: 3 (body order: 4) and spherical harmonics up to: l=3
2025-09-25 10:36:55.343 INFO: 8 radial and 5 basis functions
2025-09-25 10:36:55.343 INFO: Radial cutoff: 5.0 Å (total receptive field for each atom: 10.0 Å)
2025-09-25 10:36:55.344 INFO: Distance transform for radial basis functions: None
2025-09-25 10:36:56.161 DEBUG: ExcitedMACE(
  (node_embedding): LinearNodeEmbeddingBlock(
    (linear): Linear(4x0e -> 128x0e | 512 weights)
  )
  (radial_embedding): RadialEmbeddingBlock(
    (bessel_fn): BesselBasis(r_max=5.0, num_basis=8, trainable=False)
    (cutoff_fn): PolynomialCutoff(p=5.0, r_max=5.0)
  )
  (spherical_harmonics): SphericalHarmonics()
  (atomic_energies_fn): AtomicEnergiesBlock(energies=[-887.1094, -725.8168, -80.6463, -241.9389])
  (interactions): ModuleList(
    (0): RealAgnosticInteractionBlock(
      (linear_up): Linear(128x0e -> 128x0e | 16384 weights)
      (conv_tp): TensorProduct(128x0e x 1x0e+1x1o+1x2e+1x3o -> 128x0e+128x1o+128x2e+128x3o | 512 paths | 512 weights)
      (conv_tp_weights): FullyConnectedNet[8, 64, 64, 64, 512]
      (linear): Linear(128x0e+128x1o+128x2e+128x3o -> 128x0e+128x1o+128x2e+128x3o | 65536 weights)
      (skip_tp): FullyConnectedTensorProduct(128x0e+128x1o+128x2e+128x3o x 4x0e -> 128x0e+128x1o+128x2e+128x3o | 262144 paths | 262144 weights)
      (reshape): reshape_irreps()
    )
    (1): RealAgnosticResidualInteractionBlock(
      (linear_up): Linear(128x0e+128x1o -> 128x0e+128x1o | 32768 weights)
      (conv_tp): TensorProduct(128x0e+128x1o x 1x0e+1x1o+1x2e+1x3o -> 256x0e+384x1o+384x2e+256x3o | 1280 paths | 1280 weights)
      (conv_tp_weights): FullyConnectedNet[8, 64, 64, 64, 1280]
      (linear): Linear(256x0e+384x1o+384x2e+256x3o -> 128x0e+128x1o+128x2e+128x3o | 163840 weights)
      (skip_tp): FullyConnectedTensorProduct(128x0e+128x1o x 4x0e -> 128x0e | 65536 paths | 65536 weights)
      (reshape): reshape_irreps()
    )
  )
  (products): ModuleList(
    (0): EquivariantProductBasisBlock(
      (symmetric_contractions): SymmetricContraction(
        (contractions): ModuleList(
          (0): Contraction(
            (contractions_weighting): ModuleList(
              (0-1): 2 x GraphModule()
            )
            (contractions_features): ModuleList(
              (0-1): 2 x GraphModule()
            )
            (weights): ParameterList(
                (0): Parameter containing: [torch.float32 of size 4x4x128 (cuda:0)]
                (1): Parameter containing: [torch.float32 of size 4x1x128 (cuda:0)]
            )
            (graph_opt_main): GraphModule()
          )
          (1): Contraction(
            (contractions_weighting): ModuleList(
              (0-1): 2 x GraphModule()
            )
            (contractions_features): ModuleList(
              (0-1): 2 x GraphModule()
            )
            (weights): ParameterList(
                (0): Parameter containing: [torch.float32 of size 4x6x128 (cuda:0)]
                (1): Parameter containing: [torch.float32 of size 4x1x128 (cuda:0)]
            )
            (graph_opt_main): GraphModule()
          )
        )
      )
      (linear): Linear(128x0e+128x1o -> 128x0e+128x1o | 32768 weights)
    )
    (1): EquivariantProductBasisBlock(
      (symmetric_contractions): SymmetricContraction(
        (contractions): ModuleList(
          (0): Contraction(
            (contractions_weighting): ModuleList(
              (0-1): 2 x GraphModule()
            )
            (contractions_features): ModuleList(
              (0-1): 2 x GraphModule()
            )
            (weights): ParameterList(
                (0): Parameter containing: [torch.float32 of size 4x4x128 (cuda:0)]
                (1): Parameter containing: [torch.float32 of size 4x1x128 (cuda:0)]
            )
            (graph_opt_main): GraphModule()
          )
        )
      )
      (linear): Linear(128x0e -> 128x0e | 16384 weights)
    )
  )
  (readouts): ModuleList(
    (0): LinearDipoleReadoutBlock(
      (linear): Linear(128x0e+128x1o -> 13x0e+169x1o | 23296 weights)
    )
    (1): NonLinearDipoleReadoutBlock(
      (equivariant_nonlin): Gate (128x0e -> 128x0e)
      (linear_1): Linear(128x0e -> 128x0e | 16384 weights)
      (linear_2): Linear(128x0e -> 13x0e+169x1o | 1664 weights)
    )
  )
  (socs_readouts): ModuleList(
    (0): LinearSocReadoutBlock(
      (linear): Linear(128x0e+128x1o -> 812x0e | 103936 weights)
    )
    (1): NonLinearSocReadoutBlock(
      (equivariant_nonlin): Gate (128x0e -> 128x0e)
      (linear_1): Linear(128x0e -> 128x0e | 16384 weights)
      (linear_2): Linear(128x0e -> 812x0e | 103936 weights)
    )
  )
)
2025-09-25 10:36:56.162 INFO: Total number of parameters: 1111936
2025-09-25 10:36:56.163 INFO: 
2025-09-25 10:36:56.163 INFO: ===========OPTIMIZER INFORMATION===========
2025-09-25 10:36:56.163 INFO: Using ADAM as parameter optimizer
2025-09-25 10:36:56.163 INFO: Batch size: 10
2025-09-25 10:36:56.163 INFO: Using Exponential Moving Average with decay: 0.99
2025-09-25 10:36:56.163 INFO: Number of gradient updates: 90
2025-09-25 10:36:56.163 INFO: Learning rate: 0.001, weight decay: 5e-07
2025-09-25 10:36:56.163 INFO: WeightedEnergyForcesNacsDipoleLoss(energy_weight=100.000, forces_weight=100.000, dipole_weight=1.000)
2025-09-25 10:36:56.164 INFO: Using gradient clipping with tolerance=10.000
2025-09-25 10:36:56.164 INFO: 
2025-09-25 10:36:56.164 INFO: ===========TRAINING===========
2025-09-25 10:36:56.164 INFO: Started training, reporting errors on validation set
2025-09-25 10:36:56.164 INFO: Loss metrics on validation set
2025-09-25 10:37:08.915 INFO: ===========VERIFYING SETTINGS===========
2025-09-25 10:37:08.915 INFO: MACE version: 0.3.6
2025-09-25 10:37:08.915 DEBUG: Configuration: Namespace(name='tyrosine', seed=123, work_dir='.', nacs_key='smooth_nacs', log_dir='./logs', model_dir='.', checkpoints_dir='./checkpoints', results_dir='./results', downloads_dir='./downloads', device='cuda', default_dtype='float32', distributed=False, log_level='INFO', n_energies=13, error_table='EnergyNacsDipoleMAE', model='ExcitedMACE', r_max=5.0, num_permutational_invariant=16, radial_type='bessel', num_radial_basis=8, num_cutoff_basis=5, pair_repulsion=False, distance_transform='None', interaction='RealAgnosticResidualInteractionBlock', interaction_first='RealAgnosticResidualInteractionBlock', max_ell=3, correlation=3, num_interactions=2, MLP_irreps='128x0e', radial_MLP='[64, 64, 64]', hidden_irreps='128x0e + 128x1o', num_channels=128, max_L=1, gate='silu', scaling='rms_forces_scaling', avg_num_neighbors=1, compute_avg_num_neighbors=True, compute_stress=False, compute_forces=True, compute_dipoles=True, compute_nacs=True, compute_socs=True, train_file='tyrosine_correct.xyz', valid_file=None, valid_fraction=0.1, test_file=None, test_dir=None, multi_processed_test=False, num_workers=0, pin_memory=True, atomic_numbers=None, mean=None, std=None, statistics_file=None, E0s='average', keep_isolated_atoms=False, energy_key='REF_energy', forces_key='REF_forces', virials_key='REF_virials', stress_key='REF_stress', dipoles_key='REF_dipoles', charges_key='REF_charges', loss='weighted', forces_weight=100.0, nacs_weight=100.0, socs_weight=1000.0, soc_num=812, swa_forces_weight=100.0, energy_weight=100.0, swa_energy_weight=1000.0, virials_weight=1.0, swa_virials_weight=10.0, stress_weight=1.0, swa_stress_weight=10.0, dipoles_weight=1.0, swa_dipole_weight=1.0, config_type_weights='{"Default":1.0}', huber_delta=0.01, optimizer='adam', beta=0.9, batch_size=10, valid_batch_size=10, lr=0.001, swa_lr=0.001, weight_decay=5e-07, amsgrad=True, scheduler='ReduceLROnPlateau', lr_factor=0.8, scheduler_patience=50, lr_scheduler_gamma=0.9993, swa=False, start_swa=None, ema=True, ema_decay=0.99, max_num_epochs=10, patience=2048, foundation_model=None, foundation_model_readout=True, eval_interval=1, keep_checkpoints=False, save_all_checkpoints=False, restart_latest=False, save_cpu=False, clip_grad=10.0, wandb=False, wandb_dir=None, wandb_project='', wandb_entity='', wandb_name='', wandb_log_hypers=['num_channels', 'max_L', 'correlation', 'lr', 'swa_lr', 'weight_decay', 'batch_size', 'max_num_epochs', 'start_swa', 'energy_weight', 'forces_weight'])
2025-09-25 10:37:09.080 INFO: CUDA version: 12.4, CUDA device: 0
2025-09-25 10:37:09.098 DEBUG: Popen(['git', 'version'], cwd=/home/rhyan/Exciton_model/X-MACE, stdin=None, shell=False, universal_newlines=False)
2025-09-25 10:37:09.099 DEBUG: Popen(['git', 'version'], cwd=/home/rhyan/Exciton_model/X-MACE, stdin=None, shell=False, universal_newlines=False)
2025-09-25 10:37:09.100 DEBUG: sys.platform='linux', git_executable='git'
2025-09-25 10:37:09.101 DEBUG: Popen(['git', 'cat-file', '--batch-check'], cwd=/home/rhyan/Exciton_model/X-MACE, stdin=<valid stream>, shell=False, universal_newlines=False)
2025-09-25 10:37:09.102 DEBUG: Current Git commit: 0861c52cf365064d060e006c179e4cc1785b61c2
2025-09-25 10:37:09.102 INFO: 
2025-09-25 10:37:09.102 INFO: ===========LOADING INPUT DATA===========
2025-09-25 10:37:09.544 INFO: Using random 10% of training set for validation with indices saved in: ./valid_indices_123.txt
2025-09-25 10:37:09.544 INFO: Atomic Numbers used: [1, 6, 7, 8]
2025-09-25 10:37:09.544 INFO: Isolated Atomic Energies (E0s) not in training file, using command line argument
2025-09-25 10:37:09.544 INFO: Computing average Atomic Energies using least squares regression
2025-09-25 10:37:09.547 INFO: Atomic Energies used (z: eV): {1: -887.1094175756843, 6: -725.8167961982872, 7: -80.64631068869856, 8: -241.9389320660957}
2025-09-25 10:37:09.572 INFO: 
2025-09-25 10:37:09.572 INFO: ===========MODEL DETAILS===========
2025-09-25 10:37:09.693 INFO: Average number of neighbors: 6.4
2025-09-25 10:37:09.694 INFO: During training the following quantities will be reported: energy, forces, dipoles, nacs
2025-09-25 10:37:09.705 INFO: Building model
2025-09-25 10:37:09.705 INFO: Message passing with 128 channels and max_L=1 (128x0e + 128x1o)
2025-09-25 10:37:09.705 INFO: 2 layers, each with correlation order: 3 (body order: 4) and spherical harmonics up to: l=3
2025-09-25 10:37:09.705 INFO: 8 radial and 5 basis functions
2025-09-25 10:37:09.705 INFO: Radial cutoff: 5.0 Å (total receptive field for each atom: 10.0 Å)
2025-09-25 10:37:09.705 INFO: Distance transform for radial basis functions: None
2025-09-25 10:37:10.513 DEBUG: ExcitedMACE(
  (node_embedding): LinearNodeEmbeddingBlock(
    (linear): Linear(4x0e -> 128x0e | 512 weights)
  )
  (radial_embedding): RadialEmbeddingBlock(
    (bessel_fn): BesselBasis(r_max=5.0, num_basis=8, trainable=False)
    (cutoff_fn): PolynomialCutoff(p=5.0, r_max=5.0)
  )
  (spherical_harmonics): SphericalHarmonics()
  (atomic_energies_fn): AtomicEnergiesBlock(energies=[-887.1094, -725.8168, -80.6463, -241.9389])
  (interactions): ModuleList(
    (0): RealAgnosticInteractionBlock(
      (linear_up): Linear(128x0e -> 128x0e | 16384 weights)
      (conv_tp): TensorProduct(128x0e x 1x0e+1x1o+1x2e+1x3o -> 128x0e+128x1o+128x2e+128x3o | 512 paths | 512 weights)
      (conv_tp_weights): FullyConnectedNet[8, 64, 64, 64, 512]
      (linear): Linear(128x0e+128x1o+128x2e+128x3o -> 128x0e+128x1o+128x2e+128x3o | 65536 weights)
      (skip_tp): FullyConnectedTensorProduct(128x0e+128x1o+128x2e+128x3o x 4x0e -> 128x0e+128x1o+128x2e+128x3o | 262144 paths | 262144 weights)
      (reshape): reshape_irreps()
    )
    (1): RealAgnosticResidualInteractionBlock(
      (linear_up): Linear(128x0e+128x1o -> 128x0e+128x1o | 32768 weights)
      (conv_tp): TensorProduct(128x0e+128x1o x 1x0e+1x1o+1x2e+1x3o -> 256x0e+384x1o+384x2e+256x3o | 1280 paths | 1280 weights)
      (conv_tp_weights): FullyConnectedNet[8, 64, 64, 64, 1280]
      (linear): Linear(256x0e+384x1o+384x2e+256x3o -> 128x0e+128x1o+128x2e+128x3o | 163840 weights)
      (skip_tp): FullyConnectedTensorProduct(128x0e+128x1o x 4x0e -> 128x0e | 65536 paths | 65536 weights)
      (reshape): reshape_irreps()
    )
  )
  (products): ModuleList(
    (0): EquivariantProductBasisBlock(
      (symmetric_contractions): SymmetricContraction(
        (contractions): ModuleList(
          (0): Contraction(
            (contractions_weighting): ModuleList(
              (0-1): 2 x GraphModule()
            )
            (contractions_features): ModuleList(
              (0-1): 2 x GraphModule()
            )
            (weights): ParameterList(
                (0): Parameter containing: [torch.float32 of size 4x4x128 (cuda:0)]
                (1): Parameter containing: [torch.float32 of size 4x1x128 (cuda:0)]
            )
            (graph_opt_main): GraphModule()
          )
          (1): Contraction(
            (contractions_weighting): ModuleList(
              (0-1): 2 x GraphModule()
            )
            (contractions_features): ModuleList(
              (0-1): 2 x GraphModule()
            )
            (weights): ParameterList(
                (0): Parameter containing: [torch.float32 of size 4x6x128 (cuda:0)]
                (1): Parameter containing: [torch.float32 of size 4x1x128 (cuda:0)]
            )
            (graph_opt_main): GraphModule()
          )
        )
      )
      (linear): Linear(128x0e+128x1o -> 128x0e+128x1o | 32768 weights)
    )
    (1): EquivariantProductBasisBlock(
      (symmetric_contractions): SymmetricContraction(
        (contractions): ModuleList(
          (0): Contraction(
            (contractions_weighting): ModuleList(
              (0-1): 2 x GraphModule()
            )
            (contractions_features): ModuleList(
              (0-1): 2 x GraphModule()
            )
            (weights): ParameterList(
                (0): Parameter containing: [torch.float32 of size 4x4x128 (cuda:0)]
                (1): Parameter containing: [torch.float32 of size 4x1x128 (cuda:0)]
            )
            (graph_opt_main): GraphModule()
          )
        )
      )
      (linear): Linear(128x0e -> 128x0e | 16384 weights)
    )
  )
  (readouts): ModuleList(
    (0): LinearDipoleReadoutBlock(
      (linear): Linear(128x0e+128x1o -> 13x0e+169x1o | 23296 weights)
    )
    (1): NonLinearDipoleReadoutBlock(
      (equivariant_nonlin): Gate (128x0e -> 128x0e)
      (linear_1): Linear(128x0e -> 128x0e | 16384 weights)
      (linear_2): Linear(128x0e -> 13x0e+169x1o | 1664 weights)
    )
  )
  (socs_readouts): ModuleList(
    (0): LinearSocReadoutBlock(
      (linear): Linear(128x0e+128x1o -> 812x0e | 103936 weights)
    )
    (1): NonLinearSocReadoutBlock(
      (equivariant_nonlin): Gate (128x0e -> 128x0e)
      (linear_1): Linear(128x0e -> 128x0e | 16384 weights)
      (linear_2): Linear(128x0e -> 812x0e | 103936 weights)
    )
  )
)
2025-09-25 10:37:10.515 INFO: Total number of parameters: 1111936
2025-09-25 10:37:10.515 INFO: 
2025-09-25 10:37:10.515 INFO: ===========OPTIMIZER INFORMATION===========
2025-09-25 10:37:10.515 INFO: Using ADAM as parameter optimizer
2025-09-25 10:37:10.515 INFO: Batch size: 10
2025-09-25 10:37:10.515 INFO: Using Exponential Moving Average with decay: 0.99
2025-09-25 10:37:10.515 INFO: Number of gradient updates: 90
2025-09-25 10:37:10.515 INFO: Learning rate: 0.001, weight decay: 5e-07
2025-09-25 10:37:10.515 INFO: WeightedEnergyForcesNacsDipoleLoss(energy_weight=100.000, forces_weight=100.000, dipole_weight=1.000)
2025-09-25 10:37:10.516 INFO: Using gradient clipping with tolerance=10.000
2025-09-25 10:37:10.516 INFO: 
2025-09-25 10:37:10.516 INFO: ===========TRAINING===========
2025-09-25 10:37:10.516 INFO: Started training, reporting errors on validation set
2025-09-25 10:37:10.516 INFO: Loss metrics on validation set
2025-09-25 10:37:39.886 INFO: ===========VERIFYING SETTINGS===========
2025-09-25 10:37:39.886 INFO: MACE version: 0.3.6
2025-09-25 10:37:39.886 DEBUG: Configuration: Namespace(name='tyrosine', seed=123, work_dir='.', nacs_key='smooth_nacs', log_dir='./logs', model_dir='.', checkpoints_dir='./checkpoints', results_dir='./results', downloads_dir='./downloads', device='cuda', default_dtype='float32', distributed=False, log_level='INFO', n_energies=13, error_table='EnergyNacsDipoleMAE', model='ExcitedMACE', r_max=5.0, num_permutational_invariant=16, radial_type='bessel', num_radial_basis=8, num_cutoff_basis=5, pair_repulsion=False, distance_transform='None', interaction='RealAgnosticResidualInteractionBlock', interaction_first='RealAgnosticResidualInteractionBlock', max_ell=3, correlation=3, num_interactions=2, MLP_irreps='128x0e', radial_MLP='[64, 64, 64]', hidden_irreps='128x0e + 128x1o', num_channels=128, max_L=1, gate='silu', scaling='rms_forces_scaling', avg_num_neighbors=1, compute_avg_num_neighbors=True, compute_stress=False, compute_forces=True, compute_dipoles=True, compute_nacs=True, compute_socs=True, train_file='tyrosine_correct.xyz', valid_file=None, valid_fraction=0.1, test_file=None, test_dir=None, multi_processed_test=False, num_workers=0, pin_memory=True, atomic_numbers=None, mean=None, std=None, statistics_file=None, E0s='average', keep_isolated_atoms=False, energy_key='REF_energy', forces_key='REF_forces', virials_key='REF_virials', stress_key='REF_stress', dipoles_key='REF_dipoles', charges_key='REF_charges', loss='weighted', forces_weight=100.0, nacs_weight=100.0, socs_weight=1000.0, soc_num=812, swa_forces_weight=100.0, energy_weight=100.0, swa_energy_weight=1000.0, virials_weight=1.0, swa_virials_weight=10.0, stress_weight=1.0, swa_stress_weight=10.0, dipoles_weight=1.0, swa_dipole_weight=1.0, config_type_weights='{"Default":1.0}', huber_delta=0.01, optimizer='adam', beta=0.9, batch_size=10, valid_batch_size=10, lr=0.001, swa_lr=0.001, weight_decay=5e-07, amsgrad=True, scheduler='ReduceLROnPlateau', lr_factor=0.8, scheduler_patience=50, lr_scheduler_gamma=0.9993, swa=False, start_swa=None, ema=True, ema_decay=0.99, max_num_epochs=10, patience=2048, foundation_model=None, foundation_model_readout=True, eval_interval=1, keep_checkpoints=False, save_all_checkpoints=False, restart_latest=False, save_cpu=False, clip_grad=10.0, wandb=False, wandb_dir=None, wandb_project='', wandb_entity='', wandb_name='', wandb_log_hypers=['num_channels', 'max_L', 'correlation', 'lr', 'swa_lr', 'weight_decay', 'batch_size', 'max_num_epochs', 'start_swa', 'energy_weight', 'forces_weight'])
2025-09-25 10:37:40.048 INFO: CUDA version: 12.4, CUDA device: 0
2025-09-25 10:37:40.066 DEBUG: Popen(['git', 'version'], cwd=/home/rhyan/Exciton_model/X-MACE, stdin=None, shell=False, universal_newlines=False)
2025-09-25 10:37:40.067 DEBUG: Popen(['git', 'version'], cwd=/home/rhyan/Exciton_model/X-MACE, stdin=None, shell=False, universal_newlines=False)
2025-09-25 10:37:40.069 DEBUG: sys.platform='linux', git_executable='git'
2025-09-25 10:37:40.069 DEBUG: Popen(['git', 'cat-file', '--batch-check'], cwd=/home/rhyan/Exciton_model/X-MACE, stdin=<valid stream>, shell=False, universal_newlines=False)
2025-09-25 10:37:40.070 DEBUG: Current Git commit: 0861c52cf365064d060e006c179e4cc1785b61c2
2025-09-25 10:37:40.070 INFO: 
2025-09-25 10:37:40.070 INFO: ===========LOADING INPUT DATA===========
2025-09-25 10:37:40.512 INFO: Using random 10% of training set for validation with indices saved in: ./valid_indices_123.txt
2025-09-25 10:37:40.512 INFO: Atomic Numbers used: [1, 6, 7, 8]
2025-09-25 10:37:40.512 INFO: Isolated Atomic Energies (E0s) not in training file, using command line argument
2025-09-25 10:37:40.513 INFO: Computing average Atomic Energies using least squares regression
2025-09-25 10:37:40.515 INFO: Atomic Energies used (z: eV): {1: -887.1094175756843, 6: -725.8167961982872, 7: -80.64631068869856, 8: -241.9389320660957}
2025-09-25 10:37:40.539 INFO: 
2025-09-25 10:37:40.539 INFO: ===========MODEL DETAILS===========
2025-09-25 10:37:40.662 INFO: Average number of neighbors: 6.4
2025-09-25 10:37:40.662 INFO: During training the following quantities will be reported: energy, forces, dipoles, nacs
2025-09-25 10:37:40.673 INFO: Building model
2025-09-25 10:37:40.673 INFO: Message passing with 128 channels and max_L=1 (128x0e + 128x1o)
2025-09-25 10:37:40.673 INFO: 2 layers, each with correlation order: 3 (body order: 4) and spherical harmonics up to: l=3
2025-09-25 10:37:40.673 INFO: 8 radial and 5 basis functions
2025-09-25 10:37:40.673 INFO: Radial cutoff: 5.0 Å (total receptive field for each atom: 10.0 Å)
2025-09-25 10:37:40.673 INFO: Distance transform for radial basis functions: None
2025-09-25 10:37:41.488 DEBUG: ExcitedMACE(
  (node_embedding): LinearNodeEmbeddingBlock(
    (linear): Linear(4x0e -> 128x0e | 512 weights)
  )
  (radial_embedding): RadialEmbeddingBlock(
    (bessel_fn): BesselBasis(r_max=5.0, num_basis=8, trainable=False)
    (cutoff_fn): PolynomialCutoff(p=5.0, r_max=5.0)
  )
  (spherical_harmonics): SphericalHarmonics()
  (atomic_energies_fn): AtomicEnergiesBlock(energies=[-887.1094, -725.8168, -80.6463, -241.9389])
  (interactions): ModuleList(
    (0): RealAgnosticInteractionBlock(
      (linear_up): Linear(128x0e -> 128x0e | 16384 weights)
      (conv_tp): TensorProduct(128x0e x 1x0e+1x1o+1x2e+1x3o -> 128x0e+128x1o+128x2e+128x3o | 512 paths | 512 weights)
      (conv_tp_weights): FullyConnectedNet[8, 64, 64, 64, 512]
      (linear): Linear(128x0e+128x1o+128x2e+128x3o -> 128x0e+128x1o+128x2e+128x3o | 65536 weights)
      (skip_tp): FullyConnectedTensorProduct(128x0e+128x1o+128x2e+128x3o x 4x0e -> 128x0e+128x1o+128x2e+128x3o | 262144 paths | 262144 weights)
      (reshape): reshape_irreps()
    )
    (1): RealAgnosticResidualInteractionBlock(
      (linear_up): Linear(128x0e+128x1o -> 128x0e+128x1o | 32768 weights)
      (conv_tp): TensorProduct(128x0e+128x1o x 1x0e+1x1o+1x2e+1x3o -> 256x0e+384x1o+384x2e+256x3o | 1280 paths | 1280 weights)
      (conv_tp_weights): FullyConnectedNet[8, 64, 64, 64, 1280]
      (linear): Linear(256x0e+384x1o+384x2e+256x3o -> 128x0e+128x1o+128x2e+128x3o | 163840 weights)
      (skip_tp): FullyConnectedTensorProduct(128x0e+128x1o x 4x0e -> 128x0e | 65536 paths | 65536 weights)
      (reshape): reshape_irreps()
    )
  )
  (products): ModuleList(
    (0): EquivariantProductBasisBlock(
      (symmetric_contractions): SymmetricContraction(
        (contractions): ModuleList(
          (0): Contraction(
            (contractions_weighting): ModuleList(
              (0-1): 2 x GraphModule()
            )
            (contractions_features): ModuleList(
              (0-1): 2 x GraphModule()
            )
            (weights): ParameterList(
                (0): Parameter containing: [torch.float32 of size 4x4x128 (cuda:0)]
                (1): Parameter containing: [torch.float32 of size 4x1x128 (cuda:0)]
            )
            (graph_opt_main): GraphModule()
          )
          (1): Contraction(
            (contractions_weighting): ModuleList(
              (0-1): 2 x GraphModule()
            )
            (contractions_features): ModuleList(
              (0-1): 2 x GraphModule()
            )
            (weights): ParameterList(
                (0): Parameter containing: [torch.float32 of size 4x6x128 (cuda:0)]
                (1): Parameter containing: [torch.float32 of size 4x1x128 (cuda:0)]
            )
            (graph_opt_main): GraphModule()
          )
        )
      )
      (linear): Linear(128x0e+128x1o -> 128x0e+128x1o | 32768 weights)
    )
    (1): EquivariantProductBasisBlock(
      (symmetric_contractions): SymmetricContraction(
        (contractions): ModuleList(
          (0): Contraction(
            (contractions_weighting): ModuleList(
              (0-1): 2 x GraphModule()
            )
            (contractions_features): ModuleList(
              (0-1): 2 x GraphModule()
            )
            (weights): ParameterList(
                (0): Parameter containing: [torch.float32 of size 4x4x128 (cuda:0)]
                (1): Parameter containing: [torch.float32 of size 4x1x128 (cuda:0)]
            )
            (graph_opt_main): GraphModule()
          )
        )
      )
      (linear): Linear(128x0e -> 128x0e | 16384 weights)
    )
  )
  (readouts): ModuleList(
    (0): LinearDipoleReadoutBlock(
      (linear): Linear(128x0e+128x1o -> 13x0e+169x1o | 23296 weights)
    )
    (1): NonLinearDipoleReadoutBlock(
      (equivariant_nonlin): Gate (128x0e -> 128x0e)
      (linear_1): Linear(128x0e -> 128x0e | 16384 weights)
      (linear_2): Linear(128x0e -> 13x0e+169x1o | 1664 weights)
    )
  )
  (socs_readouts): ModuleList(
    (0): LinearSocReadoutBlock(
      (linear): Linear(128x0e+128x1o -> 812x0e | 103936 weights)
    )
    (1): NonLinearSocReadoutBlock(
      (equivariant_nonlin): Gate (128x0e -> 128x0e)
      (linear_1): Linear(128x0e -> 128x0e | 16384 weights)
      (linear_2): Linear(128x0e -> 812x0e | 103936 weights)
    )
  )
)
2025-09-25 10:37:41.489 INFO: Total number of parameters: 1111936
2025-09-25 10:37:41.489 INFO: 
2025-09-25 10:37:41.489 INFO: ===========OPTIMIZER INFORMATION===========
2025-09-25 10:37:41.489 INFO: Using ADAM as parameter optimizer
2025-09-25 10:37:41.489 INFO: Batch size: 10
2025-09-25 10:37:41.489 INFO: Using Exponential Moving Average with decay: 0.99
2025-09-25 10:37:41.489 INFO: Number of gradient updates: 90
2025-09-25 10:37:41.489 INFO: Learning rate: 0.001, weight decay: 5e-07
2025-09-25 10:37:41.489 INFO: WeightedEnergyForcesNacsDipoleLoss(energy_weight=100.000, forces_weight=100.000, dipole_weight=1.000)
2025-09-25 10:37:41.490 INFO: Using gradient clipping with tolerance=10.000
2025-09-25 10:37:41.490 INFO: 
2025-09-25 10:37:41.490 INFO: ===========TRAINING===========
2025-09-25 10:37:41.490 INFO: Started training, reporting errors on validation set
2025-09-25 10:37:41.490 INFO: Loss metrics on validation set
2025-09-25 10:38:27.980 INFO: ===========VERIFYING SETTINGS===========
2025-09-25 10:38:27.980 INFO: MACE version: 0.3.6
2025-09-25 10:38:27.981 DEBUG: Configuration: Namespace(name='tyrosine', seed=123, work_dir='.', nacs_key='smooth_nacs', log_dir='./logs', model_dir='.', checkpoints_dir='./checkpoints', results_dir='./results', downloads_dir='./downloads', device='cuda', default_dtype='float32', distributed=False, log_level='INFO', n_energies=13, error_table='EnergyNacsDipoleMAE', model='ExcitedMACE', r_max=5.0, num_permutational_invariant=16, radial_type='bessel', num_radial_basis=8, num_cutoff_basis=5, pair_repulsion=False, distance_transform='None', interaction='RealAgnosticResidualInteractionBlock', interaction_first='RealAgnosticResidualInteractionBlock', max_ell=3, correlation=3, num_interactions=2, MLP_irreps='128x0e', radial_MLP='[64, 64, 64]', hidden_irreps='128x0e + 128x1o', num_channels=128, max_L=1, gate='silu', scaling='rms_forces_scaling', avg_num_neighbors=1, compute_avg_num_neighbors=True, compute_stress=False, compute_forces=True, compute_dipoles=True, compute_nacs=True, compute_socs=True, train_file='tyrosine_correct.xyz', valid_file=None, valid_fraction=0.1, test_file=None, test_dir=None, multi_processed_test=False, num_workers=0, pin_memory=True, atomic_numbers=None, mean=None, std=None, statistics_file=None, E0s='average', keep_isolated_atoms=False, energy_key='REF_energy', forces_key='REF_forces', virials_key='REF_virials', stress_key='REF_stress', dipoles_key='REF_dipoles', charges_key='REF_charges', loss='weighted', forces_weight=100.0, nacs_weight=100.0, socs_weight=1000.0, soc_num=812, swa_forces_weight=100.0, energy_weight=100.0, swa_energy_weight=1000.0, virials_weight=1.0, swa_virials_weight=10.0, stress_weight=1.0, swa_stress_weight=10.0, dipoles_weight=1.0, swa_dipole_weight=1.0, config_type_weights='{"Default":1.0}', huber_delta=0.01, optimizer='adam', beta=0.9, batch_size=10, valid_batch_size=10, lr=0.001, swa_lr=0.001, weight_decay=5e-07, amsgrad=True, scheduler='ReduceLROnPlateau', lr_factor=0.8, scheduler_patience=50, lr_scheduler_gamma=0.9993, swa=False, start_swa=None, ema=True, ema_decay=0.99, max_num_epochs=10, patience=2048, foundation_model=None, foundation_model_readout=True, eval_interval=1, keep_checkpoints=False, save_all_checkpoints=False, restart_latest=False, save_cpu=False, clip_grad=10.0, wandb=False, wandb_dir=None, wandb_project='', wandb_entity='', wandb_name='', wandb_log_hypers=['num_channels', 'max_L', 'correlation', 'lr', 'swa_lr', 'weight_decay', 'batch_size', 'max_num_epochs', 'start_swa', 'energy_weight', 'forces_weight'])
2025-09-25 10:38:28.142 INFO: CUDA version: 12.4, CUDA device: 0
2025-09-25 10:38:28.161 DEBUG: Popen(['git', 'version'], cwd=/home/rhyan/Exciton_model/X-MACE, stdin=None, shell=False, universal_newlines=False)
2025-09-25 10:38:28.162 DEBUG: Popen(['git', 'version'], cwd=/home/rhyan/Exciton_model/X-MACE, stdin=None, shell=False, universal_newlines=False)
2025-09-25 10:38:28.163 DEBUG: sys.platform='linux', git_executable='git'
2025-09-25 10:38:28.164 DEBUG: Popen(['git', 'cat-file', '--batch-check'], cwd=/home/rhyan/Exciton_model/X-MACE, stdin=<valid stream>, shell=False, universal_newlines=False)
2025-09-25 10:38:28.165 DEBUG: Current Git commit: 0861c52cf365064d060e006c179e4cc1785b61c2
2025-09-25 10:38:28.165 INFO: 
2025-09-25 10:38:28.165 INFO: ===========LOADING INPUT DATA===========
2025-09-25 10:38:28.607 INFO: Using random 10% of training set for validation with indices saved in: ./valid_indices_123.txt
2025-09-25 10:38:28.607 INFO: Atomic Numbers used: [1, 6, 7, 8]
2025-09-25 10:38:28.607 INFO: Isolated Atomic Energies (E0s) not in training file, using command line argument
2025-09-25 10:38:28.607 INFO: Computing average Atomic Energies using least squares regression
2025-09-25 10:38:28.610 INFO: Atomic Energies used (z: eV): {1: -887.1094175756843, 6: -725.8167961982872, 7: -80.64631068869856, 8: -241.9389320660957}
2025-09-25 10:38:28.633 INFO: 
2025-09-25 10:38:28.633 INFO: ===========MODEL DETAILS===========
2025-09-25 10:38:28.753 INFO: Average number of neighbors: 6.4
2025-09-25 10:38:28.753 INFO: During training the following quantities will be reported: energy, forces, dipoles, nacs
2025-09-25 10:38:28.764 INFO: Building model
2025-09-25 10:38:28.764 INFO: Message passing with 128 channels and max_L=1 (128x0e + 128x1o)
2025-09-25 10:38:28.764 INFO: 2 layers, each with correlation order: 3 (body order: 4) and spherical harmonics up to: l=3
2025-09-25 10:38:28.764 INFO: 8 radial and 5 basis functions
2025-09-25 10:38:28.764 INFO: Radial cutoff: 5.0 Å (total receptive field for each atom: 10.0 Å)
2025-09-25 10:38:28.764 INFO: Distance transform for radial basis functions: None
2025-09-25 10:38:29.569 DEBUG: ExcitedMACE(
  (node_embedding): LinearNodeEmbeddingBlock(
    (linear): Linear(4x0e -> 128x0e | 512 weights)
  )
  (radial_embedding): RadialEmbeddingBlock(
    (bessel_fn): BesselBasis(r_max=5.0, num_basis=8, trainable=False)
    (cutoff_fn): PolynomialCutoff(p=5.0, r_max=5.0)
  )
  (spherical_harmonics): SphericalHarmonics()
  (atomic_energies_fn): AtomicEnergiesBlock(energies=[-887.1094, -725.8168, -80.6463, -241.9389])
  (interactions): ModuleList(
    (0): RealAgnosticInteractionBlock(
      (linear_up): Linear(128x0e -> 128x0e | 16384 weights)
      (conv_tp): TensorProduct(128x0e x 1x0e+1x1o+1x2e+1x3o -> 128x0e+128x1o+128x2e+128x3o | 512 paths | 512 weights)
      (conv_tp_weights): FullyConnectedNet[8, 64, 64, 64, 512]
      (linear): Linear(128x0e+128x1o+128x2e+128x3o -> 128x0e+128x1o+128x2e+128x3o | 65536 weights)
      (skip_tp): FullyConnectedTensorProduct(128x0e+128x1o+128x2e+128x3o x 4x0e -> 128x0e+128x1o+128x2e+128x3o | 262144 paths | 262144 weights)
      (reshape): reshape_irreps()
    )
    (1): RealAgnosticResidualInteractionBlock(
      (linear_up): Linear(128x0e+128x1o -> 128x0e+128x1o | 32768 weights)
      (conv_tp): TensorProduct(128x0e+128x1o x 1x0e+1x1o+1x2e+1x3o -> 256x0e+384x1o+384x2e+256x3o | 1280 paths | 1280 weights)
      (conv_tp_weights): FullyConnectedNet[8, 64, 64, 64, 1280]
      (linear): Linear(256x0e+384x1o+384x2e+256x3o -> 128x0e+128x1o+128x2e+128x3o | 163840 weights)
      (skip_tp): FullyConnectedTensorProduct(128x0e+128x1o x 4x0e -> 128x0e | 65536 paths | 65536 weights)
      (reshape): reshape_irreps()
    )
  )
  (products): ModuleList(
    (0): EquivariantProductBasisBlock(
      (symmetric_contractions): SymmetricContraction(
        (contractions): ModuleList(
          (0): Contraction(
            (contractions_weighting): ModuleList(
              (0-1): 2 x GraphModule()
            )
            (contractions_features): ModuleList(
              (0-1): 2 x GraphModule()
            )
            (weights): ParameterList(
                (0): Parameter containing: [torch.float32 of size 4x4x128 (cuda:0)]
                (1): Parameter containing: [torch.float32 of size 4x1x128 (cuda:0)]
            )
            (graph_opt_main): GraphModule()
          )
          (1): Contraction(
            (contractions_weighting): ModuleList(
              (0-1): 2 x GraphModule()
            )
            (contractions_features): ModuleList(
              (0-1): 2 x GraphModule()
            )
            (weights): ParameterList(
                (0): Parameter containing: [torch.float32 of size 4x6x128 (cuda:0)]
                (1): Parameter containing: [torch.float32 of size 4x1x128 (cuda:0)]
            )
            (graph_opt_main): GraphModule()
          )
        )
      )
      (linear): Linear(128x0e+128x1o -> 128x0e+128x1o | 32768 weights)
    )
    (1): EquivariantProductBasisBlock(
      (symmetric_contractions): SymmetricContraction(
        (contractions): ModuleList(
          (0): Contraction(
            (contractions_weighting): ModuleList(
              (0-1): 2 x GraphModule()
            )
            (contractions_features): ModuleList(
              (0-1): 2 x GraphModule()
            )
            (weights): ParameterList(
                (0): Parameter containing: [torch.float32 of size 4x4x128 (cuda:0)]
                (1): Parameter containing: [torch.float32 of size 4x1x128 (cuda:0)]
            )
            (graph_opt_main): GraphModule()
          )
        )
      )
      (linear): Linear(128x0e -> 128x0e | 16384 weights)
    )
  )
  (readouts): ModuleList(
    (0): LinearDipoleReadoutBlock(
      (linear): Linear(128x0e+128x1o -> 13x0e+169x1o | 23296 weights)
    )
    (1): NonLinearDipoleReadoutBlock(
      (equivariant_nonlin): Gate (128x0e -> 128x0e)
      (linear_1): Linear(128x0e -> 128x0e | 16384 weights)
      (linear_2): Linear(128x0e -> 13x0e+169x1o | 1664 weights)
    )
  )
  (socs_readouts): ModuleList(
    (0): LinearSocReadoutBlock(
      (linear): Linear(128x0e+128x1o -> 812x0e | 103936 weights)
    )
    (1): NonLinearSocReadoutBlock(
      (equivariant_nonlin): Gate (128x0e -> 128x0e)
      (linear_1): Linear(128x0e -> 128x0e | 16384 weights)
      (linear_2): Linear(128x0e -> 812x0e | 103936 weights)
    )
  )
)
2025-09-25 10:38:29.571 INFO: Total number of parameters: 1111936
2025-09-25 10:38:29.571 INFO: 
2025-09-25 10:38:29.571 INFO: ===========OPTIMIZER INFORMATION===========
2025-09-25 10:38:29.571 INFO: Using ADAM as parameter optimizer
2025-09-25 10:38:29.571 INFO: Batch size: 10
2025-09-25 10:38:29.571 INFO: Using Exponential Moving Average with decay: 0.99
2025-09-25 10:38:29.571 INFO: Number of gradient updates: 90
2025-09-25 10:38:29.571 INFO: Learning rate: 0.001, weight decay: 5e-07
2025-09-25 10:38:29.571 INFO: WeightedEnergyForcesNacsDipoleLoss(energy_weight=100.000, forces_weight=100.000, dipole_weight=1.000)
2025-09-25 10:38:29.572 INFO: Using gradient clipping with tolerance=10.000
2025-09-25 10:38:29.572 INFO: 
2025-09-25 10:38:29.572 INFO: ===========TRAINING===========
2025-09-25 10:38:29.572 INFO: Started training, reporting errors on validation set
2025-09-25 10:38:29.572 INFO: Loss metrics on validation set
2025-09-25 10:38:30.116 DEBUG: Saving info: ./results/tyrosine_run-123_train.txt
2025-09-25 10:38:31.611 DEBUG: Saving info: ./results/tyrosine_run-123_train.txt
2025-09-25 10:38:33.159 DEBUG: Saving info: ./results/tyrosine_run-123_train.txt
2025-09-25 10:38:58.531 INFO: ===========VERIFYING SETTINGS===========
2025-09-25 10:38:58.531 INFO: MACE version: 0.3.6
2025-09-25 10:38:58.531 DEBUG: Configuration: Namespace(name='tyrosine', seed=123, work_dir='.', nacs_key='smooth_nacs', log_dir='./logs', model_dir='.', checkpoints_dir='./checkpoints', results_dir='./results', downloads_dir='./downloads', device='cuda', default_dtype='float32', distributed=False, log_level='INFO', n_energies=13, error_table='EnergyNacsDipoleMAE', model='ExcitedMACE', r_max=5.0, num_permutational_invariant=16, radial_type='bessel', num_radial_basis=8, num_cutoff_basis=5, pair_repulsion=False, distance_transform='None', interaction='RealAgnosticResidualInteractionBlock', interaction_first='RealAgnosticResidualInteractionBlock', max_ell=3, correlation=3, num_interactions=2, MLP_irreps='128x0e', radial_MLP='[64, 64, 64]', hidden_irreps='128x0e + 128x1o', num_channels=128, max_L=1, gate='silu', scaling='rms_forces_scaling', avg_num_neighbors=1, compute_avg_num_neighbors=True, compute_stress=False, compute_forces=True, compute_dipoles=True, compute_nacs=True, compute_socs=True, train_file='tyrosine_correct.xyz', valid_file=None, valid_fraction=0.1, test_file=None, test_dir=None, multi_processed_test=False, num_workers=0, pin_memory=True, atomic_numbers=None, mean=None, std=None, statistics_file=None, E0s='average', keep_isolated_atoms=False, energy_key='REF_energy', forces_key='REF_forces', virials_key='REF_virials', stress_key='REF_stress', dipoles_key='REF_dipoles', charges_key='REF_charges', loss='weighted', forces_weight=100.0, nacs_weight=100.0, socs_weight=1000.0, soc_num=812, swa_forces_weight=100.0, energy_weight=100.0, swa_energy_weight=1000.0, virials_weight=1.0, swa_virials_weight=10.0, stress_weight=1.0, swa_stress_weight=10.0, dipoles_weight=1.0, swa_dipole_weight=1.0, config_type_weights='{"Default":1.0}', huber_delta=0.01, optimizer='adam', beta=0.9, batch_size=10, valid_batch_size=10, lr=0.001, swa_lr=0.001, weight_decay=5e-07, amsgrad=True, scheduler='ReduceLROnPlateau', lr_factor=0.8, scheduler_patience=50, lr_scheduler_gamma=0.9993, swa=False, start_swa=None, ema=True, ema_decay=0.99, max_num_epochs=10, patience=2048, foundation_model=None, foundation_model_readout=True, eval_interval=1, keep_checkpoints=False, save_all_checkpoints=False, restart_latest=False, save_cpu=False, clip_grad=10.0, wandb=False, wandb_dir=None, wandb_project='', wandb_entity='', wandb_name='', wandb_log_hypers=['num_channels', 'max_L', 'correlation', 'lr', 'swa_lr', 'weight_decay', 'batch_size', 'max_num_epochs', 'start_swa', 'energy_weight', 'forces_weight'])
2025-09-25 10:38:58.693 INFO: CUDA version: 12.4, CUDA device: 0
2025-09-25 10:38:58.711 DEBUG: Popen(['git', 'version'], cwd=/home/rhyan/Exciton_model/X-MACE, stdin=None, shell=False, universal_newlines=False)
2025-09-25 10:38:58.712 DEBUG: Popen(['git', 'version'], cwd=/home/rhyan/Exciton_model/X-MACE, stdin=None, shell=False, universal_newlines=False)
2025-09-25 10:38:58.713 DEBUG: sys.platform='linux', git_executable='git'
2025-09-25 10:38:58.714 DEBUG: Popen(['git', 'cat-file', '--batch-check'], cwd=/home/rhyan/Exciton_model/X-MACE, stdin=<valid stream>, shell=False, universal_newlines=False)
2025-09-25 10:38:58.715 DEBUG: Current Git commit: 0861c52cf365064d060e006c179e4cc1785b61c2
2025-09-25 10:38:58.715 INFO: 
2025-09-25 10:38:58.715 INFO: ===========LOADING INPUT DATA===========
2025-09-25 10:38:59.156 INFO: Using random 10% of training set for validation with indices saved in: ./valid_indices_123.txt
2025-09-25 10:38:59.157 INFO: Atomic Numbers used: [1, 6, 7, 8]
2025-09-25 10:38:59.157 INFO: Isolated Atomic Energies (E0s) not in training file, using command line argument
2025-09-25 10:38:59.157 INFO: Computing average Atomic Energies using least squares regression
2025-09-25 10:38:59.159 INFO: Atomic Energies used (z: eV): {1: -887.1094175756843, 6: -725.8167961982872, 7: -80.64631068869856, 8: -241.9389320660957}
2025-09-25 10:38:59.183 INFO: 
2025-09-25 10:38:59.183 INFO: ===========MODEL DETAILS===========
2025-09-25 10:38:59.302 INFO: Average number of neighbors: 6.4
2025-09-25 10:38:59.302 INFO: During training the following quantities will be reported: energy, forces, dipoles, nacs
2025-09-25 10:38:59.313 INFO: Building model
2025-09-25 10:38:59.313 INFO: Message passing with 128 channels and max_L=1 (128x0e + 128x1o)
2025-09-25 10:38:59.313 INFO: 2 layers, each with correlation order: 3 (body order: 4) and spherical harmonics up to: l=3
2025-09-25 10:38:59.313 INFO: 8 radial and 5 basis functions
2025-09-25 10:38:59.313 INFO: Radial cutoff: 5.0 Å (total receptive field for each atom: 10.0 Å)
2025-09-25 10:38:59.313 INFO: Distance transform for radial basis functions: None
2025-09-25 10:39:00.121 DEBUG: ExcitedMACE(
  (node_embedding): LinearNodeEmbeddingBlock(
    (linear): Linear(4x0e -> 128x0e | 512 weights)
  )
  (radial_embedding): RadialEmbeddingBlock(
    (bessel_fn): BesselBasis(r_max=5.0, num_basis=8, trainable=False)
    (cutoff_fn): PolynomialCutoff(p=5.0, r_max=5.0)
  )
  (spherical_harmonics): SphericalHarmonics()
  (atomic_energies_fn): AtomicEnergiesBlock(energies=[-887.1094, -725.8168, -80.6463, -241.9389])
  (interactions): ModuleList(
    (0): RealAgnosticInteractionBlock(
      (linear_up): Linear(128x0e -> 128x0e | 16384 weights)
      (conv_tp): TensorProduct(128x0e x 1x0e+1x1o+1x2e+1x3o -> 128x0e+128x1o+128x2e+128x3o | 512 paths | 512 weights)
      (conv_tp_weights): FullyConnectedNet[8, 64, 64, 64, 512]
      (linear): Linear(128x0e+128x1o+128x2e+128x3o -> 128x0e+128x1o+128x2e+128x3o | 65536 weights)
      (skip_tp): FullyConnectedTensorProduct(128x0e+128x1o+128x2e+128x3o x 4x0e -> 128x0e+128x1o+128x2e+128x3o | 262144 paths | 262144 weights)
      (reshape): reshape_irreps()
    )
    (1): RealAgnosticResidualInteractionBlock(
      (linear_up): Linear(128x0e+128x1o -> 128x0e+128x1o | 32768 weights)
      (conv_tp): TensorProduct(128x0e+128x1o x 1x0e+1x1o+1x2e+1x3o -> 256x0e+384x1o+384x2e+256x3o | 1280 paths | 1280 weights)
      (conv_tp_weights): FullyConnectedNet[8, 64, 64, 64, 1280]
      (linear): Linear(256x0e+384x1o+384x2e+256x3o -> 128x0e+128x1o+128x2e+128x3o | 163840 weights)
      (skip_tp): FullyConnectedTensorProduct(128x0e+128x1o x 4x0e -> 128x0e | 65536 paths | 65536 weights)
      (reshape): reshape_irreps()
    )
  )
  (products): ModuleList(
    (0): EquivariantProductBasisBlock(
      (symmetric_contractions): SymmetricContraction(
        (contractions): ModuleList(
          (0): Contraction(
            (contractions_weighting): ModuleList(
              (0-1): 2 x GraphModule()
            )
            (contractions_features): ModuleList(
              (0-1): 2 x GraphModule()
            )
            (weights): ParameterList(
                (0): Parameter containing: [torch.float32 of size 4x4x128 (cuda:0)]
                (1): Parameter containing: [torch.float32 of size 4x1x128 (cuda:0)]
            )
            (graph_opt_main): GraphModule()
          )
          (1): Contraction(
            (contractions_weighting): ModuleList(
              (0-1): 2 x GraphModule()
            )
            (contractions_features): ModuleList(
              (0-1): 2 x GraphModule()
            )
            (weights): ParameterList(
                (0): Parameter containing: [torch.float32 of size 4x6x128 (cuda:0)]
                (1): Parameter containing: [torch.float32 of size 4x1x128 (cuda:0)]
            )
            (graph_opt_main): GraphModule()
          )
        )
      )
      (linear): Linear(128x0e+128x1o -> 128x0e+128x1o | 32768 weights)
    )
    (1): EquivariantProductBasisBlock(
      (symmetric_contractions): SymmetricContraction(
        (contractions): ModuleList(
          (0): Contraction(
            (contractions_weighting): ModuleList(
              (0-1): 2 x GraphModule()
            )
            (contractions_features): ModuleList(
              (0-1): 2 x GraphModule()
            )
            (weights): ParameterList(
                (0): Parameter containing: [torch.float32 of size 4x4x128 (cuda:0)]
                (1): Parameter containing: [torch.float32 of size 4x1x128 (cuda:0)]
            )
            (graph_opt_main): GraphModule()
          )
        )
      )
      (linear): Linear(128x0e -> 128x0e | 16384 weights)
    )
  )
  (readouts): ModuleList(
    (0): LinearDipoleReadoutBlock(
      (linear): Linear(128x0e+128x1o -> 13x0e+169x1o | 23296 weights)
    )
    (1): NonLinearDipoleReadoutBlock(
      (equivariant_nonlin): Gate (128x0e -> 128x0e)
      (linear_1): Linear(128x0e -> 128x0e | 16384 weights)
      (linear_2): Linear(128x0e -> 13x0e+169x1o | 1664 weights)
    )
  )
  (socs_readouts): ModuleList(
    (0): LinearSocReadoutBlock(
      (linear): Linear(128x0e+128x1o -> 812x0e | 103936 weights)
    )
    (1): NonLinearSocReadoutBlock(
      (equivariant_nonlin): Gate (128x0e -> 128x0e)
      (linear_1): Linear(128x0e -> 128x0e | 16384 weights)
      (linear_2): Linear(128x0e -> 812x0e | 103936 weights)
    )
  )
)
2025-09-25 10:39:00.122 INFO: Total number of parameters: 1111936
2025-09-25 10:39:00.122 INFO: 
2025-09-25 10:39:00.122 INFO: ===========OPTIMIZER INFORMATION===========
2025-09-25 10:39:00.122 INFO: Using ADAM as parameter optimizer
2025-09-25 10:39:00.123 INFO: Batch size: 10
2025-09-25 10:39:00.123 INFO: Using Exponential Moving Average with decay: 0.99
2025-09-25 10:39:00.123 INFO: Number of gradient updates: 90
2025-09-25 10:39:00.123 INFO: Learning rate: 0.001, weight decay: 5e-07
2025-09-25 10:39:00.123 INFO: WeightedEnergyForcesNacsDipoleLoss(energy_weight=100.000, forces_weight=100.000, dipole_weight=1.000)
2025-09-25 10:39:00.123 INFO: Using gradient clipping with tolerance=10.000
2025-09-25 10:39:00.124 INFO: 
2025-09-25 10:39:00.124 INFO: ===========TRAINING===========
2025-09-25 10:39:00.124 INFO: Started training, reporting errors on validation set
2025-09-25 10:39:00.124 INFO: Loss metrics on validation set
2025-09-25 10:39:00.676 DEBUG: Saving info: ./results/tyrosine_run-123_train.txt
2025-09-25 10:39:02.179 DEBUG: Saving info: ./results/tyrosine_run-123_train.txt
2025-09-25 10:39:03.727 DEBUG: Saving info: ./results/tyrosine_run-123_train.txt
2025-09-25 10:39:20.829 INFO: ===========VERIFYING SETTINGS===========
2025-09-25 10:39:20.829 INFO: MACE version: 0.3.6
2025-09-25 10:39:20.829 DEBUG: Configuration: Namespace(name='tyrosine', seed=123, work_dir='.', nacs_key='smooth_nacs', log_dir='./logs', model_dir='.', checkpoints_dir='./checkpoints', results_dir='./results', downloads_dir='./downloads', device='cuda', default_dtype='float32', distributed=False, log_level='INFO', n_energies=13, error_table='EnergyNacsDipoleMAE', model='ExcitedMACE', r_max=5.0, num_permutational_invariant=16, radial_type='bessel', num_radial_basis=8, num_cutoff_basis=5, pair_repulsion=False, distance_transform='None', interaction='RealAgnosticResidualInteractionBlock', interaction_first='RealAgnosticResidualInteractionBlock', max_ell=3, correlation=3, num_interactions=2, MLP_irreps='128x0e', radial_MLP='[64, 64, 64]', hidden_irreps='128x0e + 128x1o', num_channels=128, max_L=1, gate='silu', scaling='rms_forces_scaling', avg_num_neighbors=1, compute_avg_num_neighbors=True, compute_stress=False, compute_forces=True, compute_dipoles=True, compute_nacs=True, compute_socs=True, train_file='tyrosine_correct.xyz', valid_file=None, valid_fraction=0.1, test_file=None, test_dir=None, multi_processed_test=False, num_workers=0, pin_memory=True, atomic_numbers=None, mean=None, std=None, statistics_file=None, E0s='average', keep_isolated_atoms=False, energy_key='REF_energy', forces_key='REF_forces', virials_key='REF_virials', stress_key='REF_stress', dipoles_key='REF_dipoles', charges_key='REF_charges', loss='weighted', forces_weight=100.0, nacs_weight=100.0, socs_weight=1000.0, soc_num=812, swa_forces_weight=100.0, energy_weight=100.0, swa_energy_weight=1000.0, virials_weight=1.0, swa_virials_weight=10.0, stress_weight=1.0, swa_stress_weight=10.0, dipoles_weight=1.0, swa_dipole_weight=1.0, config_type_weights='{"Default":1.0}', huber_delta=0.01, optimizer='adam', beta=0.9, batch_size=10, valid_batch_size=10, lr=0.001, swa_lr=0.001, weight_decay=5e-07, amsgrad=True, scheduler='ReduceLROnPlateau', lr_factor=0.8, scheduler_patience=50, lr_scheduler_gamma=0.9993, swa=False, start_swa=None, ema=True, ema_decay=0.99, max_num_epochs=10, patience=2048, foundation_model=None, foundation_model_readout=True, eval_interval=1, keep_checkpoints=False, save_all_checkpoints=False, restart_latest=False, save_cpu=False, clip_grad=10.0, wandb=False, wandb_dir=None, wandb_project='', wandb_entity='', wandb_name='', wandb_log_hypers=['num_channels', 'max_L', 'correlation', 'lr', 'swa_lr', 'weight_decay', 'batch_size', 'max_num_epochs', 'start_swa', 'energy_weight', 'forces_weight'])
2025-09-25 10:39:20.991 INFO: CUDA version: 12.4, CUDA device: 0
2025-09-25 10:39:21.009 DEBUG: Popen(['git', 'version'], cwd=/home/rhyan/Exciton_model/X-MACE, stdin=None, shell=False, universal_newlines=False)
2025-09-25 10:39:21.011 DEBUG: Popen(['git', 'version'], cwd=/home/rhyan/Exciton_model/X-MACE, stdin=None, shell=False, universal_newlines=False)
2025-09-25 10:39:21.012 DEBUG: sys.platform='linux', git_executable='git'
2025-09-25 10:39:21.012 DEBUG: Popen(['git', 'cat-file', '--batch-check'], cwd=/home/rhyan/Exciton_model/X-MACE, stdin=<valid stream>, shell=False, universal_newlines=False)
2025-09-25 10:39:21.014 DEBUG: Current Git commit: 0861c52cf365064d060e006c179e4cc1785b61c2
2025-09-25 10:39:21.014 INFO: 
2025-09-25 10:39:21.014 INFO: ===========LOADING INPUT DATA===========
2025-09-25 10:39:21.456 INFO: Using random 10% of training set for validation with indices saved in: ./valid_indices_123.txt
2025-09-25 10:39:21.456 INFO: Atomic Numbers used: [1, 6, 7, 8]
2025-09-25 10:39:21.456 INFO: Isolated Atomic Energies (E0s) not in training file, using command line argument
2025-09-25 10:39:21.456 INFO: Computing average Atomic Energies using least squares regression
2025-09-25 10:39:21.459 INFO: Atomic Energies used (z: eV): {1: -887.1094175756843, 6: -725.8167961982872, 7: -80.64631068869856, 8: -241.9389320660957}
2025-09-25 10:39:21.483 INFO: 
2025-09-25 10:39:21.483 INFO: ===========MODEL DETAILS===========
2025-09-25 10:39:21.606 INFO: Average number of neighbors: 6.4
2025-09-25 10:39:21.606 INFO: During training the following quantities will be reported: energy, forces, dipoles, nacs
2025-09-25 10:39:21.618 INFO: Building model
2025-09-25 10:39:21.618 INFO: Message passing with 128 channels and max_L=1 (128x0e + 128x1o)
2025-09-25 10:39:21.618 INFO: 2 layers, each with correlation order: 3 (body order: 4) and spherical harmonics up to: l=3
2025-09-25 10:39:21.618 INFO: 8 radial and 5 basis functions
2025-09-25 10:39:21.618 INFO: Radial cutoff: 5.0 Å (total receptive field for each atom: 10.0 Å)
2025-09-25 10:39:21.618 INFO: Distance transform for radial basis functions: None
2025-09-25 10:39:22.427 DEBUG: ExcitedMACE(
  (node_embedding): LinearNodeEmbeddingBlock(
    (linear): Linear(4x0e -> 128x0e | 512 weights)
  )
  (radial_embedding): RadialEmbeddingBlock(
    (bessel_fn): BesselBasis(r_max=5.0, num_basis=8, trainable=False)
    (cutoff_fn): PolynomialCutoff(p=5.0, r_max=5.0)
  )
  (spherical_harmonics): SphericalHarmonics()
  (atomic_energies_fn): AtomicEnergiesBlock(energies=[-887.1094, -725.8168, -80.6463, -241.9389])
  (interactions): ModuleList(
    (0): RealAgnosticInteractionBlock(
      (linear_up): Linear(128x0e -> 128x0e | 16384 weights)
      (conv_tp): TensorProduct(128x0e x 1x0e+1x1o+1x2e+1x3o -> 128x0e+128x1o+128x2e+128x3o | 512 paths | 512 weights)
      (conv_tp_weights): FullyConnectedNet[8, 64, 64, 64, 512]
      (linear): Linear(128x0e+128x1o+128x2e+128x3o -> 128x0e+128x1o+128x2e+128x3o | 65536 weights)
      (skip_tp): FullyConnectedTensorProduct(128x0e+128x1o+128x2e+128x3o x 4x0e -> 128x0e+128x1o+128x2e+128x3o | 262144 paths | 262144 weights)
      (reshape): reshape_irreps()
    )
    (1): RealAgnosticResidualInteractionBlock(
      (linear_up): Linear(128x0e+128x1o -> 128x0e+128x1o | 32768 weights)
      (conv_tp): TensorProduct(128x0e+128x1o x 1x0e+1x1o+1x2e+1x3o -> 256x0e+384x1o+384x2e+256x3o | 1280 paths | 1280 weights)
      (conv_tp_weights): FullyConnectedNet[8, 64, 64, 64, 1280]
      (linear): Linear(256x0e+384x1o+384x2e+256x3o -> 128x0e+128x1o+128x2e+128x3o | 163840 weights)
      (skip_tp): FullyConnectedTensorProduct(128x0e+128x1o x 4x0e -> 128x0e | 65536 paths | 65536 weights)
      (reshape): reshape_irreps()
    )
  )
  (products): ModuleList(
    (0): EquivariantProductBasisBlock(
      (symmetric_contractions): SymmetricContraction(
        (contractions): ModuleList(
          (0): Contraction(
            (contractions_weighting): ModuleList(
              (0-1): 2 x GraphModule()
            )
            (contractions_features): ModuleList(
              (0-1): 2 x GraphModule()
            )
            (weights): ParameterList(
                (0): Parameter containing: [torch.float32 of size 4x4x128 (cuda:0)]
                (1): Parameter containing: [torch.float32 of size 4x1x128 (cuda:0)]
            )
            (graph_opt_main): GraphModule()
          )
          (1): Contraction(
            (contractions_weighting): ModuleList(
              (0-1): 2 x GraphModule()
            )
            (contractions_features): ModuleList(
              (0-1): 2 x GraphModule()
            )
            (weights): ParameterList(
                (0): Parameter containing: [torch.float32 of size 4x6x128 (cuda:0)]
                (1): Parameter containing: [torch.float32 of size 4x1x128 (cuda:0)]
            )
            (graph_opt_main): GraphModule()
          )
        )
      )
      (linear): Linear(128x0e+128x1o -> 128x0e+128x1o | 32768 weights)
    )
    (1): EquivariantProductBasisBlock(
      (symmetric_contractions): SymmetricContraction(
        (contractions): ModuleList(
          (0): Contraction(
            (contractions_weighting): ModuleList(
              (0-1): 2 x GraphModule()
            )
            (contractions_features): ModuleList(
              (0-1): 2 x GraphModule()
            )
            (weights): ParameterList(
                (0): Parameter containing: [torch.float32 of size 4x4x128 (cuda:0)]
                (1): Parameter containing: [torch.float32 of size 4x1x128 (cuda:0)]
            )
            (graph_opt_main): GraphModule()
          )
        )
      )
      (linear): Linear(128x0e -> 128x0e | 16384 weights)
    )
  )
  (readouts): ModuleList(
    (0): LinearDipoleReadoutBlock(
      (linear): Linear(128x0e+128x1o -> 13x0e+169x1o | 23296 weights)
    )
    (1): NonLinearDipoleReadoutBlock(
      (equivariant_nonlin): Gate (128x0e -> 128x0e)
      (linear_1): Linear(128x0e -> 128x0e | 16384 weights)
      (linear_2): Linear(128x0e -> 13x0e+169x1o | 1664 weights)
    )
  )
  (socs_readouts): ModuleList(
    (0): LinearSocReadoutBlock(
      (linear): Linear(128x0e+128x1o -> 812x0e | 103936 weights)
    )
    (1): NonLinearSocReadoutBlock(
      (equivariant_nonlin): Gate (128x0e -> 128x0e)
      (linear_1): Linear(128x0e -> 128x0e | 16384 weights)
      (linear_2): Linear(128x0e -> 812x0e | 103936 weights)
    )
  )
)
2025-09-25 10:39:22.428 INFO: Total number of parameters: 1111936
2025-09-25 10:39:22.428 INFO: 
2025-09-25 10:39:22.428 INFO: ===========OPTIMIZER INFORMATION===========
2025-09-25 10:39:22.428 INFO: Using ADAM as parameter optimizer
2025-09-25 10:39:22.428 INFO: Batch size: 10
2025-09-25 10:39:22.428 INFO: Using Exponential Moving Average with decay: 0.99
2025-09-25 10:39:22.428 INFO: Number of gradient updates: 90
2025-09-25 10:39:22.428 INFO: Learning rate: 0.001, weight decay: 5e-07
2025-09-25 10:39:22.428 INFO: WeightedEnergyForcesNacsDipoleLoss(energy_weight=100.000, forces_weight=100.000, dipole_weight=1.000)
2025-09-25 10:39:22.429 INFO: Using gradient clipping with tolerance=10.000
2025-09-25 10:39:22.429 INFO: 
2025-09-25 10:39:22.429 INFO: ===========TRAINING===========
2025-09-25 10:39:22.429 INFO: Started training, reporting errors on validation set
2025-09-25 10:39:22.429 INFO: Loss metrics on validation set
2025-09-25 10:39:22.984 DEBUG: Saving info: ./results/tyrosine_run-123_train.txt
2025-09-25 10:39:24.483 DEBUG: Saving info: ./results/tyrosine_run-123_train.txt
2025-09-25 10:39:26.032 DEBUG: Saving info: ./results/tyrosine_run-123_train.txt
2025-09-25 10:39:27.780 DEBUG: Saving info: ./results/tyrosine_run-123_train.txt
2025-09-25 10:39:28.652 DEBUG: Saving info: ./results/tyrosine_run-123_train.txt
2025-09-25 10:39:29.303 DEBUG: Saving info: ./results/tyrosine_run-123_train.txt
2025-09-25 10:39:29.959 DEBUG: Saving info: ./results/tyrosine_run-123_train.txt
2025-09-25 10:39:30.614 DEBUG: Saving info: ./results/tyrosine_run-123_train.txt
2025-09-25 10:39:31.272 DEBUG: Saving info: ./results/tyrosine_run-123_train.txt
2025-09-25 10:39:31.933 DEBUG: Saving info: ./results/tyrosine_run-123_train.txt
2025-09-25 10:39:32.174 DEBUG: Saving info: ./results/tyrosine_run-123_train.txt
2025-09-25 10:39:32.175 DEBUG: Saving checkpoint: ./checkpoints/tyrosine_run-123_epoch-0.pt
2025-09-25 10:39:32.870 DEBUG: Saving info: ./results/tyrosine_run-123_train.txt
2025-09-25 10:39:33.518 DEBUG: Saving info: ./results/tyrosine_run-123_train.txt
2025-09-25 10:39:34.171 DEBUG: Saving info: ./results/tyrosine_run-123_train.txt
2025-09-25 10:39:34.828 DEBUG: Saving info: ./results/tyrosine_run-123_train.txt
2025-09-25 10:39:35.478 DEBUG: Saving info: ./results/tyrosine_run-123_train.txt
2025-09-25 10:39:36.132 DEBUG: Saving info: ./results/tyrosine_run-123_train.txt
2025-09-25 10:39:36.787 DEBUG: Saving info: ./results/tyrosine_run-123_train.txt
2025-09-25 10:39:37.443 DEBUG: Saving info: ./results/tyrosine_run-123_train.txt
2025-09-25 10:39:38.101 DEBUG: Saving info: ./results/tyrosine_run-123_train.txt
2025-09-25 10:39:38.340 DEBUG: Saving info: ./results/tyrosine_run-123_train.txt
2025-09-25 10:39:38.342 DEBUG: Deleting old checkpoint file: ./checkpoints/tyrosine_run-123_epoch-0.pt
2025-09-25 10:39:38.344 DEBUG: Saving checkpoint: ./checkpoints/tyrosine_run-123_epoch-1.pt
2025-09-25 10:39:39.048 DEBUG: Saving info: ./results/tyrosine_run-123_train.txt
2025-09-25 10:39:39.701 DEBUG: Saving info: ./results/tyrosine_run-123_train.txt
2025-09-25 10:39:40.346 DEBUG: Saving info: ./results/tyrosine_run-123_train.txt
2025-09-25 10:39:41.004 DEBUG: Saving info: ./results/tyrosine_run-123_train.txt
2025-09-25 10:39:41.662 DEBUG: Saving info: ./results/tyrosine_run-123_train.txt
2025-09-25 10:39:42.316 DEBUG: Saving info: ./results/tyrosine_run-123_train.txt
2025-09-25 10:39:42.970 DEBUG: Saving info: ./results/tyrosine_run-123_train.txt
2025-09-25 10:39:43.629 DEBUG: Saving info: ./results/tyrosine_run-123_train.txt
2025-09-25 10:39:44.289 DEBUG: Saving info: ./results/tyrosine_run-123_train.txt
2025-09-25 10:39:44.530 DEBUG: Saving info: ./results/tyrosine_run-123_train.txt
2025-09-25 10:39:44.531 DEBUG: Deleting old checkpoint file: ./checkpoints/tyrosine_run-123_epoch-1.pt
2025-09-25 10:39:44.533 DEBUG: Saving checkpoint: ./checkpoints/tyrosine_run-123_epoch-2.pt
2025-09-25 10:39:45.246 DEBUG: Saving info: ./results/tyrosine_run-123_train.txt
2025-09-25 10:39:45.903 DEBUG: Saving info: ./results/tyrosine_run-123_train.txt
2025-09-25 10:39:46.563 DEBUG: Saving info: ./results/tyrosine_run-123_train.txt
2025-09-25 10:39:47.210 DEBUG: Saving info: ./results/tyrosine_run-123_train.txt
2025-09-25 10:39:47.865 DEBUG: Saving info: ./results/tyrosine_run-123_train.txt
2025-09-25 10:39:48.520 DEBUG: Saving info: ./results/tyrosine_run-123_train.txt
2025-09-25 10:39:49.172 DEBUG: Saving info: ./results/tyrosine_run-123_train.txt
2025-09-25 10:39:49.829 DEBUG: Saving info: ./results/tyrosine_run-123_train.txt
2025-09-25 10:39:50.485 DEBUG: Saving info: ./results/tyrosine_run-123_train.txt
2025-09-25 10:39:50.724 DEBUG: Saving info: ./results/tyrosine_run-123_train.txt
2025-09-25 10:39:50.726 DEBUG: Deleting old checkpoint file: ./checkpoints/tyrosine_run-123_epoch-2.pt
2025-09-25 10:39:50.728 DEBUG: Saving checkpoint: ./checkpoints/tyrosine_run-123_epoch-3.pt
2025-09-25 10:39:51.438 DEBUG: Saving info: ./results/tyrosine_run-123_train.txt
2025-09-25 10:39:52.093 DEBUG: Saving info: ./results/tyrosine_run-123_train.txt
2025-09-25 10:39:52.748 DEBUG: Saving info: ./results/tyrosine_run-123_train.txt
2025-09-25 10:39:53.401 DEBUG: Saving info: ./results/tyrosine_run-123_train.txt
2025-09-25 10:39:54.052 DEBUG: Saving info: ./results/tyrosine_run-123_train.txt
2025-09-25 10:39:54.709 DEBUG: Saving info: ./results/tyrosine_run-123_train.txt
2025-09-25 10:39:55.368 DEBUG: Saving info: ./results/tyrosine_run-123_train.txt
2025-09-25 10:39:56.023 DEBUG: Saving info: ./results/tyrosine_run-123_train.txt
2025-09-25 10:39:56.680 DEBUG: Saving info: ./results/tyrosine_run-123_train.txt
2025-09-25 10:39:56.920 DEBUG: Saving info: ./results/tyrosine_run-123_train.txt
2025-09-25 10:39:56.921 DEBUG: Deleting old checkpoint file: ./checkpoints/tyrosine_run-123_epoch-3.pt
2025-09-25 10:39:56.923 DEBUG: Saving checkpoint: ./checkpoints/tyrosine_run-123_epoch-4.pt
2025-09-25 10:39:57.633 DEBUG: Saving info: ./results/tyrosine_run-123_train.txt
2025-09-25 10:39:58.294 DEBUG: Saving info: ./results/tyrosine_run-123_train.txt
2025-09-25 10:39:58.950 DEBUG: Saving info: ./results/tyrosine_run-123_train.txt
2025-09-25 10:39:59.600 DEBUG: Saving info: ./results/tyrosine_run-123_train.txt
2025-09-25 10:40:00.249 DEBUG: Saving info: ./results/tyrosine_run-123_train.txt
2025-09-25 10:40:00.906 DEBUG: Saving info: ./results/tyrosine_run-123_train.txt
2025-09-25 10:40:01.566 DEBUG: Saving info: ./results/tyrosine_run-123_train.txt
2025-09-25 10:40:02.225 DEBUG: Saving info: ./results/tyrosine_run-123_train.txt
2025-09-25 10:40:02.885 DEBUG: Saving info: ./results/tyrosine_run-123_train.txt
2025-09-25 10:40:03.126 DEBUG: Saving info: ./results/tyrosine_run-123_train.txt
2025-09-25 10:40:03.127 DEBUG: Deleting old checkpoint file: ./checkpoints/tyrosine_run-123_epoch-4.pt
2025-09-25 10:40:03.129 DEBUG: Saving checkpoint: ./checkpoints/tyrosine_run-123_epoch-5.pt
2025-09-25 10:40:03.841 DEBUG: Saving info: ./results/tyrosine_run-123_train.txt
2025-09-25 10:40:04.496 DEBUG: Saving info: ./results/tyrosine_run-123_train.txt
2025-09-25 10:40:05.157 DEBUG: Saving info: ./results/tyrosine_run-123_train.txt
2025-09-25 10:40:05.816 DEBUG: Saving info: ./results/tyrosine_run-123_train.txt
2025-09-25 10:40:06.480 DEBUG: Saving info: ./results/tyrosine_run-123_train.txt
2025-09-25 10:40:07.137 DEBUG: Saving info: ./results/tyrosine_run-123_train.txt
2025-09-25 10:40:07.798 DEBUG: Saving info: ./results/tyrosine_run-123_train.txt
2025-09-25 10:40:08.454 DEBUG: Saving info: ./results/tyrosine_run-123_train.txt
2025-09-25 10:40:09.112 DEBUG: Saving info: ./results/tyrosine_run-123_train.txt
2025-09-25 10:40:09.353 DEBUG: Saving info: ./results/tyrosine_run-123_train.txt
2025-09-25 10:40:09.354 DEBUG: Deleting old checkpoint file: ./checkpoints/tyrosine_run-123_epoch-5.pt
2025-09-25 10:40:09.356 DEBUG: Saving checkpoint: ./checkpoints/tyrosine_run-123_epoch-6.pt
2025-09-25 10:40:10.057 DEBUG: Saving info: ./results/tyrosine_run-123_train.txt
2025-09-25 10:40:10.722 DEBUG: Saving info: ./results/tyrosine_run-123_train.txt
2025-09-25 10:40:11.382 DEBUG: Saving info: ./results/tyrosine_run-123_train.txt
2025-09-25 10:40:12.043 DEBUG: Saving info: ./results/tyrosine_run-123_train.txt
2025-09-25 10:40:12.703 DEBUG: Saving info: ./results/tyrosine_run-123_train.txt
2025-09-25 10:40:13.365 DEBUG: Saving info: ./results/tyrosine_run-123_train.txt
2025-09-25 10:40:14.025 DEBUG: Saving info: ./results/tyrosine_run-123_train.txt
2025-09-25 10:40:14.682 DEBUG: Saving info: ./results/tyrosine_run-123_train.txt
2025-09-25 10:40:15.347 DEBUG: Saving info: ./results/tyrosine_run-123_train.txt
2025-09-25 10:40:15.589 DEBUG: Saving info: ./results/tyrosine_run-123_train.txt
2025-09-25 10:40:15.591 DEBUG: Deleting old checkpoint file: ./checkpoints/tyrosine_run-123_epoch-6.pt
2025-09-25 10:40:15.592 DEBUG: Saving checkpoint: ./checkpoints/tyrosine_run-123_epoch-7.pt
2025-09-25 10:40:16.304 DEBUG: Saving info: ./results/tyrosine_run-123_train.txt
2025-09-25 10:40:16.971 DEBUG: Saving info: ./results/tyrosine_run-123_train.txt
2025-09-25 10:40:17.632 DEBUG: Saving info: ./results/tyrosine_run-123_train.txt
2025-09-25 10:40:18.298 DEBUG: Saving info: ./results/tyrosine_run-123_train.txt
2025-09-25 10:40:18.964 DEBUG: Saving info: ./results/tyrosine_run-123_train.txt
2025-09-25 10:40:19.626 DEBUG: Saving info: ./results/tyrosine_run-123_train.txt
2025-09-25 10:40:20.287 DEBUG: Saving info: ./results/tyrosine_run-123_train.txt
2025-09-25 10:40:20.946 DEBUG: Saving info: ./results/tyrosine_run-123_train.txt
2025-09-25 10:40:21.606 DEBUG: Saving info: ./results/tyrosine_run-123_train.txt
2025-09-25 10:40:21.849 DEBUG: Saving info: ./results/tyrosine_run-123_train.txt
2025-09-25 10:40:21.850 DEBUG: Deleting old checkpoint file: ./checkpoints/tyrosine_run-123_epoch-7.pt
2025-09-25 10:40:21.852 DEBUG: Saving checkpoint: ./checkpoints/tyrosine_run-123_epoch-8.pt
2025-09-25 10:40:22.560 DEBUG: Saving info: ./results/tyrosine_run-123_train.txt
2025-09-25 10:40:23.228 DEBUG: Saving info: ./results/tyrosine_run-123_train.txt
2025-09-25 10:40:23.894 DEBUG: Saving info: ./results/tyrosine_run-123_train.txt
2025-09-25 10:40:24.557 DEBUG: Saving info: ./results/tyrosine_run-123_train.txt
2025-09-25 10:40:25.218 DEBUG: Saving info: ./results/tyrosine_run-123_train.txt
2025-09-25 10:40:25.883 DEBUG: Saving info: ./results/tyrosine_run-123_train.txt
2025-09-25 10:40:26.545 DEBUG: Saving info: ./results/tyrosine_run-123_train.txt
2025-09-25 10:40:27.204 DEBUG: Saving info: ./results/tyrosine_run-123_train.txt
2025-09-25 10:49:35.651 INFO: ===========VERIFYING SETTINGS===========
2025-09-25 10:49:35.651 INFO: MACE version: 0.3.6
2025-09-25 10:49:35.651 DEBUG: Configuration: Namespace(name='tyrosine', seed=123, work_dir='.', nacs_key='smooth_nacs', log_dir='./logs', model_dir='.', checkpoints_dir='./checkpoints', results_dir='./results', downloads_dir='./downloads', device='cuda', default_dtype='float32', distributed=False, log_level='INFO', n_energies=13, error_table='EnergyNacsDipoleMAE', model='ExcitedMACE', r_max=5.0, num_permutational_invariant=16, radial_type='bessel', num_radial_basis=8, num_cutoff_basis=5, pair_repulsion=False, distance_transform='None', interaction='RealAgnosticResidualInteractionBlock', interaction_first='RealAgnosticResidualInteractionBlock', max_ell=3, correlation=3, num_interactions=2, MLP_irreps='128x0e', radial_MLP='[64, 64, 64]', hidden_irreps='128x0e + 128x1o', num_channels=128, max_L=1, gate='silu', scaling='rms_forces_scaling', avg_num_neighbors=1, compute_avg_num_neighbors=True, compute_stress=False, compute_forces=True, compute_dipoles=True, compute_nacs=True, compute_socs=True, train_file='tyrosine_correct.xyz', valid_file=None, valid_fraction=0.1, test_file=None, test_dir=None, multi_processed_test=False, num_workers=0, pin_memory=True, atomic_numbers=None, mean=None, std=None, statistics_file=None, E0s='average', keep_isolated_atoms=False, energy_key='REF_energy', forces_key='REF_forces', virials_key='REF_virials', stress_key='REF_stress', dipoles_key='REF_dipoles', charges_key='REF_charges', loss='weighted', forces_weight=100.0, nacs_weight=100.0, socs_weight=1000.0, soc_num=812, swa_forces_weight=100.0, energy_weight=100.0, swa_energy_weight=1000.0, virials_weight=1.0, swa_virials_weight=10.0, stress_weight=1.0, swa_stress_weight=10.0, dipoles_weight=1.0, swa_dipole_weight=1.0, config_type_weights='{"Default":1.0}', huber_delta=0.01, optimizer='adam', beta=0.9, batch_size=10, valid_batch_size=10, lr=0.001, swa_lr=0.001, weight_decay=5e-07, amsgrad=True, scheduler='ReduceLROnPlateau', lr_factor=0.8, scheduler_patience=50, lr_scheduler_gamma=0.9993, swa=False, start_swa=None, ema=True, ema_decay=0.99, max_num_epochs=10, patience=2048, foundation_model=None, foundation_model_readout=True, eval_interval=1, keep_checkpoints=False, save_all_checkpoints=False, restart_latest=False, save_cpu=False, clip_grad=10.0, wandb=False, wandb_dir=None, wandb_project='', wandb_entity='', wandb_name='', wandb_log_hypers=['num_channels', 'max_L', 'correlation', 'lr', 'swa_lr', 'weight_decay', 'batch_size', 'max_num_epochs', 'start_swa', 'energy_weight', 'forces_weight'])
2025-09-25 10:49:35.679 INFO: CUDA version: 12.4, CUDA device: 0
2025-09-25 10:49:35.697 DEBUG: Popen(['git', 'version'], cwd=/home/rhyan/Exciton_model/X-MACE, stdin=None, shell=False, universal_newlines=False)
2025-09-25 10:49:35.698 DEBUG: Popen(['git', 'version'], cwd=/home/rhyan/Exciton_model/X-MACE, stdin=None, shell=False, universal_newlines=False)
2025-09-25 10:49:35.700 DEBUG: sys.platform='linux', git_executable='git'
2025-09-25 10:49:35.700 DEBUG: Popen(['git', 'cat-file', '--batch-check'], cwd=/home/rhyan/Exciton_model/X-MACE, stdin=<valid stream>, shell=False, universal_newlines=False)
2025-09-25 10:49:35.701 DEBUG: Current Git commit: 0861c52cf365064d060e006c179e4cc1785b61c2
2025-09-25 10:49:35.701 INFO: 
2025-09-25 10:49:35.701 INFO: ===========LOADING INPUT DATA===========
2025-09-25 10:49:36.144 INFO: Using random 10% of training set for validation with indices saved in: ./valid_indices_123.txt
2025-09-25 10:49:36.144 INFO: Atomic Numbers used: [1, 6, 7, 8]
2025-09-25 10:49:36.144 INFO: Isolated Atomic Energies (E0s) not in training file, using command line argument
2025-09-25 10:49:36.144 INFO: Computing average Atomic Energies using least squares regression
2025-09-25 10:49:36.147 INFO: Atomic Energies used (z: eV): {1: -887.1094175756843, 6: -725.8167961982872, 7: -80.64631068869856, 8: -241.9389320660957}
2025-09-25 10:49:36.171 INFO: 
2025-09-25 10:49:36.171 INFO: ===========MODEL DETAILS===========
2025-09-25 10:49:36.294 INFO: Average number of neighbors: 6.4
2025-09-25 10:49:36.294 INFO: During training the following quantities will be reported: energy, forces, dipoles, nacs
2025-09-25 10:49:36.306 INFO: Building model
2025-09-25 10:49:36.306 INFO: Message passing with 128 channels and max_L=1 (128x0e + 128x1o)
2025-09-25 10:49:36.306 INFO: 2 layers, each with correlation order: 3 (body order: 4) and spherical harmonics up to: l=3
2025-09-25 10:49:36.306 INFO: 8 radial and 5 basis functions
2025-09-25 10:49:36.306 INFO: Radial cutoff: 5.0 Å (total receptive field for each atom: 10.0 Å)
2025-09-25 10:49:36.306 INFO: Distance transform for radial basis functions: None
2025-09-25 10:49:37.121 DEBUG: ExcitedMACE(
  (node_embedding): LinearNodeEmbeddingBlock(
    (linear): Linear(4x0e -> 128x0e | 512 weights)
  )
  (radial_embedding): RadialEmbeddingBlock(
    (bessel_fn): BesselBasis(r_max=5.0, num_basis=8, trainable=False)
    (cutoff_fn): PolynomialCutoff(p=5.0, r_max=5.0)
  )
  (spherical_harmonics): SphericalHarmonics()
  (atomic_energies_fn): AtomicEnergiesBlock(energies=[-887.1094, -725.8168, -80.6463, -241.9389])
  (interactions): ModuleList(
    (0): RealAgnosticInteractionBlock(
      (linear_up): Linear(128x0e -> 128x0e | 16384 weights)
      (conv_tp): TensorProduct(128x0e x 1x0e+1x1o+1x2e+1x3o -> 128x0e+128x1o+128x2e+128x3o | 512 paths | 512 weights)
      (conv_tp_weights): FullyConnectedNet[8, 64, 64, 64, 512]
      (linear): Linear(128x0e+128x1o+128x2e+128x3o -> 128x0e+128x1o+128x2e+128x3o | 65536 weights)
      (skip_tp): FullyConnectedTensorProduct(128x0e+128x1o+128x2e+128x3o x 4x0e -> 128x0e+128x1o+128x2e+128x3o | 262144 paths | 262144 weights)
      (reshape): reshape_irreps()
    )
    (1): RealAgnosticResidualInteractionBlock(
      (linear_up): Linear(128x0e+128x1o -> 128x0e+128x1o | 32768 weights)
      (conv_tp): TensorProduct(128x0e+128x1o x 1x0e+1x1o+1x2e+1x3o -> 256x0e+384x1o+384x2e+256x3o | 1280 paths | 1280 weights)
      (conv_tp_weights): FullyConnectedNet[8, 64, 64, 64, 1280]
      (linear): Linear(256x0e+384x1o+384x2e+256x3o -> 128x0e+128x1o+128x2e+128x3o | 163840 weights)
      (skip_tp): FullyConnectedTensorProduct(128x0e+128x1o x 4x0e -> 128x0e | 65536 paths | 65536 weights)
      (reshape): reshape_irreps()
    )
  )
  (products): ModuleList(
    (0): EquivariantProductBasisBlock(
      (symmetric_contractions): SymmetricContraction(
        (contractions): ModuleList(
          (0): Contraction(
            (contractions_weighting): ModuleList(
              (0-1): 2 x GraphModule()
            )
            (contractions_features): ModuleList(
              (0-1): 2 x GraphModule()
            )
            (weights): ParameterList(
                (0): Parameter containing: [torch.float32 of size 4x4x128 (cuda:0)]
                (1): Parameter containing: [torch.float32 of size 4x1x128 (cuda:0)]
            )
            (graph_opt_main): GraphModule()
          )
          (1): Contraction(
            (contractions_weighting): ModuleList(
              (0-1): 2 x GraphModule()
            )
            (contractions_features): ModuleList(
              (0-1): 2 x GraphModule()
            )
            (weights): ParameterList(
                (0): Parameter containing: [torch.float32 of size 4x6x128 (cuda:0)]
                (1): Parameter containing: [torch.float32 of size 4x1x128 (cuda:0)]
            )
            (graph_opt_main): GraphModule()
          )
        )
      )
      (linear): Linear(128x0e+128x1o -> 128x0e+128x1o | 32768 weights)
    )
    (1): EquivariantProductBasisBlock(
      (symmetric_contractions): SymmetricContraction(
        (contractions): ModuleList(
          (0): Contraction(
            (contractions_weighting): ModuleList(
              (0-1): 2 x GraphModule()
            )
            (contractions_features): ModuleList(
              (0-1): 2 x GraphModule()
            )
            (weights): ParameterList(
                (0): Parameter containing: [torch.float32 of size 4x4x128 (cuda:0)]
                (1): Parameter containing: [torch.float32 of size 4x1x128 (cuda:0)]
            )
            (graph_opt_main): GraphModule()
          )
        )
      )
      (linear): Linear(128x0e -> 128x0e | 16384 weights)
    )
  )
  (readouts): ModuleList(
    (0): LinearDipoleReadoutBlock(
      (linear): Linear(128x0e+128x1o -> 13x0e+169x1o | 23296 weights)
    )
    (1): NonLinearDipoleReadoutBlock(
      (equivariant_nonlin): Gate (128x0e -> 128x0e)
      (linear_1): Linear(128x0e -> 128x0e | 16384 weights)
      (linear_2): Linear(128x0e -> 13x0e+169x1o | 1664 weights)
    )
  )
  (socs_readouts): ModuleList(
    (0): LinearSocReadoutBlock(
      (linear): Linear(128x0e+128x1o -> 812x0e | 103936 weights)
    )
    (1): NonLinearSocReadoutBlock(
      (equivariant_nonlin): Gate (128x0e -> 128x0e)
      (linear_1): Linear(128x0e -> 128x0e | 16384 weights)
      (linear_2): Linear(128x0e -> 812x0e | 103936 weights)
    )
  )
)
2025-09-25 10:49:37.122 INFO: Total number of parameters: 1111936
2025-09-25 10:49:37.122 INFO: 
2025-09-25 10:49:37.122 INFO: ===========OPTIMIZER INFORMATION===========
2025-09-25 10:49:37.122 INFO: Using ADAM as parameter optimizer
2025-09-25 10:49:37.122 INFO: Batch size: 10
2025-09-25 10:49:37.122 INFO: Using Exponential Moving Average with decay: 0.99
2025-09-25 10:49:37.122 INFO: Number of gradient updates: 90
2025-09-25 10:49:37.122 INFO: Learning rate: 0.001, weight decay: 5e-07
2025-09-25 10:49:37.122 INFO: WeightedEnergyForcesNacsDipoleLoss(energy_weight=100.000, forces_weight=100.000, dipole_weight=1.000)
2025-09-25 10:49:37.123 INFO: Using gradient clipping with tolerance=10.000
2025-09-25 10:49:37.123 INFO: 
2025-09-25 10:49:37.123 INFO: ===========TRAINING===========
2025-09-25 10:49:37.123 INFO: Started training, reporting errors on validation set
2025-09-25 10:49:37.123 INFO: Loss metrics on validation set
2025-09-25 10:49:37.696 DEBUG: Saving info: ./results/tyrosine_run-123_train.txt
2025-09-25 10:49:39.199 DEBUG: Saving info: ./results/tyrosine_run-123_train.txt
2025-09-25 10:49:40.753 DEBUG: Saving info: ./results/tyrosine_run-123_train.txt
2025-09-25 10:49:42.516 DEBUG: Saving info: ./results/tyrosine_run-123_train.txt
2025-09-25 10:49:43.391 DEBUG: Saving info: ./results/tyrosine_run-123_train.txt
2025-09-25 10:49:44.047 DEBUG: Saving info: ./results/tyrosine_run-123_train.txt
2025-09-25 10:49:44.705 DEBUG: Saving info: ./results/tyrosine_run-123_train.txt
2025-09-25 10:49:45.366 DEBUG: Saving info: ./results/tyrosine_run-123_train.txt
2025-09-25 10:49:46.030 DEBUG: Saving info: ./results/tyrosine_run-123_train.txt
2025-09-25 10:49:46.696 DEBUG: Saving info: ./results/tyrosine_run-123_train.txt
2025-09-25 10:49:46.939 DEBUG: Saving info: ./results/tyrosine_run-123_train.txt
2025-09-25 10:49:46.940 DEBUG: Saving checkpoint: ./checkpoints/tyrosine_run-123_epoch-0.pt
2025-09-25 10:49:47.656 DEBUG: Saving info: ./results/tyrosine_run-123_train.txt
2025-09-25 10:49:48.313 DEBUG: Saving info: ./results/tyrosine_run-123_train.txt
2025-09-25 10:49:48.975 DEBUG: Saving info: ./results/tyrosine_run-123_train.txt
2025-09-25 10:49:49.641 DEBUG: Saving info: ./results/tyrosine_run-123_train.txt
2025-09-25 10:49:50.299 DEBUG: Saving info: ./results/tyrosine_run-123_train.txt
2025-09-25 10:49:50.960 DEBUG: Saving info: ./results/tyrosine_run-123_train.txt
2025-09-25 10:49:51.623 DEBUG: Saving info: ./results/tyrosine_run-123_train.txt
2025-09-25 10:49:52.288 DEBUG: Saving info: ./results/tyrosine_run-123_train.txt
2025-09-25 10:49:52.954 DEBUG: Saving info: ./results/tyrosine_run-123_train.txt
2025-09-25 10:49:53.198 DEBUG: Saving info: ./results/tyrosine_run-123_train.txt
2025-09-25 10:49:53.199 DEBUG: Deleting old checkpoint file: ./checkpoints/tyrosine_run-123_epoch-0.pt
2025-09-25 10:49:53.201 DEBUG: Saving checkpoint: ./checkpoints/tyrosine_run-123_epoch-1.pt
2025-09-25 10:49:53.915 DEBUG: Saving info: ./results/tyrosine_run-123_train.txt
2025-09-25 10:49:54.578 DEBUG: Saving info: ./results/tyrosine_run-123_train.txt
2025-09-25 10:49:55.231 DEBUG: Saving info: ./results/tyrosine_run-123_train.txt
2025-09-25 10:49:55.898 DEBUG: Saving info: ./results/tyrosine_run-123_train.txt
2025-09-25 10:49:56.565 DEBUG: Saving info: ./results/tyrosine_run-123_train.txt
2025-09-25 10:49:57.228 DEBUG: Saving info: ./results/tyrosine_run-123_train.txt
2025-09-25 10:49:57.890 DEBUG: Saving info: ./results/tyrosine_run-123_train.txt
2025-09-25 10:49:58.559 DEBUG: Saving info: ./results/tyrosine_run-123_train.txt
2025-09-25 10:49:59.227 DEBUG: Saving info: ./results/tyrosine_run-123_train.txt
2025-09-25 10:49:59.471 DEBUG: Saving info: ./results/tyrosine_run-123_train.txt
2025-09-25 10:49:59.473 DEBUG: Deleting old checkpoint file: ./checkpoints/tyrosine_run-123_epoch-1.pt
2025-09-25 10:49:59.475 DEBUG: Saving checkpoint: ./checkpoints/tyrosine_run-123_epoch-2.pt
2025-09-25 10:50:00.194 DEBUG: Saving info: ./results/tyrosine_run-123_train.txt
2025-09-25 10:50:00.858 DEBUG: Saving info: ./results/tyrosine_run-123_train.txt
2025-09-25 10:50:01.527 DEBUG: Saving info: ./results/tyrosine_run-123_train.txt
2025-09-25 10:50:02.184 DEBUG: Saving info: ./results/tyrosine_run-123_train.txt
2025-09-25 10:50:02.849 DEBUG: Saving info: ./results/tyrosine_run-123_train.txt
2025-09-25 10:50:03.516 DEBUG: Saving info: ./results/tyrosine_run-123_train.txt
2025-09-25 10:50:04.179 DEBUG: Saving info: ./results/tyrosine_run-123_train.txt
2025-09-25 10:50:04.844 DEBUG: Saving info: ./results/tyrosine_run-123_train.txt
2025-09-25 10:50:05.510 DEBUG: Saving info: ./results/tyrosine_run-123_train.txt
2025-09-25 10:50:05.758 DEBUG: Saving info: ./results/tyrosine_run-123_train.txt
2025-09-25 10:50:05.759 DEBUG: Deleting old checkpoint file: ./checkpoints/tyrosine_run-123_epoch-2.pt
2025-09-25 10:50:05.761 DEBUG: Saving checkpoint: ./checkpoints/tyrosine_run-123_epoch-3.pt
2025-09-25 10:50:06.484 DEBUG: Saving info: ./results/tyrosine_run-123_train.txt
2025-09-25 10:50:07.149 DEBUG: Saving info: ./results/tyrosine_run-123_train.txt
2025-09-25 10:50:07.815 DEBUG: Saving info: ./results/tyrosine_run-123_train.txt
2025-09-25 10:50:08.478 DEBUG: Saving info: ./results/tyrosine_run-123_train.txt
2025-09-25 10:50:09.140 DEBUG: Saving info: ./results/tyrosine_run-123_train.txt
2025-09-25 10:50:09.809 DEBUG: Saving info: ./results/tyrosine_run-123_train.txt
2025-09-25 10:50:10.480 DEBUG: Saving info: ./results/tyrosine_run-123_train.txt
2025-09-25 10:50:11.145 DEBUG: Saving info: ./results/tyrosine_run-123_train.txt
2025-09-25 10:50:11.813 DEBUG: Saving info: ./results/tyrosine_run-123_train.txt
2025-09-25 10:50:12.058 DEBUG: Saving info: ./results/tyrosine_run-123_train.txt
2025-09-25 10:50:12.060 DEBUG: Deleting old checkpoint file: ./checkpoints/tyrosine_run-123_epoch-3.pt
2025-09-25 10:50:12.061 DEBUG: Saving checkpoint: ./checkpoints/tyrosine_run-123_epoch-4.pt
2025-09-25 10:50:12.784 DEBUG: Saving info: ./results/tyrosine_run-123_train.txt
2025-09-25 10:50:13.455 DEBUG: Saving info: ./results/tyrosine_run-123_train.txt
2025-09-25 10:50:14.123 DEBUG: Saving info: ./results/tyrosine_run-123_train.txt
2025-09-25 10:50:14.783 DEBUG: Saving info: ./results/tyrosine_run-123_train.txt
2025-09-25 10:50:15.443 DEBUG: Saving info: ./results/tyrosine_run-123_train.txt
2025-09-25 10:50:16.113 DEBUG: Saving info: ./results/tyrosine_run-123_train.txt
2025-09-25 10:50:16.785 DEBUG: Saving info: ./results/tyrosine_run-123_train.txt
2025-09-25 10:50:17.453 DEBUG: Saving info: ./results/tyrosine_run-123_train.txt
2025-09-25 10:50:18.123 DEBUG: Saving info: ./results/tyrosine_run-123_train.txt
2025-09-25 10:50:18.370 DEBUG: Saving info: ./results/tyrosine_run-123_train.txt
2025-09-25 10:50:18.371 DEBUG: Deleting old checkpoint file: ./checkpoints/tyrosine_run-123_epoch-4.pt
2025-09-25 10:50:18.373 DEBUG: Saving checkpoint: ./checkpoints/tyrosine_run-123_epoch-5.pt
2025-09-25 10:50:19.095 DEBUG: Saving info: ./results/tyrosine_run-123_train.txt
2025-09-25 10:50:19.760 DEBUG: Saving info: ./results/tyrosine_run-123_train.txt
2025-09-25 10:50:20.432 DEBUG: Saving info: ./results/tyrosine_run-123_train.txt
2025-09-25 10:50:21.101 DEBUG: Saving info: ./results/tyrosine_run-123_train.txt
2025-09-25 10:50:21.774 DEBUG: Saving info: ./results/tyrosine_run-123_train.txt
2025-09-25 10:50:22.441 DEBUG: Saving info: ./results/tyrosine_run-123_train.txt
2025-09-25 10:50:23.111 DEBUG: Saving info: ./results/tyrosine_run-123_train.txt
2025-09-25 10:50:23.778 DEBUG: Saving info: ./results/tyrosine_run-123_train.txt
2025-09-25 10:50:24.445 DEBUG: Saving info: ./results/tyrosine_run-123_train.txt
2025-09-25 10:50:24.692 DEBUG: Saving info: ./results/tyrosine_run-123_train.txt
2025-09-25 10:50:24.694 DEBUG: Deleting old checkpoint file: ./checkpoints/tyrosine_run-123_epoch-5.pt
2025-09-25 10:50:24.696 DEBUG: Saving checkpoint: ./checkpoints/tyrosine_run-123_epoch-6.pt
2025-09-25 10:50:25.409 DEBUG: Saving info: ./results/tyrosine_run-123_train.txt
2025-09-25 10:50:26.084 DEBUG: Saving info: ./results/tyrosine_run-123_train.txt
2025-09-25 10:50:26.753 DEBUG: Saving info: ./results/tyrosine_run-123_train.txt
2025-09-25 10:50:27.423 DEBUG: Saving info: ./results/tyrosine_run-123_train.txt
2025-09-25 10:50:28.090 DEBUG: Saving info: ./results/tyrosine_run-123_train.txt
2025-09-25 10:50:28.762 DEBUG: Saving info: ./results/tyrosine_run-123_train.txt
2025-09-25 10:50:29.432 DEBUG: Saving info: ./results/tyrosine_run-123_train.txt
2025-09-25 10:50:30.098 DEBUG: Saving info: ./results/tyrosine_run-123_train.txt
2025-09-25 10:50:30.773 DEBUG: Saving info: ./results/tyrosine_run-123_train.txt
2025-09-25 10:50:31.021 DEBUG: Saving info: ./results/tyrosine_run-123_train.txt
2025-09-25 10:50:31.022 DEBUG: Deleting old checkpoint file: ./checkpoints/tyrosine_run-123_epoch-6.pt
2025-09-25 10:50:31.024 DEBUG: Saving checkpoint: ./checkpoints/tyrosine_run-123_epoch-7.pt
2025-09-25 10:50:31.746 DEBUG: Saving info: ./results/tyrosine_run-123_train.txt
2025-09-25 10:50:32.415 DEBUG: Saving info: ./results/tyrosine_run-123_train.txt
2025-09-25 10:50:33.086 DEBUG: Saving info: ./results/tyrosine_run-123_train.txt
2025-09-25 10:50:33.760 DEBUG: Saving info: ./results/tyrosine_run-123_train.txt
2025-09-25 10:50:34.435 DEBUG: Saving info: ./results/tyrosine_run-123_train.txt
2025-09-25 10:50:35.105 DEBUG: Saving info: ./results/tyrosine_run-123_train.txt
2025-09-25 10:50:35.776 DEBUG: Saving info: ./results/tyrosine_run-123_train.txt
2025-09-25 10:50:36.445 DEBUG: Saving info: ./results/tyrosine_run-123_train.txt
2025-09-25 10:50:37.116 DEBUG: Saving info: ./results/tyrosine_run-123_train.txt
2025-09-25 10:50:37.363 DEBUG: Saving info: ./results/tyrosine_run-123_train.txt
2025-09-25 10:50:37.364 DEBUG: Deleting old checkpoint file: ./checkpoints/tyrosine_run-123_epoch-7.pt
2025-09-25 10:50:37.366 DEBUG: Saving checkpoint: ./checkpoints/tyrosine_run-123_epoch-8.pt
2025-09-25 10:50:38.092 DEBUG: Saving info: ./results/tyrosine_run-123_train.txt
2025-09-25 10:50:38.771 DEBUG: Saving info: ./results/tyrosine_run-123_train.txt
2025-09-25 10:50:39.447 DEBUG: Saving info: ./results/tyrosine_run-123_train.txt
2025-09-25 10:50:40.119 DEBUG: Saving info: ./results/tyrosine_run-123_train.txt
2025-09-25 10:50:40.789 DEBUG: Saving info: ./results/tyrosine_run-123_train.txt
2025-09-25 10:50:41.465 DEBUG: Saving info: ./results/tyrosine_run-123_train.txt
2025-09-25 10:50:42.137 DEBUG: Saving info: ./results/tyrosine_run-123_train.txt
2025-09-25 10:50:42.807 DEBUG: Saving info: ./results/tyrosine_run-123_train.txt
2025-09-25 10:50:43.482 DEBUG: Saving info: ./results/tyrosine_run-123_train.txt
2025-09-25 10:50:43.729 DEBUG: Saving info: ./results/tyrosine_run-123_train.txt
2025-09-25 10:50:43.730 DEBUG: Deleting old checkpoint file: ./checkpoints/tyrosine_run-123_epoch-8.pt
2025-09-25 10:50:43.732 DEBUG: Saving checkpoint: ./checkpoints/tyrosine_run-123_epoch-9.pt
2025-09-25 10:50:43.791 INFO: Training complete
2025-09-25 10:50:43.791 INFO: 
2025-09-25 10:50:43.791 INFO: ===========RESULTS===========
2025-09-25 10:50:43.791 INFO: Computing metrics for training, validation, and test sets
2025-09-25 10:50:43.792 INFO: Loading checkpoint: ./checkpoints/tyrosine_run-123_epoch-9.pt
2025-09-25 10:50:43.814 INFO: Loaded Stage one model from epoch 9 for evaluation
2025-09-25 10:50:43.814 INFO: Evaluating train ...
2025-09-25 10:52:50.152 INFO: ===========VERIFYING SETTINGS===========
2025-09-25 10:52:50.152 INFO: MACE version: 0.3.6
2025-09-25 10:52:50.152 DEBUG: Configuration: Namespace(name='tyrosine', seed=123, work_dir='.', nacs_key='smooth_nacs', log_dir='./logs', model_dir='.', checkpoints_dir='./checkpoints', results_dir='./results', downloads_dir='./downloads', device='cuda', default_dtype='float32', distributed=False, log_level='INFO', n_energies=13, error_table='EnergyNacsDipoleMAE', model='ExcitedMACE', r_max=5.0, num_permutational_invariant=16, radial_type='bessel', num_radial_basis=8, num_cutoff_basis=5, pair_repulsion=False, distance_transform='None', interaction='RealAgnosticResidualInteractionBlock', interaction_first='RealAgnosticResidualInteractionBlock', max_ell=3, correlation=3, num_interactions=2, MLP_irreps='128x0e', radial_MLP='[64, 64, 64]', hidden_irreps='128x0e + 128x1o', num_channels=128, max_L=1, gate='silu', scaling='rms_forces_scaling', avg_num_neighbors=1, compute_avg_num_neighbors=True, compute_stress=False, compute_forces=True, compute_dipoles=True, compute_nacs=True, compute_socs=True, train_file='tyrosine_correct_l.xyz', valid_file=None, valid_fraction=0.1, test_file=None, test_dir=None, multi_processed_test=False, num_workers=0, pin_memory=True, atomic_numbers=None, mean=None, std=None, statistics_file=None, E0s='average', keep_isolated_atoms=False, energy_key='REF_energy', forces_key='REF_forces', virials_key='REF_virials', stress_key='REF_stress', dipoles_key='REF_dipoles', charges_key='REF_charges', loss='weighted', forces_weight=100.0, nacs_weight=100.0, socs_weight=1000.0, soc_num=812, swa_forces_weight=100.0, energy_weight=100.0, swa_energy_weight=1000.0, virials_weight=1.0, swa_virials_weight=10.0, stress_weight=1.0, swa_stress_weight=10.0, dipoles_weight=1.0, swa_dipole_weight=1.0, config_type_weights='{"Default":1.0}', huber_delta=0.01, optimizer='adam', beta=0.9, batch_size=10, valid_batch_size=10, lr=0.001, swa_lr=0.001, weight_decay=5e-07, amsgrad=True, scheduler='ReduceLROnPlateau', lr_factor=0.8, scheduler_patience=50, lr_scheduler_gamma=0.9993, swa=False, start_swa=None, ema=True, ema_decay=0.99, max_num_epochs=100, patience=2048, foundation_model=None, foundation_model_readout=True, eval_interval=1, keep_checkpoints=False, save_all_checkpoints=False, restart_latest=False, save_cpu=False, clip_grad=10.0, wandb=False, wandb_dir=None, wandb_project='', wandb_entity='', wandb_name='', wandb_log_hypers=['num_channels', 'max_L', 'correlation', 'lr', 'swa_lr', 'weight_decay', 'batch_size', 'max_num_epochs', 'start_swa', 'energy_weight', 'forces_weight'])
2025-09-25 10:52:50.180 INFO: CUDA version: 12.4, CUDA device: 0
2025-09-25 10:52:50.198 DEBUG: Popen(['git', 'version'], cwd=/home/rhyan/Exciton_model/X-MACE, stdin=None, shell=False, universal_newlines=False)
2025-09-25 10:52:50.199 DEBUG: Popen(['git', 'version'], cwd=/home/rhyan/Exciton_model/X-MACE, stdin=None, shell=False, universal_newlines=False)
2025-09-25 10:52:50.201 DEBUG: sys.platform='linux', git_executable='git'
2025-09-25 10:52:50.201 DEBUG: Popen(['git', 'cat-file', '--batch-check'], cwd=/home/rhyan/Exciton_model/X-MACE, stdin=<valid stream>, shell=False, universal_newlines=False)
2025-09-25 10:52:50.202 DEBUG: Current Git commit: 0861c52cf365064d060e006c179e4cc1785b61c2
2025-09-25 10:52:50.202 INFO: 
2025-09-25 10:52:50.202 INFO: ===========LOADING INPUT DATA===========
2025-09-25 10:53:11.447 INFO: Using random 10% of training set for validation with indices saved in: ./valid_indices_123.txt
2025-09-25 10:53:11.458 INFO: Atomic Numbers used: [1, 6, 7, 8]
2025-09-25 10:53:11.458 INFO: Isolated Atomic Energies (E0s) not in training file, using command line argument
2025-09-25 10:53:11.458 INFO: Computing average Atomic Energies using least squares regression
2025-09-25 10:53:11.490 INFO: Atomic Energies used (z: eV): {1: -887.026872656073, 6: -725.7492594458778, 7: -80.63880660509754, 8: -241.91641981529267}
2025-09-25 10:53:13.264 INFO: 
2025-09-25 10:53:13.264 INFO: ===========MODEL DETAILS===========
2025-09-25 10:53:13.879 INFO: Average number of neighbors: 6.7
2025-09-25 10:53:13.879 INFO: During training the following quantities will be reported: energy, forces, dipoles, nacs
2025-09-25 10:53:14.385 INFO: Building model
2025-09-25 10:53:14.385 INFO: Message passing with 128 channels and max_L=1 (128x0e + 128x1o)
2025-09-25 10:53:14.385 INFO: 2 layers, each with correlation order: 3 (body order: 4) and spherical harmonics up to: l=3
2025-09-25 10:53:14.385 INFO: 8 radial and 5 basis functions
2025-09-25 10:53:14.385 INFO: Radial cutoff: 5.0 Å (total receptive field for each atom: 10.0 Å)
2025-09-25 10:53:14.386 INFO: Distance transform for radial basis functions: None
2025-09-25 10:53:15.205 DEBUG: ExcitedMACE(
  (node_embedding): LinearNodeEmbeddingBlock(
    (linear): Linear(4x0e -> 128x0e | 512 weights)
  )
  (radial_embedding): RadialEmbeddingBlock(
    (bessel_fn): BesselBasis(r_max=5.0, num_basis=8, trainable=False)
    (cutoff_fn): PolynomialCutoff(p=5.0, r_max=5.0)
  )
  (spherical_harmonics): SphericalHarmonics()
  (atomic_energies_fn): AtomicEnergiesBlock(energies=[-887.0269, -725.7493, -80.6388, -241.9164])
  (interactions): ModuleList(
    (0): RealAgnosticInteractionBlock(
      (linear_up): Linear(128x0e -> 128x0e | 16384 weights)
      (conv_tp): TensorProduct(128x0e x 1x0e+1x1o+1x2e+1x3o -> 128x0e+128x1o+128x2e+128x3o | 512 paths | 512 weights)
      (conv_tp_weights): FullyConnectedNet[8, 64, 64, 64, 512]
      (linear): Linear(128x0e+128x1o+128x2e+128x3o -> 128x0e+128x1o+128x2e+128x3o | 65536 weights)
      (skip_tp): FullyConnectedTensorProduct(128x0e+128x1o+128x2e+128x3o x 4x0e -> 128x0e+128x1o+128x2e+128x3o | 262144 paths | 262144 weights)
      (reshape): reshape_irreps()
    )
    (1): RealAgnosticResidualInteractionBlock(
      (linear_up): Linear(128x0e+128x1o -> 128x0e+128x1o | 32768 weights)
      (conv_tp): TensorProduct(128x0e+128x1o x 1x0e+1x1o+1x2e+1x3o -> 256x0e+384x1o+384x2e+256x3o | 1280 paths | 1280 weights)
      (conv_tp_weights): FullyConnectedNet[8, 64, 64, 64, 1280]
      (linear): Linear(256x0e+384x1o+384x2e+256x3o -> 128x0e+128x1o+128x2e+128x3o | 163840 weights)
      (skip_tp): FullyConnectedTensorProduct(128x0e+128x1o x 4x0e -> 128x0e | 65536 paths | 65536 weights)
      (reshape): reshape_irreps()
    )
  )
  (products): ModuleList(
    (0): EquivariantProductBasisBlock(
      (symmetric_contractions): SymmetricContraction(
        (contractions): ModuleList(
          (0): Contraction(
            (contractions_weighting): ModuleList(
              (0-1): 2 x GraphModule()
            )
            (contractions_features): ModuleList(
              (0-1): 2 x GraphModule()
            )
            (weights): ParameterList(
                (0): Parameter containing: [torch.float32 of size 4x4x128 (cuda:0)]
                (1): Parameter containing: [torch.float32 of size 4x1x128 (cuda:0)]
            )
            (graph_opt_main): GraphModule()
          )
          (1): Contraction(
            (contractions_weighting): ModuleList(
              (0-1): 2 x GraphModule()
            )
            (contractions_features): ModuleList(
              (0-1): 2 x GraphModule()
            )
            (weights): ParameterList(
                (0): Parameter containing: [torch.float32 of size 4x6x128 (cuda:0)]
                (1): Parameter containing: [torch.float32 of size 4x1x128 (cuda:0)]
            )
            (graph_opt_main): GraphModule()
          )
        )
      )
      (linear): Linear(128x0e+128x1o -> 128x0e+128x1o | 32768 weights)
    )
    (1): EquivariantProductBasisBlock(
      (symmetric_contractions): SymmetricContraction(
        (contractions): ModuleList(
          (0): Contraction(
            (contractions_weighting): ModuleList(
              (0-1): 2 x GraphModule()
            )
            (contractions_features): ModuleList(
              (0-1): 2 x GraphModule()
            )
            (weights): ParameterList(
                (0): Parameter containing: [torch.float32 of size 4x4x128 (cuda:0)]
                (1): Parameter containing: [torch.float32 of size 4x1x128 (cuda:0)]
            )
            (graph_opt_main): GraphModule()
          )
        )
      )
      (linear): Linear(128x0e -> 128x0e | 16384 weights)
    )
  )
  (readouts): ModuleList(
    (0): LinearDipoleReadoutBlock(
      (linear): Linear(128x0e+128x1o -> 13x0e+169x1o | 23296 weights)
    )
    (1): NonLinearDipoleReadoutBlock(
      (equivariant_nonlin): Gate (128x0e -> 128x0e)
      (linear_1): Linear(128x0e -> 128x0e | 16384 weights)
      (linear_2): Linear(128x0e -> 13x0e+169x1o | 1664 weights)
    )
  )
  (socs_readouts): ModuleList(
    (0): LinearSocReadoutBlock(
      (linear): Linear(128x0e+128x1o -> 812x0e | 103936 weights)
    )
    (1): NonLinearSocReadoutBlock(
      (equivariant_nonlin): Gate (128x0e -> 128x0e)
      (linear_1): Linear(128x0e -> 128x0e | 16384 weights)
      (linear_2): Linear(128x0e -> 812x0e | 103936 weights)
    )
  )
)
2025-09-25 10:53:15.207 INFO: Total number of parameters: 1111936
2025-09-25 10:53:15.207 INFO: 
2025-09-25 10:53:15.207 INFO: ===========OPTIMIZER INFORMATION===========
2025-09-25 10:53:15.207 INFO: Using ADAM as parameter optimizer
2025-09-25 10:53:15.207 INFO: Batch size: 10
2025-09-25 10:53:15.207 INFO: Using Exponential Moving Average with decay: 0.99
2025-09-25 10:53:15.207 INFO: Number of gradient updates: 45000
2025-09-25 10:53:15.207 INFO: Learning rate: 0.001, weight decay: 5e-07
2025-09-25 10:53:15.207 INFO: WeightedEnergyForcesNacsDipoleLoss(energy_weight=100.000, forces_weight=100.000, dipole_weight=1.000)
2025-09-25 10:53:15.208 INFO: Using gradient clipping with tolerance=10.000
2025-09-25 10:53:15.208 INFO: 
2025-09-25 10:53:15.208 INFO: ===========TRAINING===========
2025-09-25 10:53:15.208 INFO: Started training, reporting errors on validation set
2025-09-25 10:53:15.208 INFO: Loss metrics on validation set
2025-09-25 10:53:29.154 DEBUG: Saving info: ./results/tyrosine_run-123_train.txt
2025-09-25 10:53:30.177 DEBUG: Saving info: ./results/tyrosine_run-123_train.txt
2025-09-25 10:53:31.322 DEBUG: Saving info: ./results/tyrosine_run-123_train.txt
2025-09-25 10:53:32.524 DEBUG: Saving info: ./results/tyrosine_run-123_train.txt
2025-09-25 10:53:33.199 DEBUG: Saving info: ./results/tyrosine_run-123_train.txt
2025-09-25 10:53:33.872 DEBUG: Saving info: ./results/tyrosine_run-123_train.txt
2025-09-25 10:53:34.551 DEBUG: Saving info: ./results/tyrosine_run-123_train.txt
2025-09-25 10:53:35.227 DEBUG: Saving info: ./results/tyrosine_run-123_train.txt
2025-09-25 10:53:35.909 DEBUG: Saving info: ./results/tyrosine_run-123_train.txt
2025-09-25 10:53:36.586 DEBUG: Saving info: ./results/tyrosine_run-123_train.txt
2025-09-25 10:53:37.263 DEBUG: Saving info: ./results/tyrosine_run-123_train.txt
2025-09-25 10:53:37.942 DEBUG: Saving info: ./results/tyrosine_run-123_train.txt
2025-09-25 10:53:38.621 DEBUG: Saving info: ./results/tyrosine_run-123_train.txt
2025-09-25 10:53:39.302 DEBUG: Saving info: ./results/tyrosine_run-123_train.txt
2025-09-25 10:53:39.982 DEBUG: Saving info: ./results/tyrosine_run-123_train.txt
2025-09-25 10:53:40.664 DEBUG: Saving info: ./results/tyrosine_run-123_train.txt
2025-09-25 10:53:41.341 DEBUG: Saving info: ./results/tyrosine_run-123_train.txt
2025-09-25 10:53:42.022 DEBUG: Saving info: ./results/tyrosine_run-123_train.txt
2025-09-25 10:53:42.699 DEBUG: Saving info: ./results/tyrosine_run-123_train.txt
2025-09-25 10:53:43.377 DEBUG: Saving info: ./results/tyrosine_run-123_train.txt
2025-09-25 10:53:44.055 DEBUG: Saving info: ./results/tyrosine_run-123_train.txt
2025-09-25 10:53:44.733 DEBUG: Saving info: ./results/tyrosine_run-123_train.txt
2025-09-25 10:53:45.418 DEBUG: Saving info: ./results/tyrosine_run-123_train.txt
2025-09-25 10:53:46.097 DEBUG: Saving info: ./results/tyrosine_run-123_train.txt
2025-09-25 10:53:46.776 DEBUG: Saving info: ./results/tyrosine_run-123_train.txt
2025-09-25 10:53:47.458 DEBUG: Saving info: ./results/tyrosine_run-123_train.txt
2025-09-25 10:53:48.144 DEBUG: Saving info: ./results/tyrosine_run-123_train.txt
2025-09-25 10:53:48.828 DEBUG: Saving info: ./results/tyrosine_run-123_train.txt
2025-09-25 10:53:49.515 DEBUG: Saving info: ./results/tyrosine_run-123_train.txt
2025-09-25 10:53:50.200 DEBUG: Saving info: ./results/tyrosine_run-123_train.txt
2025-09-25 10:53:50.875 DEBUG: Saving info: ./results/tyrosine_run-123_train.txt
2025-09-25 10:53:51.554 DEBUG: Saving info: ./results/tyrosine_run-123_train.txt
2025-09-25 10:53:52.233 DEBUG: Saving info: ./results/tyrosine_run-123_train.txt
2025-09-25 10:53:52.914 DEBUG: Saving info: ./results/tyrosine_run-123_train.txt
2025-09-25 10:53:53.597 DEBUG: Saving info: ./results/tyrosine_run-123_train.txt
2025-09-25 10:53:54.280 DEBUG: Saving info: ./results/tyrosine_run-123_train.txt
2025-09-25 10:53:54.964 DEBUG: Saving info: ./results/tyrosine_run-123_train.txt
2025-09-25 10:53:55.648 DEBUG: Saving info: ./results/tyrosine_run-123_train.txt
2025-09-25 10:53:56.332 DEBUG: Saving info: ./results/tyrosine_run-123_train.txt
2025-09-25 10:53:57.014 DEBUG: Saving info: ./results/tyrosine_run-123_train.txt
2025-09-25 10:53:57.699 DEBUG: Saving info: ./results/tyrosine_run-123_train.txt
2025-09-25 10:53:58.382 DEBUG: Saving info: ./results/tyrosine_run-123_train.txt
2025-09-25 10:53:59.066 DEBUG: Saving info: ./results/tyrosine_run-123_train.txt
2025-09-25 10:53:59.746 DEBUG: Saving info: ./results/tyrosine_run-123_train.txt
2025-09-25 10:54:00.429 DEBUG: Saving info: ./results/tyrosine_run-123_train.txt
2025-09-25 10:54:01.110 DEBUG: Saving info: ./results/tyrosine_run-123_train.txt
2025-09-25 10:54:01.790 DEBUG: Saving info: ./results/tyrosine_run-123_train.txt
2025-09-25 10:54:02.467 DEBUG: Saving info: ./results/tyrosine_run-123_train.txt
2025-09-25 10:54:03.150 DEBUG: Saving info: ./results/tyrosine_run-123_train.txt
2025-09-25 10:54:03.833 DEBUG: Saving info: ./results/tyrosine_run-123_train.txt
2025-09-25 10:54:04.518 DEBUG: Saving info: ./results/tyrosine_run-123_train.txt
2025-09-25 10:54:05.198 DEBUG: Saving info: ./results/tyrosine_run-123_train.txt
2025-09-25 10:54:05.881 DEBUG: Saving info: ./results/tyrosine_run-123_train.txt
2025-09-25 10:54:06.566 DEBUG: Saving info: ./results/tyrosine_run-123_train.txt
2025-09-25 10:54:07.249 DEBUG: Saving info: ./results/tyrosine_run-123_train.txt
2025-09-25 10:54:07.937 DEBUG: Saving info: ./results/tyrosine_run-123_train.txt
2025-09-25 10:54:08.619 DEBUG: Saving info: ./results/tyrosine_run-123_train.txt
2025-09-25 10:54:09.303 DEBUG: Saving info: ./results/tyrosine_run-123_train.txt
2025-09-25 10:54:09.987 DEBUG: Saving info: ./results/tyrosine_run-123_train.txt
2025-09-25 10:54:10.674 DEBUG: Saving info: ./results/tyrosine_run-123_train.txt
2025-09-25 10:54:11.358 DEBUG: Saving info: ./results/tyrosine_run-123_train.txt
2025-09-25 10:54:12.050 DEBUG: Saving info: ./results/tyrosine_run-123_train.txt
2025-09-25 10:54:12.734 DEBUG: Saving info: ./results/tyrosine_run-123_train.txt
2025-09-25 10:54:13.423 DEBUG: Saving info: ./results/tyrosine_run-123_train.txt
2025-09-25 10:54:14.110 DEBUG: Saving info: ./results/tyrosine_run-123_train.txt
2025-09-25 10:54:14.790 DEBUG: Saving info: ./results/tyrosine_run-123_train.txt
2025-09-25 10:54:15.475 DEBUG: Saving info: ./results/tyrosine_run-123_train.txt
2025-09-25 10:54:16.162 DEBUG: Saving info: ./results/tyrosine_run-123_train.txt
2025-09-25 10:54:16.842 DEBUG: Saving info: ./results/tyrosine_run-123_train.txt
2025-09-25 10:54:17.528 DEBUG: Saving info: ./results/tyrosine_run-123_train.txt
2025-09-25 10:54:18.220 DEBUG: Saving info: ./results/tyrosine_run-123_train.txt
2025-09-25 10:54:18.904 DEBUG: Saving info: ./results/tyrosine_run-123_train.txt
2025-09-25 10:54:19.592 DEBUG: Saving info: ./results/tyrosine_run-123_train.txt
2025-09-25 10:54:20.279 DEBUG: Saving info: ./results/tyrosine_run-123_train.txt
2025-09-25 10:54:20.965 DEBUG: Saving info: ./results/tyrosine_run-123_train.txt
2025-09-25 10:54:21.653 DEBUG: Saving info: ./results/tyrosine_run-123_train.txt
2025-09-25 10:54:22.346 DEBUG: Saving info: ./results/tyrosine_run-123_train.txt
2025-09-25 10:54:23.037 DEBUG: Saving info: ./results/tyrosine_run-123_train.txt
2025-09-25 10:54:23.722 DEBUG: Saving info: ./results/tyrosine_run-123_train.txt
2025-09-25 10:54:24.405 DEBUG: Saving info: ./results/tyrosine_run-123_train.txt
2025-09-25 10:54:25.098 DEBUG: Saving info: ./results/tyrosine_run-123_train.txt
2025-09-25 10:54:25.788 DEBUG: Saving info: ./results/tyrosine_run-123_train.txt
2025-09-25 10:54:26.474 DEBUG: Saving info: ./results/tyrosine_run-123_train.txt
2025-09-25 10:54:27.163 DEBUG: Saving info: ./results/tyrosine_run-123_train.txt
2025-09-25 10:54:27.849 DEBUG: Saving info: ./results/tyrosine_run-123_train.txt
2025-09-25 10:54:28.535 DEBUG: Saving info: ./results/tyrosine_run-123_train.txt
2025-09-25 10:54:29.223 DEBUG: Saving info: ./results/tyrosine_run-123_train.txt
2025-09-25 10:54:29.913 DEBUG: Saving info: ./results/tyrosine_run-123_train.txt
2025-09-25 10:54:30.596 DEBUG: Saving info: ./results/tyrosine_run-123_train.txt
2025-09-25 10:54:31.283 DEBUG: Saving info: ./results/tyrosine_run-123_train.txt
2025-09-25 10:54:31.970 DEBUG: Saving info: ./results/tyrosine_run-123_train.txt
2025-09-25 10:54:32.655 DEBUG: Saving info: ./results/tyrosine_run-123_train.txt
2025-09-25 10:54:33.344 DEBUG: Saving info: ./results/tyrosine_run-123_train.txt
2025-09-25 10:54:34.033 DEBUG: Saving info: ./results/tyrosine_run-123_train.txt
2025-09-25 10:54:34.721 DEBUG: Saving info: ./results/tyrosine_run-123_train.txt
2025-09-25 10:54:35.412 DEBUG: Saving info: ./results/tyrosine_run-123_train.txt
2025-09-25 10:54:36.100 DEBUG: Saving info: ./results/tyrosine_run-123_train.txt
2025-09-25 10:54:36.788 DEBUG: Saving info: ./results/tyrosine_run-123_train.txt
2025-09-25 10:54:37.476 DEBUG: Saving info: ./results/tyrosine_run-123_train.txt
2025-09-25 10:54:38.165 DEBUG: Saving info: ./results/tyrosine_run-123_train.txt
2025-09-25 10:54:38.851 DEBUG: Saving info: ./results/tyrosine_run-123_train.txt
2025-09-25 10:54:39.541 DEBUG: Saving info: ./results/tyrosine_run-123_train.txt
2025-09-25 10:54:40.224 DEBUG: Saving info: ./results/tyrosine_run-123_train.txt
2025-09-25 10:54:40.908 DEBUG: Saving info: ./results/tyrosine_run-123_train.txt
2025-09-25 10:54:41.592 DEBUG: Saving info: ./results/tyrosine_run-123_train.txt
2025-09-25 10:54:42.281 DEBUG: Saving info: ./results/tyrosine_run-123_train.txt
2025-09-25 10:54:42.971 DEBUG: Saving info: ./results/tyrosine_run-123_train.txt
2025-09-25 10:54:43.659 DEBUG: Saving info: ./results/tyrosine_run-123_train.txt
2025-09-25 10:54:44.347 DEBUG: Saving info: ./results/tyrosine_run-123_train.txt
2025-09-25 10:54:45.039 DEBUG: Saving info: ./results/tyrosine_run-123_train.txt
2025-09-25 10:54:45.726 DEBUG: Saving info: ./results/tyrosine_run-123_train.txt
2025-09-25 10:54:46.417 DEBUG: Saving info: ./results/tyrosine_run-123_train.txt
2025-09-25 10:54:47.106 DEBUG: Saving info: ./results/tyrosine_run-123_train.txt
2025-09-25 10:54:47.794 DEBUG: Saving info: ./results/tyrosine_run-123_train.txt
2025-09-25 10:54:48.487 DEBUG: Saving info: ./results/tyrosine_run-123_train.txt
2025-09-25 10:54:49.179 DEBUG: Saving info: ./results/tyrosine_run-123_train.txt
2025-09-25 10:54:49.872 DEBUG: Saving info: ./results/tyrosine_run-123_train.txt
2025-09-25 10:54:50.566 DEBUG: Saving info: ./results/tyrosine_run-123_train.txt
2025-09-25 10:54:51.256 DEBUG: Saving info: ./results/tyrosine_run-123_train.txt
2025-09-25 10:54:51.946 DEBUG: Saving info: ./results/tyrosine_run-123_train.txt
2025-09-25 10:54:52.640 DEBUG: Saving info: ./results/tyrosine_run-123_train.txt
2025-09-25 10:54:53.331 DEBUG: Saving info: ./results/tyrosine_run-123_train.txt
2025-09-25 10:54:54.024 DEBUG: Saving info: ./results/tyrosine_run-123_train.txt
2025-09-25 10:54:54.719 DEBUG: Saving info: ./results/tyrosine_run-123_train.txt
2025-09-25 10:54:55.408 DEBUG: Saving info: ./results/tyrosine_run-123_train.txt
2025-09-25 10:54:56.106 DEBUG: Saving info: ./results/tyrosine_run-123_train.txt
2025-09-25 10:54:56.797 DEBUG: Saving info: ./results/tyrosine_run-123_train.txt
2025-09-25 10:54:57.490 DEBUG: Saving info: ./results/tyrosine_run-123_train.txt
2025-09-25 10:54:58.185 DEBUG: Saving info: ./results/tyrosine_run-123_train.txt
2025-09-25 10:54:58.879 DEBUG: Saving info: ./results/tyrosine_run-123_train.txt
2025-09-25 10:54:59.571 DEBUG: Saving info: ./results/tyrosine_run-123_train.txt
2025-09-25 10:55:00.257 DEBUG: Saving info: ./results/tyrosine_run-123_train.txt
2025-09-25 10:55:00.951 DEBUG: Saving info: ./results/tyrosine_run-123_train.txt
2025-09-25 10:55:01.648 DEBUG: Saving info: ./results/tyrosine_run-123_train.txt
2025-09-25 10:55:02.339 DEBUG: Saving info: ./results/tyrosine_run-123_train.txt
2025-09-25 10:55:03.032 DEBUG: Saving info: ./results/tyrosine_run-123_train.txt
2025-09-25 10:55:03.723 DEBUG: Saving info: ./results/tyrosine_run-123_train.txt
2025-09-25 10:55:04.415 DEBUG: Saving info: ./results/tyrosine_run-123_train.txt
2025-09-25 10:55:05.105 DEBUG: Saving info: ./results/tyrosine_run-123_train.txt
2025-09-25 10:55:05.800 DEBUG: Saving info: ./results/tyrosine_run-123_train.txt
2025-09-25 10:55:06.490 DEBUG: Saving info: ./results/tyrosine_run-123_train.txt
2025-09-25 10:55:07.183 DEBUG: Saving info: ./results/tyrosine_run-123_train.txt
2025-09-25 10:55:07.878 DEBUG: Saving info: ./results/tyrosine_run-123_train.txt
2025-09-25 10:55:08.575 DEBUG: Saving info: ./results/tyrosine_run-123_train.txt
2025-09-25 10:55:09.270 DEBUG: Saving info: ./results/tyrosine_run-123_train.txt
2025-09-25 10:55:09.968 DEBUG: Saving info: ./results/tyrosine_run-123_train.txt
2025-09-25 10:55:10.660 DEBUG: Saving info: ./results/tyrosine_run-123_train.txt
2025-09-25 10:55:11.356 DEBUG: Saving info: ./results/tyrosine_run-123_train.txt
2025-09-25 10:55:12.045 DEBUG: Saving info: ./results/tyrosine_run-123_train.txt
2025-09-25 10:55:12.737 DEBUG: Saving info: ./results/tyrosine_run-123_train.txt
2025-09-25 10:55:13.433 DEBUG: Saving info: ./results/tyrosine_run-123_train.txt
2025-09-25 10:55:14.121 DEBUG: Saving info: ./results/tyrosine_run-123_train.txt
2025-09-25 10:55:14.818 DEBUG: Saving info: ./results/tyrosine_run-123_train.txt
2025-09-25 10:55:15.512 DEBUG: Saving info: ./results/tyrosine_run-123_train.txt
2025-09-25 10:55:16.196 DEBUG: Saving info: ./results/tyrosine_run-123_train.txt
2025-09-25 10:55:16.892 DEBUG: Saving info: ./results/tyrosine_run-123_train.txt
2025-09-25 10:55:17.589 DEBUG: Saving info: ./results/tyrosine_run-123_train.txt
2025-09-25 10:55:18.286 DEBUG: Saving info: ./results/tyrosine_run-123_train.txt
2025-09-25 10:55:18.980 DEBUG: Saving info: ./results/tyrosine_run-123_train.txt
2025-09-25 10:55:19.672 DEBUG: Saving info: ./results/tyrosine_run-123_train.txt
2025-09-25 10:55:20.366 DEBUG: Saving info: ./results/tyrosine_run-123_train.txt
2025-09-25 10:55:21.058 DEBUG: Saving info: ./results/tyrosine_run-123_train.txt
2025-09-25 10:55:21.750 DEBUG: Saving info: ./results/tyrosine_run-123_train.txt
2025-09-25 10:55:22.441 DEBUG: Saving info: ./results/tyrosine_run-123_train.txt
2025-09-25 10:55:23.134 DEBUG: Saving info: ./results/tyrosine_run-123_train.txt
2025-09-25 10:55:23.830 DEBUG: Saving info: ./results/tyrosine_run-123_train.txt
2025-09-25 10:55:24.528 DEBUG: Saving info: ./results/tyrosine_run-123_train.txt
2025-09-25 10:55:25.224 DEBUG: Saving info: ./results/tyrosine_run-123_train.txt
2025-09-25 10:55:25.923 DEBUG: Saving info: ./results/tyrosine_run-123_train.txt
2025-09-25 10:55:26.618 DEBUG: Saving info: ./results/tyrosine_run-123_train.txt
2025-09-25 10:55:27.310 DEBUG: Saving info: ./results/tyrosine_run-123_train.txt
2025-09-25 10:55:28.002 DEBUG: Saving info: ./results/tyrosine_run-123_train.txt
2025-09-25 10:55:28.691 DEBUG: Saving info: ./results/tyrosine_run-123_train.txt
2025-09-25 10:55:29.392 DEBUG: Saving info: ./results/tyrosine_run-123_train.txt
2025-09-25 10:55:30.087 DEBUG: Saving info: ./results/tyrosine_run-123_train.txt
2025-09-25 10:55:30.783 DEBUG: Saving info: ./results/tyrosine_run-123_train.txt
2025-09-25 10:55:31.481 DEBUG: Saving info: ./results/tyrosine_run-123_train.txt
2025-09-25 10:55:32.178 DEBUG: Saving info: ./results/tyrosine_run-123_train.txt
2025-09-25 10:55:32.878 DEBUG: Saving info: ./results/tyrosine_run-123_train.txt
2025-09-25 10:55:33.575 DEBUG: Saving info: ./results/tyrosine_run-123_train.txt
2025-09-25 10:55:34.273 DEBUG: Saving info: ./results/tyrosine_run-123_train.txt
2025-09-25 10:55:34.971 DEBUG: Saving info: ./results/tyrosine_run-123_train.txt
2025-09-25 10:55:35.661 DEBUG: Saving info: ./results/tyrosine_run-123_train.txt
2025-09-25 10:55:36.350 DEBUG: Saving info: ./results/tyrosine_run-123_train.txt
2025-09-25 10:55:37.048 DEBUG: Saving info: ./results/tyrosine_run-123_train.txt
2025-09-25 10:55:37.741 DEBUG: Saving info: ./results/tyrosine_run-123_train.txt
2025-09-25 10:55:38.434 DEBUG: Saving info: ./results/tyrosine_run-123_train.txt
2025-09-25 10:55:39.134 DEBUG: Saving info: ./results/tyrosine_run-123_train.txt
2025-09-25 10:55:39.831 DEBUG: Saving info: ./results/tyrosine_run-123_train.txt
2025-09-25 10:55:40.531 DEBUG: Saving info: ./results/tyrosine_run-123_train.txt
2025-09-25 10:55:41.227 DEBUG: Saving info: ./results/tyrosine_run-123_train.txt
2025-09-25 10:55:41.922 DEBUG: Saving info: ./results/tyrosine_run-123_train.txt
2025-09-25 10:55:42.623 DEBUG: Saving info: ./results/tyrosine_run-123_train.txt
2025-09-25 10:55:43.335 DEBUG: Saving info: ./results/tyrosine_run-123_train.txt
2025-09-25 10:55:44.036 DEBUG: Saving info: ./results/tyrosine_run-123_train.txt
2025-09-25 10:55:44.729 DEBUG: Saving info: ./results/tyrosine_run-123_train.txt
2025-09-25 10:55:45.440 DEBUG: Saving info: ./results/tyrosine_run-123_train.txt
2025-09-25 10:55:46.144 DEBUG: Saving info: ./results/tyrosine_run-123_train.txt
2025-09-25 10:55:46.842 DEBUG: Saving info: ./results/tyrosine_run-123_train.txt
2025-09-25 10:55:47.550 DEBUG: Saving info: ./results/tyrosine_run-123_train.txt
2025-09-25 10:55:48.253 DEBUG: Saving info: ./results/tyrosine_run-123_train.txt
2025-09-25 10:55:48.963 DEBUG: Saving info: ./results/tyrosine_run-123_train.txt
2025-09-25 10:55:49.678 DEBUG: Saving info: ./results/tyrosine_run-123_train.txt
2025-09-25 10:55:50.399 DEBUG: Saving info: ./results/tyrosine_run-123_train.txt
2025-09-25 10:55:51.116 DEBUG: Saving info: ./results/tyrosine_run-123_train.txt
2025-09-25 10:55:51.812 DEBUG: Saving info: ./results/tyrosine_run-123_train.txt
2025-09-25 10:55:52.528 DEBUG: Saving info: ./results/tyrosine_run-123_train.txt
2025-09-25 10:55:53.247 DEBUG: Saving info: ./results/tyrosine_run-123_train.txt
2025-09-25 10:55:53.958 DEBUG: Saving info: ./results/tyrosine_run-123_train.txt
2025-09-25 10:55:54.680 DEBUG: Saving info: ./results/tyrosine_run-123_train.txt
2025-09-25 10:55:55.404 DEBUG: Saving info: ./results/tyrosine_run-123_train.txt
2025-09-25 10:55:56.123 DEBUG: Saving info: ./results/tyrosine_run-123_train.txt
2025-09-25 10:55:56.843 DEBUG: Saving info: ./results/tyrosine_run-123_train.txt
2025-09-25 10:55:57.555 DEBUG: Saving info: ./results/tyrosine_run-123_train.txt
2025-09-25 10:55:58.269 DEBUG: Saving info: ./results/tyrosine_run-123_train.txt
2025-09-25 10:55:58.988 DEBUG: Saving info: ./results/tyrosine_run-123_train.txt
2025-09-25 10:55:59.725 DEBUG: Saving info: ./results/tyrosine_run-123_train.txt
2025-09-25 10:56:00.444 DEBUG: Saving info: ./results/tyrosine_run-123_train.txt
2025-09-25 10:56:01.164 DEBUG: Saving info: ./results/tyrosine_run-123_train.txt
2025-09-25 10:56:01.879 DEBUG: Saving info: ./results/tyrosine_run-123_train.txt
2025-09-25 10:56:02.602 DEBUG: Saving info: ./results/tyrosine_run-123_train.txt
2025-09-25 10:56:03.339 DEBUG: Saving info: ./results/tyrosine_run-123_train.txt
2025-09-25 10:56:04.062 DEBUG: Saving info: ./results/tyrosine_run-123_train.txt
2025-09-25 10:56:04.804 DEBUG: Saving info: ./results/tyrosine_run-123_train.txt
2025-09-25 10:56:05.539 DEBUG: Saving info: ./results/tyrosine_run-123_train.txt
2025-09-25 10:56:06.276 DEBUG: Saving info: ./results/tyrosine_run-123_train.txt
2025-09-25 10:56:07.017 DEBUG: Saving info: ./results/tyrosine_run-123_train.txt
2025-09-25 10:56:07.759 DEBUG: Saving info: ./results/tyrosine_run-123_train.txt
2025-09-25 10:56:08.474 DEBUG: Saving info: ./results/tyrosine_run-123_train.txt
2025-09-25 10:56:09.206 DEBUG: Saving info: ./results/tyrosine_run-123_train.txt
2025-09-25 10:56:09.947 DEBUG: Saving info: ./results/tyrosine_run-123_train.txt
2025-09-25 10:56:10.683 DEBUG: Saving info: ./results/tyrosine_run-123_train.txt
2025-09-25 10:56:11.433 DEBUG: Saving info: ./results/tyrosine_run-123_train.txt
2025-09-25 10:56:12.176 DEBUG: Saving info: ./results/tyrosine_run-123_train.txt
2025-09-25 10:56:12.915 DEBUG: Saving info: ./results/tyrosine_run-123_train.txt
2025-09-25 10:56:13.634 DEBUG: Saving info: ./results/tyrosine_run-123_train.txt
2025-09-25 10:56:14.373 DEBUG: Saving info: ./results/tyrosine_run-123_train.txt
2025-09-25 10:56:15.117 DEBUG: Saving info: ./results/tyrosine_run-123_train.txt
2025-09-25 10:56:15.857 DEBUG: Saving info: ./results/tyrosine_run-123_train.txt
2025-09-25 10:56:16.598 DEBUG: Saving info: ./results/tyrosine_run-123_train.txt
2025-09-25 10:56:17.336 DEBUG: Saving info: ./results/tyrosine_run-123_train.txt
2025-09-25 10:56:18.076 DEBUG: Saving info: ./results/tyrosine_run-123_train.txt
2025-09-25 10:56:18.817 DEBUG: Saving info: ./results/tyrosine_run-123_train.txt
2025-09-25 10:56:19.556 DEBUG: Saving info: ./results/tyrosine_run-123_train.txt
2025-09-25 10:56:20.297 DEBUG: Saving info: ./results/tyrosine_run-123_train.txt
2025-09-25 10:56:21.043 DEBUG: Saving info: ./results/tyrosine_run-123_train.txt
2025-09-25 10:56:21.787 DEBUG: Saving info: ./results/tyrosine_run-123_train.txt
2025-09-25 10:56:22.527 DEBUG: Saving info: ./results/tyrosine_run-123_train.txt
2025-09-25 10:56:23.270 DEBUG: Saving info: ./results/tyrosine_run-123_train.txt
2025-09-25 10:56:24.013 DEBUG: Saving info: ./results/tyrosine_run-123_train.txt
2025-09-25 10:56:24.748 DEBUG: Saving info: ./results/tyrosine_run-123_train.txt
2025-09-25 10:56:25.490 DEBUG: Saving info: ./results/tyrosine_run-123_train.txt
2025-09-25 10:56:26.232 DEBUG: Saving info: ./results/tyrosine_run-123_train.txt
2025-09-25 10:56:26.978 DEBUG: Saving info: ./results/tyrosine_run-123_train.txt
2025-09-25 10:56:27.719 DEBUG: Saving info: ./results/tyrosine_run-123_train.txt
2025-09-25 10:56:28.459 DEBUG: Saving info: ./results/tyrosine_run-123_train.txt
2025-09-25 10:56:29.197 DEBUG: Saving info: ./results/tyrosine_run-123_train.txt
2025-09-25 10:56:29.942 DEBUG: Saving info: ./results/tyrosine_run-123_train.txt
2025-09-25 10:56:30.685 DEBUG: Saving info: ./results/tyrosine_run-123_train.txt
2025-09-25 10:56:31.426 DEBUG: Saving info: ./results/tyrosine_run-123_train.txt
2025-09-25 10:56:32.163 DEBUG: Saving info: ./results/tyrosine_run-123_train.txt
2025-09-25 10:56:32.909 DEBUG: Saving info: ./results/tyrosine_run-123_train.txt
2025-09-25 10:56:33.649 DEBUG: Saving info: ./results/tyrosine_run-123_train.txt
2025-09-25 10:56:34.389 DEBUG: Saving info: ./results/tyrosine_run-123_train.txt
2025-09-25 10:56:35.132 DEBUG: Saving info: ./results/tyrosine_run-123_train.txt
2025-09-25 10:56:35.877 DEBUG: Saving info: ./results/tyrosine_run-123_train.txt
2025-09-25 10:56:36.624 DEBUG: Saving info: ./results/tyrosine_run-123_train.txt
2025-09-25 10:56:37.369 DEBUG: Saving info: ./results/tyrosine_run-123_train.txt
2025-09-25 10:56:38.109 DEBUG: Saving info: ./results/tyrosine_run-123_train.txt
2025-09-25 10:56:38.846 DEBUG: Saving info: ./results/tyrosine_run-123_train.txt
2025-09-25 10:56:39.580 DEBUG: Saving info: ./results/tyrosine_run-123_train.txt
2025-09-25 10:56:53.440 INFO: ===========VERIFYING SETTINGS===========
2025-09-25 10:56:53.440 INFO: MACE version: 0.3.6
2025-09-25 10:56:53.440 DEBUG: Configuration: Namespace(name='tyrosine', seed=123, work_dir='.', nacs_key='smooth_nacs', log_dir='./logs', model_dir='.', checkpoints_dir='./checkpoints', results_dir='./results', downloads_dir='./downloads', device='cuda', default_dtype='float32', distributed=False, log_level='INFO', n_energies=13, error_table='EnergyNacsDipoleMAE', model='ExcitedMACE', r_max=5.0, num_permutational_invariant=16, radial_type='bessel', num_radial_basis=8, num_cutoff_basis=5, pair_repulsion=False, distance_transform='None', interaction='RealAgnosticResidualInteractionBlock', interaction_first='RealAgnosticResidualInteractionBlock', max_ell=3, correlation=3, num_interactions=2, MLP_irreps='128x0e', radial_MLP='[64, 64, 64]', hidden_irreps='128x0e + 128x1o', num_channels=128, max_L=1, gate='silu', scaling='rms_forces_scaling', avg_num_neighbors=1, compute_avg_num_neighbors=True, compute_stress=False, compute_forces=True, compute_dipoles=True, compute_nacs=True, compute_socs=True, train_file='tyrosine_correct_l.xyz', valid_file=None, valid_fraction=0.1, test_file=None, test_dir=None, multi_processed_test=False, num_workers=0, pin_memory=True, atomic_numbers=None, mean=None, std=None, statistics_file=None, E0s='average', keep_isolated_atoms=False, energy_key='REF_energy', forces_key='REF_forces', virials_key='REF_virials', stress_key='REF_stress', dipoles_key='REF_dipoles', charges_key='REF_charges', loss='weighted', forces_weight=100.0, nacs_weight=100.0, socs_weight=0.0, soc_num=0, swa_forces_weight=100.0, energy_weight=100.0, swa_energy_weight=1000.0, virials_weight=1.0, swa_virials_weight=10.0, stress_weight=1.0, swa_stress_weight=10.0, dipoles_weight=1.0, swa_dipole_weight=1.0, config_type_weights='{"Default":1.0}', huber_delta=0.01, optimizer='adam', beta=0.9, batch_size=10, valid_batch_size=10, lr=0.001, swa_lr=0.001, weight_decay=5e-07, amsgrad=True, scheduler='ReduceLROnPlateau', lr_factor=0.8, scheduler_patience=50, lr_scheduler_gamma=0.9993, swa=False, start_swa=None, ema=True, ema_decay=0.99, max_num_epochs=100, patience=2048, foundation_model=None, foundation_model_readout=True, eval_interval=1, keep_checkpoints=False, save_all_checkpoints=False, restart_latest=False, save_cpu=False, clip_grad=10.0, wandb=False, wandb_dir=None, wandb_project='', wandb_entity='', wandb_name='', wandb_log_hypers=['num_channels', 'max_L', 'correlation', 'lr', 'swa_lr', 'weight_decay', 'batch_size', 'max_num_epochs', 'start_swa', 'energy_weight', 'forces_weight'])
2025-09-25 10:56:53.468 INFO: CUDA version: 12.4, CUDA device: 0
2025-09-25 10:56:53.487 DEBUG: Popen(['git', 'version'], cwd=/home/rhyan/Exciton_model/X-MACE, stdin=None, shell=False, universal_newlines=False)
2025-09-25 10:56:53.488 DEBUG: Popen(['git', 'version'], cwd=/home/rhyan/Exciton_model/X-MACE, stdin=None, shell=False, universal_newlines=False)
2025-09-25 10:56:53.489 DEBUG: sys.platform='linux', git_executable='git'
2025-09-25 10:56:53.490 DEBUG: Popen(['git', 'cat-file', '--batch-check'], cwd=/home/rhyan/Exciton_model/X-MACE, stdin=<valid stream>, shell=False, universal_newlines=False)
2025-09-25 10:56:53.491 DEBUG: Current Git commit: 0861c52cf365064d060e006c179e4cc1785b61c2
2025-09-25 10:56:53.491 INFO: 
2025-09-25 10:56:53.491 INFO: ===========LOADING INPUT DATA===========
2025-09-25 10:57:14.754 INFO: Using random 10% of training set for validation with indices saved in: ./valid_indices_123.txt
2025-09-25 10:57:14.765 INFO: Atomic Numbers used: [1, 6, 7, 8]
2025-09-25 10:57:14.765 INFO: Isolated Atomic Energies (E0s) not in training file, using command line argument
2025-09-25 10:57:14.765 INFO: Computing average Atomic Energies using least squares regression
2025-09-25 10:57:14.798 INFO: Atomic Energies used (z: eV): {1: -887.026872656073, 6: -725.7492594458778, 7: -80.63880660509754, 8: -241.91641981529267}
2025-09-25 10:57:16.604 INFO: 
2025-09-25 10:57:16.604 INFO: ===========MODEL DETAILS===========
2025-09-25 10:57:17.244 INFO: Average number of neighbors: 6.7
2025-09-25 10:57:17.244 INFO: During training the following quantities will be reported: energy, forces, dipoles, nacs
2025-09-25 10:57:17.754 INFO: Building model
2025-09-25 10:57:17.755 INFO: Message passing with 128 channels and max_L=1 (128x0e + 128x1o)
2025-09-25 10:57:17.755 INFO: 2 layers, each with correlation order: 3 (body order: 4) and spherical harmonics up to: l=3
2025-09-25 10:57:17.755 INFO: 8 radial and 5 basis functions
2025-09-25 10:57:17.755 INFO: Radial cutoff: 5.0 Å (total receptive field for each atom: 10.0 Å)
2025-09-25 10:57:17.755 INFO: Distance transform for radial basis functions: None
2025-09-25 10:57:18.562 DEBUG: ExcitedMACE(
  (node_embedding): LinearNodeEmbeddingBlock(
    (linear): Linear(4x0e -> 128x0e | 512 weights)
  )
  (radial_embedding): RadialEmbeddingBlock(
    (bessel_fn): BesselBasis(r_max=5.0, num_basis=8, trainable=False)
    (cutoff_fn): PolynomialCutoff(p=5.0, r_max=5.0)
  )
  (spherical_harmonics): SphericalHarmonics()
  (atomic_energies_fn): AtomicEnergiesBlock(energies=[-887.0269, -725.7493, -80.6388, -241.9164])
  (interactions): ModuleList(
    (0): RealAgnosticInteractionBlock(
      (linear_up): Linear(128x0e -> 128x0e | 16384 weights)
      (conv_tp): TensorProduct(128x0e x 1x0e+1x1o+1x2e+1x3o -> 128x0e+128x1o+128x2e+128x3o | 512 paths | 512 weights)
      (conv_tp_weights): FullyConnectedNet[8, 64, 64, 64, 512]
      (linear): Linear(128x0e+128x1o+128x2e+128x3o -> 128x0e+128x1o+128x2e+128x3o | 65536 weights)
      (skip_tp): FullyConnectedTensorProduct(128x0e+128x1o+128x2e+128x3o x 4x0e -> 128x0e+128x1o+128x2e+128x3o | 262144 paths | 262144 weights)
      (reshape): reshape_irreps()
    )
    (1): RealAgnosticResidualInteractionBlock(
      (linear_up): Linear(128x0e+128x1o -> 128x0e+128x1o | 32768 weights)
      (conv_tp): TensorProduct(128x0e+128x1o x 1x0e+1x1o+1x2e+1x3o -> 256x0e+384x1o+384x2e+256x3o | 1280 paths | 1280 weights)
      (conv_tp_weights): FullyConnectedNet[8, 64, 64, 64, 1280]
      (linear): Linear(256x0e+384x1o+384x2e+256x3o -> 128x0e+128x1o+128x2e+128x3o | 163840 weights)
      (skip_tp): FullyConnectedTensorProduct(128x0e+128x1o x 4x0e -> 128x0e | 65536 paths | 65536 weights)
      (reshape): reshape_irreps()
    )
  )
  (products): ModuleList(
    (0): EquivariantProductBasisBlock(
      (symmetric_contractions): SymmetricContraction(
        (contractions): ModuleList(
          (0): Contraction(
            (contractions_weighting): ModuleList(
              (0-1): 2 x GraphModule()
            )
            (contractions_features): ModuleList(
              (0-1): 2 x GraphModule()
            )
            (weights): ParameterList(
                (0): Parameter containing: [torch.float32 of size 4x4x128 (cuda:0)]
                (1): Parameter containing: [torch.float32 of size 4x1x128 (cuda:0)]
            )
            (graph_opt_main): GraphModule()
          )
          (1): Contraction(
            (contractions_weighting): ModuleList(
              (0-1): 2 x GraphModule()
            )
            (contractions_features): ModuleList(
              (0-1): 2 x GraphModule()
            )
            (weights): ParameterList(
                (0): Parameter containing: [torch.float32 of size 4x6x128 (cuda:0)]
                (1): Parameter containing: [torch.float32 of size 4x1x128 (cuda:0)]
            )
            (graph_opt_main): GraphModule()
          )
        )
      )
      (linear): Linear(128x0e+128x1o -> 128x0e+128x1o | 32768 weights)
    )
    (1): EquivariantProductBasisBlock(
      (symmetric_contractions): SymmetricContraction(
        (contractions): ModuleList(
          (0): Contraction(
            (contractions_weighting): ModuleList(
              (0-1): 2 x GraphModule()
            )
            (contractions_features): ModuleList(
              (0-1): 2 x GraphModule()
            )
            (weights): ParameterList(
                (0): Parameter containing: [torch.float32 of size 4x4x128 (cuda:0)]
                (1): Parameter containing: [torch.float32 of size 4x1x128 (cuda:0)]
            )
            (graph_opt_main): GraphModule()
          )
        )
      )
      (linear): Linear(128x0e -> 128x0e | 16384 weights)
    )
  )
  (readouts): ModuleList(
    (0): LinearDipoleReadoutBlock(
      (linear): Linear(128x0e+128x1o -> 13x0e+169x1o | 23296 weights)
    )
    (1): NonLinearDipoleReadoutBlock(
      (equivariant_nonlin): Gate (128x0e -> 128x0e)
      (linear_1): Linear(128x0e -> 128x0e | 16384 weights)
      (linear_2): Linear(128x0e -> 13x0e+169x1o | 1664 weights)
    )
  )
  (socs_readouts): ModuleList(
    (0): LinearSocReadoutBlock(
      (linear): Linear(128x0e+128x1o -> 0x0e | 0 weights)
    )
    (1): NonLinearSocReadoutBlock(
      (equivariant_nonlin): Gate (128x0e -> 128x0e)
      (linear_1): Linear(128x0e -> 128x0e | 16384 weights)
      (linear_2): Linear(128x0e -> 0x0e | 0 weights)
    )
  )
)
2025-09-25 10:57:18.564 INFO: Total number of parameters: 904064
2025-09-25 10:57:18.564 INFO: 
2025-09-25 10:57:18.564 INFO: ===========OPTIMIZER INFORMATION===========
2025-09-25 10:57:18.564 INFO: Using ADAM as parameter optimizer
2025-09-25 10:57:18.564 INFO: Batch size: 10
2025-09-25 10:57:18.564 INFO: Using Exponential Moving Average with decay: 0.99
2025-09-25 10:57:18.564 INFO: Number of gradient updates: 45000
2025-09-25 10:57:18.564 INFO: Learning rate: 0.001, weight decay: 5e-07
2025-09-25 10:57:18.564 INFO: WeightedEnergyForcesNacsDipoleLoss(energy_weight=100.000, forces_weight=100.000, dipole_weight=1.000)
2025-09-25 10:57:18.565 INFO: Using gradient clipping with tolerance=10.000
2025-09-25 10:57:18.565 INFO: 
2025-09-25 10:57:18.565 INFO: ===========TRAINING===========
2025-09-25 10:57:18.565 INFO: Started training, reporting errors on validation set
2025-09-25 10:57:18.565 INFO: Loss metrics on validation set
2025-09-25 10:57:35.302 INFO: ===========VERIFYING SETTINGS===========
2025-09-25 10:57:35.302 INFO: MACE version: 0.3.6
2025-09-25 10:57:35.302 DEBUG: Configuration: Namespace(name='tyrosine', seed=123, work_dir='.', nacs_key='smooth_nacs', log_dir='./logs', model_dir='.', checkpoints_dir='./checkpoints', results_dir='./results', downloads_dir='./downloads', device='cuda', default_dtype='float32', distributed=False, log_level='INFO', n_energies=13, error_table='EnergyNacsDipoleMAE', model='ExcitedMACE', r_max=5.0, num_permutational_invariant=16, radial_type='bessel', num_radial_basis=8, num_cutoff_basis=5, pair_repulsion=False, distance_transform='None', interaction='RealAgnosticResidualInteractionBlock', interaction_first='RealAgnosticResidualInteractionBlock', max_ell=3, correlation=3, num_interactions=2, MLP_irreps='128x0e', radial_MLP='[64, 64, 64]', hidden_irreps='128x0e + 128x1o', num_channels=128, max_L=1, gate='silu', scaling='rms_forces_scaling', avg_num_neighbors=1, compute_avg_num_neighbors=True, compute_stress=False, compute_forces=True, compute_dipoles=True, compute_nacs=True, compute_socs=True, train_file='tyrosine_correct_l.xyz', valid_file=None, valid_fraction=0.1, test_file=None, test_dir=None, multi_processed_test=False, num_workers=0, pin_memory=True, atomic_numbers=None, mean=None, std=None, statistics_file=None, E0s='average', keep_isolated_atoms=False, energy_key='REF_energy', forces_key='REF_forces', virials_key='REF_virials', stress_key='REF_stress', dipoles_key='REF_dipoles', charges_key='REF_charges', loss='weighted', forces_weight=100.0, nacs_weight=100.0, socs_weight=0.0, soc_num=0, swa_forces_weight=100.0, energy_weight=100.0, swa_energy_weight=1000.0, virials_weight=1.0, swa_virials_weight=10.0, stress_weight=1.0, swa_stress_weight=10.0, dipoles_weight=1.0, swa_dipole_weight=1.0, config_type_weights='{"Default":1.0}', huber_delta=0.01, optimizer='adam', beta=0.9, batch_size=10, valid_batch_size=10, lr=0.001, swa_lr=0.001, weight_decay=5e-07, amsgrad=True, scheduler='ReduceLROnPlateau', lr_factor=0.8, scheduler_patience=50, lr_scheduler_gamma=0.9993, swa=False, start_swa=None, ema=True, ema_decay=0.99, max_num_epochs=100, patience=2048, foundation_model=None, foundation_model_readout=True, eval_interval=1, keep_checkpoints=False, save_all_checkpoints=False, restart_latest=False, save_cpu=False, clip_grad=10.0, wandb=False, wandb_dir=None, wandb_project='', wandb_entity='', wandb_name='', wandb_log_hypers=['num_channels', 'max_L', 'correlation', 'lr', 'swa_lr', 'weight_decay', 'batch_size', 'max_num_epochs', 'start_swa', 'energy_weight', 'forces_weight'])
2025-09-25 10:57:35.464 INFO: CUDA version: 12.4, CUDA device: 0
2025-09-25 10:57:35.482 DEBUG: Popen(['git', 'version'], cwd=/home/rhyan/Exciton_model/X-MACE, stdin=None, shell=False, universal_newlines=False)
2025-09-25 10:57:35.484 DEBUG: Popen(['git', 'version'], cwd=/home/rhyan/Exciton_model/X-MACE, stdin=None, shell=False, universal_newlines=False)
2025-09-25 10:57:35.485 DEBUG: sys.platform='linux', git_executable='git'
2025-09-25 10:57:35.486 DEBUG: Popen(['git', 'cat-file', '--batch-check'], cwd=/home/rhyan/Exciton_model/X-MACE, stdin=<valid stream>, shell=False, universal_newlines=False)
2025-09-25 10:57:35.487 DEBUG: Current Git commit: 0861c52cf365064d060e006c179e4cc1785b61c2
2025-09-25 10:57:35.487 INFO: 
2025-09-25 10:57:35.487 INFO: ===========LOADING INPUT DATA===========
2025-09-25 10:57:56.709 INFO: Using random 10% of training set for validation with indices saved in: ./valid_indices_123.txt
2025-09-25 10:57:56.720 INFO: Atomic Numbers used: [1, 6, 7, 8]
2025-09-25 10:57:56.721 INFO: Isolated Atomic Energies (E0s) not in training file, using command line argument
2025-09-25 10:57:56.721 INFO: Computing average Atomic Energies using least squares regression
2025-09-25 10:57:56.752 INFO: Atomic Energies used (z: eV): {1: -887.026872656073, 6: -725.7492594458778, 7: -80.63880660509754, 8: -241.91641981529267}
2025-09-25 10:57:58.529 INFO: 
2025-09-25 10:57:58.529 INFO: ===========MODEL DETAILS===========
2025-09-25 10:57:59.150 INFO: Average number of neighbors: 6.7
2025-09-25 10:57:59.150 INFO: During training the following quantities will be reported: energy, forces, dipoles, nacs
2025-09-25 10:57:59.658 INFO: Building model
2025-09-25 10:57:59.659 INFO: Message passing with 128 channels and max_L=1 (128x0e + 128x1o)
2025-09-25 10:57:59.659 INFO: 2 layers, each with correlation order: 3 (body order: 4) and spherical harmonics up to: l=3
2025-09-25 10:57:59.659 INFO: 8 radial and 5 basis functions
2025-09-25 10:57:59.659 INFO: Radial cutoff: 5.0 Å (total receptive field for each atom: 10.0 Å)
2025-09-25 10:57:59.659 INFO: Distance transform for radial basis functions: None
2025-09-25 10:58:00.466 DEBUG: ExcitedMACE(
  (node_embedding): LinearNodeEmbeddingBlock(
    (linear): Linear(4x0e -> 128x0e | 512 weights)
  )
  (radial_embedding): RadialEmbeddingBlock(
    (bessel_fn): BesselBasis(r_max=5.0, num_basis=8, trainable=False)
    (cutoff_fn): PolynomialCutoff(p=5.0, r_max=5.0)
  )
  (spherical_harmonics): SphericalHarmonics()
  (atomic_energies_fn): AtomicEnergiesBlock(energies=[-887.0269, -725.7493, -80.6388, -241.9164])
  (interactions): ModuleList(
    (0): RealAgnosticInteractionBlock(
      (linear_up): Linear(128x0e -> 128x0e | 16384 weights)
      (conv_tp): TensorProduct(128x0e x 1x0e+1x1o+1x2e+1x3o -> 128x0e+128x1o+128x2e+128x3o | 512 paths | 512 weights)
      (conv_tp_weights): FullyConnectedNet[8, 64, 64, 64, 512]
      (linear): Linear(128x0e+128x1o+128x2e+128x3o -> 128x0e+128x1o+128x2e+128x3o | 65536 weights)
      (skip_tp): FullyConnectedTensorProduct(128x0e+128x1o+128x2e+128x3o x 4x0e -> 128x0e+128x1o+128x2e+128x3o | 262144 paths | 262144 weights)
      (reshape): reshape_irreps()
    )
    (1): RealAgnosticResidualInteractionBlock(
      (linear_up): Linear(128x0e+128x1o -> 128x0e+128x1o | 32768 weights)
      (conv_tp): TensorProduct(128x0e+128x1o x 1x0e+1x1o+1x2e+1x3o -> 256x0e+384x1o+384x2e+256x3o | 1280 paths | 1280 weights)
      (conv_tp_weights): FullyConnectedNet[8, 64, 64, 64, 1280]
      (linear): Linear(256x0e+384x1o+384x2e+256x3o -> 128x0e+128x1o+128x2e+128x3o | 163840 weights)
      (skip_tp): FullyConnectedTensorProduct(128x0e+128x1o x 4x0e -> 128x0e | 65536 paths | 65536 weights)
      (reshape): reshape_irreps()
    )
  )
  (products): ModuleList(
    (0): EquivariantProductBasisBlock(
      (symmetric_contractions): SymmetricContraction(
        (contractions): ModuleList(
          (0): Contraction(
            (contractions_weighting): ModuleList(
              (0-1): 2 x GraphModule()
            )
            (contractions_features): ModuleList(
              (0-1): 2 x GraphModule()
            )
            (weights): ParameterList(
                (0): Parameter containing: [torch.float32 of size 4x4x128 (cuda:0)]
                (1): Parameter containing: [torch.float32 of size 4x1x128 (cuda:0)]
            )
            (graph_opt_main): GraphModule()
          )
          (1): Contraction(
            (contractions_weighting): ModuleList(
              (0-1): 2 x GraphModule()
            )
            (contractions_features): ModuleList(
              (0-1): 2 x GraphModule()
            )
            (weights): ParameterList(
                (0): Parameter containing: [torch.float32 of size 4x6x128 (cuda:0)]
                (1): Parameter containing: [torch.float32 of size 4x1x128 (cuda:0)]
            )
            (graph_opt_main): GraphModule()
          )
        )
      )
      (linear): Linear(128x0e+128x1o -> 128x0e+128x1o | 32768 weights)
    )
    (1): EquivariantProductBasisBlock(
      (symmetric_contractions): SymmetricContraction(
        (contractions): ModuleList(
          (0): Contraction(
            (contractions_weighting): ModuleList(
              (0-1): 2 x GraphModule()
            )
            (contractions_features): ModuleList(
              (0-1): 2 x GraphModule()
            )
            (weights): ParameterList(
                (0): Parameter containing: [torch.float32 of size 4x4x128 (cuda:0)]
                (1): Parameter containing: [torch.float32 of size 4x1x128 (cuda:0)]
            )
            (graph_opt_main): GraphModule()
          )
        )
      )
      (linear): Linear(128x0e -> 128x0e | 16384 weights)
    )
  )
  (readouts): ModuleList(
    (0): LinearDipoleReadoutBlock(
      (linear): Linear(128x0e+128x1o -> 13x0e+169x1o | 23296 weights)
    )
    (1): NonLinearDipoleReadoutBlock(
      (equivariant_nonlin): Gate (128x0e -> 128x0e)
      (linear_1): Linear(128x0e -> 128x0e | 16384 weights)
      (linear_2): Linear(128x0e -> 13x0e+169x1o | 1664 weights)
    )
  )
  (socs_readouts): ModuleList(
    (0): LinearSocReadoutBlock(
      (linear): Linear(128x0e+128x1o -> 0x0e | 0 weights)
    )
    (1): NonLinearSocReadoutBlock(
      (equivariant_nonlin): Gate (128x0e -> 128x0e)
      (linear_1): Linear(128x0e -> 128x0e | 16384 weights)
      (linear_2): Linear(128x0e -> 0x0e | 0 weights)
    )
  )
)
2025-09-25 10:58:00.467 INFO: Total number of parameters: 904064
2025-09-25 10:58:00.467 INFO: 
2025-09-25 10:58:00.468 INFO: ===========OPTIMIZER INFORMATION===========
2025-09-25 10:58:00.468 INFO: Using ADAM as parameter optimizer
2025-09-25 10:58:00.468 INFO: Batch size: 10
2025-09-25 10:58:00.468 INFO: Using Exponential Moving Average with decay: 0.99
2025-09-25 10:58:00.468 INFO: Number of gradient updates: 45000
2025-09-25 10:58:00.468 INFO: Learning rate: 0.001, weight decay: 5e-07
2025-09-25 10:58:00.468 INFO: WeightedEnergyForcesNacsDipoleLoss(energy_weight=100.000, forces_weight=100.000, dipole_weight=1.000)
2025-09-25 10:58:00.469 INFO: Using gradient clipping with tolerance=10.000
2025-09-25 10:58:00.469 INFO: 
2025-09-25 10:58:00.469 INFO: ===========TRAINING===========
2025-09-25 10:58:00.469 INFO: Started training, reporting errors on validation set
2025-09-25 10:58:00.469 INFO: Loss metrics on validation set
2025-09-25 10:58:15.540 INFO: ===========VERIFYING SETTINGS===========
2025-09-25 10:58:15.540 INFO: MACE version: 0.3.6
2025-09-25 10:58:15.540 DEBUG: Configuration: Namespace(name='tyrosine', seed=123, work_dir='.', nacs_key='smooth_nacs', log_dir='./logs', model_dir='.', checkpoints_dir='./checkpoints', results_dir='./results', downloads_dir='./downloads', device='cuda', default_dtype='float32', distributed=False, log_level='INFO', n_energies=13, error_table='EnergyNacsDipoleMAE', model='ExcitedMACE', r_max=5.0, num_permutational_invariant=16, radial_type='bessel', num_radial_basis=8, num_cutoff_basis=5, pair_repulsion=False, distance_transform='None', interaction='RealAgnosticResidualInteractionBlock', interaction_first='RealAgnosticResidualInteractionBlock', max_ell=3, correlation=3, num_interactions=2, MLP_irreps='128x0e', radial_MLP='[64, 64, 64]', hidden_irreps='128x0e + 128x1o', num_channels=128, max_L=1, gate='silu', scaling='rms_forces_scaling', avg_num_neighbors=1, compute_avg_num_neighbors=True, compute_stress=False, compute_forces=True, compute_dipoles=True, compute_nacs=True, compute_socs=True, train_file='tyrosine_correct_l.xyz', valid_file=None, valid_fraction=0.1, test_file=None, test_dir=None, multi_processed_test=False, num_workers=0, pin_memory=True, atomic_numbers=None, mean=None, std=None, statistics_file=None, E0s='average', keep_isolated_atoms=False, energy_key='REF_energy', forces_key='REF_forces', virials_key='REF_virials', stress_key='REF_stress', dipoles_key='REF_dipoles', charges_key='REF_charges', loss='weighted', forces_weight=100.0, nacs_weight=100.0, socs_weight=0.0, soc_num=0, swa_forces_weight=100.0, energy_weight=100.0, swa_energy_weight=1000.0, virials_weight=1.0, swa_virials_weight=10.0, stress_weight=1.0, swa_stress_weight=10.0, dipoles_weight=1.0, swa_dipole_weight=1.0, config_type_weights='{"Default":1.0}', huber_delta=0.01, optimizer='adam', beta=0.9, batch_size=10, valid_batch_size=10, lr=0.001, swa_lr=0.001, weight_decay=5e-07, amsgrad=True, scheduler='ReduceLROnPlateau', lr_factor=0.8, scheduler_patience=50, lr_scheduler_gamma=0.9993, swa=False, start_swa=None, ema=True, ema_decay=0.99, max_num_epochs=100, patience=2048, foundation_model=None, foundation_model_readout=True, eval_interval=1, keep_checkpoints=False, save_all_checkpoints=False, restart_latest=False, save_cpu=False, clip_grad=10.0, wandb=False, wandb_dir=None, wandb_project='', wandb_entity='', wandb_name='', wandb_log_hypers=['num_channels', 'max_L', 'correlation', 'lr', 'swa_lr', 'weight_decay', 'batch_size', 'max_num_epochs', 'start_swa', 'energy_weight', 'forces_weight'])
2025-09-25 10:58:15.704 INFO: CUDA version: 12.4, CUDA device: 0
2025-09-25 10:58:15.722 DEBUG: Popen(['git', 'version'], cwd=/home/rhyan/Exciton_model/X-MACE, stdin=None, shell=False, universal_newlines=False)
2025-09-25 10:58:15.723 DEBUG: Popen(['git', 'version'], cwd=/home/rhyan/Exciton_model/X-MACE, stdin=None, shell=False, universal_newlines=False)
2025-09-25 10:58:15.724 DEBUG: sys.platform='linux', git_executable='git'
2025-09-25 10:58:15.725 DEBUG: Popen(['git', 'cat-file', '--batch-check'], cwd=/home/rhyan/Exciton_model/X-MACE, stdin=<valid stream>, shell=False, universal_newlines=False)
2025-09-25 10:58:15.726 DEBUG: Current Git commit: 0861c52cf365064d060e006c179e4cc1785b61c2
2025-09-25 10:58:15.726 INFO: 
2025-09-25 10:58:15.726 INFO: ===========LOADING INPUT DATA===========
2025-09-25 10:58:36.924 INFO: Using random 10% of training set for validation with indices saved in: ./valid_indices_123.txt
2025-09-25 10:58:36.935 INFO: Atomic Numbers used: [1, 6, 7, 8]
2025-09-25 10:58:36.935 INFO: Isolated Atomic Energies (E0s) not in training file, using command line argument
2025-09-25 10:58:36.935 INFO: Computing average Atomic Energies using least squares regression
2025-09-25 10:58:36.966 INFO: Atomic Energies used (z: eV): {1: -887.026872656073, 6: -725.7492594458778, 7: -80.63880660509754, 8: -241.91641981529267}
2025-09-25 10:58:38.751 INFO: 
2025-09-25 10:58:38.751 INFO: ===========MODEL DETAILS===========
2025-09-25 10:58:39.380 INFO: Average number of neighbors: 6.7
2025-09-25 10:58:39.380 INFO: During training the following quantities will be reported: energy, forces, dipoles, nacs
2025-09-25 10:58:39.898 INFO: Building model
2025-09-25 10:58:39.899 INFO: Message passing with 128 channels and max_L=1 (128x0e + 128x1o)
2025-09-25 10:58:39.899 INFO: 2 layers, each with correlation order: 3 (body order: 4) and spherical harmonics up to: l=3
2025-09-25 10:58:39.899 INFO: 8 radial and 5 basis functions
2025-09-25 10:58:39.899 INFO: Radial cutoff: 5.0 Å (total receptive field for each atom: 10.0 Å)
2025-09-25 10:58:39.899 INFO: Distance transform for radial basis functions: None
2025-09-25 10:58:40.702 DEBUG: ExcitedMACE(
  (node_embedding): LinearNodeEmbeddingBlock(
    (linear): Linear(4x0e -> 128x0e | 512 weights)
  )
  (radial_embedding): RadialEmbeddingBlock(
    (bessel_fn): BesselBasis(r_max=5.0, num_basis=8, trainable=False)
    (cutoff_fn): PolynomialCutoff(p=5.0, r_max=5.0)
  )
  (spherical_harmonics): SphericalHarmonics()
  (atomic_energies_fn): AtomicEnergiesBlock(energies=[-887.0269, -725.7493, -80.6388, -241.9164])
  (interactions): ModuleList(
    (0): RealAgnosticInteractionBlock(
      (linear_up): Linear(128x0e -> 128x0e | 16384 weights)
      (conv_tp): TensorProduct(128x0e x 1x0e+1x1o+1x2e+1x3o -> 128x0e+128x1o+128x2e+128x3o | 512 paths | 512 weights)
      (conv_tp_weights): FullyConnectedNet[8, 64, 64, 64, 512]
      (linear): Linear(128x0e+128x1o+128x2e+128x3o -> 128x0e+128x1o+128x2e+128x3o | 65536 weights)
      (skip_tp): FullyConnectedTensorProduct(128x0e+128x1o+128x2e+128x3o x 4x0e -> 128x0e+128x1o+128x2e+128x3o | 262144 paths | 262144 weights)
      (reshape): reshape_irreps()
    )
    (1): RealAgnosticResidualInteractionBlock(
      (linear_up): Linear(128x0e+128x1o -> 128x0e+128x1o | 32768 weights)
      (conv_tp): TensorProduct(128x0e+128x1o x 1x0e+1x1o+1x2e+1x3o -> 256x0e+384x1o+384x2e+256x3o | 1280 paths | 1280 weights)
      (conv_tp_weights): FullyConnectedNet[8, 64, 64, 64, 1280]
      (linear): Linear(256x0e+384x1o+384x2e+256x3o -> 128x0e+128x1o+128x2e+128x3o | 163840 weights)
      (skip_tp): FullyConnectedTensorProduct(128x0e+128x1o x 4x0e -> 128x0e | 65536 paths | 65536 weights)
      (reshape): reshape_irreps()
    )
  )
  (products): ModuleList(
    (0): EquivariantProductBasisBlock(
      (symmetric_contractions): SymmetricContraction(
        (contractions): ModuleList(
          (0): Contraction(
            (contractions_weighting): ModuleList(
              (0-1): 2 x GraphModule()
            )
            (contractions_features): ModuleList(
              (0-1): 2 x GraphModule()
            )
            (weights): ParameterList(
                (0): Parameter containing: [torch.float32 of size 4x4x128 (cuda:0)]
                (1): Parameter containing: [torch.float32 of size 4x1x128 (cuda:0)]
            )
            (graph_opt_main): GraphModule()
          )
          (1): Contraction(
            (contractions_weighting): ModuleList(
              (0-1): 2 x GraphModule()
            )
            (contractions_features): ModuleList(
              (0-1): 2 x GraphModule()
            )
            (weights): ParameterList(
                (0): Parameter containing: [torch.float32 of size 4x6x128 (cuda:0)]
                (1): Parameter containing: [torch.float32 of size 4x1x128 (cuda:0)]
            )
            (graph_opt_main): GraphModule()
          )
        )
      )
      (linear): Linear(128x0e+128x1o -> 128x0e+128x1o | 32768 weights)
    )
    (1): EquivariantProductBasisBlock(
      (symmetric_contractions): SymmetricContraction(
        (contractions): ModuleList(
          (0): Contraction(
            (contractions_weighting): ModuleList(
              (0-1): 2 x GraphModule()
            )
            (contractions_features): ModuleList(
              (0-1): 2 x GraphModule()
            )
            (weights): ParameterList(
                (0): Parameter containing: [torch.float32 of size 4x4x128 (cuda:0)]
                (1): Parameter containing: [torch.float32 of size 4x1x128 (cuda:0)]
            )
            (graph_opt_main): GraphModule()
          )
        )
      )
      (linear): Linear(128x0e -> 128x0e | 16384 weights)
    )
  )
  (readouts): ModuleList(
    (0): LinearDipoleReadoutBlock(
      (linear): Linear(128x0e+128x1o -> 13x0e+169x1o | 23296 weights)
    )
    (1): NonLinearDipoleReadoutBlock(
      (equivariant_nonlin): Gate (128x0e -> 128x0e)
      (linear_1): Linear(128x0e -> 128x0e | 16384 weights)
      (linear_2): Linear(128x0e -> 13x0e+169x1o | 1664 weights)
    )
  )
  (socs_readouts): ModuleList(
    (0): LinearSocReadoutBlock(
      (linear): Linear(128x0e+128x1o -> 0x0e | 0 weights)
    )
    (1): NonLinearSocReadoutBlock(
      (equivariant_nonlin): Gate (128x0e -> 128x0e)
      (linear_1): Linear(128x0e -> 128x0e | 16384 weights)
      (linear_2): Linear(128x0e -> 0x0e | 0 weights)
    )
  )
)
2025-09-25 10:58:40.704 INFO: Total number of parameters: 904064
2025-09-25 10:58:40.704 INFO: 
2025-09-25 10:58:40.704 INFO: ===========OPTIMIZER INFORMATION===========
2025-09-25 10:58:40.704 INFO: Using ADAM as parameter optimizer
2025-09-25 10:58:40.704 INFO: Batch size: 10
2025-09-25 10:58:40.704 INFO: Using Exponential Moving Average with decay: 0.99
2025-09-25 10:58:40.704 INFO: Number of gradient updates: 45000
2025-09-25 10:58:40.704 INFO: Learning rate: 0.001, weight decay: 5e-07
2025-09-25 10:58:40.704 INFO: WeightedEnergyForcesNacsDipoleLoss(energy_weight=100.000, forces_weight=100.000, dipole_weight=1.000)
2025-09-25 10:58:40.705 INFO: Using gradient clipping with tolerance=10.000
2025-09-25 10:58:40.705 INFO: 
2025-09-25 10:58:40.705 INFO: ===========TRAINING===========
2025-09-25 10:58:40.705 INFO: Started training, reporting errors on validation set
2025-09-25 10:58:40.705 INFO: Loss metrics on validation set
2025-09-25 10:59:16.482 INFO: ===========VERIFYING SETTINGS===========
2025-09-25 10:59:16.482 INFO: MACE version: 0.3.6
2025-09-25 10:59:16.482 DEBUG: Configuration: Namespace(name='tyrosine', seed=123, work_dir='.', nacs_key='smooth_nacs', log_dir='./logs', model_dir='.', checkpoints_dir='./checkpoints', results_dir='./results', downloads_dir='./downloads', device='cuda', default_dtype='float32', distributed=False, log_level='INFO', n_energies=13, error_table='EnergyNacsDipoleMAE', model='ExcitedMACE', r_max=5.0, num_permutational_invariant=16, radial_type='bessel', num_radial_basis=8, num_cutoff_basis=5, pair_repulsion=False, distance_transform='None', interaction='RealAgnosticResidualInteractionBlock', interaction_first='RealAgnosticResidualInteractionBlock', max_ell=3, correlation=3, num_interactions=2, MLP_irreps='128x0e', radial_MLP='[64, 64, 64]', hidden_irreps='128x0e + 128x1o', num_channels=128, max_L=1, gate='silu', scaling='rms_forces_scaling', avg_num_neighbors=1, compute_avg_num_neighbors=True, compute_stress=False, compute_forces=True, compute_dipoles=True, compute_nacs=True, compute_socs=True, train_file='tyrosine_correct_l.xyz', valid_file=None, valid_fraction=0.1, test_file=None, test_dir=None, multi_processed_test=False, num_workers=0, pin_memory=True, atomic_numbers=None, mean=None, std=None, statistics_file=None, E0s='average', keep_isolated_atoms=False, energy_key='REF_energy', forces_key='REF_forces', virials_key='REF_virials', stress_key='REF_stress', dipoles_key='REF_dipoles', charges_key='REF_charges', loss='weighted', forces_weight=100.0, nacs_weight=100.0, socs_weight=0.0, soc_num=0, swa_forces_weight=100.0, energy_weight=100.0, swa_energy_weight=1000.0, virials_weight=1.0, swa_virials_weight=10.0, stress_weight=1.0, swa_stress_weight=10.0, dipoles_weight=1.0, swa_dipole_weight=1.0, config_type_weights='{"Default":1.0}', huber_delta=0.01, optimizer='adam', beta=0.9, batch_size=10, valid_batch_size=10, lr=0.001, swa_lr=0.001, weight_decay=5e-07, amsgrad=True, scheduler='ReduceLROnPlateau', lr_factor=0.8, scheduler_patience=50, lr_scheduler_gamma=0.9993, swa=False, start_swa=None, ema=True, ema_decay=0.99, max_num_epochs=100, patience=2048, foundation_model=None, foundation_model_readout=True, eval_interval=1, keep_checkpoints=False, save_all_checkpoints=False, restart_latest=False, save_cpu=False, clip_grad=10.0, wandb=False, wandb_dir=None, wandb_project='', wandb_entity='', wandb_name='', wandb_log_hypers=['num_channels', 'max_L', 'correlation', 'lr', 'swa_lr', 'weight_decay', 'batch_size', 'max_num_epochs', 'start_swa', 'energy_weight', 'forces_weight'])
2025-09-25 10:59:16.643 INFO: CUDA version: 12.4, CUDA device: 0
2025-09-25 10:59:16.661 DEBUG: Popen(['git', 'version'], cwd=/home/rhyan/Exciton_model/X-MACE, stdin=None, shell=False, universal_newlines=False)
2025-09-25 10:59:16.663 DEBUG: Popen(['git', 'version'], cwd=/home/rhyan/Exciton_model/X-MACE, stdin=None, shell=False, universal_newlines=False)
2025-09-25 10:59:16.664 DEBUG: sys.platform='linux', git_executable='git'
2025-09-25 10:59:16.665 DEBUG: Popen(['git', 'cat-file', '--batch-check'], cwd=/home/rhyan/Exciton_model/X-MACE, stdin=<valid stream>, shell=False, universal_newlines=False)
2025-09-25 10:59:16.666 DEBUG: Current Git commit: 0861c52cf365064d060e006c179e4cc1785b61c2
2025-09-25 10:59:16.666 INFO: 
2025-09-25 10:59:16.666 INFO: ===========LOADING INPUT DATA===========
2025-09-25 10:59:37.929 INFO: Using random 10% of training set for validation with indices saved in: ./valid_indices_123.txt
2025-09-25 10:59:37.940 INFO: Atomic Numbers used: [1, 6, 7, 8]
2025-09-25 10:59:37.940 INFO: Isolated Atomic Energies (E0s) not in training file, using command line argument
2025-09-25 10:59:37.940 INFO: Computing average Atomic Energies using least squares regression
2025-09-25 10:59:37.971 INFO: Atomic Energies used (z: eV): {1: -887.026872656073, 6: -725.7492594458778, 7: -80.63880660509754, 8: -241.91641981529267}
2025-09-25 10:59:39.745 INFO: 
2025-09-25 10:59:39.745 INFO: ===========MODEL DETAILS===========
2025-09-25 10:59:40.374 INFO: Average number of neighbors: 6.7
2025-09-25 10:59:40.374 INFO: During training the following quantities will be reported: energy, forces, dipoles, nacs
2025-09-25 10:59:40.892 INFO: Building model
2025-09-25 10:59:40.893 INFO: Message passing with 128 channels and max_L=1 (128x0e + 128x1o)
2025-09-25 10:59:40.893 INFO: 2 layers, each with correlation order: 3 (body order: 4) and spherical harmonics up to: l=3
2025-09-25 10:59:40.893 INFO: 8 radial and 5 basis functions
2025-09-25 10:59:40.893 INFO: Radial cutoff: 5.0 Å (total receptive field for each atom: 10.0 Å)
2025-09-25 10:59:40.893 INFO: Distance transform for radial basis functions: None
2025-09-25 10:59:41.703 DEBUG: ExcitedMACE(
  (node_embedding): LinearNodeEmbeddingBlock(
    (linear): Linear(4x0e -> 128x0e | 512 weights)
  )
  (radial_embedding): RadialEmbeddingBlock(
    (bessel_fn): BesselBasis(r_max=5.0, num_basis=8, trainable=False)
    (cutoff_fn): PolynomialCutoff(p=5.0, r_max=5.0)
  )
  (spherical_harmonics): SphericalHarmonics()
  (atomic_energies_fn): AtomicEnergiesBlock(energies=[-887.0269, -725.7493, -80.6388, -241.9164])
  (interactions): ModuleList(
    (0): RealAgnosticInteractionBlock(
      (linear_up): Linear(128x0e -> 128x0e | 16384 weights)
      (conv_tp): TensorProduct(128x0e x 1x0e+1x1o+1x2e+1x3o -> 128x0e+128x1o+128x2e+128x3o | 512 paths | 512 weights)
      (conv_tp_weights): FullyConnectedNet[8, 64, 64, 64, 512]
      (linear): Linear(128x0e+128x1o+128x2e+128x3o -> 128x0e+128x1o+128x2e+128x3o | 65536 weights)
      (skip_tp): FullyConnectedTensorProduct(128x0e+128x1o+128x2e+128x3o x 4x0e -> 128x0e+128x1o+128x2e+128x3o | 262144 paths | 262144 weights)
      (reshape): reshape_irreps()
    )
    (1): RealAgnosticResidualInteractionBlock(
      (linear_up): Linear(128x0e+128x1o -> 128x0e+128x1o | 32768 weights)
      (conv_tp): TensorProduct(128x0e+128x1o x 1x0e+1x1o+1x2e+1x3o -> 256x0e+384x1o+384x2e+256x3o | 1280 paths | 1280 weights)
      (conv_tp_weights): FullyConnectedNet[8, 64, 64, 64, 1280]
      (linear): Linear(256x0e+384x1o+384x2e+256x3o -> 128x0e+128x1o+128x2e+128x3o | 163840 weights)
      (skip_tp): FullyConnectedTensorProduct(128x0e+128x1o x 4x0e -> 128x0e | 65536 paths | 65536 weights)
      (reshape): reshape_irreps()
    )
  )
  (products): ModuleList(
    (0): EquivariantProductBasisBlock(
      (symmetric_contractions): SymmetricContraction(
        (contractions): ModuleList(
          (0): Contraction(
            (contractions_weighting): ModuleList(
              (0-1): 2 x GraphModule()
            )
            (contractions_features): ModuleList(
              (0-1): 2 x GraphModule()
            )
            (weights): ParameterList(
                (0): Parameter containing: [torch.float32 of size 4x4x128 (cuda:0)]
                (1): Parameter containing: [torch.float32 of size 4x1x128 (cuda:0)]
            )
            (graph_opt_main): GraphModule()
          )
          (1): Contraction(
            (contractions_weighting): ModuleList(
              (0-1): 2 x GraphModule()
            )
            (contractions_features): ModuleList(
              (0-1): 2 x GraphModule()
            )
            (weights): ParameterList(
                (0): Parameter containing: [torch.float32 of size 4x6x128 (cuda:0)]
                (1): Parameter containing: [torch.float32 of size 4x1x128 (cuda:0)]
            )
            (graph_opt_main): GraphModule()
          )
        )
      )
      (linear): Linear(128x0e+128x1o -> 128x0e+128x1o | 32768 weights)
    )
    (1): EquivariantProductBasisBlock(
      (symmetric_contractions): SymmetricContraction(
        (contractions): ModuleList(
          (0): Contraction(
            (contractions_weighting): ModuleList(
              (0-1): 2 x GraphModule()
            )
            (contractions_features): ModuleList(
              (0-1): 2 x GraphModule()
            )
            (weights): ParameterList(
                (0): Parameter containing: [torch.float32 of size 4x4x128 (cuda:0)]
                (1): Parameter containing: [torch.float32 of size 4x1x128 (cuda:0)]
            )
            (graph_opt_main): GraphModule()
          )
        )
      )
      (linear): Linear(128x0e -> 128x0e | 16384 weights)
    )
  )
  (readouts): ModuleList(
    (0): LinearDipoleReadoutBlock(
      (linear): Linear(128x0e+128x1o -> 13x0e+169x1o | 23296 weights)
    )
    (1): NonLinearDipoleReadoutBlock(
      (equivariant_nonlin): Gate (128x0e -> 128x0e)
      (linear_1): Linear(128x0e -> 128x0e | 16384 weights)
      (linear_2): Linear(128x0e -> 13x0e+169x1o | 1664 weights)
    )
  )
  (socs_readouts): ModuleList(
    (0): LinearSocReadoutBlock(
      (linear): Linear(128x0e+128x1o -> 0x0e | 0 weights)
    )
    (1): NonLinearSocReadoutBlock(
      (equivariant_nonlin): Gate (128x0e -> 128x0e)
      (linear_1): Linear(128x0e -> 128x0e | 16384 weights)
      (linear_2): Linear(128x0e -> 0x0e | 0 weights)
    )
  )
)
2025-09-25 10:59:41.704 INFO: Total number of parameters: 904064
2025-09-25 10:59:41.704 INFO: 
2025-09-25 10:59:41.704 INFO: ===========OPTIMIZER INFORMATION===========
2025-09-25 10:59:41.704 INFO: Using ADAM as parameter optimizer
2025-09-25 10:59:41.704 INFO: Batch size: 10
2025-09-25 10:59:41.704 INFO: Using Exponential Moving Average with decay: 0.99
2025-09-25 10:59:41.704 INFO: Number of gradient updates: 45000
2025-09-25 10:59:41.704 INFO: Learning rate: 0.001, weight decay: 5e-07
2025-09-25 10:59:41.704 INFO: WeightedEnergyForcesNacsDipoleLoss(energy_weight=100.000, forces_weight=100.000, dipole_weight=1.000)
2025-09-25 10:59:41.705 INFO: Using gradient clipping with tolerance=10.000
2025-09-25 10:59:41.705 INFO: 
2025-09-25 10:59:41.705 INFO: ===========TRAINING===========
2025-09-25 10:59:41.705 INFO: Started training, reporting errors on validation set
2025-09-25 10:59:41.705 INFO: Loss metrics on validation set
2025-09-25 10:59:55.538 DEBUG: Saving info: ./results/tyrosine_run-123_train.txt
2025-09-25 10:59:56.559 DEBUG: Saving info: ./results/tyrosine_run-123_train.txt
2025-09-25 10:59:57.702 DEBUG: Saving info: ./results/tyrosine_run-123_train.txt
2025-09-25 10:59:58.900 DEBUG: Saving info: ./results/tyrosine_run-123_train.txt
2025-09-25 10:59:59.573 DEBUG: Saving info: ./results/tyrosine_run-123_train.txt
2025-09-25 11:00:00.243 DEBUG: Saving info: ./results/tyrosine_run-123_train.txt
2025-09-25 11:00:00.920 DEBUG: Saving info: ./results/tyrosine_run-123_train.txt
2025-09-25 11:00:01.593 DEBUG: Saving info: ./results/tyrosine_run-123_train.txt
2025-09-25 11:00:02.271 DEBUG: Saving info: ./results/tyrosine_run-123_train.txt
2025-09-25 11:00:02.944 DEBUG: Saving info: ./results/tyrosine_run-123_train.txt
2025-09-25 11:00:03.618 DEBUG: Saving info: ./results/tyrosine_run-123_train.txt
2025-09-25 11:00:04.294 DEBUG: Saving info: ./results/tyrosine_run-123_train.txt
2025-09-25 11:00:04.969 DEBUG: Saving info: ./results/tyrosine_run-123_train.txt
2025-09-25 11:00:05.646 DEBUG: Saving info: ./results/tyrosine_run-123_train.txt
2025-09-25 11:00:06.324 DEBUG: Saving info: ./results/tyrosine_run-123_train.txt
2025-09-25 11:00:07.002 DEBUG: Saving info: ./results/tyrosine_run-123_train.txt
2025-09-25 11:00:07.677 DEBUG: Saving info: ./results/tyrosine_run-123_train.txt
2025-09-25 11:00:08.356 DEBUG: Saving info: ./results/tyrosine_run-123_train.txt
2025-09-25 11:00:09.029 DEBUG: Saving info: ./results/tyrosine_run-123_train.txt
2025-09-25 11:00:09.704 DEBUG: Saving info: ./results/tyrosine_run-123_train.txt
2025-09-25 11:00:10.378 DEBUG: Saving info: ./results/tyrosine_run-123_train.txt
2025-09-25 11:00:11.053 DEBUG: Saving info: ./results/tyrosine_run-123_train.txt
2025-09-25 11:00:11.734 DEBUG: Saving info: ./results/tyrosine_run-123_train.txt
2025-09-25 11:00:12.409 DEBUG: Saving info: ./results/tyrosine_run-123_train.txt
2025-09-25 11:00:13.088 DEBUG: Saving info: ./results/tyrosine_run-123_train.txt
2025-09-25 11:00:13.765 DEBUG: Saving info: ./results/tyrosine_run-123_train.txt
2025-09-25 11:00:14.449 DEBUG: Saving info: ./results/tyrosine_run-123_train.txt
2025-09-25 11:00:15.130 DEBUG: Saving info: ./results/tyrosine_run-123_train.txt
2025-09-25 11:00:15.815 DEBUG: Saving info: ./results/tyrosine_run-123_train.txt
2025-09-25 11:00:16.495 DEBUG: Saving info: ./results/tyrosine_run-123_train.txt
2025-09-25 11:00:17.167 DEBUG: Saving info: ./results/tyrosine_run-123_train.txt
2025-09-25 11:00:17.842 DEBUG: Saving info: ./results/tyrosine_run-123_train.txt
2025-09-25 11:00:18.520 DEBUG: Saving info: ./results/tyrosine_run-123_train.txt
2025-09-25 11:00:19.199 DEBUG: Saving info: ./results/tyrosine_run-123_train.txt
2025-09-25 11:00:19.878 DEBUG: Saving info: ./results/tyrosine_run-123_train.txt
2025-09-25 11:00:20.556 DEBUG: Saving info: ./results/tyrosine_run-123_train.txt
2025-09-25 11:00:21.238 DEBUG: Saving info: ./results/tyrosine_run-123_train.txt
2025-09-25 11:00:21.919 DEBUG: Saving info: ./results/tyrosine_run-123_train.txt
2025-09-25 11:00:22.599 DEBUG: Saving info: ./results/tyrosine_run-123_train.txt
2025-09-25 11:00:23.279 DEBUG: Saving info: ./results/tyrosine_run-123_train.txt
2025-09-25 11:00:23.960 DEBUG: Saving info: ./results/tyrosine_run-123_train.txt
2025-09-25 11:00:24.638 DEBUG: Saving info: ./results/tyrosine_run-123_train.txt
2025-09-25 11:00:25.320 DEBUG: Saving info: ./results/tyrosine_run-123_train.txt
2025-09-25 11:00:25.996 DEBUG: Saving info: ./results/tyrosine_run-123_train.txt
2025-09-25 11:00:26.676 DEBUG: Saving info: ./results/tyrosine_run-123_train.txt
2025-09-25 11:00:27.354 DEBUG: Saving info: ./results/tyrosine_run-123_train.txt
2025-09-25 11:00:28.031 DEBUG: Saving info: ./results/tyrosine_run-123_train.txt
2025-09-25 11:00:28.706 DEBUG: Saving info: ./results/tyrosine_run-123_train.txt
2025-09-25 11:00:29.387 DEBUG: Saving info: ./results/tyrosine_run-123_train.txt
2025-09-25 11:00:30.067 DEBUG: Saving info: ./results/tyrosine_run-123_train.txt
2025-09-25 11:00:30.750 DEBUG: Saving info: ./results/tyrosine_run-123_train.txt
2025-09-25 11:00:31.426 DEBUG: Saving info: ./results/tyrosine_run-123_train.txt
2025-09-25 11:00:32.106 DEBUG: Saving info: ./results/tyrosine_run-123_train.txt
2025-09-25 11:00:32.788 DEBUG: Saving info: ./results/tyrosine_run-123_train.txt
2025-09-25 11:00:33.467 DEBUG: Saving info: ./results/tyrosine_run-123_train.txt
2025-09-25 11:00:34.153 DEBUG: Saving info: ./results/tyrosine_run-123_train.txt
2025-09-25 11:00:34.832 DEBUG: Saving info: ./results/tyrosine_run-123_train.txt
2025-09-25 11:00:35.512 DEBUG: Saving info: ./results/tyrosine_run-123_train.txt
2025-09-25 11:00:36.194 DEBUG: Saving info: ./results/tyrosine_run-123_train.txt
2025-09-25 11:00:36.875 DEBUG: Saving info: ./results/tyrosine_run-123_train.txt
2025-09-25 11:00:37.556 DEBUG: Saving info: ./results/tyrosine_run-123_train.txt
2025-09-25 11:00:38.244 DEBUG: Saving info: ./results/tyrosine_run-123_train.txt
2025-09-25 11:00:38.926 DEBUG: Saving info: ./results/tyrosine_run-123_train.txt
2025-09-25 11:00:39.612 DEBUG: Saving info: ./results/tyrosine_run-123_train.txt
2025-09-25 11:00:40.298 DEBUG: Saving info: ./results/tyrosine_run-123_train.txt
2025-09-25 11:00:40.975 DEBUG: Saving info: ./results/tyrosine_run-123_train.txt
2025-09-25 11:00:41.656 DEBUG: Saving info: ./results/tyrosine_run-123_train.txt
2025-09-25 11:00:42.341 DEBUG: Saving info: ./results/tyrosine_run-123_train.txt
2025-09-25 11:00:43.019 DEBUG: Saving info: ./results/tyrosine_run-123_train.txt
2025-09-25 11:00:43.702 DEBUG: Saving info: ./results/tyrosine_run-123_train.txt
2025-09-25 11:00:44.392 DEBUG: Saving info: ./results/tyrosine_run-123_train.txt
2025-09-25 11:00:45.073 DEBUG: Saving info: ./results/tyrosine_run-123_train.txt
2025-09-25 11:00:45.757 DEBUG: Saving info: ./results/tyrosine_run-123_train.txt
2025-09-25 11:00:46.442 DEBUG: Saving info: ./results/tyrosine_run-123_train.txt
2025-09-25 11:00:47.126 DEBUG: Saving info: ./results/tyrosine_run-123_train.txt
2025-09-25 11:00:47.812 DEBUG: Saving info: ./results/tyrosine_run-123_train.txt
2025-09-25 11:00:48.502 DEBUG: Saving info: ./results/tyrosine_run-123_train.txt
2025-09-25 11:00:49.190 DEBUG: Saving info: ./results/tyrosine_run-123_train.txt
2025-09-25 11:00:49.873 DEBUG: Saving info: ./results/tyrosine_run-123_train.txt
2025-09-25 11:00:50.555 DEBUG: Saving info: ./results/tyrosine_run-123_train.txt
2025-09-25 11:00:51.238 DEBUG: Saving info: ./results/tyrosine_run-123_train.txt
2025-09-25 11:00:51.925 DEBUG: Saving info: ./results/tyrosine_run-123_train.txt
2025-09-25 11:00:52.608 DEBUG: Saving info: ./results/tyrosine_run-123_train.txt
2025-09-25 11:00:53.294 DEBUG: Saving info: ./results/tyrosine_run-123_train.txt
2025-09-25 11:00:53.978 DEBUG: Saving info: ./results/tyrosine_run-123_train.txt
2025-09-25 11:00:54.662 DEBUG: Saving info: ./results/tyrosine_run-123_train.txt
2025-09-25 11:00:55.347 DEBUG: Saving info: ./results/tyrosine_run-123_train.txt
2025-09-25 11:00:56.036 DEBUG: Saving info: ./results/tyrosine_run-123_train.txt
2025-09-25 11:00:56.717 DEBUG: Saving info: ./results/tyrosine_run-123_train.txt
2025-09-25 11:00:57.403 DEBUG: Saving info: ./results/tyrosine_run-123_train.txt
2025-09-25 11:00:58.088 DEBUG: Saving info: ./results/tyrosine_run-123_train.txt
2025-09-25 11:00:58.772 DEBUG: Saving info: ./results/tyrosine_run-123_train.txt
2025-09-25 11:00:59.458 DEBUG: Saving info: ./results/tyrosine_run-123_train.txt
2025-09-25 11:01:00.146 DEBUG: Saving info: ./results/tyrosine_run-123_train.txt
2025-09-25 11:01:00.833 DEBUG: Saving info: ./results/tyrosine_run-123_train.txt
2025-09-25 11:01:01.521 DEBUG: Saving info: ./results/tyrosine_run-123_train.txt
2025-09-25 11:01:02.208 DEBUG: Saving info: ./results/tyrosine_run-123_train.txt
2025-09-25 11:01:02.893 DEBUG: Saving info: ./results/tyrosine_run-123_train.txt
2025-09-25 11:01:03.580 DEBUG: Saving info: ./results/tyrosine_run-123_train.txt
2025-09-25 11:01:04.267 DEBUG: Saving info: ./results/tyrosine_run-123_train.txt
2025-09-25 11:01:04.953 DEBUG: Saving info: ./results/tyrosine_run-123_train.txt
2025-09-25 11:01:05.642 DEBUG: Saving info: ./results/tyrosine_run-123_train.txt
2025-09-25 11:01:06.323 DEBUG: Saving info: ./results/tyrosine_run-123_train.txt
2025-09-25 11:01:07.006 DEBUG: Saving info: ./results/tyrosine_run-123_train.txt
2025-09-25 11:01:07.689 DEBUG: Saving info: ./results/tyrosine_run-123_train.txt
2025-09-25 11:01:08.376 DEBUG: Saving info: ./results/tyrosine_run-123_train.txt
2025-09-25 11:01:09.066 DEBUG: Saving info: ./results/tyrosine_run-123_train.txt
2025-09-25 11:01:09.750 DEBUG: Saving info: ./results/tyrosine_run-123_train.txt
2025-09-25 11:01:10.437 DEBUG: Saving info: ./results/tyrosine_run-123_train.txt
2025-09-25 11:01:11.129 DEBUG: Saving info: ./results/tyrosine_run-123_train.txt
2025-09-25 11:01:11.813 DEBUG: Saving info: ./results/tyrosine_run-123_train.txt
2025-09-25 11:01:12.503 DEBUG: Saving info: ./results/tyrosine_run-123_train.txt
2025-09-25 11:01:13.191 DEBUG: Saving info: ./results/tyrosine_run-123_train.txt
2025-09-25 11:01:13.877 DEBUG: Saving info: ./results/tyrosine_run-123_train.txt
2025-09-25 11:01:14.570 DEBUG: Saving info: ./results/tyrosine_run-123_train.txt
2025-09-25 11:01:15.259 DEBUG: Saving info: ./results/tyrosine_run-123_train.txt
2025-09-25 11:01:15.950 DEBUG: Saving info: ./results/tyrosine_run-123_train.txt
2025-09-25 11:01:16.640 DEBUG: Saving info: ./results/tyrosine_run-123_train.txt
2025-09-25 11:01:17.327 DEBUG: Saving info: ./results/tyrosine_run-123_train.txt
2025-09-25 11:01:18.015 DEBUG: Saving info: ./results/tyrosine_run-123_train.txt
2025-09-25 11:01:18.708 DEBUG: Saving info: ./results/tyrosine_run-123_train.txt
2025-09-25 11:01:19.397 DEBUG: Saving info: ./results/tyrosine_run-123_train.txt
2025-09-25 11:01:20.089 DEBUG: Saving info: ./results/tyrosine_run-123_train.txt
2025-09-25 11:01:20.781 DEBUG: Saving info: ./results/tyrosine_run-123_train.txt
2025-09-25 11:01:21.468 DEBUG: Saving info: ./results/tyrosine_run-123_train.txt
2025-09-25 11:01:22.165 DEBUG: Saving info: ./results/tyrosine_run-123_train.txt
2025-09-25 11:01:22.854 DEBUG: Saving info: ./results/tyrosine_run-123_train.txt
2025-09-25 11:01:23.543 DEBUG: Saving info: ./results/tyrosine_run-123_train.txt
2025-09-25 11:01:24.236 DEBUG: Saving info: ./results/tyrosine_run-123_train.txt
2025-09-25 11:01:24.936 DEBUG: Saving info: ./results/tyrosine_run-123_train.txt
2025-09-25 11:01:25.627 DEBUG: Saving info: ./results/tyrosine_run-123_train.txt
2025-09-25 11:01:26.312 DEBUG: Saving info: ./results/tyrosine_run-123_train.txt
2025-09-25 11:01:27.006 DEBUG: Saving info: ./results/tyrosine_run-123_train.txt
2025-09-25 11:01:27.701 DEBUG: Saving info: ./results/tyrosine_run-123_train.txt
2025-09-25 11:01:28.389 DEBUG: Saving info: ./results/tyrosine_run-123_train.txt
2025-09-25 11:01:29.079 DEBUG: Saving info: ./results/tyrosine_run-123_train.txt
2025-09-25 11:01:29.769 DEBUG: Saving info: ./results/tyrosine_run-123_train.txt
2025-09-25 11:01:30.458 DEBUG: Saving info: ./results/tyrosine_run-123_train.txt
2025-09-25 11:01:31.146 DEBUG: Saving info: ./results/tyrosine_run-123_train.txt
2025-09-25 11:01:31.838 DEBUG: Saving info: ./results/tyrosine_run-123_train.txt
2025-09-25 11:01:32.529 DEBUG: Saving info: ./results/tyrosine_run-123_train.txt
2025-09-25 11:01:33.221 DEBUG: Saving info: ./results/tyrosine_run-123_train.txt
2025-09-25 11:01:33.916 DEBUG: Saving info: ./results/tyrosine_run-123_train.txt
2025-09-25 11:01:34.611 DEBUG: Saving info: ./results/tyrosine_run-123_train.txt
2025-09-25 11:01:35.304 DEBUG: Saving info: ./results/tyrosine_run-123_train.txt
2025-09-25 11:01:36.000 DEBUG: Saving info: ./results/tyrosine_run-123_train.txt
2025-09-25 11:01:36.691 DEBUG: Saving info: ./results/tyrosine_run-123_train.txt
2025-09-25 11:01:37.384 DEBUG: Saving info: ./results/tyrosine_run-123_train.txt
2025-09-25 11:01:38.072 DEBUG: Saving info: ./results/tyrosine_run-123_train.txt
2025-09-25 11:01:38.763 DEBUG: Saving info: ./results/tyrosine_run-123_train.txt
2025-09-25 11:01:39.458 DEBUG: Saving info: ./results/tyrosine_run-123_train.txt
2025-09-25 11:01:40.144 DEBUG: Saving info: ./results/tyrosine_run-123_train.txt
2025-09-25 11:01:40.840 DEBUG: Saving info: ./results/tyrosine_run-123_train.txt
2025-09-25 11:01:41.532 DEBUG: Saving info: ./results/tyrosine_run-123_train.txt
2025-09-25 11:01:42.215 DEBUG: Saving info: ./results/tyrosine_run-123_train.txt
2025-09-25 11:01:42.909 DEBUG: Saving info: ./results/tyrosine_run-123_train.txt
2025-09-25 11:01:43.602 DEBUG: Saving info: ./results/tyrosine_run-123_train.txt
2025-09-25 11:01:44.296 DEBUG: Saving info: ./results/tyrosine_run-123_train.txt
2025-09-25 11:01:44.988 DEBUG: Saving info: ./results/tyrosine_run-123_train.txt
2025-09-25 11:01:45.677 DEBUG: Saving info: ./results/tyrosine_run-123_train.txt
2025-09-25 11:01:46.369 DEBUG: Saving info: ./results/tyrosine_run-123_train.txt
2025-09-25 11:01:47.061 DEBUG: Saving info: ./results/tyrosine_run-123_train.txt
2025-09-25 11:01:47.751 DEBUG: Saving info: ./results/tyrosine_run-123_train.txt
2025-09-25 11:01:48.440 DEBUG: Saving info: ./results/tyrosine_run-123_train.txt
2025-09-25 11:01:49.132 DEBUG: Saving info: ./results/tyrosine_run-123_train.txt
2025-09-25 11:01:49.827 DEBUG: Saving info: ./results/tyrosine_run-123_train.txt
2025-09-25 11:01:50.523 DEBUG: Saving info: ./results/tyrosine_run-123_train.txt
2025-09-25 11:01:51.217 DEBUG: Saving info: ./results/tyrosine_run-123_train.txt
2025-09-25 11:01:51.914 DEBUG: Saving info: ./results/tyrosine_run-123_train.txt
2025-09-25 11:01:52.608 DEBUG: Saving info: ./results/tyrosine_run-123_train.txt
2025-09-25 11:01:53.299 DEBUG: Saving info: ./results/tyrosine_run-123_train.txt
2025-09-25 11:01:53.989 DEBUG: Saving info: ./results/tyrosine_run-123_train.txt
2025-09-25 11:01:54.677 DEBUG: Saving info: ./results/tyrosine_run-123_train.txt
2025-09-25 11:01:55.378 DEBUG: Saving info: ./results/tyrosine_run-123_train.txt
2025-09-25 11:01:56.071 DEBUG: Saving info: ./results/tyrosine_run-123_train.txt
2025-09-25 11:01:56.766 DEBUG: Saving info: ./results/tyrosine_run-123_train.txt
2025-09-25 11:01:57.461 DEBUG: Saving info: ./results/tyrosine_run-123_train.txt
2025-09-25 11:01:58.157 DEBUG: Saving info: ./results/tyrosine_run-123_train.txt
2025-09-25 11:01:58.855 DEBUG: Saving info: ./results/tyrosine_run-123_train.txt
2025-09-25 11:01:59.551 DEBUG: Saving info: ./results/tyrosine_run-123_train.txt
2025-09-25 11:02:00.248 DEBUG: Saving info: ./results/tyrosine_run-123_train.txt
2025-09-25 11:02:00.946 DEBUG: Saving info: ./results/tyrosine_run-123_train.txt
2025-09-25 11:02:01.634 DEBUG: Saving info: ./results/tyrosine_run-123_train.txt
2025-09-25 11:02:02.322 DEBUG: Saving info: ./results/tyrosine_run-123_train.txt
2025-09-25 11:02:03.017 DEBUG: Saving info: ./results/tyrosine_run-123_train.txt
2025-09-25 11:02:03.709 DEBUG: Saving info: ./results/tyrosine_run-123_train.txt
2025-09-25 11:02:04.399 DEBUG: Saving info: ./results/tyrosine_run-123_train.txt
2025-09-25 11:02:05.097 DEBUG: Saving info: ./results/tyrosine_run-123_train.txt
2025-09-25 11:02:05.792 DEBUG: Saving info: ./results/tyrosine_run-123_train.txt
2025-09-25 11:02:06.489 DEBUG: Saving info: ./results/tyrosine_run-123_train.txt
2025-09-25 11:02:07.183 DEBUG: Saving info: ./results/tyrosine_run-123_train.txt
2025-09-25 11:02:07.877 DEBUG: Saving info: ./results/tyrosine_run-123_train.txt
2025-09-25 11:02:08.577 DEBUG: Saving info: ./results/tyrosine_run-123_train.txt
2025-09-25 11:02:09.277 DEBUG: Saving info: ./results/tyrosine_run-123_train.txt
2025-09-25 11:02:09.972 DEBUG: Saving info: ./results/tyrosine_run-123_train.txt
2025-09-25 11:02:10.664 DEBUG: Saving info: ./results/tyrosine_run-123_train.txt
2025-09-25 11:02:11.360 DEBUG: Saving info: ./results/tyrosine_run-123_train.txt
2025-09-25 11:02:12.051 DEBUG: Saving info: ./results/tyrosine_run-123_train.txt
2025-09-25 11:02:12.747 DEBUG: Saving info: ./results/tyrosine_run-123_train.txt
2025-09-25 11:02:13.450 DEBUG: Saving info: ./results/tyrosine_run-123_train.txt
2025-09-25 11:02:14.147 DEBUG: Saving info: ./results/tyrosine_run-123_train.txt
2025-09-25 11:02:14.846 DEBUG: Saving info: ./results/tyrosine_run-123_train.txt
2025-09-25 11:02:15.545 DEBUG: Saving info: ./results/tyrosine_run-123_train.txt
2025-09-25 11:02:16.248 DEBUG: Saving info: ./results/tyrosine_run-123_train.txt
2025-09-25 11:02:16.946 DEBUG: Saving info: ./results/tyrosine_run-123_train.txt
2025-09-25 11:02:17.639 DEBUG: Saving info: ./results/tyrosine_run-123_train.txt
2025-09-25 11:02:18.334 DEBUG: Saving info: ./results/tyrosine_run-123_train.txt
2025-09-25 11:02:19.032 DEBUG: Saving info: ./results/tyrosine_run-123_train.txt
2025-09-25 11:02:19.731 DEBUG: Saving info: ./results/tyrosine_run-123_train.txt
2025-09-25 11:02:20.427 DEBUG: Saving info: ./results/tyrosine_run-123_train.txt
2025-09-25 11:02:21.129 DEBUG: Saving info: ./results/tyrosine_run-123_train.txt
2025-09-25 11:02:21.827 DEBUG: Saving info: ./results/tyrosine_run-123_train.txt
2025-09-25 11:02:22.524 DEBUG: Saving info: ./results/tyrosine_run-123_train.txt
2025-09-25 11:02:23.219 DEBUG: Saving info: ./results/tyrosine_run-123_train.txt
2025-09-25 11:02:23.917 DEBUG: Saving info: ./results/tyrosine_run-123_train.txt
2025-09-25 11:02:24.616 DEBUG: Saving info: ./results/tyrosine_run-123_train.txt
2025-09-25 11:02:25.315 DEBUG: Saving info: ./results/tyrosine_run-123_train.txt
2025-09-25 11:02:26.014 DEBUG: Saving info: ./results/tyrosine_run-123_train.txt
2025-09-25 11:02:26.707 DEBUG: Saving info: ./results/tyrosine_run-123_train.txt
2025-09-25 11:02:27.408 DEBUG: Saving info: ./results/tyrosine_run-123_train.txt
2025-09-25 11:02:28.108 DEBUG: Saving info: ./results/tyrosine_run-123_train.txt
2025-09-25 11:02:28.800 DEBUG: Saving info: ./results/tyrosine_run-123_train.txt
2025-09-25 11:02:29.515 DEBUG: Saving info: ./results/tyrosine_run-123_train.txt
2025-09-25 11:02:30.216 DEBUG: Saving info: ./results/tyrosine_run-123_train.txt
2025-09-25 11:02:30.924 DEBUG: Saving info: ./results/tyrosine_run-123_train.txt
2025-09-25 11:02:31.623 DEBUG: Saving info: ./results/tyrosine_run-123_train.txt
2025-09-25 11:02:32.335 DEBUG: Saving info: ./results/tyrosine_run-123_train.txt
2025-09-25 11:02:33.041 DEBUG: Saving info: ./results/tyrosine_run-123_train.txt
2025-09-25 11:02:33.753 DEBUG: Saving info: ./results/tyrosine_run-123_train.txt
2025-09-25 11:02:34.468 DEBUG: Saving info: ./results/tyrosine_run-123_train.txt
2025-09-25 11:02:35.177 DEBUG: Saving info: ./results/tyrosine_run-123_train.txt
2025-09-25 11:02:35.885 DEBUG: Saving info: ./results/tyrosine_run-123_train.txt
2025-09-25 11:02:36.606 DEBUG: Saving info: ./results/tyrosine_run-123_train.txt
2025-09-25 11:02:37.328 DEBUG: Saving info: ./results/tyrosine_run-123_train.txt
2025-09-25 11:02:38.035 DEBUG: Saving info: ./results/tyrosine_run-123_train.txt
2025-09-25 11:02:38.748 DEBUG: Saving info: ./results/tyrosine_run-123_train.txt
2025-09-25 11:02:39.462 DEBUG: Saving info: ./results/tyrosine_run-123_train.txt
2025-09-25 11:02:40.175 DEBUG: Saving info: ./results/tyrosine_run-123_train.txt
2025-09-25 11:02:40.890 DEBUG: Saving info: ./results/tyrosine_run-123_train.txt
2025-09-25 11:02:41.610 DEBUG: Saving info: ./results/tyrosine_run-123_train.txt
2025-09-25 11:02:42.329 DEBUG: Saving info: ./results/tyrosine_run-123_train.txt
2025-09-25 11:02:43.045 DEBUG: Saving info: ./results/tyrosine_run-123_train.txt
2025-09-25 11:02:43.760 DEBUG: Saving info: ./results/tyrosine_run-123_train.txt
2025-09-25 11:02:44.473 DEBUG: Saving info: ./results/tyrosine_run-123_train.txt
2025-09-25 11:02:45.194 DEBUG: Saving info: ./results/tyrosine_run-123_train.txt
2025-09-25 11:02:45.920 DEBUG: Saving info: ./results/tyrosine_run-123_train.txt
2025-09-25 11:02:46.641 DEBUG: Saving info: ./results/tyrosine_run-123_train.txt
2025-09-25 11:02:47.355 DEBUG: Saving info: ./results/tyrosine_run-123_train.txt
2025-09-25 11:02:48.077 DEBUG: Saving info: ./results/tyrosine_run-123_train.txt
2025-09-25 11:02:48.801 DEBUG: Saving info: ./results/tyrosine_run-123_train.txt
2025-09-25 11:02:49.508 DEBUG: Saving info: ./results/tyrosine_run-123_train.txt
2025-09-25 11:02:50.225 DEBUG: Saving info: ./results/tyrosine_run-123_train.txt
2025-09-25 11:02:50.964 DEBUG: Saving info: ./results/tyrosine_run-123_train.txt
2025-09-25 11:02:51.693 DEBUG: Saving info: ./results/tyrosine_run-123_train.txt
2025-09-25 11:02:52.417 DEBUG: Saving info: ./results/tyrosine_run-123_train.txt
2025-09-25 11:02:53.140 DEBUG: Saving info: ./results/tyrosine_run-123_train.txt
2025-09-25 11:02:53.865 DEBUG: Saving info: ./results/tyrosine_run-123_train.txt
2025-09-25 11:02:54.586 DEBUG: Saving info: ./results/tyrosine_run-123_train.txt
2025-09-25 11:02:55.314 DEBUG: Saving info: ./results/tyrosine_run-123_train.txt
2025-09-25 11:02:56.036 DEBUG: Saving info: ./results/tyrosine_run-123_train.txt
2025-09-25 11:02:56.759 DEBUG: Saving info: ./results/tyrosine_run-123_train.txt
2025-09-25 11:02:57.475 DEBUG: Saving info: ./results/tyrosine_run-123_train.txt
2025-09-25 11:02:58.209 DEBUG: Saving info: ./results/tyrosine_run-123_train.txt
2025-09-25 11:02:58.927 DEBUG: Saving info: ./results/tyrosine_run-123_train.txt
2025-09-25 11:02:59.660 DEBUG: Saving info: ./results/tyrosine_run-123_train.txt
2025-09-25 11:03:00.384 DEBUG: Saving info: ./results/tyrosine_run-123_train.txt
2025-09-25 11:03:01.115 DEBUG: Saving info: ./results/tyrosine_run-123_train.txt
2025-09-25 11:03:01.831 DEBUG: Saving info: ./results/tyrosine_run-123_train.txt
2025-09-25 11:03:02.568 DEBUG: Saving info: ./results/tyrosine_run-123_train.txt
2025-09-25 11:03:03.305 DEBUG: Saving info: ./results/tyrosine_run-123_train.txt
2025-09-25 11:03:04.029 DEBUG: Saving info: ./results/tyrosine_run-123_train.txt
2025-09-25 11:03:04.752 DEBUG: Saving info: ./results/tyrosine_run-123_train.txt
2025-09-25 11:03:05.490 DEBUG: Saving info: ./results/tyrosine_run-123_train.txt
2025-09-25 11:03:06.229 DEBUG: Saving info: ./results/tyrosine_run-123_train.txt
2025-09-25 11:03:06.949 DEBUG: Saving info: ./results/tyrosine_run-123_train.txt
2025-09-25 11:03:07.691 DEBUG: Saving info: ./results/tyrosine_run-123_train.txt
2025-09-25 11:03:08.431 DEBUG: Saving info: ./results/tyrosine_run-123_train.txt
2025-09-25 11:03:09.159 DEBUG: Saving info: ./results/tyrosine_run-123_train.txt
2025-09-25 11:03:09.905 DEBUG: Saving info: ./results/tyrosine_run-123_train.txt
2025-09-25 11:03:10.633 DEBUG: Saving info: ./results/tyrosine_run-123_train.txt
2025-09-25 11:03:11.373 DEBUG: Saving info: ./results/tyrosine_run-123_train.txt
2025-09-25 11:03:12.102 DEBUG: Saving info: ./results/tyrosine_run-123_train.txt
2025-09-25 11:03:12.846 DEBUG: Saving info: ./results/tyrosine_run-123_train.txt
2025-09-25 11:03:13.578 DEBUG: Saving info: ./results/tyrosine_run-123_train.txt
2025-09-25 11:03:14.294 DEBUG: Saving info: ./results/tyrosine_run-123_train.txt
2025-09-25 11:03:15.031 DEBUG: Saving info: ./results/tyrosine_run-123_train.txt
2025-09-25 11:03:15.744 DEBUG: Saving info: ./results/tyrosine_run-123_train.txt
2025-09-25 11:03:16.482 DEBUG: Saving info: ./results/tyrosine_run-123_train.txt
2025-09-25 11:03:17.217 DEBUG: Saving info: ./results/tyrosine_run-123_train.txt
2025-09-25 11:03:17.963 DEBUG: Saving info: ./results/tyrosine_run-123_train.txt
2025-09-25 11:03:18.705 DEBUG: Saving info: ./results/tyrosine_run-123_train.txt
2025-09-25 11:03:19.445 DEBUG: Saving info: ./results/tyrosine_run-123_train.txt
2025-09-25 11:03:20.186 DEBUG: Saving info: ./results/tyrosine_run-123_train.txt
2025-09-25 11:03:20.925 DEBUG: Saving info: ./results/tyrosine_run-123_train.txt
2025-09-25 11:03:21.667 DEBUG: Saving info: ./results/tyrosine_run-123_train.txt
2025-09-25 11:03:22.410 DEBUG: Saving info: ./results/tyrosine_run-123_train.txt
2025-09-25 11:03:23.124 DEBUG: Saving info: ./results/tyrosine_run-123_train.txt
2025-09-25 11:03:23.864 DEBUG: Saving info: ./results/tyrosine_run-123_train.txt
2025-09-25 11:03:24.606 DEBUG: Saving info: ./results/tyrosine_run-123_train.txt
2025-09-25 11:03:25.341 DEBUG: Saving info: ./results/tyrosine_run-123_train.txt
2025-09-25 11:03:26.086 DEBUG: Saving info: ./results/tyrosine_run-123_train.txt
2025-09-25 11:03:26.829 DEBUG: Saving info: ./results/tyrosine_run-123_train.txt
2025-09-25 11:03:27.567 DEBUG: Saving info: ./results/tyrosine_run-123_train.txt
2025-09-25 11:03:28.300 DEBUG: Saving info: ./results/tyrosine_run-123_train.txt
2025-09-25 11:03:29.039 DEBUG: Saving info: ./results/tyrosine_run-123_train.txt
2025-09-25 11:03:29.782 DEBUG: Saving info: ./results/tyrosine_run-123_train.txt
2025-09-25 11:03:30.530 DEBUG: Saving info: ./results/tyrosine_run-123_train.txt
2025-09-25 11:03:31.276 DEBUG: Saving info: ./results/tyrosine_run-123_train.txt
2025-09-25 11:03:32.020 DEBUG: Saving info: ./results/tyrosine_run-123_train.txt
2025-09-25 11:03:32.765 DEBUG: Saving info: ./results/tyrosine_run-123_train.txt
2025-09-25 11:03:33.494 DEBUG: Saving info: ./results/tyrosine_run-123_train.txt
2025-09-25 11:03:34.236 DEBUG: Saving info: ./results/tyrosine_run-123_train.txt
2025-09-25 11:03:34.969 DEBUG: Saving info: ./results/tyrosine_run-123_train.txt
2025-09-25 11:03:35.703 DEBUG: Saving info: ./results/tyrosine_run-123_train.txt
2025-09-25 11:03:36.443 DEBUG: Saving info: ./results/tyrosine_run-123_train.txt
2025-09-25 11:03:37.171 DEBUG: Saving info: ./results/tyrosine_run-123_train.txt
2025-09-25 11:03:37.907 DEBUG: Saving info: ./results/tyrosine_run-123_train.txt
2025-09-25 11:03:38.648 DEBUG: Saving info: ./results/tyrosine_run-123_train.txt
2025-09-25 11:03:39.387 DEBUG: Saving info: ./results/tyrosine_run-123_train.txt
2025-09-25 11:03:40.129 DEBUG: Saving info: ./results/tyrosine_run-123_train.txt
2025-09-25 11:03:40.872 DEBUG: Saving info: ./results/tyrosine_run-123_train.txt
2025-09-25 11:03:41.613 DEBUG: Saving info: ./results/tyrosine_run-123_train.txt
2025-09-25 11:03:42.349 DEBUG: Saving info: ./results/tyrosine_run-123_train.txt
2025-09-25 11:03:43.083 DEBUG: Saving info: ./results/tyrosine_run-123_train.txt
2025-09-25 11:03:43.824 DEBUG: Saving info: ./results/tyrosine_run-123_train.txt
2025-09-25 11:03:44.568 DEBUG: Saving info: ./results/tyrosine_run-123_train.txt
2025-09-25 11:03:45.310 DEBUG: Saving info: ./results/tyrosine_run-123_train.txt
2025-09-25 11:03:46.053 DEBUG: Saving info: ./results/tyrosine_run-123_train.txt
2025-09-25 11:03:46.800 DEBUG: Saving info: ./results/tyrosine_run-123_train.txt
2025-09-25 11:03:47.537 DEBUG: Saving info: ./results/tyrosine_run-123_train.txt
2025-09-25 11:03:48.279 DEBUG: Saving info: ./results/tyrosine_run-123_train.txt
2025-09-25 11:03:49.025 DEBUG: Saving info: ./results/tyrosine_run-123_train.txt
2025-09-25 11:03:49.771 DEBUG: Saving info: ./results/tyrosine_run-123_train.txt
2025-09-25 11:03:50.511 DEBUG: Saving info: ./results/tyrosine_run-123_train.txt
2025-09-25 11:03:51.254 DEBUG: Saving info: ./results/tyrosine_run-123_train.txt
2025-09-25 11:03:51.995 DEBUG: Saving info: ./results/tyrosine_run-123_train.txt
2025-09-25 11:03:52.737 DEBUG: Saving info: ./results/tyrosine_run-123_train.txt
2025-09-25 11:03:53.481 DEBUG: Saving info: ./results/tyrosine_run-123_train.txt
2025-09-25 11:03:54.219 DEBUG: Saving info: ./results/tyrosine_run-123_train.txt
2025-09-25 11:03:54.959 DEBUG: Saving info: ./results/tyrosine_run-123_train.txt
2025-09-25 11:03:55.704 DEBUG: Saving info: ./results/tyrosine_run-123_train.txt
2025-09-25 11:03:56.448 DEBUG: Saving info: ./results/tyrosine_run-123_train.txt
2025-09-25 11:03:57.190 DEBUG: Saving info: ./results/tyrosine_run-123_train.txt
2025-09-25 11:03:57.938 DEBUG: Saving info: ./results/tyrosine_run-123_train.txt
2025-09-25 11:03:58.682 DEBUG: Saving info: ./results/tyrosine_run-123_train.txt
2025-09-25 11:03:59.423 DEBUG: Saving info: ./results/tyrosine_run-123_train.txt
2025-09-25 11:04:00.160 DEBUG: Saving info: ./results/tyrosine_run-123_train.txt
2025-09-25 11:04:00.903 DEBUG: Saving info: ./results/tyrosine_run-123_train.txt
2025-09-25 11:04:01.650 DEBUG: Saving info: ./results/tyrosine_run-123_train.txt
2025-09-25 11:04:02.392 DEBUG: Saving info: ./results/tyrosine_run-123_train.txt
2025-09-25 11:04:03.133 DEBUG: Saving info: ./results/tyrosine_run-123_train.txt
2025-09-25 11:04:03.880 DEBUG: Saving info: ./results/tyrosine_run-123_train.txt
2025-09-25 11:04:04.616 DEBUG: Saving info: ./results/tyrosine_run-123_train.txt
2025-09-25 11:04:05.360 DEBUG: Saving info: ./results/tyrosine_run-123_train.txt
2025-09-25 11:04:06.105 DEBUG: Saving info: ./results/tyrosine_run-123_train.txt
2025-09-25 11:04:06.845 DEBUG: Saving info: ./results/tyrosine_run-123_train.txt
2025-09-25 11:04:07.590 DEBUG: Saving info: ./results/tyrosine_run-123_train.txt
2025-09-25 11:04:08.325 DEBUG: Saving info: ./results/tyrosine_run-123_train.txt
2025-09-25 11:04:09.064 DEBUG: Saving info: ./results/tyrosine_run-123_train.txt
2025-09-25 11:04:09.806 DEBUG: Saving info: ./results/tyrosine_run-123_train.txt
2025-09-25 11:04:10.547 DEBUG: Saving info: ./results/tyrosine_run-123_train.txt
2025-09-25 11:04:11.289 DEBUG: Saving info: ./results/tyrosine_run-123_train.txt
2025-09-25 11:04:12.035 DEBUG: Saving info: ./results/tyrosine_run-123_train.txt
2025-09-25 11:04:12.783 DEBUG: Saving info: ./results/tyrosine_run-123_train.txt
2025-09-25 11:04:13.523 DEBUG: Saving info: ./results/tyrosine_run-123_train.txt
2025-09-25 11:04:14.262 DEBUG: Saving info: ./results/tyrosine_run-123_train.txt
2025-09-25 11:04:15.004 DEBUG: Saving info: ./results/tyrosine_run-123_train.txt
2025-09-25 11:04:15.746 DEBUG: Saving info: ./results/tyrosine_run-123_train.txt
2025-09-25 11:04:16.485 DEBUG: Saving info: ./results/tyrosine_run-123_train.txt
2025-09-25 11:04:17.226 DEBUG: Saving info: ./results/tyrosine_run-123_train.txt
2025-09-25 11:04:17.966 DEBUG: Saving info: ./results/tyrosine_run-123_train.txt
2025-09-25 11:04:18.710 DEBUG: Saving info: ./results/tyrosine_run-123_train.txt
2025-09-25 11:04:19.449 DEBUG: Saving info: ./results/tyrosine_run-123_train.txt
2025-09-25 11:04:20.191 DEBUG: Saving info: ./results/tyrosine_run-123_train.txt
2025-09-25 11:04:20.933 DEBUG: Saving info: ./results/tyrosine_run-123_train.txt
2025-09-25 11:04:21.677 DEBUG: Saving info: ./results/tyrosine_run-123_train.txt
2025-09-25 11:04:22.419 DEBUG: Saving info: ./results/tyrosine_run-123_train.txt
2025-09-25 11:04:23.165 DEBUG: Saving info: ./results/tyrosine_run-123_train.txt
2025-09-25 11:04:23.909 DEBUG: Saving info: ./results/tyrosine_run-123_train.txt
2025-09-25 11:04:24.648 DEBUG: Saving info: ./results/tyrosine_run-123_train.txt
2025-09-25 11:04:25.388 DEBUG: Saving info: ./results/tyrosine_run-123_train.txt
2025-09-25 11:04:26.130 DEBUG: Saving info: ./results/tyrosine_run-123_train.txt
2025-09-25 11:04:26.874 DEBUG: Saving info: ./results/tyrosine_run-123_train.txt
2025-09-25 11:04:27.617 DEBUG: Saving info: ./results/tyrosine_run-123_train.txt
2025-09-25 11:04:28.355 DEBUG: Saving info: ./results/tyrosine_run-123_train.txt
2025-09-25 11:04:29.100 DEBUG: Saving info: ./results/tyrosine_run-123_train.txt
2025-09-25 11:04:29.844 DEBUG: Saving info: ./results/tyrosine_run-123_train.txt
2025-09-25 11:04:30.588 DEBUG: Saving info: ./results/tyrosine_run-123_train.txt
2025-09-25 11:04:31.335 DEBUG: Saving info: ./results/tyrosine_run-123_train.txt
2025-09-25 11:04:32.081 DEBUG: Saving info: ./results/tyrosine_run-123_train.txt
2025-09-25 11:04:32.826 DEBUG: Saving info: ./results/tyrosine_run-123_train.txt
2025-09-25 11:04:33.568 DEBUG: Saving info: ./results/tyrosine_run-123_train.txt
2025-09-25 11:04:34.314 DEBUG: Saving info: ./results/tyrosine_run-123_train.txt
2025-09-25 11:04:35.052 DEBUG: Saving info: ./results/tyrosine_run-123_train.txt
2025-09-25 11:04:35.793 DEBUG: Saving info: ./results/tyrosine_run-123_train.txt
2025-09-25 11:04:36.533 DEBUG: Saving info: ./results/tyrosine_run-123_train.txt
2025-09-25 11:04:37.277 DEBUG: Saving info: ./results/tyrosine_run-123_train.txt
2025-09-25 11:04:38.019 DEBUG: Saving info: ./results/tyrosine_run-123_train.txt
2025-09-25 11:04:38.763 DEBUG: Saving info: ./results/tyrosine_run-123_train.txt
2025-09-25 11:04:39.506 DEBUG: Saving info: ./results/tyrosine_run-123_train.txt
2025-09-25 11:04:40.250 DEBUG: Saving info: ./results/tyrosine_run-123_train.txt
2025-09-25 11:04:40.991 DEBUG: Saving info: ./results/tyrosine_run-123_train.txt
2025-09-25 11:04:41.737 DEBUG: Saving info: ./results/tyrosine_run-123_train.txt
2025-09-25 11:04:42.480 DEBUG: Saving info: ./results/tyrosine_run-123_train.txt
2025-09-25 11:04:43.222 DEBUG: Saving info: ./results/tyrosine_run-123_train.txt
2025-09-25 11:04:43.966 DEBUG: Saving info: ./results/tyrosine_run-123_train.txt
2025-09-25 11:04:44.710 DEBUG: Saving info: ./results/tyrosine_run-123_train.txt
2025-09-25 11:04:45.455 DEBUG: Saving info: ./results/tyrosine_run-123_train.txt
2025-09-25 11:04:46.195 DEBUG: Saving info: ./results/tyrosine_run-123_train.txt
2025-09-25 11:04:46.938 DEBUG: Saving info: ./results/tyrosine_run-123_train.txt
2025-09-25 11:04:47.680 DEBUG: Saving info: ./results/tyrosine_run-123_train.txt
2025-09-25 11:04:48.429 DEBUG: Saving info: ./results/tyrosine_run-123_train.txt
2025-09-25 11:04:49.170 DEBUG: Saving info: ./results/tyrosine_run-123_train.txt
2025-09-25 11:04:49.913 DEBUG: Saving info: ./results/tyrosine_run-123_train.txt
2025-09-25 11:04:50.657 DEBUG: Saving info: ./results/tyrosine_run-123_train.txt
2025-09-25 11:04:51.398 DEBUG: Saving info: ./results/tyrosine_run-123_train.txt
2025-09-25 11:04:52.143 DEBUG: Saving info: ./results/tyrosine_run-123_train.txt
2025-09-25 11:04:52.887 DEBUG: Saving info: ./results/tyrosine_run-123_train.txt
2025-09-25 11:04:53.634 DEBUG: Saving info: ./results/tyrosine_run-123_train.txt
2025-09-25 11:04:54.380 DEBUG: Saving info: ./results/tyrosine_run-123_train.txt
2025-09-25 11:04:55.127 DEBUG: Saving info: ./results/tyrosine_run-123_train.txt
2025-09-25 11:04:55.872 DEBUG: Saving info: ./results/tyrosine_run-123_train.txt
2025-09-25 11:04:56.613 DEBUG: Saving info: ./results/tyrosine_run-123_train.txt
2025-09-25 11:04:57.359 DEBUG: Saving info: ./results/tyrosine_run-123_train.txt
2025-09-25 11:04:58.102 DEBUG: Saving info: ./results/tyrosine_run-123_train.txt
2025-09-25 11:04:58.842 DEBUG: Saving info: ./results/tyrosine_run-123_train.txt
2025-09-25 11:04:59.587 DEBUG: Saving info: ./results/tyrosine_run-123_train.txt
2025-09-25 11:05:00.332 DEBUG: Saving info: ./results/tyrosine_run-123_train.txt
2025-09-25 11:05:01.072 DEBUG: Saving info: ./results/tyrosine_run-123_train.txt
2025-09-25 11:05:01.814 DEBUG: Saving info: ./results/tyrosine_run-123_train.txt
2025-09-25 11:05:02.560 DEBUG: Saving info: ./results/tyrosine_run-123_train.txt
2025-09-25 11:05:03.302 DEBUG: Saving info: ./results/tyrosine_run-123_train.txt
2025-09-25 11:05:04.046 DEBUG: Saving info: ./results/tyrosine_run-123_train.txt
2025-09-25 11:05:04.798 DEBUG: Saving info: ./results/tyrosine_run-123_train.txt
2025-09-25 11:05:05.535 DEBUG: Saving info: ./results/tyrosine_run-123_train.txt
2025-09-25 11:05:06.278 DEBUG: Saving info: ./results/tyrosine_run-123_train.txt
2025-09-25 11:05:07.025 DEBUG: Saving info: ./results/tyrosine_run-123_train.txt
2025-09-25 11:05:07.773 DEBUG: Saving info: ./results/tyrosine_run-123_train.txt
2025-09-25 11:05:08.520 DEBUG: Saving info: ./results/tyrosine_run-123_train.txt
2025-09-25 11:05:09.262 DEBUG: Saving info: ./results/tyrosine_run-123_train.txt
2025-09-25 11:05:10.008 DEBUG: Saving info: ./results/tyrosine_run-123_train.txt
2025-09-25 11:05:10.753 DEBUG: Saving info: ./results/tyrosine_run-123_train.txt
2025-09-25 11:05:11.494 DEBUG: Saving info: ./results/tyrosine_run-123_train.txt
2025-09-25 11:05:12.237 DEBUG: Saving info: ./results/tyrosine_run-123_train.txt
2025-09-25 11:05:12.984 DEBUG: Saving info: ./results/tyrosine_run-123_train.txt
2025-09-25 11:05:13.726 DEBUG: Saving info: ./results/tyrosine_run-123_train.txt
2025-09-25 11:05:14.477 DEBUG: Saving info: ./results/tyrosine_run-123_train.txt
2025-09-25 11:05:15.214 DEBUG: Saving info: ./results/tyrosine_run-123_train.txt
2025-09-25 11:05:15.959 DEBUG: Saving info: ./results/tyrosine_run-123_train.txt
2025-09-25 11:05:16.699 DEBUG: Saving info: ./results/tyrosine_run-123_train.txt
2025-09-25 11:05:17.446 DEBUG: Saving info: ./results/tyrosine_run-123_train.txt
2025-09-25 11:05:30.616 DEBUG: Saving info: ./results/tyrosine_run-123_train.txt
2025-09-25 11:05:30.618 DEBUG: Saving checkpoint: ./checkpoints/tyrosine_run-123_epoch-0.pt
2025-09-25 11:05:31.407 DEBUG: Saving info: ./results/tyrosine_run-123_train.txt
2025-09-25 11:05:32.146 DEBUG: Saving info: ./results/tyrosine_run-123_train.txt
2025-09-25 11:05:32.892 DEBUG: Saving info: ./results/tyrosine_run-123_train.txt
2025-09-25 11:05:33.630 DEBUG: Saving info: ./results/tyrosine_run-123_train.txt
2025-09-25 11:05:34.375 DEBUG: Saving info: ./results/tyrosine_run-123_train.txt
2025-09-25 11:05:35.117 DEBUG: Saving info: ./results/tyrosine_run-123_train.txt
2025-09-25 11:05:35.864 DEBUG: Saving info: ./results/tyrosine_run-123_train.txt
2025-09-25 11:05:36.608 DEBUG: Saving info: ./results/tyrosine_run-123_train.txt
2025-09-25 11:05:37.352 DEBUG: Saving info: ./results/tyrosine_run-123_train.txt
2025-09-25 11:05:38.091 DEBUG: Saving info: ./results/tyrosine_run-123_train.txt
2025-09-25 11:05:38.840 DEBUG: Saving info: ./results/tyrosine_run-123_train.txt
2025-09-25 11:05:39.585 DEBUG: Saving info: ./results/tyrosine_run-123_train.txt
2025-09-25 11:05:40.329 DEBUG: Saving info: ./results/tyrosine_run-123_train.txt
2025-09-25 11:05:41.071 DEBUG: Saving info: ./results/tyrosine_run-123_train.txt
2025-09-25 11:05:41.816 DEBUG: Saving info: ./results/tyrosine_run-123_train.txt
2025-09-25 11:05:42.560 DEBUG: Saving info: ./results/tyrosine_run-123_train.txt
2025-09-25 11:05:43.302 DEBUG: Saving info: ./results/tyrosine_run-123_train.txt
2025-09-25 11:05:44.043 DEBUG: Saving info: ./results/tyrosine_run-123_train.txt
2025-09-25 11:05:44.785 DEBUG: Saving info: ./results/tyrosine_run-123_train.txt
2025-09-25 11:05:45.532 DEBUG: Saving info: ./results/tyrosine_run-123_train.txt
2025-09-25 11:05:46.275 DEBUG: Saving info: ./results/tyrosine_run-123_train.txt
2025-09-25 11:05:47.020 DEBUG: Saving info: ./results/tyrosine_run-123_train.txt
2025-09-25 11:05:47.764 DEBUG: Saving info: ./results/tyrosine_run-123_train.txt
2025-09-25 11:05:48.508 DEBUG: Saving info: ./results/tyrosine_run-123_train.txt
2025-09-25 11:05:49.255 DEBUG: Saving info: ./results/tyrosine_run-123_train.txt
2025-09-25 11:05:49.994 DEBUG: Saving info: ./results/tyrosine_run-123_train.txt
2025-09-25 11:05:50.735 DEBUG: Saving info: ./results/tyrosine_run-123_train.txt
2025-09-25 11:05:51.480 DEBUG: Saving info: ./results/tyrosine_run-123_train.txt
2025-09-25 11:05:52.227 DEBUG: Saving info: ./results/tyrosine_run-123_train.txt
2025-09-25 11:05:52.967 DEBUG: Saving info: ./results/tyrosine_run-123_train.txt
2025-09-25 11:05:53.712 DEBUG: Saving info: ./results/tyrosine_run-123_train.txt
2025-09-25 11:05:54.453 DEBUG: Saving info: ./results/tyrosine_run-123_train.txt
2025-09-25 11:05:55.194 DEBUG: Saving info: ./results/tyrosine_run-123_train.txt
2025-09-25 11:05:55.940 DEBUG: Saving info: ./results/tyrosine_run-123_train.txt
2025-09-25 11:05:56.672 DEBUG: Saving info: ./results/tyrosine_run-123_train.txt
2025-09-25 11:05:57.429 DEBUG: Saving info: ./results/tyrosine_run-123_train.txt
2025-09-25 11:05:58.170 DEBUG: Saving info: ./results/tyrosine_run-123_train.txt
2025-09-25 11:05:58.912 DEBUG: Saving info: ./results/tyrosine_run-123_train.txt
2025-09-25 11:05:59.656 DEBUG: Saving info: ./results/tyrosine_run-123_train.txt
2025-09-25 11:06:00.398 DEBUG: Saving info: ./results/tyrosine_run-123_train.txt
2025-09-25 11:06:01.140 DEBUG: Saving info: ./results/tyrosine_run-123_train.txt
2025-09-25 11:06:01.877 DEBUG: Saving info: ./results/tyrosine_run-123_train.txt
2025-09-25 11:06:02.623 DEBUG: Saving info: ./results/tyrosine_run-123_train.txt
2025-09-25 11:06:03.360 DEBUG: Saving info: ./results/tyrosine_run-123_train.txt
2025-09-25 11:06:04.100 DEBUG: Saving info: ./results/tyrosine_run-123_train.txt
2025-09-25 11:06:04.836 DEBUG: Saving info: ./results/tyrosine_run-123_train.txt
2025-09-25 11:06:05.576 DEBUG: Saving info: ./results/tyrosine_run-123_train.txt
2025-09-25 11:06:06.323 DEBUG: Saving info: ./results/tyrosine_run-123_train.txt
2025-09-25 11:06:07.067 DEBUG: Saving info: ./results/tyrosine_run-123_train.txt
2025-09-25 11:06:07.808 DEBUG: Saving info: ./results/tyrosine_run-123_train.txt
2025-09-25 11:06:08.549 DEBUG: Saving info: ./results/tyrosine_run-123_train.txt
2025-09-25 11:06:09.293 DEBUG: Saving info: ./results/tyrosine_run-123_train.txt
2025-09-25 11:06:10.037 DEBUG: Saving info: ./results/tyrosine_run-123_train.txt
2025-09-25 11:06:10.779 DEBUG: Saving info: ./results/tyrosine_run-123_train.txt
2025-09-25 11:06:11.525 DEBUG: Saving info: ./results/tyrosine_run-123_train.txt
2025-09-25 11:06:12.264 DEBUG: Saving info: ./results/tyrosine_run-123_train.txt
2025-09-25 11:06:13.001 DEBUG: Saving info: ./results/tyrosine_run-123_train.txt
2025-09-25 11:06:13.746 DEBUG: Saving info: ./results/tyrosine_run-123_train.txt
2025-09-25 11:06:14.486 DEBUG: Saving info: ./results/tyrosine_run-123_train.txt
2025-09-25 11:06:15.237 DEBUG: Saving info: ./results/tyrosine_run-123_train.txt
2025-09-25 11:06:15.984 DEBUG: Saving info: ./results/tyrosine_run-123_train.txt
2025-09-25 11:06:16.728 DEBUG: Saving info: ./results/tyrosine_run-123_train.txt
2025-09-25 11:06:17.467 DEBUG: Saving info: ./results/tyrosine_run-123_train.txt
2025-09-25 11:06:18.209 DEBUG: Saving info: ./results/tyrosine_run-123_train.txt
2025-09-25 11:06:18.958 DEBUG: Saving info: ./results/tyrosine_run-123_train.txt
2025-09-25 11:06:19.702 DEBUG: Saving info: ./results/tyrosine_run-123_train.txt
2025-09-25 11:06:20.442 DEBUG: Saving info: ./results/tyrosine_run-123_train.txt
2025-09-25 11:06:21.186 DEBUG: Saving info: ./results/tyrosine_run-123_train.txt
2025-09-25 11:06:21.937 DEBUG: Saving info: ./results/tyrosine_run-123_train.txt
2025-09-25 11:06:22.674 DEBUG: Saving info: ./results/tyrosine_run-123_train.txt
2025-09-25 11:06:23.419 DEBUG: Saving info: ./results/tyrosine_run-123_train.txt
2025-09-25 11:06:24.159 DEBUG: Saving info: ./results/tyrosine_run-123_train.txt
2025-09-25 11:06:24.903 DEBUG: Saving info: ./results/tyrosine_run-123_train.txt
2025-09-25 11:06:25.650 DEBUG: Saving info: ./results/tyrosine_run-123_train.txt
2025-09-25 11:06:26.390 DEBUG: Saving info: ./results/tyrosine_run-123_train.txt
2025-09-25 11:06:27.132 DEBUG: Saving info: ./results/tyrosine_run-123_train.txt
2025-09-25 11:06:27.879 DEBUG: Saving info: ./results/tyrosine_run-123_train.txt
2025-09-25 11:06:28.620 DEBUG: Saving info: ./results/tyrosine_run-123_train.txt
2025-09-25 11:06:29.356 DEBUG: Saving info: ./results/tyrosine_run-123_train.txt
2025-09-25 11:06:30.107 DEBUG: Saving info: ./results/tyrosine_run-123_train.txt
2025-09-25 11:06:30.845 DEBUG: Saving info: ./results/tyrosine_run-123_train.txt
2025-09-25 11:06:31.590 DEBUG: Saving info: ./results/tyrosine_run-123_train.txt
2025-09-25 11:06:32.331 DEBUG: Saving info: ./results/tyrosine_run-123_train.txt
2025-09-25 11:06:33.076 DEBUG: Saving info: ./results/tyrosine_run-123_train.txt
2025-09-25 11:06:33.819 DEBUG: Saving info: ./results/tyrosine_run-123_train.txt
2025-09-25 11:06:34.560 DEBUG: Saving info: ./results/tyrosine_run-123_train.txt
2025-09-25 11:06:35.305 DEBUG: Saving info: ./results/tyrosine_run-123_train.txt
2025-09-25 11:06:36.050 DEBUG: Saving info: ./results/tyrosine_run-123_train.txt
2025-09-25 11:06:36.798 DEBUG: Saving info: ./results/tyrosine_run-123_train.txt
2025-09-25 11:06:37.539 DEBUG: Saving info: ./results/tyrosine_run-123_train.txt
2025-09-25 11:06:38.283 DEBUG: Saving info: ./results/tyrosine_run-123_train.txt
2025-09-25 11:06:39.022 DEBUG: Saving info: ./results/tyrosine_run-123_train.txt
2025-09-25 11:06:39.766 DEBUG: Saving info: ./results/tyrosine_run-123_train.txt
2025-09-25 11:06:40.510 DEBUG: Saving info: ./results/tyrosine_run-123_train.txt
2025-09-25 11:06:41.249 DEBUG: Saving info: ./results/tyrosine_run-123_train.txt
2025-09-25 11:06:41.991 DEBUG: Saving info: ./results/tyrosine_run-123_train.txt
2025-09-25 11:06:42.734 DEBUG: Saving info: ./results/tyrosine_run-123_train.txt
2025-09-25 11:06:43.478 DEBUG: Saving info: ./results/tyrosine_run-123_train.txt
2025-09-25 11:06:44.224 DEBUG: Saving info: ./results/tyrosine_run-123_train.txt
2025-09-25 11:06:44.972 DEBUG: Saving info: ./results/tyrosine_run-123_train.txt
2025-09-25 11:06:45.714 DEBUG: Saving info: ./results/tyrosine_run-123_train.txt
2025-09-25 11:06:46.449 DEBUG: Saving info: ./results/tyrosine_run-123_train.txt
2025-09-25 11:06:47.190 DEBUG: Saving info: ./results/tyrosine_run-123_train.txt
2025-09-25 11:06:47.931 DEBUG: Saving info: ./results/tyrosine_run-123_train.txt
2025-09-25 11:06:48.676 DEBUG: Saving info: ./results/tyrosine_run-123_train.txt
2025-09-25 11:06:49.419 DEBUG: Saving info: ./results/tyrosine_run-123_train.txt
2025-09-25 11:06:50.151 DEBUG: Saving info: ./results/tyrosine_run-123_train.txt
2025-09-25 11:06:50.893 DEBUG: Saving info: ./results/tyrosine_run-123_train.txt
2025-09-25 11:06:51.637 DEBUG: Saving info: ./results/tyrosine_run-123_train.txt
2025-09-25 11:06:52.383 DEBUG: Saving info: ./results/tyrosine_run-123_train.txt
2025-09-25 11:06:53.125 DEBUG: Saving info: ./results/tyrosine_run-123_train.txt
2025-09-25 11:06:53.868 DEBUG: Saving info: ./results/tyrosine_run-123_train.txt
2025-09-25 11:06:54.616 DEBUG: Saving info: ./results/tyrosine_run-123_train.txt
2025-09-25 11:06:55.366 DEBUG: Saving info: ./results/tyrosine_run-123_train.txt
2025-09-25 11:06:56.111 DEBUG: Saving info: ./results/tyrosine_run-123_train.txt
2025-09-25 11:06:56.855 DEBUG: Saving info: ./results/tyrosine_run-123_train.txt
2025-09-25 11:06:57.596 DEBUG: Saving info: ./results/tyrosine_run-123_train.txt
2025-09-25 11:06:58.333 DEBUG: Saving info: ./results/tyrosine_run-123_train.txt
2025-09-25 11:06:59.075 DEBUG: Saving info: ./results/tyrosine_run-123_train.txt
2025-09-25 11:06:59.818 DEBUG: Saving info: ./results/tyrosine_run-123_train.txt
2025-09-25 11:07:00.559 DEBUG: Saving info: ./results/tyrosine_run-123_train.txt
2025-09-25 11:07:01.306 DEBUG: Saving info: ./results/tyrosine_run-123_train.txt
2025-09-25 11:07:02.044 DEBUG: Saving info: ./results/tyrosine_run-123_train.txt
2025-09-25 11:07:02.781 DEBUG: Saving info: ./results/tyrosine_run-123_train.txt
2025-09-25 11:07:03.521 DEBUG: Saving info: ./results/tyrosine_run-123_train.txt
2025-09-25 11:07:04.264 DEBUG: Saving info: ./results/tyrosine_run-123_train.txt
2025-09-25 11:07:05.003 DEBUG: Saving info: ./results/tyrosine_run-123_train.txt
2025-09-25 11:07:05.746 DEBUG: Saving info: ./results/tyrosine_run-123_train.txt
2025-09-25 11:07:06.490 DEBUG: Saving info: ./results/tyrosine_run-123_train.txt
2025-09-25 11:07:07.230 DEBUG: Saving info: ./results/tyrosine_run-123_train.txt
2025-09-25 11:07:07.971 DEBUG: Saving info: ./results/tyrosine_run-123_train.txt
2025-09-25 11:07:08.711 DEBUG: Saving info: ./results/tyrosine_run-123_train.txt
2025-09-25 11:07:09.452 DEBUG: Saving info: ./results/tyrosine_run-123_train.txt
2025-09-25 11:07:10.188 DEBUG: Saving info: ./results/tyrosine_run-123_train.txt
2025-09-25 11:07:10.933 DEBUG: Saving info: ./results/tyrosine_run-123_train.txt
2025-09-25 11:07:11.678 DEBUG: Saving info: ./results/tyrosine_run-123_train.txt
2025-09-25 11:07:12.418 DEBUG: Saving info: ./results/tyrosine_run-123_train.txt
2025-09-25 11:07:13.160 DEBUG: Saving info: ./results/tyrosine_run-123_train.txt
2025-09-25 11:07:13.899 DEBUG: Saving info: ./results/tyrosine_run-123_train.txt
2025-09-25 11:07:14.643 DEBUG: Saving info: ./results/tyrosine_run-123_train.txt
2025-09-25 11:07:15.383 DEBUG: Saving info: ./results/tyrosine_run-123_train.txt
2025-09-25 11:07:16.123 DEBUG: Saving info: ./results/tyrosine_run-123_train.txt
2025-09-25 11:07:16.864 DEBUG: Saving info: ./results/tyrosine_run-123_train.txt
2025-09-25 11:07:17.607 DEBUG: Saving info: ./results/tyrosine_run-123_train.txt
2025-09-25 11:07:18.352 DEBUG: Saving info: ./results/tyrosine_run-123_train.txt
2025-09-25 11:07:19.097 DEBUG: Saving info: ./results/tyrosine_run-123_train.txt
2025-09-25 11:07:19.834 DEBUG: Saving info: ./results/tyrosine_run-123_train.txt
2025-09-25 11:07:20.579 DEBUG: Saving info: ./results/tyrosine_run-123_train.txt
2025-09-25 11:07:21.324 DEBUG: Saving info: ./results/tyrosine_run-123_train.txt
2025-09-25 11:07:22.066 DEBUG: Saving info: ./results/tyrosine_run-123_train.txt
2025-09-25 11:07:22.800 DEBUG: Saving info: ./results/tyrosine_run-123_train.txt
2025-09-25 11:07:23.545 DEBUG: Saving info: ./results/tyrosine_run-123_train.txt
2025-09-25 11:07:24.294 DEBUG: Saving info: ./results/tyrosine_run-123_train.txt
2025-09-25 11:07:25.041 DEBUG: Saving info: ./results/tyrosine_run-123_train.txt
2025-09-25 11:07:25.784 DEBUG: Saving info: ./results/tyrosine_run-123_train.txt
2025-09-25 11:07:26.530 DEBUG: Saving info: ./results/tyrosine_run-123_train.txt
2025-09-25 11:07:27.275 DEBUG: Saving info: ./results/tyrosine_run-123_train.txt
2025-09-25 11:07:28.010 DEBUG: Saving info: ./results/tyrosine_run-123_train.txt
2025-09-25 11:07:28.760 DEBUG: Saving info: ./results/tyrosine_run-123_train.txt
2025-09-25 11:07:29.504 DEBUG: Saving info: ./results/tyrosine_run-123_train.txt
2025-09-25 11:07:30.246 DEBUG: Saving info: ./results/tyrosine_run-123_train.txt
2025-09-25 11:07:30.989 DEBUG: Saving info: ./results/tyrosine_run-123_train.txt
2025-09-25 11:07:31.727 DEBUG: Saving info: ./results/tyrosine_run-123_train.txt
2025-09-25 11:07:32.469 DEBUG: Saving info: ./results/tyrosine_run-123_train.txt
2025-09-25 11:07:33.206 DEBUG: Saving info: ./results/tyrosine_run-123_train.txt
2025-09-25 11:07:33.952 DEBUG: Saving info: ./results/tyrosine_run-123_train.txt
2025-09-25 11:07:34.697 DEBUG: Saving info: ./results/tyrosine_run-123_train.txt
2025-09-25 11:07:35.439 DEBUG: Saving info: ./results/tyrosine_run-123_train.txt
2025-09-25 11:07:36.180 DEBUG: Saving info: ./results/tyrosine_run-123_train.txt
2025-09-25 11:07:36.915 DEBUG: Saving info: ./results/tyrosine_run-123_train.txt
2025-09-25 11:07:37.654 DEBUG: Saving info: ./results/tyrosine_run-123_train.txt
2025-09-25 11:07:38.393 DEBUG: Saving info: ./results/tyrosine_run-123_train.txt
2025-09-25 11:07:39.132 DEBUG: Saving info: ./results/tyrosine_run-123_train.txt
2025-09-25 11:07:39.872 DEBUG: Saving info: ./results/tyrosine_run-123_train.txt
2025-09-25 11:07:40.610 DEBUG: Saving info: ./results/tyrosine_run-123_train.txt
2025-09-25 11:07:41.353 DEBUG: Saving info: ./results/tyrosine_run-123_train.txt
2025-09-25 11:07:42.102 DEBUG: Saving info: ./results/tyrosine_run-123_train.txt
2025-09-25 11:07:42.844 DEBUG: Saving info: ./results/tyrosine_run-123_train.txt
2025-09-25 11:07:43.587 DEBUG: Saving info: ./results/tyrosine_run-123_train.txt
2025-09-25 11:07:44.324 DEBUG: Saving info: ./results/tyrosine_run-123_train.txt
2025-09-25 11:07:45.069 DEBUG: Saving info: ./results/tyrosine_run-123_train.txt
2025-09-25 11:07:45.809 DEBUG: Saving info: ./results/tyrosine_run-123_train.txt
2025-09-25 11:07:46.544 DEBUG: Saving info: ./results/tyrosine_run-123_train.txt
2025-09-25 11:07:47.283 DEBUG: Saving info: ./results/tyrosine_run-123_train.txt
2025-09-25 11:07:48.029 DEBUG: Saving info: ./results/tyrosine_run-123_train.txt
2025-09-25 11:07:48.773 DEBUG: Saving info: ./results/tyrosine_run-123_train.txt
2025-09-25 11:07:49.513 DEBUG: Saving info: ./results/tyrosine_run-123_train.txt
2025-09-25 11:07:50.254 DEBUG: Saving info: ./results/tyrosine_run-123_train.txt
2025-09-25 11:07:50.996 DEBUG: Saving info: ./results/tyrosine_run-123_train.txt
2025-09-25 11:07:51.735 DEBUG: Saving info: ./results/tyrosine_run-123_train.txt
2025-09-25 11:07:52.481 DEBUG: Saving info: ./results/tyrosine_run-123_train.txt
2025-09-25 11:07:53.218 DEBUG: Saving info: ./results/tyrosine_run-123_train.txt
2025-09-25 11:07:53.954 DEBUG: Saving info: ./results/tyrosine_run-123_train.txt
2025-09-25 11:07:54.694 DEBUG: Saving info: ./results/tyrosine_run-123_train.txt
2025-09-25 11:07:55.432 DEBUG: Saving info: ./results/tyrosine_run-123_train.txt
2025-09-25 11:07:56.172 DEBUG: Saving info: ./results/tyrosine_run-123_train.txt
2025-09-25 11:07:56.917 DEBUG: Saving info: ./results/tyrosine_run-123_train.txt
2025-09-25 11:07:57.660 DEBUG: Saving info: ./results/tyrosine_run-123_train.txt
2025-09-25 11:07:58.396 DEBUG: Saving info: ./results/tyrosine_run-123_train.txt
2025-09-25 11:07:59.134 DEBUG: Saving info: ./results/tyrosine_run-123_train.txt
2025-09-25 11:07:59.874 DEBUG: Saving info: ./results/tyrosine_run-123_train.txt
2025-09-25 11:08:00.620 DEBUG: Saving info: ./results/tyrosine_run-123_train.txt
2025-09-25 11:08:01.366 DEBUG: Saving info: ./results/tyrosine_run-123_train.txt
2025-09-25 11:08:02.106 DEBUG: Saving info: ./results/tyrosine_run-123_train.txt
2025-09-25 11:08:02.842 DEBUG: Saving info: ./results/tyrosine_run-123_train.txt
2025-09-25 11:08:03.583 DEBUG: Saving info: ./results/tyrosine_run-123_train.txt
2025-09-25 11:08:04.322 DEBUG: Saving info: ./results/tyrosine_run-123_train.txt
2025-09-25 11:08:05.071 DEBUG: Saving info: ./results/tyrosine_run-123_train.txt
2025-09-25 11:08:05.816 DEBUG: Saving info: ./results/tyrosine_run-123_train.txt
2025-09-25 11:08:06.561 DEBUG: Saving info: ./results/tyrosine_run-123_train.txt
2025-09-25 11:08:07.309 DEBUG: Saving info: ./results/tyrosine_run-123_train.txt
2025-09-25 11:08:08.052 DEBUG: Saving info: ./results/tyrosine_run-123_train.txt
2025-09-25 11:08:08.784 DEBUG: Saving info: ./results/tyrosine_run-123_train.txt
2025-09-25 11:08:09.525 DEBUG: Saving info: ./results/tyrosine_run-123_train.txt
2025-09-25 11:08:10.266 DEBUG: Saving info: ./results/tyrosine_run-123_train.txt
2025-09-25 11:08:11.008 DEBUG: Saving info: ./results/tyrosine_run-123_train.txt
2025-09-25 11:08:11.748 DEBUG: Saving info: ./results/tyrosine_run-123_train.txt
2025-09-25 11:08:12.498 DEBUG: Saving info: ./results/tyrosine_run-123_train.txt
2025-09-25 11:08:13.243 DEBUG: Saving info: ./results/tyrosine_run-123_train.txt
2025-09-25 11:08:13.988 DEBUG: Saving info: ./results/tyrosine_run-123_train.txt
2025-09-25 11:08:14.722 DEBUG: Saving info: ./results/tyrosine_run-123_train.txt
2025-09-25 11:08:15.464 DEBUG: Saving info: ./results/tyrosine_run-123_train.txt
2025-09-25 11:08:16.209 DEBUG: Saving info: ./results/tyrosine_run-123_train.txt
2025-09-25 11:08:16.949 DEBUG: Saving info: ./results/tyrosine_run-123_train.txt
2025-09-25 11:08:17.687 DEBUG: Saving info: ./results/tyrosine_run-123_train.txt
2025-09-25 11:08:18.424 DEBUG: Saving info: ./results/tyrosine_run-123_train.txt
2025-09-25 11:08:19.169 DEBUG: Saving info: ./results/tyrosine_run-123_train.txt
2025-09-25 11:08:19.903 DEBUG: Saving info: ./results/tyrosine_run-123_train.txt
2025-09-25 11:08:20.648 DEBUG: Saving info: ./results/tyrosine_run-123_train.txt
2025-09-25 11:08:21.393 DEBUG: Saving info: ./results/tyrosine_run-123_train.txt
2025-09-25 11:08:22.135 DEBUG: Saving info: ./results/tyrosine_run-123_train.txt
2025-09-25 11:08:22.877 DEBUG: Saving info: ./results/tyrosine_run-123_train.txt
2025-09-25 11:08:23.621 DEBUG: Saving info: ./results/tyrosine_run-123_train.txt
2025-09-25 11:08:24.361 DEBUG: Saving info: ./results/tyrosine_run-123_train.txt
2025-09-25 11:08:25.111 DEBUG: Saving info: ./results/tyrosine_run-123_train.txt
2025-09-25 11:08:25.859 DEBUG: Saving info: ./results/tyrosine_run-123_train.txt
2025-09-25 11:08:26.599 DEBUG: Saving info: ./results/tyrosine_run-123_train.txt
2025-09-25 11:08:27.339 DEBUG: Saving info: ./results/tyrosine_run-123_train.txt
2025-09-25 11:08:28.086 DEBUG: Saving info: ./results/tyrosine_run-123_train.txt
2025-09-25 11:08:28.825 DEBUG: Saving info: ./results/tyrosine_run-123_train.txt
2025-09-25 11:08:29.568 DEBUG: Saving info: ./results/tyrosine_run-123_train.txt
2025-09-25 11:08:30.314 DEBUG: Saving info: ./results/tyrosine_run-123_train.txt
2025-09-25 11:08:31.049 DEBUG: Saving info: ./results/tyrosine_run-123_train.txt
2025-09-25 11:08:31.792 DEBUG: Saving info: ./results/tyrosine_run-123_train.txt
2025-09-25 11:08:32.533 DEBUG: Saving info: ./results/tyrosine_run-123_train.txt
2025-09-25 11:08:33.275 DEBUG: Saving info: ./results/tyrosine_run-123_train.txt
2025-09-25 11:08:34.014 DEBUG: Saving info: ./results/tyrosine_run-123_train.txt
2025-09-25 11:08:34.747 DEBUG: Saving info: ./results/tyrosine_run-123_train.txt
2025-09-25 11:08:35.489 DEBUG: Saving info: ./results/tyrosine_run-123_train.txt
2025-09-25 11:08:36.223 DEBUG: Saving info: ./results/tyrosine_run-123_train.txt
2025-09-25 11:08:36.965 DEBUG: Saving info: ./results/tyrosine_run-123_train.txt
2025-09-25 11:08:37.687 DEBUG: Saving info: ./results/tyrosine_run-123_train.txt
2025-09-25 11:08:38.431 DEBUG: Saving info: ./results/tyrosine_run-123_train.txt
2025-09-25 11:08:39.170 DEBUG: Saving info: ./results/tyrosine_run-123_train.txt
2025-09-25 11:08:39.912 DEBUG: Saving info: ./results/tyrosine_run-123_train.txt
2025-09-25 11:08:40.657 DEBUG: Saving info: ./results/tyrosine_run-123_train.txt
2025-09-25 11:08:41.400 DEBUG: Saving info: ./results/tyrosine_run-123_train.txt
2025-09-25 11:08:42.139 DEBUG: Saving info: ./results/tyrosine_run-123_train.txt
2025-09-25 11:08:42.877 DEBUG: Saving info: ./results/tyrosine_run-123_train.txt
2025-09-25 11:08:43.621 DEBUG: Saving info: ./results/tyrosine_run-123_train.txt
2025-09-25 11:08:44.366 DEBUG: Saving info: ./results/tyrosine_run-123_train.txt
2025-09-25 11:08:45.106 DEBUG: Saving info: ./results/tyrosine_run-123_train.txt
2025-09-25 11:08:45.852 DEBUG: Saving info: ./results/tyrosine_run-123_train.txt
2025-09-25 11:08:46.601 DEBUG: Saving info: ./results/tyrosine_run-123_train.txt
2025-09-25 11:08:47.345 DEBUG: Saving info: ./results/tyrosine_run-123_train.txt
2025-09-25 11:08:48.072 DEBUG: Saving info: ./results/tyrosine_run-123_train.txt
2025-09-25 11:08:48.811 DEBUG: Saving info: ./results/tyrosine_run-123_train.txt
2025-09-25 11:08:49.554 DEBUG: Saving info: ./results/tyrosine_run-123_train.txt
2025-09-25 11:08:50.289 DEBUG: Saving info: ./results/tyrosine_run-123_train.txt
2025-09-25 11:08:51.034 DEBUG: Saving info: ./results/tyrosine_run-123_train.txt
2025-09-25 11:08:51.778 DEBUG: Saving info: ./results/tyrosine_run-123_train.txt
2025-09-25 11:08:52.512 DEBUG: Saving info: ./results/tyrosine_run-123_train.txt
2025-09-25 11:08:53.245 DEBUG: Saving info: ./results/tyrosine_run-123_train.txt
2025-09-25 11:08:53.985 DEBUG: Saving info: ./results/tyrosine_run-123_train.txt
2025-09-25 11:08:54.728 DEBUG: Saving info: ./results/tyrosine_run-123_train.txt
2025-09-25 11:08:55.475 DEBUG: Saving info: ./results/tyrosine_run-123_train.txt
2025-09-25 11:08:56.212 DEBUG: Saving info: ./results/tyrosine_run-123_train.txt
2025-09-25 11:08:56.931 DEBUG: Saving info: ./results/tyrosine_run-123_train.txt
2025-09-25 11:08:57.675 DEBUG: Saving info: ./results/tyrosine_run-123_train.txt
2025-09-25 11:08:58.417 DEBUG: Saving info: ./results/tyrosine_run-123_train.txt
2025-09-25 11:08:59.138 DEBUG: Saving info: ./results/tyrosine_run-123_train.txt
2025-09-25 11:08:59.881 DEBUG: Saving info: ./results/tyrosine_run-123_train.txt
2025-09-25 11:09:00.623 DEBUG: Saving info: ./results/tyrosine_run-123_train.txt
2025-09-25 11:09:01.353 DEBUG: Saving info: ./results/tyrosine_run-123_train.txt
2025-09-25 11:09:02.067 DEBUG: Saving info: ./results/tyrosine_run-123_train.txt
2025-09-25 11:09:02.806 DEBUG: Saving info: ./results/tyrosine_run-123_train.txt
2025-09-25 11:09:03.525 DEBUG: Saving info: ./results/tyrosine_run-123_train.txt
2025-09-25 11:09:04.267 DEBUG: Saving info: ./results/tyrosine_run-123_train.txt
2025-09-25 11:09:05.003 DEBUG: Saving info: ./results/tyrosine_run-123_train.txt
2025-09-25 11:09:05.726 DEBUG: Saving info: ./results/tyrosine_run-123_train.txt
2025-09-25 11:09:06.463 DEBUG: Saving info: ./results/tyrosine_run-123_train.txt
2025-09-25 11:09:07.209 DEBUG: Saving info: ./results/tyrosine_run-123_train.txt
2025-09-25 11:09:07.920 DEBUG: Saving info: ./results/tyrosine_run-123_train.txt
2025-09-25 11:09:08.652 DEBUG: Saving info: ./results/tyrosine_run-123_train.txt
2025-09-25 11:09:09.375 DEBUG: Saving info: ./results/tyrosine_run-123_train.txt
2025-09-25 11:09:10.099 DEBUG: Saving info: ./results/tyrosine_run-123_train.txt
2025-09-25 11:09:10.819 DEBUG: Saving info: ./results/tyrosine_run-123_train.txt
2025-09-25 11:09:11.538 DEBUG: Saving info: ./results/tyrosine_run-123_train.txt
2025-09-25 11:09:12.263 DEBUG: Saving info: ./results/tyrosine_run-123_train.txt
2025-09-25 11:09:12.994 DEBUG: Saving info: ./results/tyrosine_run-123_train.txt
2025-09-25 11:09:13.713 DEBUG: Saving info: ./results/tyrosine_run-123_train.txt
2025-09-25 11:09:14.446 DEBUG: Saving info: ./results/tyrosine_run-123_train.txt
2025-09-25 11:09:15.165 DEBUG: Saving info: ./results/tyrosine_run-123_train.txt
2025-09-25 11:09:15.893 DEBUG: Saving info: ./results/tyrosine_run-123_train.txt
2025-09-25 11:09:16.620 DEBUG: Saving info: ./results/tyrosine_run-123_train.txt
2025-09-25 11:09:17.333 DEBUG: Saving info: ./results/tyrosine_run-123_train.txt
2025-09-25 11:09:18.065 DEBUG: Saving info: ./results/tyrosine_run-123_train.txt
2025-09-25 11:09:18.777 DEBUG: Saving info: ./results/tyrosine_run-123_train.txt
2025-09-25 11:09:19.511 DEBUG: Saving info: ./results/tyrosine_run-123_train.txt
2025-09-25 11:09:20.225 DEBUG: Saving info: ./results/tyrosine_run-123_train.txt
2025-09-25 11:09:20.940 DEBUG: Saving info: ./results/tyrosine_run-123_train.txt
2025-09-25 11:09:21.667 DEBUG: Saving info: ./results/tyrosine_run-123_train.txt
2025-09-25 11:09:22.378 DEBUG: Saving info: ./results/tyrosine_run-123_train.txt
2025-09-25 11:09:23.106 DEBUG: Saving info: ./results/tyrosine_run-123_train.txt
2025-09-25 11:09:23.832 DEBUG: Saving info: ./results/tyrosine_run-123_train.txt
2025-09-25 11:09:24.551 DEBUG: Saving info: ./results/tyrosine_run-123_train.txt
2025-09-25 11:09:25.264 DEBUG: Saving info: ./results/tyrosine_run-123_train.txt
2025-09-25 11:09:25.980 DEBUG: Saving info: ./results/tyrosine_run-123_train.txt
2025-09-25 11:09:26.717 DEBUG: Saving info: ./results/tyrosine_run-123_train.txt
2025-09-25 11:09:27.432 DEBUG: Saving info: ./results/tyrosine_run-123_train.txt
2025-09-25 11:09:28.145 DEBUG: Saving info: ./results/tyrosine_run-123_train.txt
2025-09-25 11:09:28.867 DEBUG: Saving info: ./results/tyrosine_run-123_train.txt
2025-09-25 11:09:29.589 DEBUG: Saving info: ./results/tyrosine_run-123_train.txt
2025-09-25 11:09:30.305 DEBUG: Saving info: ./results/tyrosine_run-123_train.txt
2025-09-25 11:09:31.023 DEBUG: Saving info: ./results/tyrosine_run-123_train.txt
2025-09-25 11:09:31.737 DEBUG: Saving info: ./results/tyrosine_run-123_train.txt
2025-09-25 11:09:32.451 DEBUG: Saving info: ./results/tyrosine_run-123_train.txt
2025-09-25 11:09:33.170 DEBUG: Saving info: ./results/tyrosine_run-123_train.txt
2025-09-25 11:09:33.891 DEBUG: Saving info: ./results/tyrosine_run-123_train.txt
2025-09-25 11:09:34.603 DEBUG: Saving info: ./results/tyrosine_run-123_train.txt
2025-09-25 11:09:35.342 DEBUG: Saving info: ./results/tyrosine_run-123_train.txt
2025-09-25 11:09:36.061 DEBUG: Saving info: ./results/tyrosine_run-123_train.txt
2025-09-25 11:09:36.777 DEBUG: Saving info: ./results/tyrosine_run-123_train.txt
2025-09-25 11:09:37.497 DEBUG: Saving info: ./results/tyrosine_run-123_train.txt
2025-09-25 11:09:38.214 DEBUG: Saving info: ./results/tyrosine_run-123_train.txt
2025-09-25 11:09:38.936 DEBUG: Saving info: ./results/tyrosine_run-123_train.txt
2025-09-25 11:09:39.653 DEBUG: Saving info: ./results/tyrosine_run-123_train.txt
2025-09-25 11:09:40.391 DEBUG: Saving info: ./results/tyrosine_run-123_train.txt
2025-09-25 11:09:41.112 DEBUG: Saving info: ./results/tyrosine_run-123_train.txt
2025-09-25 11:09:41.839 DEBUG: Saving info: ./results/tyrosine_run-123_train.txt
2025-09-25 11:09:42.555 DEBUG: Saving info: ./results/tyrosine_run-123_train.txt
2025-09-25 11:09:43.278 DEBUG: Saving info: ./results/tyrosine_run-123_train.txt
2025-09-25 11:09:43.994 DEBUG: Saving info: ./results/tyrosine_run-123_train.txt
2025-09-25 11:09:44.714 DEBUG: Saving info: ./results/tyrosine_run-123_train.txt
2025-09-25 11:09:45.442 DEBUG: Saving info: ./results/tyrosine_run-123_train.txt
2025-09-25 11:09:46.158 DEBUG: Saving info: ./results/tyrosine_run-123_train.txt
2025-09-25 11:09:46.886 DEBUG: Saving info: ./results/tyrosine_run-123_train.txt
2025-09-25 11:09:47.606 DEBUG: Saving info: ./results/tyrosine_run-123_train.txt
2025-09-25 11:09:48.322 DEBUG: Saving info: ./results/tyrosine_run-123_train.txt
2025-09-25 11:09:49.045 DEBUG: Saving info: ./results/tyrosine_run-123_train.txt
2025-09-25 11:09:49.762 DEBUG: Saving info: ./results/tyrosine_run-123_train.txt
2025-09-25 11:09:50.489 DEBUG: Saving info: ./results/tyrosine_run-123_train.txt
2025-09-25 11:09:51.201 DEBUG: Saving info: ./results/tyrosine_run-123_train.txt
2025-09-25 11:09:51.917 DEBUG: Saving info: ./results/tyrosine_run-123_train.txt
2025-09-25 11:09:52.628 DEBUG: Saving info: ./results/tyrosine_run-123_train.txt
2025-09-25 11:09:53.342 DEBUG: Saving info: ./results/tyrosine_run-123_train.txt
2025-09-25 11:09:54.050 DEBUG: Saving info: ./results/tyrosine_run-123_train.txt
2025-09-25 11:09:54.768 DEBUG: Saving info: ./results/tyrosine_run-123_train.txt
2025-09-25 11:09:55.487 DEBUG: Saving info: ./results/tyrosine_run-123_train.txt
2025-09-25 11:09:56.203 DEBUG: Saving info: ./results/tyrosine_run-123_train.txt
2025-09-25 11:09:56.927 DEBUG: Saving info: ./results/tyrosine_run-123_train.txt
2025-09-25 11:09:57.641 DEBUG: Saving info: ./results/tyrosine_run-123_train.txt
2025-09-25 11:09:58.363 DEBUG: Saving info: ./results/tyrosine_run-123_train.txt
2025-09-25 11:09:59.089 DEBUG: Saving info: ./results/tyrosine_run-123_train.txt
2025-09-25 11:09:59.807 DEBUG: Saving info: ./results/tyrosine_run-123_train.txt
2025-09-25 11:10:00.537 DEBUG: Saving info: ./results/tyrosine_run-123_train.txt
2025-09-25 11:10:01.258 DEBUG: Saving info: ./results/tyrosine_run-123_train.txt
2025-09-25 11:10:01.977 DEBUG: Saving info: ./results/tyrosine_run-123_train.txt
2025-09-25 11:10:02.693 DEBUG: Saving info: ./results/tyrosine_run-123_train.txt
2025-09-25 11:10:03.413 DEBUG: Saving info: ./results/tyrosine_run-123_train.txt
2025-09-25 11:10:04.127 DEBUG: Saving info: ./results/tyrosine_run-123_train.txt
2025-09-25 11:10:04.834 DEBUG: Saving info: ./results/tyrosine_run-123_train.txt
2025-09-25 11:10:05.557 DEBUG: Saving info: ./results/tyrosine_run-123_train.txt
2025-09-25 11:10:06.273 DEBUG: Saving info: ./results/tyrosine_run-123_train.txt
2025-09-25 11:10:06.986 DEBUG: Saving info: ./results/tyrosine_run-123_train.txt
2025-09-25 11:10:07.704 DEBUG: Saving info: ./results/tyrosine_run-123_train.txt
2025-09-25 11:10:08.418 DEBUG: Saving info: ./results/tyrosine_run-123_train.txt
2025-09-25 11:10:09.133 DEBUG: Saving info: ./results/tyrosine_run-123_train.txt
2025-09-25 11:10:09.853 DEBUG: Saving info: ./results/tyrosine_run-123_train.txt
2025-09-25 11:10:10.579 DEBUG: Saving info: ./results/tyrosine_run-123_train.txt
2025-09-25 11:10:11.309 DEBUG: Saving info: ./results/tyrosine_run-123_train.txt
2025-09-25 11:10:12.023 DEBUG: Saving info: ./results/tyrosine_run-123_train.txt
2025-09-25 11:10:12.735 DEBUG: Saving info: ./results/tyrosine_run-123_train.txt
2025-09-25 11:10:13.458 DEBUG: Saving info: ./results/tyrosine_run-123_train.txt
2025-09-25 11:10:14.177 DEBUG: Saving info: ./results/tyrosine_run-123_train.txt
2025-09-25 11:10:14.902 DEBUG: Saving info: ./results/tyrosine_run-123_train.txt
2025-09-25 11:10:15.629 DEBUG: Saving info: ./results/tyrosine_run-123_train.txt
2025-09-25 11:10:16.349 DEBUG: Saving info: ./results/tyrosine_run-123_train.txt
2025-09-25 11:10:17.062 DEBUG: Saving info: ./results/tyrosine_run-123_train.txt
2025-09-25 11:10:17.776 DEBUG: Saving info: ./results/tyrosine_run-123_train.txt
2025-09-25 11:10:18.495 DEBUG: Saving info: ./results/tyrosine_run-123_train.txt
2025-09-25 11:10:19.208 DEBUG: Saving info: ./results/tyrosine_run-123_train.txt
2025-09-25 11:10:19.928 DEBUG: Saving info: ./results/tyrosine_run-123_train.txt
2025-09-25 11:10:20.647 DEBUG: Saving info: ./results/tyrosine_run-123_train.txt
2025-09-25 11:10:21.367 DEBUG: Saving info: ./results/tyrosine_run-123_train.txt
2025-09-25 11:10:22.083 DEBUG: Saving info: ./results/tyrosine_run-123_train.txt
2025-09-25 11:10:22.817 DEBUG: Saving info: ./results/tyrosine_run-123_train.txt
2025-09-25 11:10:23.537 DEBUG: Saving info: ./results/tyrosine_run-123_train.txt
2025-09-25 11:10:24.251 DEBUG: Saving info: ./results/tyrosine_run-123_train.txt
2025-09-25 11:10:24.975 DEBUG: Saving info: ./results/tyrosine_run-123_train.txt
2025-09-25 11:10:25.695 DEBUG: Saving info: ./results/tyrosine_run-123_train.txt
2025-09-25 11:10:26.411 DEBUG: Saving info: ./results/tyrosine_run-123_train.txt
2025-09-25 11:10:27.137 DEBUG: Saving info: ./results/tyrosine_run-123_train.txt
2025-09-25 11:10:27.856 DEBUG: Saving info: ./results/tyrosine_run-123_train.txt
2025-09-25 11:10:28.576 DEBUG: Saving info: ./results/tyrosine_run-123_train.txt
2025-09-25 11:10:29.289 DEBUG: Saving info: ./results/tyrosine_run-123_train.txt
2025-09-25 11:10:30.015 DEBUG: Saving info: ./results/tyrosine_run-123_train.txt
2025-09-25 11:10:30.733 DEBUG: Saving info: ./results/tyrosine_run-123_train.txt
2025-09-25 11:10:31.443 DEBUG: Saving info: ./results/tyrosine_run-123_train.txt
2025-09-25 11:10:32.152 DEBUG: Saving info: ./results/tyrosine_run-123_train.txt
2025-09-25 11:10:32.866 DEBUG: Saving info: ./results/tyrosine_run-123_train.txt
2025-09-25 11:10:33.578 DEBUG: Saving info: ./results/tyrosine_run-123_train.txt
2025-09-25 11:10:34.295 DEBUG: Saving info: ./results/tyrosine_run-123_train.txt
2025-09-25 11:10:35.021 DEBUG: Saving info: ./results/tyrosine_run-123_train.txt
2025-09-25 11:10:35.744 DEBUG: Saving info: ./results/tyrosine_run-123_train.txt
2025-09-25 11:10:36.467 DEBUG: Saving info: ./results/tyrosine_run-123_train.txt
2025-09-25 11:10:37.197 DEBUG: Saving info: ./results/tyrosine_run-123_train.txt
2025-09-25 11:10:37.924 DEBUG: Saving info: ./results/tyrosine_run-123_train.txt
2025-09-25 11:10:38.631 DEBUG: Saving info: ./results/tyrosine_run-123_train.txt
2025-09-25 11:10:39.358 DEBUG: Saving info: ./results/tyrosine_run-123_train.txt
2025-09-25 11:10:40.087 DEBUG: Saving info: ./results/tyrosine_run-123_train.txt
2025-09-25 11:10:40.809 DEBUG: Saving info: ./results/tyrosine_run-123_train.txt
2025-09-25 11:10:41.523 DEBUG: Saving info: ./results/tyrosine_run-123_train.txt
2025-09-25 11:10:42.243 DEBUG: Saving info: ./results/tyrosine_run-123_train.txt
2025-09-25 11:10:42.957 DEBUG: Saving info: ./results/tyrosine_run-123_train.txt
2025-09-25 11:10:43.677 DEBUG: Saving info: ./results/tyrosine_run-123_train.txt
2025-09-25 11:10:44.392 DEBUG: Saving info: ./results/tyrosine_run-123_train.txt
2025-09-25 11:10:45.110 DEBUG: Saving info: ./results/tyrosine_run-123_train.txt
2025-09-25 11:10:45.823 DEBUG: Saving info: ./results/tyrosine_run-123_train.txt
2025-09-25 11:10:46.545 DEBUG: Saving info: ./results/tyrosine_run-123_train.txt
2025-09-25 11:10:47.267 DEBUG: Saving info: ./results/tyrosine_run-123_train.txt
2025-09-25 11:10:47.988 DEBUG: Saving info: ./results/tyrosine_run-123_train.txt
2025-09-25 11:10:48.715 DEBUG: Saving info: ./results/tyrosine_run-123_train.txt
2025-09-25 11:10:49.430 DEBUG: Saving info: ./results/tyrosine_run-123_train.txt
2025-09-25 11:10:50.139 DEBUG: Saving info: ./results/tyrosine_run-123_train.txt
2025-09-25 11:10:50.872 DEBUG: Saving info: ./results/tyrosine_run-123_train.txt
2025-09-25 11:10:51.603 DEBUG: Saving info: ./results/tyrosine_run-123_train.txt
2025-09-25 11:10:52.321 DEBUG: Saving info: ./results/tyrosine_run-123_train.txt
2025-09-25 11:10:53.028 DEBUG: Saving info: ./results/tyrosine_run-123_train.txt
2025-09-25 11:10:53.745 DEBUG: Saving info: ./results/tyrosine_run-123_train.txt
2025-09-25 11:10:54.460 DEBUG: Saving info: ./results/tyrosine_run-123_train.txt
2025-09-25 11:10:55.184 DEBUG: Saving info: ./results/tyrosine_run-123_train.txt
2025-09-25 11:10:55.903 DEBUG: Saving info: ./results/tyrosine_run-123_train.txt
2025-09-25 11:10:56.625 DEBUG: Saving info: ./results/tyrosine_run-123_train.txt
2025-09-25 11:10:57.346 DEBUG: Saving info: ./results/tyrosine_run-123_train.txt
2025-09-25 11:10:58.078 DEBUG: Saving info: ./results/tyrosine_run-123_train.txt
2025-09-25 11:10:58.800 DEBUG: Saving info: ./results/tyrosine_run-123_train.txt
2025-09-25 11:10:59.520 DEBUG: Saving info: ./results/tyrosine_run-123_train.txt
2025-09-25 11:11:00.241 DEBUG: Saving info: ./results/tyrosine_run-123_train.txt
2025-09-25 11:11:00.985 DEBUG: Saving info: ./results/tyrosine_run-123_train.txt
2025-09-25 11:11:14.059 DEBUG: Saving info: ./results/tyrosine_run-123_train.txt
2025-09-25 11:11:14.061 DEBUG: Deleting old checkpoint file: ./checkpoints/tyrosine_run-123_epoch-0.pt
2025-09-25 11:11:14.062 DEBUG: Saving checkpoint: ./checkpoints/tyrosine_run-123_epoch-1.pt
2025-09-25 11:11:14.852 DEBUG: Saving info: ./results/tyrosine_run-123_train.txt
2025-09-25 11:11:15.594 DEBUG: Saving info: ./results/tyrosine_run-123_train.txt
2025-09-25 11:11:16.336 DEBUG: Saving info: ./results/tyrosine_run-123_train.txt
2025-09-25 11:11:17.076 DEBUG: Saving info: ./results/tyrosine_run-123_train.txt
2025-09-25 11:11:17.817 DEBUG: Saving info: ./results/tyrosine_run-123_train.txt
2025-09-25 11:11:18.540 DEBUG: Saving info: ./results/tyrosine_run-123_train.txt
2025-09-25 11:11:19.261 DEBUG: Saving info: ./results/tyrosine_run-123_train.txt
2025-09-25 11:11:19.998 DEBUG: Saving info: ./results/tyrosine_run-123_train.txt
2025-09-25 11:11:20.737 DEBUG: Saving info: ./results/tyrosine_run-123_train.txt
2025-09-25 11:11:21.461 DEBUG: Saving info: ./results/tyrosine_run-123_train.txt
2025-09-25 11:11:22.191 DEBUG: Saving info: ./results/tyrosine_run-123_train.txt
2025-09-25 11:11:22.930 DEBUG: Saving info: ./results/tyrosine_run-123_train.txt
2025-09-25 11:11:23.664 DEBUG: Saving info: ./results/tyrosine_run-123_train.txt
2025-09-25 11:11:24.378 DEBUG: Saving info: ./results/tyrosine_run-123_train.txt
2025-09-25 11:11:25.113 DEBUG: Saving info: ./results/tyrosine_run-123_train.txt
2025-09-25 11:11:25.833 DEBUG: Saving info: ./results/tyrosine_run-123_train.txt
2025-09-25 11:11:26.576 DEBUG: Saving info: ./results/tyrosine_run-123_train.txt
2025-09-25 11:11:27.320 DEBUG: Saving info: ./results/tyrosine_run-123_train.txt
2025-09-25 11:11:28.055 DEBUG: Saving info: ./results/tyrosine_run-123_train.txt
2025-09-25 11:11:28.801 DEBUG: Saving info: ./results/tyrosine_run-123_train.txt
2025-09-25 11:11:29.526 DEBUG: Saving info: ./results/tyrosine_run-123_train.txt
2025-09-25 11:11:30.246 DEBUG: Saving info: ./results/tyrosine_run-123_train.txt
2025-09-25 11:11:30.954 DEBUG: Saving info: ./results/tyrosine_run-123_train.txt
2025-09-25 11:11:31.697 DEBUG: Saving info: ./results/tyrosine_run-123_train.txt
2025-09-25 11:11:32.420 DEBUG: Saving info: ./results/tyrosine_run-123_train.txt
2025-09-25 11:11:33.161 DEBUG: Saving info: ./results/tyrosine_run-123_train.txt
2025-09-25 11:11:33.902 DEBUG: Saving info: ./results/tyrosine_run-123_train.txt
2025-09-25 11:11:34.615 DEBUG: Saving info: ./results/tyrosine_run-123_train.txt
2025-09-25 11:11:35.354 DEBUG: Saving info: ./results/tyrosine_run-123_train.txt
2025-09-25 11:11:36.104 DEBUG: Saving info: ./results/tyrosine_run-123_train.txt
2025-09-25 11:11:36.837 DEBUG: Saving info: ./results/tyrosine_run-123_train.txt
2025-09-25 11:11:37.577 DEBUG: Saving info: ./results/tyrosine_run-123_train.txt
2025-09-25 11:11:38.295 DEBUG: Saving info: ./results/tyrosine_run-123_train.txt
2025-09-25 11:11:39.030 DEBUG: Saving info: ./results/tyrosine_run-123_train.txt
2025-09-25 11:11:39.738 DEBUG: Saving info: ./results/tyrosine_run-123_train.txt
2025-09-25 11:11:40.479 DEBUG: Saving info: ./results/tyrosine_run-123_train.txt
2025-09-25 11:11:41.198 DEBUG: Saving info: ./results/tyrosine_run-123_train.txt
2025-09-25 11:11:41.919 DEBUG: Saving info: ./results/tyrosine_run-123_train.txt
2025-09-25 11:11:42.639 DEBUG: Saving info: ./results/tyrosine_run-123_train.txt
2025-09-25 11:11:43.384 DEBUG: Saving info: ./results/tyrosine_run-123_train.txt
2025-09-25 11:11:44.102 DEBUG: Saving info: ./results/tyrosine_run-123_train.txt
2025-09-25 11:11:44.843 DEBUG: Saving info: ./results/tyrosine_run-123_train.txt
2025-09-25 11:11:45.582 DEBUG: Saving info: ./results/tyrosine_run-123_train.txt
2025-09-25 11:11:46.290 DEBUG: Saving info: ./results/tyrosine_run-123_train.txt
2025-09-25 11:11:47.031 DEBUG: Saving info: ./results/tyrosine_run-123_train.txt
2025-09-25 11:11:47.768 DEBUG: Saving info: ./results/tyrosine_run-123_train.txt
2025-09-25 11:11:48.495 DEBUG: Saving info: ./results/tyrosine_run-123_train.txt
2025-09-25 11:11:49.212 DEBUG: Saving info: ./results/tyrosine_run-123_train.txt
2025-09-25 11:11:49.949 DEBUG: Saving info: ./results/tyrosine_run-123_train.txt
2025-09-25 11:11:50.692 DEBUG: Saving info: ./results/tyrosine_run-123_train.txt
2025-09-25 11:11:51.407 DEBUG: Saving info: ./results/tyrosine_run-123_train.txt
2025-09-25 11:11:52.150 DEBUG: Saving info: ./results/tyrosine_run-123_train.txt
2025-09-25 11:11:52.871 DEBUG: Saving info: ./results/tyrosine_run-123_train.txt
2025-09-25 11:11:53.602 DEBUG: Saving info: ./results/tyrosine_run-123_train.txt
2025-09-25 11:11:54.345 DEBUG: Saving info: ./results/tyrosine_run-123_train.txt
2025-09-25 11:11:55.078 DEBUG: Saving info: ./results/tyrosine_run-123_train.txt
2025-09-25 11:11:55.811 DEBUG: Saving info: ./results/tyrosine_run-123_train.txt
2025-09-25 11:11:56.546 DEBUG: Saving info: ./results/tyrosine_run-123_train.txt
2025-09-25 11:11:57.271 DEBUG: Saving info: ./results/tyrosine_run-123_train.txt
2025-09-25 11:11:57.989 DEBUG: Saving info: ./results/tyrosine_run-123_train.txt
2025-09-25 11:11:58.712 DEBUG: Saving info: ./results/tyrosine_run-123_train.txt
2025-09-25 11:11:59.452 DEBUG: Saving info: ./results/tyrosine_run-123_train.txt
2025-09-25 11:12:00.189 DEBUG: Saving info: ./results/tyrosine_run-123_train.txt
2025-09-25 11:12:00.902 DEBUG: Saving info: ./results/tyrosine_run-123_train.txt
2025-09-25 11:12:01.642 DEBUG: Saving info: ./results/tyrosine_run-123_train.txt
2025-09-25 11:12:02.364 DEBUG: Saving info: ./results/tyrosine_run-123_train.txt
2025-09-25 11:12:03.085 DEBUG: Saving info: ./results/tyrosine_run-123_train.txt
2025-09-25 11:12:03.811 DEBUG: Saving info: ./results/tyrosine_run-123_train.txt
2025-09-25 11:12:04.532 DEBUG: Saving info: ./results/tyrosine_run-123_train.txt
2025-09-25 11:12:05.265 DEBUG: Saving info: ./results/tyrosine_run-123_train.txt
2025-09-25 11:12:06.003 DEBUG: Saving info: ./results/tyrosine_run-123_train.txt
2025-09-25 11:12:06.725 DEBUG: Saving info: ./results/tyrosine_run-123_train.txt
2025-09-25 11:12:07.462 DEBUG: Saving info: ./results/tyrosine_run-123_train.txt
2025-09-25 11:12:08.188 DEBUG: Saving info: ./results/tyrosine_run-123_train.txt
2025-09-25 11:12:08.933 DEBUG: Saving info: ./results/tyrosine_run-123_train.txt
2025-09-25 11:12:09.655 DEBUG: Saving info: ./results/tyrosine_run-123_train.txt
2025-09-25 11:12:10.378 DEBUG: Saving info: ./results/tyrosine_run-123_train.txt
2025-09-25 11:12:11.095 DEBUG: Saving info: ./results/tyrosine_run-123_train.txt
2025-09-25 11:12:11.825 DEBUG: Saving info: ./results/tyrosine_run-123_train.txt
2025-09-25 11:12:12.544 DEBUG: Saving info: ./results/tyrosine_run-123_train.txt
2025-09-25 11:12:13.270 DEBUG: Saving info: ./results/tyrosine_run-123_train.txt
2025-09-25 11:12:14.013 DEBUG: Saving info: ./results/tyrosine_run-123_train.txt
2025-09-25 11:12:14.729 DEBUG: Saving info: ./results/tyrosine_run-123_train.txt
2025-09-25 11:12:15.460 DEBUG: Saving info: ./results/tyrosine_run-123_train.txt
2025-09-25 11:12:16.204 DEBUG: Saving info: ./results/tyrosine_run-123_train.txt
2025-09-25 11:12:16.924 DEBUG: Saving info: ./results/tyrosine_run-123_train.txt
2025-09-25 11:12:17.627 DEBUG: Saving info: ./results/tyrosine_run-123_train.txt
2025-09-25 11:12:18.368 DEBUG: Saving info: ./results/tyrosine_run-123_train.txt
2025-09-25 11:12:19.096 DEBUG: Saving info: ./results/tyrosine_run-123_train.txt
2025-09-25 11:12:19.825 DEBUG: Saving info: ./results/tyrosine_run-123_train.txt
2025-09-25 11:12:20.566 DEBUG: Saving info: ./results/tyrosine_run-123_train.txt
2025-09-25 11:12:21.298 DEBUG: Saving info: ./results/tyrosine_run-123_train.txt
2025-09-25 11:12:22.017 DEBUG: Saving info: ./results/tyrosine_run-123_train.txt
2025-09-25 11:12:22.740 DEBUG: Saving info: ./results/tyrosine_run-123_train.txt
2025-09-25 11:12:23.483 DEBUG: Saving info: ./results/tyrosine_run-123_train.txt
2025-09-25 11:12:24.211 DEBUG: Saving info: ./results/tyrosine_run-123_train.txt
2025-09-25 11:12:24.951 DEBUG: Saving info: ./results/tyrosine_run-123_train.txt
2025-09-25 11:12:25.703 DEBUG: Saving info: ./results/tyrosine_run-123_train.txt
2025-09-25 11:12:26.422 DEBUG: Saving info: ./results/tyrosine_run-123_train.txt
2025-09-25 11:12:27.140 DEBUG: Saving info: ./results/tyrosine_run-123_train.txt
2025-09-25 11:12:27.850 DEBUG: Saving info: ./results/tyrosine_run-123_train.txt
2025-09-25 11:12:28.585 DEBUG: Saving info: ./results/tyrosine_run-123_train.txt
2025-09-25 11:12:29.303 DEBUG: Saving info: ./results/tyrosine_run-123_train.txt
2025-09-25 11:12:30.049 DEBUG: Saving info: ./results/tyrosine_run-123_train.txt
2025-09-25 11:12:30.793 DEBUG: Saving info: ./results/tyrosine_run-123_train.txt
2025-09-25 11:12:31.508 DEBUG: Saving info: ./results/tyrosine_run-123_train.txt
2025-09-25 11:12:32.252 DEBUG: Saving info: ./results/tyrosine_run-123_train.txt
2025-09-25 11:12:32.975 DEBUG: Saving info: ./results/tyrosine_run-123_train.txt
2025-09-25 11:12:33.692 DEBUG: Saving info: ./results/tyrosine_run-123_train.txt
2025-09-25 11:12:34.412 DEBUG: Saving info: ./results/tyrosine_run-123_train.txt
2025-09-25 11:12:35.154 DEBUG: Saving info: ./results/tyrosine_run-123_train.txt
2025-09-25 11:12:35.881 DEBUG: Saving info: ./results/tyrosine_run-123_train.txt
2025-09-25 11:12:36.599 DEBUG: Saving info: ./results/tyrosine_run-123_train.txt
2025-09-25 11:12:37.337 DEBUG: Saving info: ./results/tyrosine_run-123_train.txt
2025-09-25 11:12:38.057 DEBUG: Saving info: ./results/tyrosine_run-123_train.txt
2025-09-25 11:12:38.778 DEBUG: Saving info: ./results/tyrosine_run-123_train.txt
2025-10-22 08:32:58.888 INFO: ===========VERIFYING SETTINGS===========
2025-10-22 08:32:58.888 INFO: MACE version: 0.3.6
2025-10-22 08:32:58.888 DEBUG: Configuration: Namespace(config=None, name='tyrosine', seed=123, work_dir='.', nacs_key='smooth_nacs', log_dir='./logs', model_dir='.', checkpoints_dir='./checkpoints', results_dir='./results', downloads_dir='./downloads', device='cuda', default_dtype='float32', distributed=False, log_level='INFO', n_energies=13, error_table='EnergyNacsDipoleMAE', model='ExcitedMACE', r_max=5.0, num_permutational_invariant=16, radial_type='bessel', num_radial_basis=8, num_cutoff_basis=5, pair_repulsion=False, distance_transform='None', interaction='RealAgnosticResidualInteractionBlock', interaction_first='RealAgnosticResidualInteractionBlock', max_ell=3, correlation=3, num_interactions=2, MLP_irreps='128x0e', radial_MLP='[64, 64, 64]', hidden_irreps='128x0e + 128x1o', num_channels=128, max_L=1, gate='silu', scaling='rms_forces_scaling', avg_num_neighbors=1, compute_avg_num_neighbors=True, compute_stress=False, compute_forces=True, compute_dipoles=True, compute_nacs=True, compute_socs=True, train_file='tyrosine_correct.xyz', valid_file=None, valid_fraction=0.1, test_file=None, test_dir=None, multi_processed_test=False, num_workers=0, pin_memory=True, atomic_numbers=None, mean=None, std=None, statistics_file=None, E0s='average', keep_isolated_atoms=False, energy_key='REF_energy', forces_key='REF_forces', virials_key='REF_virials', stress_key='REF_stress', dipoles_key='REF_dipoles', charges_key='REF_charges', loss='weighted', forces_weight=100.0, nacs_weight=100.0, socs_weight=100.0, soc_num=812, swa_forces_weight=100.0, energy_weight=100.0, swa_energy_weight=1000.0, virials_weight=1.0, swa_virials_weight=10.0, stress_weight=1.0, swa_stress_weight=10.0, dipoles_weight=1.0, swa_dipole_weight=1.0, config_type_weights='{"Default":1.0}', huber_delta=0.01, optimizer='adam', beta=0.9, batch_size=10, valid_batch_size=10, lr=0.001, swa_lr=0.001, weight_decay=5e-07, amsgrad=True, scheduler='ReduceLROnPlateau', lr_factor=0.8, scheduler_patience=50, lr_scheduler_gamma=0.9993, swa=False, start_swa=None, ema=True, ema_decay=0.99, max_num_epochs=100, patience=2048, foundation_model=None, foundation_model_readout=True, eval_interval=1, keep_checkpoints=False, save_all_checkpoints=False, restart_latest=False, save_cpu=False, clip_grad=10.0, wandb=False, wandb_dir=None, wandb_project='', wandb_entity='', wandb_name='', wandb_log_hypers=['num_channels', 'max_L', 'correlation', 'lr', 'swa_lr', 'weight_decay', 'batch_size', 'max_num_epochs', 'start_swa', 'energy_weight', 'forces_weight'])
2025-10-22 08:32:59.055 INFO: CUDA version: 12.4, CUDA device: 0
2025-10-22 08:32:59.073 DEBUG: Popen(['git', 'version'], cwd=/home/rhyan/Exciton_model/X-MACE, stdin=None, shell=False, universal_newlines=False)
2025-10-22 08:32:59.074 DEBUG: Popen(['git', 'version'], cwd=/home/rhyan/Exciton_model/X-MACE, stdin=None, shell=False, universal_newlines=False)
2025-10-22 08:32:59.075 DEBUG: sys.platform='linux', git_executable='git'
2025-10-22 08:32:59.076 DEBUG: Popen(['git', 'cat-file', '--batch-check'], cwd=/home/rhyan/Exciton_model/X-MACE, stdin=<valid stream>, shell=False, universal_newlines=False)
2025-10-22 08:32:59.077 DEBUG: Current Git commit: 0861c52cf365064d060e006c179e4cc1785b61c2
2025-10-22 08:32:59.077 INFO: 
2025-10-22 08:32:59.077 INFO: ===========LOADING INPUT DATA===========
2025-10-22 08:32:59.519 INFO: Using random 10% of training set for validation with indices saved in: ./valid_indices_123.txt
2025-10-22 08:32:59.519 INFO: Atomic Numbers used: [1, 6, 7, 8]
2025-10-22 08:32:59.520 INFO: Isolated Atomic Energies (E0s) not in training file, using command line argument
2025-10-22 08:32:59.520 INFO: Computing average Atomic Energies using least squares regression
2025-10-22 08:32:59.524 INFO: Atomic Energies used (z: eV): {1: -887.1094175756843, 6: -725.8167961982872, 7: -80.64631068869856, 8: -241.9389320660957}
2025-10-22 08:32:59.547 INFO: 
2025-10-22 08:32:59.547 INFO: ===========MODEL DETAILS===========
2025-10-22 08:32:59.666 INFO: Average number of neighbors: 6.4
2025-10-22 08:32:59.667 INFO: During training the following quantities will be reported: energy, forces, dipoles, nacs
2025-10-22 08:32:59.678 INFO: Building model
2025-10-22 08:32:59.678 INFO: Message passing with 128 channels and max_L=1 (128x0e + 128x1o)
2025-10-22 08:32:59.678 INFO: 2 layers, each with correlation order: 3 (body order: 4) and spherical harmonics up to: l=3
2025-10-22 08:32:59.678 INFO: 8 radial and 5 basis functions
2025-10-22 08:32:59.678 INFO: Radial cutoff: 5.0 Å (total receptive field for each atom: 10.0 Å)
2025-10-22 08:32:59.678 INFO: Distance transform for radial basis functions: None
2025-10-22 08:33:00.492 DEBUG: ExcitedMACE(
  (node_embedding): LinearNodeEmbeddingBlock(
    (linear): Linear(4x0e -> 128x0e | 512 weights)
  )
  (radial_embedding): RadialEmbeddingBlock(
    (bessel_fn): BesselBasis(r_max=5.0, num_basis=8, trainable=False)
    (cutoff_fn): PolynomialCutoff(p=5.0, r_max=5.0)
  )
  (spherical_harmonics): SphericalHarmonics()
  (atomic_energies_fn): AtomicEnergiesBlock(energies=[-887.1094, -725.8168, -80.6463, -241.9389])
  (interactions): ModuleList(
    (0): RealAgnosticInteractionBlock(
      (linear_up): Linear(128x0e -> 128x0e | 16384 weights)
      (conv_tp): TensorProduct(128x0e x 1x0e+1x1o+1x2e+1x3o -> 128x0e+128x1o+128x2e+128x3o | 512 paths | 512 weights)
      (conv_tp_weights): FullyConnectedNet[8, 64, 64, 64, 512]
      (linear): Linear(128x0e+128x1o+128x2e+128x3o -> 128x0e+128x1o+128x2e+128x3o | 65536 weights)
      (skip_tp): FullyConnectedTensorProduct(128x0e+128x1o+128x2e+128x3o x 4x0e -> 128x0e+128x1o+128x2e+128x3o | 262144 paths | 262144 weights)
      (reshape): reshape_irreps()
    )
    (1): RealAgnosticResidualInteractionBlock(
      (linear_up): Linear(128x0e+128x1o -> 128x0e+128x1o | 32768 weights)
      (conv_tp): TensorProduct(128x0e+128x1o x 1x0e+1x1o+1x2e+1x3o -> 256x0e+384x1o+384x2e+256x3o | 1280 paths | 1280 weights)
      (conv_tp_weights): FullyConnectedNet[8, 64, 64, 64, 1280]
      (linear): Linear(256x0e+384x1o+384x2e+256x3o -> 128x0e+128x1o+128x2e+128x3o | 163840 weights)
      (skip_tp): FullyConnectedTensorProduct(128x0e+128x1o x 4x0e -> 128x0e | 65536 paths | 65536 weights)
      (reshape): reshape_irreps()
    )
  )
  (products): ModuleList(
    (0): EquivariantProductBasisBlock(
      (symmetric_contractions): SymmetricContraction(
        (contractions): ModuleList(
          (0): Contraction(
            (contractions_weighting): ModuleList(
              (0-1): 2 x GraphModule()
            )
            (contractions_features): ModuleList(
              (0-1): 2 x GraphModule()
            )
            (weights): ParameterList(
                (0): Parameter containing: [torch.float32 of size 4x4x128 (cuda:0)]
                (1): Parameter containing: [torch.float32 of size 4x1x128 (cuda:0)]
            )
            (graph_opt_main): GraphModule()
          )
          (1): Contraction(
            (contractions_weighting): ModuleList(
              (0-1): 2 x GraphModule()
            )
            (contractions_features): ModuleList(
              (0-1): 2 x GraphModule()
            )
            (weights): ParameterList(
                (0): Parameter containing: [torch.float32 of size 4x6x128 (cuda:0)]
                (1): Parameter containing: [torch.float32 of size 4x1x128 (cuda:0)]
            )
            (graph_opt_main): GraphModule()
          )
        )
      )
      (linear): Linear(128x0e+128x1o -> 128x0e+128x1o | 32768 weights)
    )
    (1): EquivariantProductBasisBlock(
      (symmetric_contractions): SymmetricContraction(
        (contractions): ModuleList(
          (0): Contraction(
            (contractions_weighting): ModuleList(
              (0-1): 2 x GraphModule()
            )
            (contractions_features): ModuleList(
              (0-1): 2 x GraphModule()
            )
            (weights): ParameterList(
                (0): Parameter containing: [torch.float32 of size 4x4x128 (cuda:0)]
                (1): Parameter containing: [torch.float32 of size 4x1x128 (cuda:0)]
            )
            (graph_opt_main): GraphModule()
          )
        )
      )
      (linear): Linear(128x0e -> 128x0e | 16384 weights)
    )
  )
  (readouts): ModuleList(
    (0): LinearDipoleReadoutBlock(
      (linear): Linear(128x0e+128x1o -> 13x0e+169x1o | 23296 weights)
    )
    (1): NonLinearDipoleReadoutBlock(
      (equivariant_nonlin): Gate (128x0e -> 128x0e)
      (linear_1): Linear(128x0e -> 128x0e | 16384 weights)
      (linear_2): Linear(128x0e -> 13x0e+169x1o | 1664 weights)
    )
  )
  (socs_readouts): ModuleList(
    (0): LinearSocReadoutBlock(
      (linear): Linear(128x0e+128x1o -> 812x0e | 103936 weights)
    )
    (1): NonLinearSocReadoutBlock(
      (equivariant_nonlin): Gate (128x0e -> 128x0e)
      (linear_1): Linear(128x0e -> 128x0e | 16384 weights)
      (linear_2): Linear(128x0e -> 812x0e | 103936 weights)
    )
  )
)
2025-10-22 08:33:00.494 INFO: Total number of parameters: 1111936
2025-10-22 08:33:00.494 INFO: 
2025-10-22 08:33:00.494 INFO: ===========OPTIMIZER INFORMATION===========
2025-10-22 08:33:00.494 INFO: Using ADAM as parameter optimizer
2025-10-22 08:33:00.494 INFO: Batch size: 10
2025-10-22 08:33:00.494 INFO: Using Exponential Moving Average with decay: 0.99
2025-10-22 08:33:00.494 INFO: Number of gradient updates: 900
2025-10-22 08:33:00.494 INFO: Learning rate: 0.001, weight decay: 5e-07
2025-10-22 08:33:00.494 INFO: WeightedEnergyForcesNacsDipoleLoss(energy_weight=100.000, forces_weight=100.000, dipole_weight=1.000)
2025-10-22 08:33:00.495 INFO: Using gradient clipping with tolerance=10.000
2025-10-22 08:33:00.495 INFO: 
2025-10-22 08:33:00.495 INFO: ===========TRAINING===========
2025-10-22 08:33:00.495 INFO: Started training, reporting errors on validation set
2025-10-22 08:33:00.495 INFO: Loss metrics on validation set
2025-10-22 08:33:01.096 DEBUG: Saving info: ./results/tyrosine_run-123_train.txt
2025-10-22 08:33:02.724 DEBUG: Saving info: ./results/tyrosine_run-123_train.txt
2025-10-22 08:33:04.271 DEBUG: Saving info: ./results/tyrosine_run-123_train.txt
2025-10-22 08:34:15.286 INFO: ===========VERIFYING SETTINGS===========
2025-10-22 08:34:15.286 INFO: MACE version: 0.3.6
2025-10-22 08:34:15.286 DEBUG: Configuration: Namespace(config=None, name='tyrosine', seed=123, work_dir='.', nacs_key='smooth_nacs', log_dir='./logs', model_dir='.', checkpoints_dir='./checkpoints', results_dir='./results', downloads_dir='./downloads', device='cuda', default_dtype='float32', distributed=False, log_level='INFO', n_energies=13, error_table='EnergyNacsDipoleMAE', model='ExcitedMACE', r_max=5.0, num_permutational_invariant=16, radial_type='bessel', num_radial_basis=8, num_cutoff_basis=5, pair_repulsion=False, distance_transform='None', interaction='RealAgnosticResidualInteractionBlock', interaction_first='RealAgnosticResidualInteractionBlock', max_ell=3, correlation=3, num_interactions=2, MLP_irreps='128x0e', radial_MLP='[64, 64, 64]', hidden_irreps='128x0e + 128x1o', num_channels=128, max_L=1, gate='silu', scaling='rms_forces_scaling', avg_num_neighbors=1, compute_avg_num_neighbors=True, compute_stress=False, compute_forces=True, compute_dipoles=True, compute_nacs=True, compute_socs=True, train_file='tyrosine_correct.xyz', valid_file=None, valid_fraction=0.1, test_file=None, test_dir=None, multi_processed_test=False, num_workers=0, pin_memory=True, atomic_numbers=None, mean=None, std=None, statistics_file=None, E0s='average', keep_isolated_atoms=False, energy_key='REF_energy', forces_key='REF_forces', virials_key='REF_virials', stress_key='REF_stress', dipoles_key='REF_dipoles', charges_key='REF_charges', loss='weighted', forces_weight=100.0, nacs_weight=100.0, socs_weight=0.0, soc_num=0, swa_forces_weight=100.0, energy_weight=100.0, swa_energy_weight=1000.0, virials_weight=1.0, swa_virials_weight=10.0, stress_weight=1.0, swa_stress_weight=10.0, dipoles_weight=1.0, swa_dipole_weight=1.0, config_type_weights='{"Default":1.0}', huber_delta=0.01, optimizer='adam', beta=0.9, batch_size=10, valid_batch_size=10, lr=0.001, swa_lr=0.001, weight_decay=5e-07, amsgrad=True, scheduler='ReduceLROnPlateau', lr_factor=0.8, scheduler_patience=50, lr_scheduler_gamma=0.9993, swa=False, start_swa=None, ema=True, ema_decay=0.99, max_num_epochs=100, patience=2048, foundation_model=None, foundation_model_readout=True, eval_interval=1, keep_checkpoints=False, save_all_checkpoints=False, restart_latest=False, save_cpu=False, clip_grad=10.0, wandb=False, wandb_dir=None, wandb_project='', wandb_entity='', wandb_name='', wandb_log_hypers=['num_channels', 'max_L', 'correlation', 'lr', 'swa_lr', 'weight_decay', 'batch_size', 'max_num_epochs', 'start_swa', 'energy_weight', 'forces_weight'])
2025-10-22 08:34:15.315 INFO: CUDA version: 12.4, CUDA device: 0
2025-10-22 08:34:15.332 DEBUG: Popen(['git', 'version'], cwd=/home/rhyan/Exciton_model/X-MACE, stdin=None, shell=False, universal_newlines=False)
2025-10-22 08:34:15.334 DEBUG: Popen(['git', 'version'], cwd=/home/rhyan/Exciton_model/X-MACE, stdin=None, shell=False, universal_newlines=False)
2025-10-22 08:34:15.335 DEBUG: sys.platform='linux', git_executable='git'
2025-10-22 08:34:15.335 DEBUG: Popen(['git', 'cat-file', '--batch-check'], cwd=/home/rhyan/Exciton_model/X-MACE, stdin=<valid stream>, shell=False, universal_newlines=False)
2025-10-22 08:34:15.336 DEBUG: Current Git commit: 0861c52cf365064d060e006c179e4cc1785b61c2
2025-10-22 08:34:15.337 INFO: 
2025-10-22 08:34:15.337 INFO: ===========LOADING INPUT DATA===========
2025-10-22 08:34:15.779 INFO: Using random 10% of training set for validation with indices saved in: ./valid_indices_123.txt
2025-10-22 08:34:15.779 INFO: Atomic Numbers used: [1, 6, 7, 8]
2025-10-22 08:34:15.779 INFO: Isolated Atomic Energies (E0s) not in training file, using command line argument
2025-10-22 08:34:15.779 INFO: Computing average Atomic Energies using least squares regression
2025-10-22 08:34:15.782 INFO: Atomic Energies used (z: eV): {1: -887.1094175756843, 6: -725.8167961982872, 7: -80.64631068869856, 8: -241.9389320660957}
2025-10-22 08:34:15.805 INFO: 
2025-10-22 08:34:15.805 INFO: ===========MODEL DETAILS===========
2025-10-22 08:34:15.926 INFO: Average number of neighbors: 6.4
2025-10-22 08:34:15.926 INFO: During training the following quantities will be reported: energy, forces, dipoles, nacs
2025-10-22 08:34:15.938 INFO: Building model
2025-10-22 08:34:15.938 INFO: Message passing with 128 channels and max_L=1 (128x0e + 128x1o)
2025-10-22 08:34:15.938 INFO: 2 layers, each with correlation order: 3 (body order: 4) and spherical harmonics up to: l=3
2025-10-22 08:34:15.938 INFO: 8 radial and 5 basis functions
2025-10-22 08:34:15.938 INFO: Radial cutoff: 5.0 Å (total receptive field for each atom: 10.0 Å)
2025-10-22 08:34:15.938 INFO: Distance transform for radial basis functions: None
2025-10-22 08:34:16.739 DEBUG: ExcitedMACE(
  (node_embedding): LinearNodeEmbeddingBlock(
    (linear): Linear(4x0e -> 128x0e | 512 weights)
  )
  (radial_embedding): RadialEmbeddingBlock(
    (bessel_fn): BesselBasis(r_max=5.0, num_basis=8, trainable=False)
    (cutoff_fn): PolynomialCutoff(p=5.0, r_max=5.0)
  )
  (spherical_harmonics): SphericalHarmonics()
  (atomic_energies_fn): AtomicEnergiesBlock(energies=[-887.1094, -725.8168, -80.6463, -241.9389])
  (interactions): ModuleList(
    (0): RealAgnosticInteractionBlock(
      (linear_up): Linear(128x0e -> 128x0e | 16384 weights)
      (conv_tp): TensorProduct(128x0e x 1x0e+1x1o+1x2e+1x3o -> 128x0e+128x1o+128x2e+128x3o | 512 paths | 512 weights)
      (conv_tp_weights): FullyConnectedNet[8, 64, 64, 64, 512]
      (linear): Linear(128x0e+128x1o+128x2e+128x3o -> 128x0e+128x1o+128x2e+128x3o | 65536 weights)
      (skip_tp): FullyConnectedTensorProduct(128x0e+128x1o+128x2e+128x3o x 4x0e -> 128x0e+128x1o+128x2e+128x3o | 262144 paths | 262144 weights)
      (reshape): reshape_irreps()
    )
    (1): RealAgnosticResidualInteractionBlock(
      (linear_up): Linear(128x0e+128x1o -> 128x0e+128x1o | 32768 weights)
      (conv_tp): TensorProduct(128x0e+128x1o x 1x0e+1x1o+1x2e+1x3o -> 256x0e+384x1o+384x2e+256x3o | 1280 paths | 1280 weights)
      (conv_tp_weights): FullyConnectedNet[8, 64, 64, 64, 1280]
      (linear): Linear(256x0e+384x1o+384x2e+256x3o -> 128x0e+128x1o+128x2e+128x3o | 163840 weights)
      (skip_tp): FullyConnectedTensorProduct(128x0e+128x1o x 4x0e -> 128x0e | 65536 paths | 65536 weights)
      (reshape): reshape_irreps()
    )
  )
  (products): ModuleList(
    (0): EquivariantProductBasisBlock(
      (symmetric_contractions): SymmetricContraction(
        (contractions): ModuleList(
          (0): Contraction(
            (contractions_weighting): ModuleList(
              (0-1): 2 x GraphModule()
            )
            (contractions_features): ModuleList(
              (0-1): 2 x GraphModule()
            )
            (weights): ParameterList(
                (0): Parameter containing: [torch.float32 of size 4x4x128 (cuda:0)]
                (1): Parameter containing: [torch.float32 of size 4x1x128 (cuda:0)]
            )
            (graph_opt_main): GraphModule()
          )
          (1): Contraction(
            (contractions_weighting): ModuleList(
              (0-1): 2 x GraphModule()
            )
            (contractions_features): ModuleList(
              (0-1): 2 x GraphModule()
            )
            (weights): ParameterList(
                (0): Parameter containing: [torch.float32 of size 4x6x128 (cuda:0)]
                (1): Parameter containing: [torch.float32 of size 4x1x128 (cuda:0)]
            )
            (graph_opt_main): GraphModule()
          )
        )
      )
      (linear): Linear(128x0e+128x1o -> 128x0e+128x1o | 32768 weights)
    )
    (1): EquivariantProductBasisBlock(
      (symmetric_contractions): SymmetricContraction(
        (contractions): ModuleList(
          (0): Contraction(
            (contractions_weighting): ModuleList(
              (0-1): 2 x GraphModule()
            )
            (contractions_features): ModuleList(
              (0-1): 2 x GraphModule()
            )
            (weights): ParameterList(
                (0): Parameter containing: [torch.float32 of size 4x4x128 (cuda:0)]
                (1): Parameter containing: [torch.float32 of size 4x1x128 (cuda:0)]
            )
            (graph_opt_main): GraphModule()
          )
        )
      )
      (linear): Linear(128x0e -> 128x0e | 16384 weights)
    )
  )
  (readouts): ModuleList(
    (0): LinearDipoleReadoutBlock(
      (linear): Linear(128x0e+128x1o -> 13x0e+169x1o | 23296 weights)
    )
    (1): NonLinearDipoleReadoutBlock(
      (equivariant_nonlin): Gate (128x0e -> 128x0e)
      (linear_1): Linear(128x0e -> 128x0e | 16384 weights)
      (linear_2): Linear(128x0e -> 13x0e+169x1o | 1664 weights)
    )
  )
  (socs_readouts): ModuleList(
    (0): LinearSocReadoutBlock(
      (linear): Linear(128x0e+128x1o -> 0x0e | 0 weights)
    )
    (1): NonLinearSocReadoutBlock(
      (equivariant_nonlin): Gate (128x0e -> 128x0e)
      (linear_1): Linear(128x0e -> 128x0e | 16384 weights)
      (linear_2): Linear(128x0e -> 0x0e | 0 weights)
    )
  )
)
2025-10-22 08:34:16.740 INFO: Total number of parameters: 904064
2025-10-22 08:34:16.740 INFO: 
2025-10-22 08:34:16.740 INFO: ===========OPTIMIZER INFORMATION===========
2025-10-22 08:34:16.740 INFO: Using ADAM as parameter optimizer
2025-10-22 08:34:16.740 INFO: Batch size: 10
2025-10-22 08:34:16.740 INFO: Using Exponential Moving Average with decay: 0.99
2025-10-22 08:34:16.740 INFO: Number of gradient updates: 900
2025-10-22 08:34:16.740 INFO: Learning rate: 0.001, weight decay: 5e-07
2025-10-22 08:34:16.741 INFO: WeightedEnergyForcesNacsDipoleLoss(energy_weight=100.000, forces_weight=100.000, dipole_weight=1.000)
2025-10-22 08:34:16.741 INFO: Using gradient clipping with tolerance=10.000
2025-10-22 08:34:16.741 INFO: 
2025-10-22 08:34:16.741 INFO: ===========TRAINING===========
2025-10-22 08:34:16.741 INFO: Started training, reporting errors on validation set
2025-10-22 08:34:16.741 INFO: Loss metrics on validation set
2025-10-22 08:34:17.283 DEBUG: Saving info: ./results/tyrosine_run-123_train.txt
2025-10-22 08:34:18.781 DEBUG: Saving info: ./results/tyrosine_run-123_train.txt
2025-10-22 08:37:49.814 INFO: ===========VERIFYING SETTINGS===========
2025-10-22 08:37:49.814 INFO: MACE version: 0.3.6
2025-10-22 08:37:49.814 DEBUG: Configuration: Namespace(config=None, name='tyrosine', seed=123, work_dir='.', nacs_key='smooth_nacs', log_dir='./logs', model_dir='.', checkpoints_dir='./checkpoints', results_dir='./results', downloads_dir='./downloads', device='cuda', default_dtype='float32', distributed=False, log_level='INFO', n_energies=13, error_table='EnergyNacsDipoleMAE', model='ExcitedMACE', r_max=5.0, num_permutational_invariant=16, radial_type='bessel', num_radial_basis=8, num_cutoff_basis=5, pair_repulsion=False, distance_transform='None', interaction='RealAgnosticResidualInteractionBlock', interaction_first='RealAgnosticResidualInteractionBlock', max_ell=3, correlation=3, num_interactions=2, MLP_irreps='128x0e', radial_MLP='[64, 64, 64]', hidden_irreps='128x0e + 128x1o', num_channels=128, max_L=1, gate='silu', scaling='rms_forces_scaling', avg_num_neighbors=1, compute_avg_num_neighbors=True, compute_stress=False, compute_forces=True, compute_dipoles=True, compute_nacs=True, compute_socs=True, train_file='tyrosine_correct.xyz', valid_file=None, valid_fraction=0.1, test_file=None, test_dir=None, multi_processed_test=False, num_workers=0, pin_memory=True, atomic_numbers=None, mean=None, std=None, statistics_file=None, E0s='average', keep_isolated_atoms=False, energy_key='REF_energy', forces_key='REF_forces', virials_key='REF_virials', stress_key='REF_stress', dipoles_key='REF_dipoles', charges_key='REF_charges', loss='weighted', forces_weight=100.0, nacs_weight=100.0, socs_weight=0.0, soc_num=0, swa_forces_weight=100.0, energy_weight=100.0, swa_energy_weight=1000.0, virials_weight=1.0, swa_virials_weight=10.0, stress_weight=1.0, swa_stress_weight=10.0, dipoles_weight=1.0, swa_dipole_weight=1.0, config_type_weights='{"Default":1.0}', huber_delta=0.01, optimizer='adam', beta=0.9, batch_size=10, valid_batch_size=10, lr=0.001, swa_lr=0.001, weight_decay=5e-07, amsgrad=True, scheduler='ReduceLROnPlateau', lr_factor=0.8, scheduler_patience=50, lr_scheduler_gamma=0.9993, swa=False, start_swa=None, ema=True, ema_decay=0.99, max_num_epochs=100, patience=2048, foundation_model=None, foundation_model_readout=True, eval_interval=1, keep_checkpoints=False, save_all_checkpoints=False, restart_latest=False, save_cpu=False, clip_grad=10.0, wandb=False, wandb_dir=None, wandb_project='', wandb_entity='', wandb_name='', wandb_log_hypers=['num_channels', 'max_L', 'correlation', 'lr', 'swa_lr', 'weight_decay', 'batch_size', 'max_num_epochs', 'start_swa', 'energy_weight', 'forces_weight'])
2025-10-22 08:37:49.842 INFO: CUDA version: 12.4, CUDA device: 0
2025-10-22 08:37:49.860 DEBUG: Popen(['git', 'version'], cwd=/home/rhyan/Exciton_model/X-MACE, stdin=None, shell=False, universal_newlines=False)
2025-10-22 08:37:49.861 DEBUG: Popen(['git', 'version'], cwd=/home/rhyan/Exciton_model/X-MACE, stdin=None, shell=False, universal_newlines=False)
2025-10-22 08:37:49.862 DEBUG: sys.platform='linux', git_executable='git'
2025-10-22 08:37:49.863 DEBUG: Popen(['git', 'cat-file', '--batch-check'], cwd=/home/rhyan/Exciton_model/X-MACE, stdin=<valid stream>, shell=False, universal_newlines=False)
2025-10-22 08:37:49.864 DEBUG: Current Git commit: 0861c52cf365064d060e006c179e4cc1785b61c2
2025-10-22 08:37:49.864 INFO: 
2025-10-22 08:37:49.864 INFO: ===========LOADING INPUT DATA===========
2025-10-22 08:37:50.306 INFO: Using random 10% of training set for validation with indices saved in: ./valid_indices_123.txt
2025-10-22 08:37:50.307 INFO: Atomic Numbers used: [1, 6, 7, 8]
2025-10-22 08:37:50.307 INFO: Isolated Atomic Energies (E0s) not in training file, using command line argument
2025-10-22 08:37:50.307 INFO: Computing average Atomic Energies using least squares regression
2025-10-22 08:37:50.310 INFO: Atomic Energies used (z: eV): {1: -887.1094175756843, 6: -725.8167961982872, 7: -80.64631068869856, 8: -241.9389320660957}
2025-10-22 08:37:50.333 INFO: 
2025-10-22 08:37:50.333 INFO: ===========MODEL DETAILS===========
2025-10-22 08:37:50.461 INFO: Average number of neighbors: 6.4
2025-10-22 08:37:50.461 INFO: During training the following quantities will be reported: energy, forces, dipoles, nacs
2025-10-22 08:37:50.472 INFO: Building model
2025-10-22 08:37:50.472 INFO: Message passing with 128 channels and max_L=1 (128x0e + 128x1o)
2025-10-22 08:37:50.472 INFO: 2 layers, each with correlation order: 3 (body order: 4) and spherical harmonics up to: l=3
2025-10-22 08:37:50.472 INFO: 8 radial and 5 basis functions
2025-10-22 08:37:50.472 INFO: Radial cutoff: 5.0 Å (total receptive field for each atom: 10.0 Å)
2025-10-22 08:37:50.472 INFO: Distance transform for radial basis functions: None
2025-10-22 08:38:09.133 INFO: ===========VERIFYING SETTINGS===========
2025-10-22 08:38:09.133 INFO: MACE version: 0.3.6
2025-10-22 08:38:09.133 DEBUG: Configuration: Namespace(config=None, name='tyrosine', seed=123, work_dir='.', nacs_key='smooth_nacs', log_dir='./logs', model_dir='.', checkpoints_dir='./checkpoints', results_dir='./results', downloads_dir='./downloads', device='cuda', default_dtype='float32', distributed=False, log_level='INFO', n_energies=13, error_table='EnergyNacsDipoleMAE', model='ExcitedMACE', r_max=5.0, num_permutational_invariant=16, radial_type='bessel', num_radial_basis=8, num_cutoff_basis=5, pair_repulsion=False, distance_transform='None', interaction='RealAgnosticResidualInteractionBlock', interaction_first='RealAgnosticResidualInteractionBlock', max_ell=3, correlation=3, num_interactions=2, MLP_irreps='128x0e', radial_MLP='[64, 64, 64]', hidden_irreps='128x0e + 128x1o', num_channels=128, max_L=1, gate='silu', scaling='rms_forces_scaling', avg_num_neighbors=1, compute_avg_num_neighbors=True, compute_stress=False, compute_forces=True, compute_dipoles=True, compute_nacs=True, compute_socs=True, train_file='tyrosine_correct.xyz', valid_file=None, valid_fraction=0.1, test_file=None, test_dir=None, multi_processed_test=False, num_workers=0, pin_memory=True, atomic_numbers=None, mean=None, std=None, statistics_file=None, E0s='average', keep_isolated_atoms=False, energy_key='REF_energy', forces_key='REF_forces', virials_key='REF_virials', stress_key='REF_stress', dipoles_key='REF_dipoles', charges_key='REF_charges', loss='weighted', forces_weight=100.0, nacs_weight=100.0, socs_weight=0.0, soc_num=0, swa_forces_weight=100.0, energy_weight=100.0, swa_energy_weight=1000.0, virials_weight=1.0, swa_virials_weight=10.0, stress_weight=1.0, swa_stress_weight=10.0, dipoles_weight=1.0, swa_dipole_weight=1.0, config_type_weights='{"Default":1.0}', huber_delta=0.01, optimizer='adam', beta=0.9, batch_size=10, valid_batch_size=10, lr=0.001, swa_lr=0.001, weight_decay=5e-07, amsgrad=True, scheduler='ReduceLROnPlateau', lr_factor=0.8, scheduler_patience=50, lr_scheduler_gamma=0.9993, swa=False, start_swa=None, ema=True, ema_decay=0.99, max_num_epochs=100, patience=2048, foundation_model=None, foundation_model_readout=True, eval_interval=1, keep_checkpoints=False, save_all_checkpoints=False, restart_latest=False, save_cpu=False, clip_grad=10.0, wandb=False, wandb_dir=None, wandb_project='', wandb_entity='', wandb_name='', wandb_log_hypers=['num_channels', 'max_L', 'correlation', 'lr', 'swa_lr', 'weight_decay', 'batch_size', 'max_num_epochs', 'start_swa', 'energy_weight', 'forces_weight'])
2025-10-22 08:38:09.161 INFO: CUDA version: 12.4, CUDA device: 0
2025-10-22 08:38:09.178 DEBUG: Popen(['git', 'version'], cwd=/home/rhyan/Exciton_model/X-MACE, stdin=None, shell=False, universal_newlines=False)
2025-10-22 08:38:09.180 DEBUG: Popen(['git', 'version'], cwd=/home/rhyan/Exciton_model/X-MACE, stdin=None, shell=False, universal_newlines=False)
2025-10-22 08:38:09.181 DEBUG: sys.platform='linux', git_executable='git'
2025-10-22 08:38:09.181 DEBUG: Popen(['git', 'cat-file', '--batch-check'], cwd=/home/rhyan/Exciton_model/X-MACE, stdin=<valid stream>, shell=False, universal_newlines=False)
2025-10-22 08:38:09.183 DEBUG: Current Git commit: 0861c52cf365064d060e006c179e4cc1785b61c2
2025-10-22 08:38:09.183 INFO: 
2025-10-22 08:38:09.183 INFO: ===========LOADING INPUT DATA===========
2025-10-22 08:38:09.625 INFO: Using random 10% of training set for validation with indices saved in: ./valid_indices_123.txt
2025-10-22 08:38:09.625 INFO: Atomic Numbers used: [1, 6, 7, 8]
2025-10-22 08:38:09.625 INFO: Isolated Atomic Energies (E0s) not in training file, using command line argument
2025-10-22 08:38:09.625 INFO: Computing average Atomic Energies using least squares regression
2025-10-22 08:38:09.628 INFO: Atomic Energies used (z: eV): {1: -887.1094175756843, 6: -725.8167961982872, 7: -80.64631068869856, 8: -241.9389320660957}
2025-10-22 08:38:09.652 INFO: 
2025-10-22 08:38:09.652 INFO: ===========MODEL DETAILS===========
2025-10-22 08:38:09.784 INFO: Average number of neighbors: 6.4
2025-10-22 08:38:09.784 INFO: During training the following quantities will be reported: energy, forces, dipoles, nacs
2025-10-22 08:38:09.795 INFO: Building model
2025-10-22 08:38:09.795 INFO: Message passing with 128 channels and max_L=1 (128x0e + 128x1o)
2025-10-22 08:38:09.795 INFO: 2 layers, each with correlation order: 3 (body order: 4) and spherical harmonics up to: l=3
2025-10-22 08:38:09.795 INFO: 8 radial and 5 basis functions
2025-10-22 08:38:09.795 INFO: Radial cutoff: 5.0 Å (total receptive field for each atom: 10.0 Å)
2025-10-22 08:38:09.795 INFO: Distance transform for radial basis functions: None
2025-10-22 08:38:17.727 INFO: ===========VERIFYING SETTINGS===========
2025-10-22 08:38:17.727 INFO: MACE version: 0.3.6
2025-10-22 08:38:17.727 DEBUG: Configuration: Namespace(config=None, name='tyrosine', seed=123, work_dir='.', nacs_key='smooth_nacs', log_dir='./logs', model_dir='.', checkpoints_dir='./checkpoints', results_dir='./results', downloads_dir='./downloads', device='cuda', default_dtype='float32', distributed=False, log_level='INFO', n_energies=13, error_table='EnergyNacsDipoleMAE', model='ExcitedMACE', r_max=5.0, num_permutational_invariant=16, radial_type='bessel', num_radial_basis=8, num_cutoff_basis=5, pair_repulsion=False, distance_transform='None', interaction='RealAgnosticResidualInteractionBlock', interaction_first='RealAgnosticResidualInteractionBlock', max_ell=3, correlation=3, num_interactions=2, MLP_irreps='128x0e', radial_MLP='[64, 64, 64]', hidden_irreps='128x0e + 128x1o', num_channels=128, max_L=1, gate='silu', scaling='rms_forces_scaling', avg_num_neighbors=1, compute_avg_num_neighbors=True, compute_stress=False, compute_forces=True, compute_dipoles=True, compute_nacs=True, compute_socs=True, train_file='tyrosine_correct.xyz', valid_file=None, valid_fraction=0.1, test_file=None, test_dir=None, multi_processed_test=False, num_workers=0, pin_memory=True, atomic_numbers=None, mean=None, std=None, statistics_file=None, E0s='average', keep_isolated_atoms=False, energy_key='REF_energy', forces_key='REF_forces', virials_key='REF_virials', stress_key='REF_stress', dipoles_key='REF_dipoles', charges_key='REF_charges', loss='weighted', forces_weight=100.0, nacs_weight=100.0, socs_weight=0.0, soc_num=0, swa_forces_weight=100.0, energy_weight=100.0, swa_energy_weight=1000.0, virials_weight=1.0, swa_virials_weight=10.0, stress_weight=1.0, swa_stress_weight=10.0, dipoles_weight=1.0, swa_dipole_weight=1.0, config_type_weights='{"Default":1.0}', huber_delta=0.01, optimizer='adam', beta=0.9, batch_size=10, valid_batch_size=10, lr=0.001, swa_lr=0.001, weight_decay=5e-07, amsgrad=True, scheduler='ReduceLROnPlateau', lr_factor=0.8, scheduler_patience=50, lr_scheduler_gamma=0.9993, swa=False, start_swa=None, ema=True, ema_decay=0.99, max_num_epochs=100, patience=2048, foundation_model=None, foundation_model_readout=True, eval_interval=1, keep_checkpoints=False, save_all_checkpoints=False, restart_latest=False, save_cpu=False, clip_grad=10.0, wandb=False, wandb_dir=None, wandb_project='', wandb_entity='', wandb_name='', wandb_log_hypers=['num_channels', 'max_L', 'correlation', 'lr', 'swa_lr', 'weight_decay', 'batch_size', 'max_num_epochs', 'start_swa', 'energy_weight', 'forces_weight'])
2025-10-22 08:38:17.755 INFO: CUDA version: 12.4, CUDA device: 0
2025-10-22 08:38:17.773 DEBUG: Popen(['git', 'version'], cwd=/home/rhyan/Exciton_model/X-MACE, stdin=None, shell=False, universal_newlines=False)
2025-10-22 08:38:17.774 DEBUG: Popen(['git', 'version'], cwd=/home/rhyan/Exciton_model/X-MACE, stdin=None, shell=False, universal_newlines=False)
2025-10-22 08:38:17.775 DEBUG: sys.platform='linux', git_executable='git'
2025-10-22 08:38:17.776 DEBUG: Popen(['git', 'cat-file', '--batch-check'], cwd=/home/rhyan/Exciton_model/X-MACE, stdin=<valid stream>, shell=False, universal_newlines=False)
2025-10-22 08:38:17.777 DEBUG: Current Git commit: 0861c52cf365064d060e006c179e4cc1785b61c2
2025-10-22 08:38:17.777 INFO: 
2025-10-22 08:38:17.777 INFO: ===========LOADING INPUT DATA===========
2025-10-22 08:38:18.219 INFO: Using random 10% of training set for validation with indices saved in: ./valid_indices_123.txt
2025-10-22 08:38:18.220 INFO: Atomic Numbers used: [1, 6, 7, 8]
2025-10-22 08:38:18.220 INFO: Isolated Atomic Energies (E0s) not in training file, using command line argument
2025-10-22 08:38:18.220 INFO: Computing average Atomic Energies using least squares regression
2025-10-22 08:38:18.223 INFO: Atomic Energies used (z: eV): {1: -887.1094175756843, 6: -725.8167961982872, 7: -80.64631068869856, 8: -241.9389320660957}
2025-10-22 08:38:18.246 INFO: 
2025-10-22 08:38:18.246 INFO: ===========MODEL DETAILS===========
2025-10-22 08:38:18.387 INFO: Average number of neighbors: 6.4
2025-10-22 08:38:18.387 INFO: During training the following quantities will be reported: energy, forces, dipoles, nacs
2025-10-22 08:38:18.398 INFO: Building model
2025-10-22 08:38:18.398 INFO: Message passing with 128 channels and max_L=1 (128x0e + 128x1o)
2025-10-22 08:38:18.398 INFO: 2 layers, each with correlation order: 3 (body order: 4) and spherical harmonics up to: l=3
2025-10-22 08:38:18.398 INFO: 8 radial and 5 basis functions
2025-10-22 08:38:18.398 INFO: Radial cutoff: 5.0 Å (total receptive field for each atom: 10.0 Å)
2025-10-22 08:38:18.398 INFO: Distance transform for radial basis functions: None
2025-10-22 08:39:21.980 INFO: ===========VERIFYING SETTINGS===========
2025-10-22 08:39:21.980 INFO: MACE version: 0.3.6
2025-10-22 08:39:21.980 DEBUG: Configuration: Namespace(config=None, name='tyrosine', seed=123, work_dir='.', nacs_key='smooth_nacs', log_dir='./logs', model_dir='.', checkpoints_dir='./checkpoints', results_dir='./results', downloads_dir='./downloads', device='cuda', default_dtype='float32', distributed=False, log_level='INFO', n_energies=13, error_table='EnergyNacsDipoleMAE', model='ExcitedMACE', r_max=5.0, num_permutational_invariant=16, radial_type='bessel', num_radial_basis=8, num_cutoff_basis=5, pair_repulsion=False, distance_transform='None', interaction='RealAgnosticResidualInteractionBlock', interaction_first='RealAgnosticResidualInteractionBlock', max_ell=3, correlation=3, num_interactions=2, MLP_irreps='128x0e', radial_MLP='[64, 64, 64]', hidden_irreps='128x0e + 128x1o', num_channels=128, max_L=1, gate='silu', scaling='rms_forces_scaling', avg_num_neighbors=1, compute_avg_num_neighbors=True, compute_stress=False, compute_forces=True, compute_dipoles=True, compute_nacs=True, compute_socs=True, train_file='tyrosine_correct.xyz', valid_file=None, valid_fraction=0.1, test_file=None, test_dir=None, multi_processed_test=False, num_workers=0, pin_memory=True, atomic_numbers=None, mean=None, std=None, statistics_file=None, E0s='average', keep_isolated_atoms=False, energy_key='REF_energy', forces_key='REF_forces', virials_key='REF_virials', stress_key='REF_stress', dipoles_key='REF_dipoles', charges_key='REF_charges', loss='weighted', forces_weight=100.0, nacs_weight=100.0, socs_weight=0.0, soc_num=0, swa_forces_weight=100.0, energy_weight=100.0, swa_energy_weight=1000.0, virials_weight=1.0, swa_virials_weight=10.0, stress_weight=1.0, swa_stress_weight=10.0, dipoles_weight=1.0, swa_dipole_weight=1.0, config_type_weights='{"Default":1.0}', huber_delta=0.01, optimizer='adam', beta=0.9, batch_size=10, valid_batch_size=10, lr=0.001, swa_lr=0.001, weight_decay=5e-07, amsgrad=True, scheduler='ReduceLROnPlateau', lr_factor=0.8, scheduler_patience=50, lr_scheduler_gamma=0.9993, swa=False, start_swa=None, ema=True, ema_decay=0.99, max_num_epochs=100, patience=2048, foundation_model=None, foundation_model_readout=True, eval_interval=1, keep_checkpoints=False, save_all_checkpoints=False, restart_latest=False, save_cpu=False, clip_grad=10.0, wandb=False, wandb_dir=None, wandb_project='', wandb_entity='', wandb_name='', wandb_log_hypers=['num_channels', 'max_L', 'correlation', 'lr', 'swa_lr', 'weight_decay', 'batch_size', 'max_num_epochs', 'start_swa', 'energy_weight', 'forces_weight'])
2025-10-22 08:39:22.009 INFO: CUDA version: 12.4, CUDA device: 0
2025-10-22 08:39:22.026 DEBUG: Popen(['git', 'version'], cwd=/home/rhyan/Exciton_model/X-MACE, stdin=None, shell=False, universal_newlines=False)
2025-10-22 08:39:22.028 DEBUG: Popen(['git', 'version'], cwd=/home/rhyan/Exciton_model/X-MACE, stdin=None, shell=False, universal_newlines=False)
2025-10-22 08:39:22.029 DEBUG: sys.platform='linux', git_executable='git'
2025-10-22 08:39:22.029 DEBUG: Popen(['git', 'cat-file', '--batch-check'], cwd=/home/rhyan/Exciton_model/X-MACE, stdin=<valid stream>, shell=False, universal_newlines=False)
2025-10-22 08:39:22.030 DEBUG: Current Git commit: 0861c52cf365064d060e006c179e4cc1785b61c2
2025-10-22 08:39:22.031 INFO: 
2025-10-22 08:39:22.031 INFO: ===========LOADING INPUT DATA===========
2025-10-22 08:39:22.474 INFO: Using random 10% of training set for validation with indices saved in: ./valid_indices_123.txt
2025-10-22 08:39:22.475 INFO: Atomic Numbers used: [1, 6, 7, 8]
2025-10-22 08:39:22.475 INFO: Isolated Atomic Energies (E0s) not in training file, using command line argument
2025-10-22 08:39:22.475 INFO: Computing average Atomic Energies using least squares regression
2025-10-22 08:39:22.478 INFO: Atomic Energies used (z: eV): {1: -887.1094175756843, 6: -725.8167961982872, 7: -80.64631068869856, 8: -241.9389320660957}
2025-10-22 08:39:22.502 INFO: 
2025-10-22 08:39:22.502 INFO: ===========MODEL DETAILS===========
2025-10-22 08:39:22.647 INFO: Average number of neighbors: 6.4
2025-10-22 08:39:22.647 INFO: During training the following quantities will be reported: energy, forces, dipoles, nacs
2025-10-22 08:39:22.658 INFO: Building model
2025-10-22 08:39:22.659 INFO: Message passing with 128 channels and max_L=1 (128x0e + 128x1o)
2025-10-22 08:39:22.659 INFO: 2 layers, each with correlation order: 3 (body order: 4) and spherical harmonics up to: l=3
2025-10-22 08:39:22.659 INFO: 8 radial and 5 basis functions
2025-10-22 08:39:22.659 INFO: Radial cutoff: 5.0 Å (total receptive field for each atom: 10.0 Å)
2025-10-22 08:39:22.659 INFO: Distance transform for radial basis functions: None
2025-10-22 08:51:12.052 INFO: ===========VERIFYING SETTINGS===========
2025-10-22 08:51:12.053 INFO: MACE version: 0.3.6
2025-10-22 08:51:12.053 DEBUG: Configuration: Namespace(config=None, name='tyrosine', seed=123, work_dir='.', nacs_key='smooth_nacs', log_dir='./logs', model_dir='.', checkpoints_dir='./checkpoints', results_dir='./results', downloads_dir='./downloads', device='cuda', default_dtype='float32', distributed=False, log_level='INFO', n_energies=13, error_table='EnergyNacsDipoleMAE', model='ExcitedMACE', r_max=5.0, num_permutational_invariant=16, radial_type='bessel', num_radial_basis=8, num_cutoff_basis=5, pair_repulsion=False, distance_transform='None', interaction='RealAgnosticResidualInteractionBlock', interaction_first='RealAgnosticResidualInteractionBlock', max_ell=3, correlation=3, num_interactions=2, MLP_irreps='128x0e', radial_MLP='[64, 64, 64]', hidden_irreps='128x0e + 128x1o', num_channels=128, max_L=1, gate='silu', scaling='rms_forces_scaling', avg_num_neighbors=1, compute_avg_num_neighbors=True, compute_stress=False, compute_forces=True, compute_dipoles=True, compute_nacs=False, compute_socs=False, train_file='tyrosine_correct.xyz', valid_file=None, valid_fraction=0.1, test_file=None, test_dir=None, multi_processed_test=False, num_workers=0, pin_memory=True, atomic_numbers=None, mean=None, std=None, statistics_file=None, E0s='average', keep_isolated_atoms=False, energy_key='REF_energy', forces_key='REF_forces', virials_key='REF_virials', stress_key='REF_stress', dipoles_key='REF_dipoles', charges_key='REF_charges', loss='weighted', forces_weight=100.0, nacs_weight=100.0, socs_weight=0.0, soc_num=0, swa_forces_weight=100.0, energy_weight=100.0, swa_energy_weight=1000.0, virials_weight=1.0, swa_virials_weight=10.0, stress_weight=1.0, swa_stress_weight=10.0, dipoles_weight=1.0, swa_dipole_weight=1.0, config_type_weights='{"Default":1.0}', huber_delta=0.01, optimizer='adam', beta=0.9, batch_size=10, valid_batch_size=10, lr=0.001, swa_lr=0.001, weight_decay=5e-07, amsgrad=True, scheduler='ReduceLROnPlateau', lr_factor=0.8, scheduler_patience=50, lr_scheduler_gamma=0.9993, swa=False, start_swa=None, ema=True, ema_decay=0.99, max_num_epochs=100, patience=2048, foundation_model=None, foundation_model_readout=True, eval_interval=1, keep_checkpoints=False, save_all_checkpoints=False, restart_latest=False, save_cpu=False, clip_grad=10.0, wandb=False, wandb_dir=None, wandb_project='', wandb_entity='', wandb_name='', wandb_log_hypers=['num_channels', 'max_L', 'correlation', 'lr', 'swa_lr', 'weight_decay', 'batch_size', 'max_num_epochs', 'start_swa', 'energy_weight', 'forces_weight'])
2025-10-22 08:51:12.081 INFO: CUDA version: 12.4, CUDA device: 0
2025-10-22 08:51:12.099 DEBUG: Popen(['git', 'version'], cwd=/home/rhyan/Exciton_model/X-MACE, stdin=None, shell=False, universal_newlines=False)
2025-10-22 08:51:12.101 DEBUG: Popen(['git', 'version'], cwd=/home/rhyan/Exciton_model/X-MACE, stdin=None, shell=False, universal_newlines=False)
2025-10-22 08:51:12.102 DEBUG: sys.platform='linux', git_executable='git'
2025-10-22 08:51:12.102 DEBUG: Popen(['git', 'cat-file', '--batch-check'], cwd=/home/rhyan/Exciton_model/X-MACE, stdin=<valid stream>, shell=False, universal_newlines=False)
2025-10-22 08:51:12.103 DEBUG: Current Git commit: 0861c52cf365064d060e006c179e4cc1785b61c2
2025-10-22 08:51:12.103 INFO: 
2025-10-22 08:51:12.104 INFO: ===========LOADING INPUT DATA===========
2025-10-22 08:51:12.545 INFO: Using random 10% of training set for validation with indices saved in: ./valid_indices_123.txt
2025-10-22 08:51:12.545 INFO: Atomic Numbers used: [1, 6, 7, 8]
2025-10-22 08:51:12.545 INFO: Isolated Atomic Energies (E0s) not in training file, using command line argument
2025-10-22 08:51:12.546 INFO: Computing average Atomic Energies using least squares regression
2025-10-22 08:51:12.549 INFO: Atomic Energies used (z: eV): {1: -887.1094175756843, 6: -725.8167961982872, 7: -80.64631068869856, 8: -241.9389320660957}
2025-10-22 08:51:12.572 INFO: 
2025-10-22 08:51:12.572 INFO: ===========MODEL DETAILS===========
2025-10-22 08:51:12.726 INFO: Average number of neighbors: 6.4
2025-10-22 08:51:12.727 INFO: During training the following quantities will be reported: energy, forces, dipoles, nacs
2025-10-22 08:51:12.738 INFO: Building model
2025-10-22 08:51:12.738 INFO: Message passing with 128 channels and max_L=1 (128x0e + 128x1o)
2025-10-22 08:51:12.738 INFO: 2 layers, each with correlation order: 3 (body order: 4) and spherical harmonics up to: l=3
2025-10-22 08:51:12.738 INFO: 8 radial and 5 basis functions
2025-10-22 08:51:12.738 INFO: Radial cutoff: 5.0 Å (total receptive field for each atom: 10.0 Å)
2025-10-22 08:51:12.738 INFO: Distance transform for radial basis functions: None
2025-10-22 08:51:13.469 DEBUG: ExcitedMACE(
  (node_embedding): LinearNodeEmbeddingBlock(
    (linear): Linear(4x0e -> 128x0e | 512 weights)
  )
  (radial_embedding): RadialEmbeddingBlock(
    (bessel_fn): BesselBasis(r_max=5.0, num_basis=8, trainable=False)
    (cutoff_fn): PolynomialCutoff(p=5.0, r_max=5.0)
  )
  (spherical_harmonics): SphericalHarmonics()
  (atomic_energies_fn): AtomicEnergiesBlock(energies=[-887.1094, -725.8168, -80.6463, -241.9389])
  (interactions): ModuleList(
    (0): RealAgnosticInteractionBlock(
      (linear_up): Linear(128x0e -> 128x0e | 16384 weights)
      (conv_tp): TensorProduct(128x0e x 1x0e+1x1o+1x2e+1x3o -> 128x0e+128x1o+128x2e+128x3o | 512 paths | 512 weights)
      (conv_tp_weights): FullyConnectedNet[8, 64, 64, 64, 512]
      (linear): Linear(128x0e+128x1o+128x2e+128x3o -> 128x0e+128x1o+128x2e+128x3o | 65536 weights)
      (skip_tp): FullyConnectedTensorProduct(128x0e+128x1o+128x2e+128x3o x 4x0e -> 128x0e+128x1o+128x2e+128x3o | 262144 paths | 262144 weights)
      (reshape): reshape_irreps()
    )
    (1): RealAgnosticResidualInteractionBlock(
      (linear_up): Linear(128x0e+128x1o -> 128x0e+128x1o | 32768 weights)
      (conv_tp): TensorProduct(128x0e+128x1o x 1x0e+1x1o+1x2e+1x3o -> 256x0e+384x1o+384x2e+256x3o | 1280 paths | 1280 weights)
      (conv_tp_weights): FullyConnectedNet[8, 64, 64, 64, 1280]
      (linear): Linear(256x0e+384x1o+384x2e+256x3o -> 128x0e+128x1o+128x2e+128x3o | 163840 weights)
      (skip_tp): FullyConnectedTensorProduct(128x0e+128x1o x 4x0e -> 128x0e | 65536 paths | 65536 weights)
      (reshape): reshape_irreps()
    )
  )
  (products): ModuleList(
    (0): EquivariantProductBasisBlock(
      (symmetric_contractions): SymmetricContraction(
        (contractions): ModuleList(
          (0): Contraction(
            (contractions_weighting): ModuleList(
              (0-1): 2 x GraphModule()
            )
            (contractions_features): ModuleList(
              (0-1): 2 x GraphModule()
            )
            (weights): ParameterList(
                (0): Parameter containing: [torch.float32 of size 4x4x128 (cuda:0)]
                (1): Parameter containing: [torch.float32 of size 4x1x128 (cuda:0)]
            )
            (graph_opt_main): GraphModule()
          )
          (1): Contraction(
            (contractions_weighting): ModuleList(
              (0-1): 2 x GraphModule()
            )
            (contractions_features): ModuleList(
              (0-1): 2 x GraphModule()
            )
            (weights): ParameterList(
                (0): Parameter containing: [torch.float32 of size 4x6x128 (cuda:0)]
                (1): Parameter containing: [torch.float32 of size 4x1x128 (cuda:0)]
            )
            (graph_opt_main): GraphModule()
          )
        )
      )
      (linear): Linear(128x0e+128x1o -> 128x0e+128x1o | 32768 weights)
    )
    (1): EquivariantProductBasisBlock(
      (symmetric_contractions): SymmetricContraction(
        (contractions): ModuleList(
          (0): Contraction(
            (contractions_weighting): ModuleList(
              (0-1): 2 x GraphModule()
            )
            (contractions_features): ModuleList(
              (0-1): 2 x GraphModule()
            )
            (weights): ParameterList(
                (0): Parameter containing: [torch.float32 of size 4x4x128 (cuda:0)]
                (1): Parameter containing: [torch.float32 of size 4x1x128 (cuda:0)]
            )
            (graph_opt_main): GraphModule()
          )
        )
      )
      (linear): Linear(128x0e -> 128x0e | 16384 weights)
    )
  )
  (readouts): ModuleList(
    (0): LinearDipoleReadoutBlock(
      (linear): Linear(128x0e+128x1o -> 13x0e+91x1o | 13312 weights)
    )
    (1): NonLinearDipoleReadoutBlock(
      (equivariant_nonlin): Gate (128x0e -> 128x0e)
      (linear_1): Linear(128x0e -> 128x0e | 16384 weights)
      (linear_2): Linear(128x0e -> 13x0e+91x1o | 1664 weights)
    )
  )
)
2025-10-22 08:51:13.471 INFO: Total number of parameters: 877696
2025-10-22 08:51:13.471 INFO: 
2025-10-22 08:51:13.471 INFO: ===========OPTIMIZER INFORMATION===========
2025-10-22 08:51:13.471 INFO: Using ADAM as parameter optimizer
2025-10-22 08:51:13.471 INFO: Batch size: 10
2025-10-22 08:51:13.471 INFO: Using Exponential Moving Average with decay: 0.99
2025-10-22 08:51:13.471 INFO: Number of gradient updates: 900
2025-10-22 08:51:13.471 INFO: Learning rate: 0.001, weight decay: 5e-07
2025-10-22 08:51:13.471 INFO: WeightedEnergyForcesNacsDipoleLoss(energy_weight=100.000, forces_weight=100.000, dipole_weight=1.000)
2025-10-22 08:51:13.472 INFO: Using gradient clipping with tolerance=10.000
2025-10-22 08:51:13.472 INFO: 
2025-10-22 08:51:13.472 INFO: ===========TRAINING===========
2025-10-22 08:51:13.472 INFO: Started training, reporting errors on validation set
2025-10-22 08:51:13.472 INFO: Loss metrics on validation set
2025-10-22 08:51:30.495 INFO: ===========VERIFYING SETTINGS===========
2025-10-22 08:51:30.495 INFO: MACE version: 0.3.6
2025-10-22 08:51:30.495 DEBUG: Configuration: Namespace(config=None, name='tyrosine', seed=123, work_dir='.', nacs_key='smooth_nacs', log_dir='./logs', model_dir='.', checkpoints_dir='./checkpoints', results_dir='./results', downloads_dir='./downloads', device='cuda', default_dtype='float32', distributed=False, log_level='INFO', n_energies=13, error_table='EnergyNacsDipoleMAE', model='ExcitedMACE', r_max=5.0, num_permutational_invariant=16, radial_type='bessel', num_radial_basis=8, num_cutoff_basis=5, pair_repulsion=False, distance_transform='None', interaction='RealAgnosticResidualInteractionBlock', interaction_first='RealAgnosticResidualInteractionBlock', max_ell=3, correlation=3, num_interactions=2, MLP_irreps='128x0e', radial_MLP='[64, 64, 64]', hidden_irreps='128x0e + 128x1o', num_channels=128, max_L=1, gate='silu', scaling='rms_forces_scaling', avg_num_neighbors=1, compute_avg_num_neighbors=True, compute_stress=False, compute_forces=True, compute_dipoles=True, compute_nacs=True, compute_socs=False, train_file='tyrosine_correct.xyz', valid_file=None, valid_fraction=0.1, test_file=None, test_dir=None, multi_processed_test=False, num_workers=0, pin_memory=True, atomic_numbers=None, mean=None, std=None, statistics_file=None, E0s='average', keep_isolated_atoms=False, energy_key='REF_energy', forces_key='REF_forces', virials_key='REF_virials', stress_key='REF_stress', dipoles_key='REF_dipoles', charges_key='REF_charges', loss='weighted', forces_weight=100.0, nacs_weight=100.0, socs_weight=0.0, soc_num=0, swa_forces_weight=100.0, energy_weight=100.0, swa_energy_weight=1000.0, virials_weight=1.0, swa_virials_weight=10.0, stress_weight=1.0, swa_stress_weight=10.0, dipoles_weight=1.0, swa_dipole_weight=1.0, config_type_weights='{"Default":1.0}', huber_delta=0.01, optimizer='adam', beta=0.9, batch_size=10, valid_batch_size=10, lr=0.001, swa_lr=0.001, weight_decay=5e-07, amsgrad=True, scheduler='ReduceLROnPlateau', lr_factor=0.8, scheduler_patience=50, lr_scheduler_gamma=0.9993, swa=False, start_swa=None, ema=True, ema_decay=0.99, max_num_epochs=100, patience=2048, foundation_model=None, foundation_model_readout=True, eval_interval=1, keep_checkpoints=False, save_all_checkpoints=False, restart_latest=False, save_cpu=False, clip_grad=10.0, wandb=False, wandb_dir=None, wandb_project='', wandb_entity='', wandb_name='', wandb_log_hypers=['num_channels', 'max_L', 'correlation', 'lr', 'swa_lr', 'weight_decay', 'batch_size', 'max_num_epochs', 'start_swa', 'energy_weight', 'forces_weight'])
2025-10-22 08:51:30.522 INFO: CUDA version: 12.4, CUDA device: 0
2025-10-22 08:51:30.540 DEBUG: Popen(['git', 'version'], cwd=/home/rhyan/Exciton_model/X-MACE, stdin=None, shell=False, universal_newlines=False)
2025-10-22 08:51:30.541 DEBUG: Popen(['git', 'version'], cwd=/home/rhyan/Exciton_model/X-MACE, stdin=None, shell=False, universal_newlines=False)
2025-10-22 08:51:30.543 DEBUG: sys.platform='linux', git_executable='git'
2025-10-22 08:51:30.543 DEBUG: Popen(['git', 'cat-file', '--batch-check'], cwd=/home/rhyan/Exciton_model/X-MACE, stdin=<valid stream>, shell=False, universal_newlines=False)
2025-10-22 08:51:30.544 DEBUG: Current Git commit: 0861c52cf365064d060e006c179e4cc1785b61c2
2025-10-22 08:51:30.544 INFO: 
2025-10-22 08:51:30.544 INFO: ===========LOADING INPUT DATA===========
2025-10-22 08:51:30.986 INFO: Using random 10% of training set for validation with indices saved in: ./valid_indices_123.txt
2025-10-22 08:51:30.987 INFO: Atomic Numbers used: [1, 6, 7, 8]
2025-10-22 08:51:30.987 INFO: Isolated Atomic Energies (E0s) not in training file, using command line argument
2025-10-22 08:51:30.987 INFO: Computing average Atomic Energies using least squares regression
2025-10-22 08:51:30.990 INFO: Atomic Energies used (z: eV): {1: -887.1094175756843, 6: -725.8167961982872, 7: -80.64631068869856, 8: -241.9389320660957}
2025-10-22 08:51:31.013 INFO: 
2025-10-22 08:51:31.013 INFO: ===========MODEL DETAILS===========
2025-10-22 08:51:31.148 INFO: Average number of neighbors: 6.4
2025-10-22 08:51:31.149 INFO: During training the following quantities will be reported: energy, forces, dipoles, nacs
2025-10-22 08:51:31.160 INFO: Building model
2025-10-22 08:51:31.160 INFO: Message passing with 128 channels and max_L=1 (128x0e + 128x1o)
2025-10-22 08:51:31.160 INFO: 2 layers, each with correlation order: 3 (body order: 4) and spherical harmonics up to: l=3
2025-10-22 08:51:31.160 INFO: 8 radial and 5 basis functions
2025-10-22 08:51:31.160 INFO: Radial cutoff: 5.0 Å (total receptive field for each atom: 10.0 Å)
2025-10-22 08:51:31.160 INFO: Distance transform for radial basis functions: None
2025-10-22 08:51:31.883 DEBUG: ExcitedMACE(
  (node_embedding): LinearNodeEmbeddingBlock(
    (linear): Linear(4x0e -> 128x0e | 512 weights)
  )
  (radial_embedding): RadialEmbeddingBlock(
    (bessel_fn): BesselBasis(r_max=5.0, num_basis=8, trainable=False)
    (cutoff_fn): PolynomialCutoff(p=5.0, r_max=5.0)
  )
  (spherical_harmonics): SphericalHarmonics()
  (atomic_energies_fn): AtomicEnergiesBlock(energies=[-887.1094, -725.8168, -80.6463, -241.9389])
  (interactions): ModuleList(
    (0): RealAgnosticInteractionBlock(
      (linear_up): Linear(128x0e -> 128x0e | 16384 weights)
      (conv_tp): TensorProduct(128x0e x 1x0e+1x1o+1x2e+1x3o -> 128x0e+128x1o+128x2e+128x3o | 512 paths | 512 weights)
      (conv_tp_weights): FullyConnectedNet[8, 64, 64, 64, 512]
      (linear): Linear(128x0e+128x1o+128x2e+128x3o -> 128x0e+128x1o+128x2e+128x3o | 65536 weights)
      (skip_tp): FullyConnectedTensorProduct(128x0e+128x1o+128x2e+128x3o x 4x0e -> 128x0e+128x1o+128x2e+128x3o | 262144 paths | 262144 weights)
      (reshape): reshape_irreps()
    )
    (1): RealAgnosticResidualInteractionBlock(
      (linear_up): Linear(128x0e+128x1o -> 128x0e+128x1o | 32768 weights)
      (conv_tp): TensorProduct(128x0e+128x1o x 1x0e+1x1o+1x2e+1x3o -> 256x0e+384x1o+384x2e+256x3o | 1280 paths | 1280 weights)
      (conv_tp_weights): FullyConnectedNet[8, 64, 64, 64, 1280]
      (linear): Linear(256x0e+384x1o+384x2e+256x3o -> 128x0e+128x1o+128x2e+128x3o | 163840 weights)
      (skip_tp): FullyConnectedTensorProduct(128x0e+128x1o x 4x0e -> 128x0e | 65536 paths | 65536 weights)
      (reshape): reshape_irreps()
    )
  )
  (products): ModuleList(
    (0): EquivariantProductBasisBlock(
      (symmetric_contractions): SymmetricContraction(
        (contractions): ModuleList(
          (0): Contraction(
            (contractions_weighting): ModuleList(
              (0-1): 2 x GraphModule()
            )
            (contractions_features): ModuleList(
              (0-1): 2 x GraphModule()
            )
            (weights): ParameterList(
                (0): Parameter containing: [torch.float32 of size 4x4x128 (cuda:0)]
                (1): Parameter containing: [torch.float32 of size 4x1x128 (cuda:0)]
            )
            (graph_opt_main): GraphModule()
          )
          (1): Contraction(
            (contractions_weighting): ModuleList(
              (0-1): 2 x GraphModule()
            )
            (contractions_features): ModuleList(
              (0-1): 2 x GraphModule()
            )
            (weights): ParameterList(
                (0): Parameter containing: [torch.float32 of size 4x6x128 (cuda:0)]
                (1): Parameter containing: [torch.float32 of size 4x1x128 (cuda:0)]
            )
            (graph_opt_main): GraphModule()
          )
        )
      )
      (linear): Linear(128x0e+128x1o -> 128x0e+128x1o | 32768 weights)
    )
    (1): EquivariantProductBasisBlock(
      (symmetric_contractions): SymmetricContraction(
        (contractions): ModuleList(
          (0): Contraction(
            (contractions_weighting): ModuleList(
              (0-1): 2 x GraphModule()
            )
            (contractions_features): ModuleList(
              (0-1): 2 x GraphModule()
            )
            (weights): ParameterList(
                (0): Parameter containing: [torch.float32 of size 4x4x128 (cuda:0)]
                (1): Parameter containing: [torch.float32 of size 4x1x128 (cuda:0)]
            )
            (graph_opt_main): GraphModule()
          )
        )
      )
      (linear): Linear(128x0e -> 128x0e | 16384 weights)
    )
  )
  (readouts): ModuleList(
    (0): LinearDipoleReadoutBlock(
      (linear): Linear(128x0e+128x1o -> 13x0e+169x1o | 23296 weights)
    )
    (1): NonLinearDipoleReadoutBlock(
      (equivariant_nonlin): Gate (128x0e -> 128x0e)
      (linear_1): Linear(128x0e -> 128x0e | 16384 weights)
      (linear_2): Linear(128x0e -> 13x0e+169x1o | 1664 weights)
    )
  )
)
2025-10-22 08:51:31.885 INFO: Total number of parameters: 887680
2025-10-22 08:51:31.885 INFO: 
2025-10-22 08:51:31.885 INFO: ===========OPTIMIZER INFORMATION===========
2025-10-22 08:51:31.885 INFO: Using ADAM as parameter optimizer
2025-10-22 08:51:31.885 INFO: Batch size: 10
2025-10-22 08:51:31.885 INFO: Using Exponential Moving Average with decay: 0.99
2025-10-22 08:51:31.885 INFO: Number of gradient updates: 900
2025-10-22 08:51:31.885 INFO: Learning rate: 0.001, weight decay: 5e-07
2025-10-22 08:51:31.885 INFO: WeightedEnergyForcesNacsDipoleLoss(energy_weight=100.000, forces_weight=100.000, dipole_weight=1.000)
2025-10-22 08:51:31.886 INFO: Using gradient clipping with tolerance=10.000
2025-10-22 08:51:31.886 INFO: 
2025-10-22 08:51:31.886 INFO: ===========TRAINING===========
2025-10-22 08:51:31.886 INFO: Started training, reporting errors on validation set
2025-10-22 08:51:31.886 INFO: Loss metrics on validation set
2025-10-22 08:51:37.565 INFO: ===========VERIFYING SETTINGS===========
2025-10-22 08:51:37.565 INFO: MACE version: 0.3.6
2025-10-22 08:51:37.565 DEBUG: Configuration: Namespace(config=None, name='tyrosine', seed=123, work_dir='.', nacs_key='smooth_nacs', log_dir='./logs', model_dir='.', checkpoints_dir='./checkpoints', results_dir='./results', downloads_dir='./downloads', device='cuda', default_dtype='float32', distributed=False, log_level='INFO', n_energies=13, error_table='EnergyNacsDipoleMAE', model='ExcitedMACE', r_max=5.0, num_permutational_invariant=16, radial_type='bessel', num_radial_basis=8, num_cutoff_basis=5, pair_repulsion=False, distance_transform='None', interaction='RealAgnosticResidualInteractionBlock', interaction_first='RealAgnosticResidualInteractionBlock', max_ell=3, correlation=3, num_interactions=2, MLP_irreps='128x0e', radial_MLP='[64, 64, 64]', hidden_irreps='128x0e + 128x1o', num_channels=128, max_L=1, gate='silu', scaling='rms_forces_scaling', avg_num_neighbors=1, compute_avg_num_neighbors=True, compute_stress=False, compute_forces=True, compute_dipoles=True, compute_nacs=False, compute_socs=True, train_file='tyrosine_correct.xyz', valid_file=None, valid_fraction=0.1, test_file=None, test_dir=None, multi_processed_test=False, num_workers=0, pin_memory=True, atomic_numbers=None, mean=None, std=None, statistics_file=None, E0s='average', keep_isolated_atoms=False, energy_key='REF_energy', forces_key='REF_forces', virials_key='REF_virials', stress_key='REF_stress', dipoles_key='REF_dipoles', charges_key='REF_charges', loss='weighted', forces_weight=100.0, nacs_weight=100.0, socs_weight=0.0, soc_num=0, swa_forces_weight=100.0, energy_weight=100.0, swa_energy_weight=1000.0, virials_weight=1.0, swa_virials_weight=10.0, stress_weight=1.0, swa_stress_weight=10.0, dipoles_weight=1.0, swa_dipole_weight=1.0, config_type_weights='{"Default":1.0}', huber_delta=0.01, optimizer='adam', beta=0.9, batch_size=10, valid_batch_size=10, lr=0.001, swa_lr=0.001, weight_decay=5e-07, amsgrad=True, scheduler='ReduceLROnPlateau', lr_factor=0.8, scheduler_patience=50, lr_scheduler_gamma=0.9993, swa=False, start_swa=None, ema=True, ema_decay=0.99, max_num_epochs=100, patience=2048, foundation_model=None, foundation_model_readout=True, eval_interval=1, keep_checkpoints=False, save_all_checkpoints=False, restart_latest=False, save_cpu=False, clip_grad=10.0, wandb=False, wandb_dir=None, wandb_project='', wandb_entity='', wandb_name='', wandb_log_hypers=['num_channels', 'max_L', 'correlation', 'lr', 'swa_lr', 'weight_decay', 'batch_size', 'max_num_epochs', 'start_swa', 'energy_weight', 'forces_weight'])
2025-10-22 08:51:37.593 INFO: CUDA version: 12.4, CUDA device: 0
2025-10-22 08:51:37.611 DEBUG: Popen(['git', 'version'], cwd=/home/rhyan/Exciton_model/X-MACE, stdin=None, shell=False, universal_newlines=False)
2025-10-22 08:51:37.612 DEBUG: Popen(['git', 'version'], cwd=/home/rhyan/Exciton_model/X-MACE, stdin=None, shell=False, universal_newlines=False)
2025-10-22 08:51:37.613 DEBUG: sys.platform='linux', git_executable='git'
2025-10-22 08:51:37.614 DEBUG: Popen(['git', 'cat-file', '--batch-check'], cwd=/home/rhyan/Exciton_model/X-MACE, stdin=<valid stream>, shell=False, universal_newlines=False)
2025-10-22 08:51:37.615 DEBUG: Current Git commit: 0861c52cf365064d060e006c179e4cc1785b61c2
2025-10-22 08:51:37.615 INFO: 
2025-10-22 08:51:37.615 INFO: ===========LOADING INPUT DATA===========
2025-10-22 08:51:38.057 INFO: Using random 10% of training set for validation with indices saved in: ./valid_indices_123.txt
2025-10-22 08:51:38.058 INFO: Atomic Numbers used: [1, 6, 7, 8]
2025-10-22 08:51:38.058 INFO: Isolated Atomic Energies (E0s) not in training file, using command line argument
2025-10-22 08:51:38.058 INFO: Computing average Atomic Energies using least squares regression
2025-10-22 08:51:38.061 INFO: Atomic Energies used (z: eV): {1: -887.1094175756843, 6: -725.8167961982872, 7: -80.64631068869856, 8: -241.9389320660957}
2025-10-22 08:51:38.084 INFO: 
2025-10-22 08:51:38.084 INFO: ===========MODEL DETAILS===========
2025-10-22 08:51:38.219 INFO: Average number of neighbors: 6.4
2025-10-22 08:51:38.220 INFO: During training the following quantities will be reported: energy, forces, dipoles, nacs
2025-10-22 08:51:38.231 INFO: Building model
2025-10-22 08:51:38.231 INFO: Message passing with 128 channels and max_L=1 (128x0e + 128x1o)
2025-10-22 08:51:38.231 INFO: 2 layers, each with correlation order: 3 (body order: 4) and spherical harmonics up to: l=3
2025-10-22 08:51:38.231 INFO: 8 radial and 5 basis functions
2025-10-22 08:51:38.231 INFO: Radial cutoff: 5.0 Å (total receptive field for each atom: 10.0 Å)
2025-10-22 08:51:38.231 INFO: Distance transform for radial basis functions: None
2025-10-22 08:51:39.031 DEBUG: ExcitedMACE(
  (node_embedding): LinearNodeEmbeddingBlock(
    (linear): Linear(4x0e -> 128x0e | 512 weights)
  )
  (radial_embedding): RadialEmbeddingBlock(
    (bessel_fn): BesselBasis(r_max=5.0, num_basis=8, trainable=False)
    (cutoff_fn): PolynomialCutoff(p=5.0, r_max=5.0)
  )
  (spherical_harmonics): SphericalHarmonics()
  (atomic_energies_fn): AtomicEnergiesBlock(energies=[-887.1094, -725.8168, -80.6463, -241.9389])
  (interactions): ModuleList(
    (0): RealAgnosticInteractionBlock(
      (linear_up): Linear(128x0e -> 128x0e | 16384 weights)
      (conv_tp): TensorProduct(128x0e x 1x0e+1x1o+1x2e+1x3o -> 128x0e+128x1o+128x2e+128x3o | 512 paths | 512 weights)
      (conv_tp_weights): FullyConnectedNet[8, 64, 64, 64, 512]
      (linear): Linear(128x0e+128x1o+128x2e+128x3o -> 128x0e+128x1o+128x2e+128x3o | 65536 weights)
      (skip_tp): FullyConnectedTensorProduct(128x0e+128x1o+128x2e+128x3o x 4x0e -> 128x0e+128x1o+128x2e+128x3o | 262144 paths | 262144 weights)
      (reshape): reshape_irreps()
    )
    (1): RealAgnosticResidualInteractionBlock(
      (linear_up): Linear(128x0e+128x1o -> 128x0e+128x1o | 32768 weights)
      (conv_tp): TensorProduct(128x0e+128x1o x 1x0e+1x1o+1x2e+1x3o -> 256x0e+384x1o+384x2e+256x3o | 1280 paths | 1280 weights)
      (conv_tp_weights): FullyConnectedNet[8, 64, 64, 64, 1280]
      (linear): Linear(256x0e+384x1o+384x2e+256x3o -> 128x0e+128x1o+128x2e+128x3o | 163840 weights)
      (skip_tp): FullyConnectedTensorProduct(128x0e+128x1o x 4x0e -> 128x0e | 65536 paths | 65536 weights)
      (reshape): reshape_irreps()
    )
  )
  (products): ModuleList(
    (0): EquivariantProductBasisBlock(
      (symmetric_contractions): SymmetricContraction(
        (contractions): ModuleList(
          (0): Contraction(
            (contractions_weighting): ModuleList(
              (0-1): 2 x GraphModule()
            )
            (contractions_features): ModuleList(
              (0-1): 2 x GraphModule()
            )
            (weights): ParameterList(
                (0): Parameter containing: [torch.float32 of size 4x4x128 (cuda:0)]
                (1): Parameter containing: [torch.float32 of size 4x1x128 (cuda:0)]
            )
            (graph_opt_main): GraphModule()
          )
          (1): Contraction(
            (contractions_weighting): ModuleList(
              (0-1): 2 x GraphModule()
            )
            (contractions_features): ModuleList(
              (0-1): 2 x GraphModule()
            )
            (weights): ParameterList(
                (0): Parameter containing: [torch.float32 of size 4x6x128 (cuda:0)]
                (1): Parameter containing: [torch.float32 of size 4x1x128 (cuda:0)]
            )
            (graph_opt_main): GraphModule()
          )
        )
      )
      (linear): Linear(128x0e+128x1o -> 128x0e+128x1o | 32768 weights)
    )
    (1): EquivariantProductBasisBlock(
      (symmetric_contractions): SymmetricContraction(
        (contractions): ModuleList(
          (0): Contraction(
            (contractions_weighting): ModuleList(
              (0-1): 2 x GraphModule()
            )
            (contractions_features): ModuleList(
              (0-1): 2 x GraphModule()
            )
            (weights): ParameterList(
                (0): Parameter containing: [torch.float32 of size 4x4x128 (cuda:0)]
                (1): Parameter containing: [torch.float32 of size 4x1x128 (cuda:0)]
            )
            (graph_opt_main): GraphModule()
          )
        )
      )
      (linear): Linear(128x0e -> 128x0e | 16384 weights)
    )
  )
  (readouts): ModuleList(
    (0): LinearDipoleReadoutBlock(
      (linear): Linear(128x0e+128x1o -> 13x0e+91x1o | 13312 weights)
    )
    (1): NonLinearDipoleReadoutBlock(
      (equivariant_nonlin): Gate (128x0e -> 128x0e)
      (linear_1): Linear(128x0e -> 128x0e | 16384 weights)
      (linear_2): Linear(128x0e -> 13x0e+91x1o | 1664 weights)
    )
  )
  (socs_readouts): ModuleList(
    (0): LinearSocReadoutBlock(
      (linear): Linear(128x0e+128x1o -> 0x0e | 0 weights)
    )
    (1): NonLinearSocReadoutBlock(
      (equivariant_nonlin): Gate (128x0e -> 128x0e)
      (linear_1): Linear(128x0e -> 128x0e | 16384 weights)
      (linear_2): Linear(128x0e -> 0x0e | 0 weights)
    )
  )
)
2025-10-22 08:51:39.032 INFO: Total number of parameters: 894080
2025-10-22 08:51:39.032 INFO: 
2025-10-22 08:51:39.032 INFO: ===========OPTIMIZER INFORMATION===========
2025-10-22 08:51:39.033 INFO: Using ADAM as parameter optimizer
2025-10-22 08:51:39.033 INFO: Batch size: 10
2025-10-22 08:51:39.033 INFO: Using Exponential Moving Average with decay: 0.99
2025-10-22 08:51:39.033 INFO: Number of gradient updates: 900
2025-10-22 08:51:39.033 INFO: Learning rate: 0.001, weight decay: 5e-07
2025-10-22 08:51:39.033 INFO: WeightedEnergyForcesNacsDipoleLoss(energy_weight=100.000, forces_weight=100.000, dipole_weight=1.000)
2025-10-22 08:51:39.034 INFO: Using gradient clipping with tolerance=10.000
2025-10-22 08:51:39.034 INFO: 
2025-10-22 08:51:39.034 INFO: ===========TRAINING===========
2025-10-22 08:51:39.034 INFO: Started training, reporting errors on validation set
2025-10-22 08:51:39.034 INFO: Loss metrics on validation set
2025-10-22 08:51:53.024 INFO: ===========VERIFYING SETTINGS===========
2025-10-22 08:51:53.025 INFO: MACE version: 0.3.6
2025-10-22 08:51:53.025 DEBUG: Configuration: Namespace(config=None, name='tyrosine', seed=123, work_dir='.', nacs_key='smooth_nacs', log_dir='./logs', model_dir='.', checkpoints_dir='./checkpoints', results_dir='./results', downloads_dir='./downloads', device='cuda', default_dtype='float32', distributed=False, log_level='INFO', n_energies=13, error_table='EnergyNacsDipoleMAE', model='ExcitedMACE', r_max=5.0, num_permutational_invariant=16, radial_type='bessel', num_radial_basis=8, num_cutoff_basis=5, pair_repulsion=False, distance_transform='None', interaction='RealAgnosticResidualInteractionBlock', interaction_first='RealAgnosticResidualInteractionBlock', max_ell=3, correlation=3, num_interactions=2, MLP_irreps='128x0e', radial_MLP='[64, 64, 64]', hidden_irreps='128x0e + 128x1o', num_channels=128, max_L=1, gate='silu', scaling='rms_forces_scaling', avg_num_neighbors=1, compute_avg_num_neighbors=True, compute_stress=False, compute_forces=True, compute_dipoles=True, compute_nacs=True, compute_socs=True, train_file='tyrosine_correct.xyz', valid_file=None, valid_fraction=0.1, test_file=None, test_dir=None, multi_processed_test=False, num_workers=0, pin_memory=True, atomic_numbers=None, mean=None, std=None, statistics_file=None, E0s='average', keep_isolated_atoms=False, energy_key='REF_energy', forces_key='REF_forces', virials_key='REF_virials', stress_key='REF_stress', dipoles_key='REF_dipoles', charges_key='REF_charges', loss='weighted', forces_weight=100.0, nacs_weight=100.0, socs_weight=0.0, soc_num=0, swa_forces_weight=100.0, energy_weight=100.0, swa_energy_weight=1000.0, virials_weight=1.0, swa_virials_weight=10.0, stress_weight=1.0, swa_stress_weight=10.0, dipoles_weight=1.0, swa_dipole_weight=1.0, config_type_weights='{"Default":1.0}', huber_delta=0.01, optimizer='adam', beta=0.9, batch_size=10, valid_batch_size=10, lr=0.001, swa_lr=0.001, weight_decay=5e-07, amsgrad=True, scheduler='ReduceLROnPlateau', lr_factor=0.8, scheduler_patience=50, lr_scheduler_gamma=0.9993, swa=False, start_swa=None, ema=True, ema_decay=0.99, max_num_epochs=100, patience=2048, foundation_model=None, foundation_model_readout=True, eval_interval=1, keep_checkpoints=False, save_all_checkpoints=False, restart_latest=False, save_cpu=False, clip_grad=10.0, wandb=False, wandb_dir=None, wandb_project='', wandb_entity='', wandb_name='', wandb_log_hypers=['num_channels', 'max_L', 'correlation', 'lr', 'swa_lr', 'weight_decay', 'batch_size', 'max_num_epochs', 'start_swa', 'energy_weight', 'forces_weight'])
2025-10-22 08:51:53.053 INFO: CUDA version: 12.4, CUDA device: 0
2025-10-22 08:51:53.072 DEBUG: Popen(['git', 'version'], cwd=/home/rhyan/Exciton_model/X-MACE, stdin=None, shell=False, universal_newlines=False)
2025-10-22 08:51:53.073 DEBUG: Popen(['git', 'version'], cwd=/home/rhyan/Exciton_model/X-MACE, stdin=None, shell=False, universal_newlines=False)
2025-10-22 08:51:53.074 DEBUG: sys.platform='linux', git_executable='git'
2025-10-22 08:51:53.075 DEBUG: Popen(['git', 'cat-file', '--batch-check'], cwd=/home/rhyan/Exciton_model/X-MACE, stdin=<valid stream>, shell=False, universal_newlines=False)
2025-10-22 08:51:53.076 DEBUG: Current Git commit: 0861c52cf365064d060e006c179e4cc1785b61c2
2025-10-22 08:51:53.076 INFO: 
2025-10-22 08:51:53.076 INFO: ===========LOADING INPUT DATA===========
2025-10-22 08:51:53.518 INFO: Using random 10% of training set for validation with indices saved in: ./valid_indices_123.txt
2025-10-22 08:51:53.519 INFO: Atomic Numbers used: [1, 6, 7, 8]
2025-10-22 08:51:53.519 INFO: Isolated Atomic Energies (E0s) not in training file, using command line argument
2025-10-22 08:51:53.519 INFO: Computing average Atomic Energies using least squares regression
2025-10-22 08:51:53.523 INFO: Atomic Energies used (z: eV): {1: -887.1094175756843, 6: -725.8167961982872, 7: -80.64631068869856, 8: -241.9389320660957}
2025-10-22 08:51:53.546 INFO: 
2025-10-22 08:51:53.546 INFO: ===========MODEL DETAILS===========
2025-10-22 08:51:53.681 INFO: Average number of neighbors: 6.4
2025-10-22 08:51:53.681 INFO: During training the following quantities will be reported: energy, forces, dipoles, nacs
2025-10-22 08:51:53.693 INFO: Building model
2025-10-22 08:51:53.693 INFO: Message passing with 128 channels and max_L=1 (128x0e + 128x1o)
2025-10-22 08:51:53.693 INFO: 2 layers, each with correlation order: 3 (body order: 4) and spherical harmonics up to: l=3
2025-10-22 08:51:53.693 INFO: 8 radial and 5 basis functions
2025-10-22 08:51:53.693 INFO: Radial cutoff: 5.0 Å (total receptive field for each atom: 10.0 Å)
2025-10-22 08:51:53.693 INFO: Distance transform for radial basis functions: None
2025-10-22 08:51:54.501 DEBUG: ExcitedMACE(
  (node_embedding): LinearNodeEmbeddingBlock(
    (linear): Linear(4x0e -> 128x0e | 512 weights)
  )
  (radial_embedding): RadialEmbeddingBlock(
    (bessel_fn): BesselBasis(r_max=5.0, num_basis=8, trainable=False)
    (cutoff_fn): PolynomialCutoff(p=5.0, r_max=5.0)
  )
  (spherical_harmonics): SphericalHarmonics()
  (atomic_energies_fn): AtomicEnergiesBlock(energies=[-887.1094, -725.8168, -80.6463, -241.9389])
  (interactions): ModuleList(
    (0): RealAgnosticInteractionBlock(
      (linear_up): Linear(128x0e -> 128x0e | 16384 weights)
      (conv_tp): TensorProduct(128x0e x 1x0e+1x1o+1x2e+1x3o -> 128x0e+128x1o+128x2e+128x3o | 512 paths | 512 weights)
      (conv_tp_weights): FullyConnectedNet[8, 64, 64, 64, 512]
      (linear): Linear(128x0e+128x1o+128x2e+128x3o -> 128x0e+128x1o+128x2e+128x3o | 65536 weights)
      (skip_tp): FullyConnectedTensorProduct(128x0e+128x1o+128x2e+128x3o x 4x0e -> 128x0e+128x1o+128x2e+128x3o | 262144 paths | 262144 weights)
      (reshape): reshape_irreps()
    )
    (1): RealAgnosticResidualInteractionBlock(
      (linear_up): Linear(128x0e+128x1o -> 128x0e+128x1o | 32768 weights)
      (conv_tp): TensorProduct(128x0e+128x1o x 1x0e+1x1o+1x2e+1x3o -> 256x0e+384x1o+384x2e+256x3o | 1280 paths | 1280 weights)
      (conv_tp_weights): FullyConnectedNet[8, 64, 64, 64, 1280]
      (linear): Linear(256x0e+384x1o+384x2e+256x3o -> 128x0e+128x1o+128x2e+128x3o | 163840 weights)
      (skip_tp): FullyConnectedTensorProduct(128x0e+128x1o x 4x0e -> 128x0e | 65536 paths | 65536 weights)
      (reshape): reshape_irreps()
    )
  )
  (products): ModuleList(
    (0): EquivariantProductBasisBlock(
      (symmetric_contractions): SymmetricContraction(
        (contractions): ModuleList(
          (0): Contraction(
            (contractions_weighting): ModuleList(
              (0-1): 2 x GraphModule()
            )
            (contractions_features): ModuleList(
              (0-1): 2 x GraphModule()
            )
            (weights): ParameterList(
                (0): Parameter containing: [torch.float32 of size 4x4x128 (cuda:0)]
                (1): Parameter containing: [torch.float32 of size 4x1x128 (cuda:0)]
            )
            (graph_opt_main): GraphModule()
          )
          (1): Contraction(
            (contractions_weighting): ModuleList(
              (0-1): 2 x GraphModule()
            )
            (contractions_features): ModuleList(
              (0-1): 2 x GraphModule()
            )
            (weights): ParameterList(
                (0): Parameter containing: [torch.float32 of size 4x6x128 (cuda:0)]
                (1): Parameter containing: [torch.float32 of size 4x1x128 (cuda:0)]
            )
            (graph_opt_main): GraphModule()
          )
        )
      )
      (linear): Linear(128x0e+128x1o -> 128x0e+128x1o | 32768 weights)
    )
    (1): EquivariantProductBasisBlock(
      (symmetric_contractions): SymmetricContraction(
        (contractions): ModuleList(
          (0): Contraction(
            (contractions_weighting): ModuleList(
              (0-1): 2 x GraphModule()
            )
            (contractions_features): ModuleList(
              (0-1): 2 x GraphModule()
            )
            (weights): ParameterList(
                (0): Parameter containing: [torch.float32 of size 4x4x128 (cuda:0)]
                (1): Parameter containing: [torch.float32 of size 4x1x128 (cuda:0)]
            )
            (graph_opt_main): GraphModule()
          )
        )
      )
      (linear): Linear(128x0e -> 128x0e | 16384 weights)
    )
  )
  (readouts): ModuleList(
    (0): LinearDipoleReadoutBlock(
      (linear): Linear(128x0e+128x1o -> 13x0e+169x1o | 23296 weights)
    )
    (1): NonLinearDipoleReadoutBlock(
      (equivariant_nonlin): Gate (128x0e -> 128x0e)
      (linear_1): Linear(128x0e -> 128x0e | 16384 weights)
      (linear_2): Linear(128x0e -> 13x0e+169x1o | 1664 weights)
    )
  )
  (socs_readouts): ModuleList(
    (0): LinearSocReadoutBlock(
      (linear): Linear(128x0e+128x1o -> 0x0e | 0 weights)
    )
    (1): NonLinearSocReadoutBlock(
      (equivariant_nonlin): Gate (128x0e -> 128x0e)
      (linear_1): Linear(128x0e -> 128x0e | 16384 weights)
      (linear_2): Linear(128x0e -> 0x0e | 0 weights)
    )
  )
)
2025-10-22 08:51:54.503 INFO: Total number of parameters: 904064
2025-10-22 08:51:54.503 INFO: 
2025-10-22 08:51:54.503 INFO: ===========OPTIMIZER INFORMATION===========
2025-10-22 08:51:54.503 INFO: Using ADAM as parameter optimizer
2025-10-22 08:51:54.503 INFO: Batch size: 10
2025-10-22 08:51:54.503 INFO: Using Exponential Moving Average with decay: 0.99
2025-10-22 08:51:54.503 INFO: Number of gradient updates: 900
2025-10-22 08:51:54.503 INFO: Learning rate: 0.001, weight decay: 5e-07
2025-10-22 08:51:54.503 INFO: WeightedEnergyForcesNacsDipoleLoss(energy_weight=100.000, forces_weight=100.000, dipole_weight=1.000)
2025-10-22 08:51:54.504 INFO: Using gradient clipping with tolerance=10.000
2025-10-22 08:51:54.504 INFO: 
2025-10-22 08:51:54.504 INFO: ===========TRAINING===========
2025-10-22 08:51:54.504 INFO: Started training, reporting errors on validation set
2025-10-22 08:51:54.504 INFO: Loss metrics on validation set
2025-10-22 08:52:14.643 INFO: ===========VERIFYING SETTINGS===========
2025-10-22 08:52:14.643 INFO: MACE version: 0.3.6
2025-10-22 08:52:14.643 DEBUG: Configuration: Namespace(config=None, name='tyrosine', seed=123, work_dir='.', nacs_key='smooth_nacs', log_dir='./logs', model_dir='.', checkpoints_dir='./checkpoints', results_dir='./results', downloads_dir='./downloads', device='cuda', default_dtype='float32', distributed=False, log_level='INFO', n_energies=13, error_table='EnergyNacsDipoleMAE', model='ExcitedMACE', r_max=5.0, num_permutational_invariant=16, radial_type='bessel', num_radial_basis=8, num_cutoff_basis=5, pair_repulsion=False, distance_transform='None', interaction='RealAgnosticResidualInteractionBlock', interaction_first='RealAgnosticResidualInteractionBlock', max_ell=3, correlation=3, num_interactions=2, MLP_irreps='128x0e', radial_MLP='[64, 64, 64]', hidden_irreps='128x0e + 128x1o', num_channels=128, max_L=1, gate='silu', scaling='rms_forces_scaling', avg_num_neighbors=1, compute_avg_num_neighbors=True, compute_stress=False, compute_forces=True, compute_dipoles=True, compute_nacs=True, compute_socs=True, train_file='tyrosine_correct.xyz', valid_file=None, valid_fraction=0.1, test_file=None, test_dir=None, multi_processed_test=False, num_workers=0, pin_memory=True, atomic_numbers=None, mean=None, std=None, statistics_file=None, E0s='average', keep_isolated_atoms=False, energy_key='REF_energy', forces_key='REF_forces', virials_key='REF_virials', stress_key='REF_stress', dipoles_key='REF_dipoles', charges_key='REF_charges', loss='weighted', forces_weight=100.0, nacs_weight=100.0, socs_weight=0.0, soc_num=0, swa_forces_weight=100.0, energy_weight=100.0, swa_energy_weight=1000.0, virials_weight=1.0, swa_virials_weight=10.0, stress_weight=1.0, swa_stress_weight=10.0, dipoles_weight=1.0, swa_dipole_weight=1.0, config_type_weights='{"Default":1.0}', huber_delta=0.01, optimizer='adam', beta=0.9, batch_size=10, valid_batch_size=10, lr=0.001, swa_lr=0.001, weight_decay=5e-07, amsgrad=True, scheduler='ReduceLROnPlateau', lr_factor=0.8, scheduler_patience=50, lr_scheduler_gamma=0.9993, swa=False, start_swa=None, ema=True, ema_decay=0.99, max_num_epochs=100, patience=2048, foundation_model=None, foundation_model_readout=True, eval_interval=1, keep_checkpoints=False, save_all_checkpoints=False, restart_latest=False, save_cpu=False, clip_grad=10.0, wandb=False, wandb_dir=None, wandb_project='', wandb_entity='', wandb_name='', wandb_log_hypers=['num_channels', 'max_L', 'correlation', 'lr', 'swa_lr', 'weight_decay', 'batch_size', 'max_num_epochs', 'start_swa', 'energy_weight', 'forces_weight'])
2025-10-22 08:52:14.671 INFO: CUDA version: 12.4, CUDA device: 0
2025-10-22 08:52:14.688 DEBUG: Popen(['git', 'version'], cwd=/home/rhyan/Exciton_model/X-MACE, stdin=None, shell=False, universal_newlines=False)
2025-10-22 08:52:14.690 DEBUG: Popen(['git', 'version'], cwd=/home/rhyan/Exciton_model/X-MACE, stdin=None, shell=False, universal_newlines=False)
2025-10-22 08:52:14.691 DEBUG: sys.platform='linux', git_executable='git'
2025-10-22 08:52:14.691 DEBUG: Popen(['git', 'cat-file', '--batch-check'], cwd=/home/rhyan/Exciton_model/X-MACE, stdin=<valid stream>, shell=False, universal_newlines=False)
2025-10-22 08:52:14.692 DEBUG: Current Git commit: 0861c52cf365064d060e006c179e4cc1785b61c2
2025-10-22 08:52:14.692 INFO: 
2025-10-22 08:52:14.692 INFO: ===========LOADING INPUT DATA===========
2025-10-22 08:52:15.134 INFO: Using random 10% of training set for validation with indices saved in: ./valid_indices_123.txt
2025-10-22 08:52:15.134 INFO: Atomic Numbers used: [1, 6, 7, 8]
2025-10-22 08:52:15.134 INFO: Isolated Atomic Energies (E0s) not in training file, using command line argument
2025-10-22 08:52:15.134 INFO: Computing average Atomic Energies using least squares regression
2025-10-22 08:52:15.137 INFO: Atomic Energies used (z: eV): {1: -887.1094175756843, 6: -725.8167961982872, 7: -80.64631068869856, 8: -241.9389320660957}
2025-10-22 08:52:15.161 INFO: 
2025-10-22 08:52:15.161 INFO: ===========MODEL DETAILS===========
2025-10-22 08:52:15.284 INFO: Average number of neighbors: 6.4
2025-10-22 08:52:15.284 INFO: During training the following quantities will be reported: energy, forces, dipoles, nacs
2025-10-22 08:52:15.295 INFO: Building model
2025-10-22 08:52:15.295 INFO: Message passing with 128 channels and max_L=1 (128x0e + 128x1o)
2025-10-22 08:52:15.296 INFO: 2 layers, each with correlation order: 3 (body order: 4) and spherical harmonics up to: l=3
2025-10-22 08:52:15.296 INFO: 8 radial and 5 basis functions
2025-10-22 08:52:15.296 INFO: Radial cutoff: 5.0 Å (total receptive field for each atom: 10.0 Å)
2025-10-22 08:52:15.296 INFO: Distance transform for radial basis functions: None
2025-10-22 08:52:16.095 DEBUG: ExcitedMACE(
  (node_embedding): LinearNodeEmbeddingBlock(
    (linear): Linear(4x0e -> 128x0e | 512 weights)
  )
  (radial_embedding): RadialEmbeddingBlock(
    (bessel_fn): BesselBasis(r_max=5.0, num_basis=8, trainable=False)
    (cutoff_fn): PolynomialCutoff(p=5.0, r_max=5.0)
  )
  (spherical_harmonics): SphericalHarmonics()
  (atomic_energies_fn): AtomicEnergiesBlock(energies=[-887.1094, -725.8168, -80.6463, -241.9389])
  (interactions): ModuleList(
    (0): RealAgnosticInteractionBlock(
      (linear_up): Linear(128x0e -> 128x0e | 16384 weights)
      (conv_tp): TensorProduct(128x0e x 1x0e+1x1o+1x2e+1x3o -> 128x0e+128x1o+128x2e+128x3o | 512 paths | 512 weights)
      (conv_tp_weights): FullyConnectedNet[8, 64, 64, 64, 512]
      (linear): Linear(128x0e+128x1o+128x2e+128x3o -> 128x0e+128x1o+128x2e+128x3o | 65536 weights)
      (skip_tp): FullyConnectedTensorProduct(128x0e+128x1o+128x2e+128x3o x 4x0e -> 128x0e+128x1o+128x2e+128x3o | 262144 paths | 262144 weights)
      (reshape): reshape_irreps()
    )
    (1): RealAgnosticResidualInteractionBlock(
      (linear_up): Linear(128x0e+128x1o -> 128x0e+128x1o | 32768 weights)
      (conv_tp): TensorProduct(128x0e+128x1o x 1x0e+1x1o+1x2e+1x3o -> 256x0e+384x1o+384x2e+256x3o | 1280 paths | 1280 weights)
      (conv_tp_weights): FullyConnectedNet[8, 64, 64, 64, 1280]
      (linear): Linear(256x0e+384x1o+384x2e+256x3o -> 128x0e+128x1o+128x2e+128x3o | 163840 weights)
      (skip_tp): FullyConnectedTensorProduct(128x0e+128x1o x 4x0e -> 128x0e | 65536 paths | 65536 weights)
      (reshape): reshape_irreps()
    )
  )
  (products): ModuleList(
    (0): EquivariantProductBasisBlock(
      (symmetric_contractions): SymmetricContraction(
        (contractions): ModuleList(
          (0): Contraction(
            (contractions_weighting): ModuleList(
              (0-1): 2 x GraphModule()
            )
            (contractions_features): ModuleList(
              (0-1): 2 x GraphModule()
            )
            (weights): ParameterList(
                (0): Parameter containing: [torch.float32 of size 4x4x128 (cuda:0)]
                (1): Parameter containing: [torch.float32 of size 4x1x128 (cuda:0)]
            )
            (graph_opt_main): GraphModule()
          )
          (1): Contraction(
            (contractions_weighting): ModuleList(
              (0-1): 2 x GraphModule()
            )
            (contractions_features): ModuleList(
              (0-1): 2 x GraphModule()
            )
            (weights): ParameterList(
                (0): Parameter containing: [torch.float32 of size 4x6x128 (cuda:0)]
                (1): Parameter containing: [torch.float32 of size 4x1x128 (cuda:0)]
            )
            (graph_opt_main): GraphModule()
          )
        )
      )
      (linear): Linear(128x0e+128x1o -> 128x0e+128x1o | 32768 weights)
    )
    (1): EquivariantProductBasisBlock(
      (symmetric_contractions): SymmetricContraction(
        (contractions): ModuleList(
          (0): Contraction(
            (contractions_weighting): ModuleList(
              (0-1): 2 x GraphModule()
            )
            (contractions_features): ModuleList(
              (0-1): 2 x GraphModule()
            )
            (weights): ParameterList(
                (0): Parameter containing: [torch.float32 of size 4x4x128 (cuda:0)]
                (1): Parameter containing: [torch.float32 of size 4x1x128 (cuda:0)]
            )
            (graph_opt_main): GraphModule()
          )
        )
      )
      (linear): Linear(128x0e -> 128x0e | 16384 weights)
    )
  )
  (readouts): ModuleList(
    (0): LinearDipoleReadoutBlock(
      (linear): Linear(128x0e+128x1o -> 13x0e+169x1o | 23296 weights)
    )
    (1): NonLinearDipoleReadoutBlock(
      (equivariant_nonlin): Gate (128x0e -> 128x0e)
      (linear_1): Linear(128x0e -> 128x0e | 16384 weights)
      (linear_2): Linear(128x0e -> 13x0e+169x1o | 1664 weights)
    )
  )
  (socs_readouts): ModuleList(
    (0): LinearSocReadoutBlock(
      (linear): Linear(128x0e+128x1o -> 0x0e | 0 weights)
    )
    (1): NonLinearSocReadoutBlock(
      (equivariant_nonlin): Gate (128x0e -> 128x0e)
      (linear_1): Linear(128x0e -> 128x0e | 16384 weights)
      (linear_2): Linear(128x0e -> 0x0e | 0 weights)
    )
  )
)
2025-10-22 08:52:16.096 INFO: Total number of parameters: 904064
2025-10-22 08:52:16.096 INFO: 
2025-10-22 08:52:16.096 INFO: ===========OPTIMIZER INFORMATION===========
2025-10-22 08:52:16.096 INFO: Using ADAM as parameter optimizer
2025-10-22 08:52:16.096 INFO: Batch size: 10
2025-10-22 08:52:16.096 INFO: Using Exponential Moving Average with decay: 0.99
2025-10-22 08:52:16.096 INFO: Number of gradient updates: 900
2025-10-22 08:52:16.096 INFO: Learning rate: 0.001, weight decay: 5e-07
2025-10-22 08:52:16.096 INFO: WeightedEnergyForcesNacsDipoleLoss(energy_weight=100.000, forces_weight=100.000, dipole_weight=1.000)
2025-10-22 08:52:16.097 INFO: Using gradient clipping with tolerance=10.000
2025-10-22 08:52:16.097 INFO: 
2025-10-22 08:52:16.097 INFO: ===========TRAINING===========
2025-10-22 08:52:16.097 INFO: Started training, reporting errors on validation set
2025-10-22 08:52:16.097 INFO: Loss metrics on validation set
2025-10-22 08:52:16.645 DEBUG: Saving info: ./results/tyrosine_run-123_train.txt
2025-10-22 08:52:18.153 DEBUG: Saving info: ./results/tyrosine_run-123_train.txt
2025-10-22 08:52:19.709 DEBUG: Saving info: ./results/tyrosine_run-123_train.txt
2025-10-22 08:52:21.471 DEBUG: Saving info: ./results/tyrosine_run-123_train.txt
2025-10-22 08:52:22.346 DEBUG: Saving info: ./results/tyrosine_run-123_train.txt
2025-10-22 08:52:23.002 DEBUG: Saving info: ./results/tyrosine_run-123_train.txt
2025-10-22 08:52:23.662 DEBUG: Saving info: ./results/tyrosine_run-123_train.txt
2025-10-22 08:52:24.323 DEBUG: Saving info: ./results/tyrosine_run-123_train.txt
2025-10-22 08:52:24.986 DEBUG: Saving info: ./results/tyrosine_run-123_train.txt
2025-10-22 08:52:25.653 DEBUG: Saving info: ./results/tyrosine_run-123_train.txt
2025-10-22 08:52:25.894 DEBUG: Saving info: ./results/tyrosine_run-123_train.txt
2025-10-22 08:52:25.896 DEBUG: Saving checkpoint: ./checkpoints/tyrosine_run-123_epoch-0.pt
2025-10-22 08:52:26.607 DEBUG: Saving info: ./results/tyrosine_run-123_train.txt
2025-10-22 08:52:27.265 DEBUG: Saving info: ./results/tyrosine_run-123_train.txt
2025-10-22 08:52:27.928 DEBUG: Saving info: ./results/tyrosine_run-123_train.txt
2025-10-22 08:52:50.890 INFO: ===========VERIFYING SETTINGS===========
2025-10-22 08:52:50.890 INFO: MACE version: 0.3.6
2025-10-22 08:52:50.890 DEBUG: Configuration: Namespace(config=None, name='tyrosine', seed=123, work_dir='.', nacs_key='smooth_nacs', log_dir='./logs', model_dir='.', checkpoints_dir='./checkpoints', results_dir='./results', downloads_dir='./downloads', device='cuda', default_dtype='float32', distributed=False, log_level='INFO', n_energies=13, error_table='EnergyNacsDipoleMAE', model='ExcitedMACE', r_max=5.0, num_permutational_invariant=16, radial_type='bessel', num_radial_basis=8, num_cutoff_basis=5, pair_repulsion=False, distance_transform='None', interaction='RealAgnosticResidualInteractionBlock', interaction_first='RealAgnosticResidualInteractionBlock', max_ell=3, correlation=3, num_interactions=2, MLP_irreps='128x0e', radial_MLP='[64, 64, 64]', hidden_irreps='128x0e + 128x1o', num_channels=128, max_L=1, gate='silu', scaling='rms_forces_scaling', avg_num_neighbors=1, compute_avg_num_neighbors=True, compute_stress=False, compute_forces=True, compute_dipoles=True, compute_nacs=True, compute_socs=True, train_file='tyrosine_correct.xyz', valid_file=None, valid_fraction=0.1, test_file=None, test_dir=None, multi_processed_test=False, num_workers=0, pin_memory=True, atomic_numbers=None, mean=None, std=None, statistics_file=None, E0s='average', keep_isolated_atoms=False, energy_key='REF_energy', forces_key='REF_forces', virials_key='REF_virials', stress_key='REF_stress', dipoles_key='REF_dipoles', charges_key='REF_charges', loss='weighted', forces_weight=100.0, nacs_weight=100.0, socs_weight=0.0, soc_num=0, swa_forces_weight=100.0, energy_weight=100.0, swa_energy_weight=1000.0, virials_weight=1.0, swa_virials_weight=10.0, stress_weight=1.0, swa_stress_weight=10.0, dipoles_weight=1.0, swa_dipole_weight=1.0, config_type_weights='{"Default":1.0}', huber_delta=0.01, optimizer='adam', beta=0.9, batch_size=10, valid_batch_size=10, lr=0.001, swa_lr=0.001, weight_decay=5e-07, amsgrad=True, scheduler='ReduceLROnPlateau', lr_factor=0.8, scheduler_patience=50, lr_scheduler_gamma=0.9993, swa=False, start_swa=None, ema=True, ema_decay=0.99, max_num_epochs=1, patience=2048, foundation_model=None, foundation_model_readout=True, eval_interval=1, keep_checkpoints=False, save_all_checkpoints=False, restart_latest=False, save_cpu=False, clip_grad=10.0, wandb=False, wandb_dir=None, wandb_project='', wandb_entity='', wandb_name='', wandb_log_hypers=['num_channels', 'max_L', 'correlation', 'lr', 'swa_lr', 'weight_decay', 'batch_size', 'max_num_epochs', 'start_swa', 'energy_weight', 'forces_weight'])
2025-10-22 08:52:50.918 INFO: CUDA version: 12.4, CUDA device: 0
2025-10-22 08:52:50.935 DEBUG: Popen(['git', 'version'], cwd=/home/rhyan/Exciton_model/X-MACE, stdin=None, shell=False, universal_newlines=False)
2025-10-22 08:52:50.937 DEBUG: Popen(['git', 'version'], cwd=/home/rhyan/Exciton_model/X-MACE, stdin=None, shell=False, universal_newlines=False)
2025-10-22 08:52:50.938 DEBUG: sys.platform='linux', git_executable='git'
2025-10-22 08:52:50.938 DEBUG: Popen(['git', 'cat-file', '--batch-check'], cwd=/home/rhyan/Exciton_model/X-MACE, stdin=<valid stream>, shell=False, universal_newlines=False)
2025-10-22 08:52:50.939 DEBUG: Current Git commit: 0861c52cf365064d060e006c179e4cc1785b61c2
2025-10-22 08:52:50.940 INFO: 
2025-10-22 08:52:50.940 INFO: ===========LOADING INPUT DATA===========
2025-10-22 08:52:51.381 INFO: Using random 10% of training set for validation with indices saved in: ./valid_indices_123.txt
2025-10-22 08:52:51.382 INFO: Atomic Numbers used: [1, 6, 7, 8]
2025-10-22 08:52:51.382 INFO: Isolated Atomic Energies (E0s) not in training file, using command line argument
2025-10-22 08:52:51.382 INFO: Computing average Atomic Energies using least squares regression
2025-10-22 08:52:51.385 INFO: Atomic Energies used (z: eV): {1: -887.1094175756843, 6: -725.8167961982872, 7: -80.64631068869856, 8: -241.9389320660957}
2025-10-22 08:52:51.409 INFO: 
2025-10-22 08:52:51.409 INFO: ===========MODEL DETAILS===========
2025-10-22 08:52:51.534 INFO: Average number of neighbors: 6.4
2025-10-22 08:52:51.534 INFO: During training the following quantities will be reported: energy, forces, dipoles, nacs
2025-10-22 08:52:51.546 INFO: Building model
2025-10-22 08:52:51.546 INFO: Message passing with 128 channels and max_L=1 (128x0e + 128x1o)
2025-10-22 08:52:51.546 INFO: 2 layers, each with correlation order: 3 (body order: 4) and spherical harmonics up to: l=3
2025-10-22 08:52:51.546 INFO: 8 radial and 5 basis functions
2025-10-22 08:52:51.546 INFO: Radial cutoff: 5.0 Å (total receptive field for each atom: 10.0 Å)
2025-10-22 08:52:51.546 INFO: Distance transform for radial basis functions: None
2025-10-22 08:52:52.381 DEBUG: ExcitedMACE(
  (node_embedding): LinearNodeEmbeddingBlock(
    (linear): Linear(4x0e -> 128x0e | 512 weights)
  )
  (radial_embedding): RadialEmbeddingBlock(
    (bessel_fn): BesselBasis(r_max=5.0, num_basis=8, trainable=False)
    (cutoff_fn): PolynomialCutoff(p=5.0, r_max=5.0)
  )
  (spherical_harmonics): SphericalHarmonics()
  (atomic_energies_fn): AtomicEnergiesBlock(energies=[-887.1094, -725.8168, -80.6463, -241.9389])
  (interactions): ModuleList(
    (0): RealAgnosticInteractionBlock(
      (linear_up): Linear(128x0e -> 128x0e | 16384 weights)
      (conv_tp): TensorProduct(128x0e x 1x0e+1x1o+1x2e+1x3o -> 128x0e+128x1o+128x2e+128x3o | 512 paths | 512 weights)
      (conv_tp_weights): FullyConnectedNet[8, 64, 64, 64, 512]
      (linear): Linear(128x0e+128x1o+128x2e+128x3o -> 128x0e+128x1o+128x2e+128x3o | 65536 weights)
      (skip_tp): FullyConnectedTensorProduct(128x0e+128x1o+128x2e+128x3o x 4x0e -> 128x0e+128x1o+128x2e+128x3o | 262144 paths | 262144 weights)
      (reshape): reshape_irreps()
    )
    (1): RealAgnosticResidualInteractionBlock(
      (linear_up): Linear(128x0e+128x1o -> 128x0e+128x1o | 32768 weights)
      (conv_tp): TensorProduct(128x0e+128x1o x 1x0e+1x1o+1x2e+1x3o -> 256x0e+384x1o+384x2e+256x3o | 1280 paths | 1280 weights)
      (conv_tp_weights): FullyConnectedNet[8, 64, 64, 64, 1280]
      (linear): Linear(256x0e+384x1o+384x2e+256x3o -> 128x0e+128x1o+128x2e+128x3o | 163840 weights)
      (skip_tp): FullyConnectedTensorProduct(128x0e+128x1o x 4x0e -> 128x0e | 65536 paths | 65536 weights)
      (reshape): reshape_irreps()
    )
  )
  (products): ModuleList(
    (0): EquivariantProductBasisBlock(
      (symmetric_contractions): SymmetricContraction(
        (contractions): ModuleList(
          (0): Contraction(
            (contractions_weighting): ModuleList(
              (0-1): 2 x GraphModule()
            )
            (contractions_features): ModuleList(
              (0-1): 2 x GraphModule()
            )
            (weights): ParameterList(
                (0): Parameter containing: [torch.float32 of size 4x4x128 (cuda:0)]
                (1): Parameter containing: [torch.float32 of size 4x1x128 (cuda:0)]
            )
            (graph_opt_main): GraphModule()
          )
          (1): Contraction(
            (contractions_weighting): ModuleList(
              (0-1): 2 x GraphModule()
            )
            (contractions_features): ModuleList(
              (0-1): 2 x GraphModule()
            )
            (weights): ParameterList(
                (0): Parameter containing: [torch.float32 of size 4x6x128 (cuda:0)]
                (1): Parameter containing: [torch.float32 of size 4x1x128 (cuda:0)]
            )
            (graph_opt_main): GraphModule()
          )
        )
      )
      (linear): Linear(128x0e+128x1o -> 128x0e+128x1o | 32768 weights)
    )
    (1): EquivariantProductBasisBlock(
      (symmetric_contractions): SymmetricContraction(
        (contractions): ModuleList(
          (0): Contraction(
            (contractions_weighting): ModuleList(
              (0-1): 2 x GraphModule()
            )
            (contractions_features): ModuleList(
              (0-1): 2 x GraphModule()
            )
            (weights): ParameterList(
                (0): Parameter containing: [torch.float32 of size 4x4x128 (cuda:0)]
                (1): Parameter containing: [torch.float32 of size 4x1x128 (cuda:0)]
            )
            (graph_opt_main): GraphModule()
          )
        )
      )
      (linear): Linear(128x0e -> 128x0e | 16384 weights)
    )
  )
  (readouts): ModuleList(
    (0): LinearDipoleReadoutBlock(
      (linear): Linear(128x0e+128x1o -> 13x0e+169x1o | 23296 weights)
    )
    (1): NonLinearDipoleReadoutBlock(
      (equivariant_nonlin): Gate (128x0e -> 128x0e)
      (linear_1): Linear(128x0e -> 128x0e | 16384 weights)
      (linear_2): Linear(128x0e -> 13x0e+169x1o | 1664 weights)
    )
  )
  (socs_readouts): ModuleList(
    (0): LinearSocReadoutBlock(
      (linear): Linear(128x0e+128x1o -> 0x0e | 0 weights)
    )
    (1): NonLinearSocReadoutBlock(
      (equivariant_nonlin): Gate (128x0e -> 128x0e)
      (linear_1): Linear(128x0e -> 128x0e | 16384 weights)
      (linear_2): Linear(128x0e -> 0x0e | 0 weights)
    )
  )
)
2025-10-22 08:52:52.383 INFO: Total number of parameters: 904064
2025-10-22 08:52:52.383 INFO: 
2025-10-22 08:52:52.383 INFO: ===========OPTIMIZER INFORMATION===========
2025-10-22 08:52:52.383 INFO: Using ADAM as parameter optimizer
2025-10-22 08:52:52.383 INFO: Batch size: 10
2025-10-22 08:52:52.383 INFO: Using Exponential Moving Average with decay: 0.99
2025-10-22 08:52:52.383 INFO: Number of gradient updates: 9
2025-10-22 08:52:52.383 INFO: Learning rate: 0.001, weight decay: 5e-07
2025-10-22 08:52:52.383 INFO: WeightedEnergyForcesNacsDipoleLoss(energy_weight=100.000, forces_weight=100.000, dipole_weight=1.000)
2025-10-22 08:52:52.384 INFO: Using gradient clipping with tolerance=10.000
2025-10-22 08:52:52.384 INFO: 
2025-10-22 08:52:52.384 INFO: ===========TRAINING===========
2025-10-22 08:52:52.384 INFO: Started training, reporting errors on validation set
2025-10-22 08:52:52.384 INFO: Loss metrics on validation set
2025-10-22 08:52:52.945 DEBUG: Saving info: ./results/tyrosine_run-123_train.txt
2025-10-22 08:52:54.460 DEBUG: Saving info: ./results/tyrosine_run-123_train.txt
2025-10-22 08:52:56.021 DEBUG: Saving info: ./results/tyrosine_run-123_train.txt
2025-10-22 08:52:57.784 DEBUG: Saving info: ./results/tyrosine_run-123_train.txt
2025-10-22 08:52:58.664 DEBUG: Saving info: ./results/tyrosine_run-123_train.txt
2025-10-22 08:52:59.323 DEBUG: Saving info: ./results/tyrosine_run-123_train.txt
2025-10-22 08:52:59.985 DEBUG: Saving info: ./results/tyrosine_run-123_train.txt
2025-10-22 08:53:00.649 DEBUG: Saving info: ./results/tyrosine_run-123_train.txt
2025-10-22 08:53:01.313 DEBUG: Saving info: ./results/tyrosine_run-123_train.txt
2025-10-22 08:53:01.983 DEBUG: Saving info: ./results/tyrosine_run-123_train.txt
2025-10-22 08:53:02.227 DEBUG: Saving info: ./results/tyrosine_run-123_train.txt
2025-10-22 08:53:02.229 DEBUG: Saving checkpoint: ./checkpoints/tyrosine_run-123_epoch-0.pt
2025-10-22 08:53:02.292 INFO: Training complete
2025-10-22 08:53:02.292 INFO: 
2025-10-22 08:53:02.292 INFO: ===========RESULTS===========
2025-10-22 08:53:02.292 INFO: Computing metrics for training, validation, and test sets
2025-10-22 08:53:02.292 INFO: Loading checkpoint: ./checkpoints/tyrosine_run-123_epoch-9.pt
2025-10-22 08:53:25.217 INFO: ===========VERIFYING SETTINGS===========
2025-10-22 08:53:25.217 INFO: MACE version: 0.3.6
2025-10-22 08:53:25.217 DEBUG: Configuration: Namespace(config=None, name='tyrosine', seed=123, work_dir='.', nacs_key='smooth_nacs', log_dir='./logs', model_dir='.', checkpoints_dir='./checkpoints', results_dir='./results', downloads_dir='./downloads', device='cuda', default_dtype='float32', distributed=False, log_level='INFO', n_energies=13, error_table='EnergyNacsDipoleMAE', model='ExcitedMACE', r_max=5.0, num_permutational_invariant=16, radial_type='bessel', num_radial_basis=8, num_cutoff_basis=5, pair_repulsion=False, distance_transform='None', interaction='RealAgnosticResidualInteractionBlock', interaction_first='RealAgnosticResidualInteractionBlock', max_ell=3, correlation=3, num_interactions=2, MLP_irreps='128x0e', radial_MLP='[64, 64, 64]', hidden_irreps='128x0e + 128x1o', num_channels=128, max_L=1, gate='silu', scaling='rms_forces_scaling', avg_num_neighbors=1, compute_avg_num_neighbors=True, compute_stress=False, compute_forces=True, compute_dipoles=True, compute_nacs=True, compute_socs=True, train_file='tyrosine_correct.xyz', valid_file=None, valid_fraction=0.1, test_file=None, test_dir=None, multi_processed_test=False, num_workers=0, pin_memory=True, atomic_numbers=None, mean=None, std=None, statistics_file=None, E0s='average', keep_isolated_atoms=False, energy_key='REF_energy', forces_key='REF_forces', virials_key='REF_virials', stress_key='REF_stress', dipoles_key='REF_dipoles', charges_key='REF_charges', loss='weighted', forces_weight=100.0, nacs_weight=100.0, socs_weight=0.0, soc_num=0, swa_forces_weight=100.0, energy_weight=100.0, swa_energy_weight=1000.0, virials_weight=1.0, swa_virials_weight=10.0, stress_weight=1.0, swa_stress_weight=10.0, dipoles_weight=1.0, swa_dipole_weight=1.0, config_type_weights='{"Default":1.0}', huber_delta=0.01, optimizer='adam', beta=0.9, batch_size=10, valid_batch_size=10, lr=0.001, swa_lr=0.001, weight_decay=5e-07, amsgrad=True, scheduler='ReduceLROnPlateau', lr_factor=0.8, scheduler_patience=50, lr_scheduler_gamma=0.9993, swa=False, start_swa=None, ema=True, ema_decay=0.99, max_num_epochs=1, patience=2048, foundation_model=None, foundation_model_readout=True, eval_interval=1, keep_checkpoints=False, save_all_checkpoints=False, restart_latest=False, save_cpu=False, clip_grad=10.0, wandb=False, wandb_dir=None, wandb_project='', wandb_entity='', wandb_name='', wandb_log_hypers=['num_channels', 'max_L', 'correlation', 'lr', 'swa_lr', 'weight_decay', 'batch_size', 'max_num_epochs', 'start_swa', 'energy_weight', 'forces_weight'])
2025-10-22 08:53:25.245 INFO: CUDA version: 12.4, CUDA device: 0
2025-10-22 08:53:25.264 DEBUG: Popen(['git', 'version'], cwd=/home/rhyan/Exciton_model/X-MACE, stdin=None, shell=False, universal_newlines=False)
2025-10-22 08:53:25.266 DEBUG: Popen(['git', 'version'], cwd=/home/rhyan/Exciton_model/X-MACE, stdin=None, shell=False, universal_newlines=False)
2025-10-22 08:53:25.268 DEBUG: sys.platform='linux', git_executable='git'
2025-10-22 08:53:25.268 DEBUG: Popen(['git', 'cat-file', '--batch-check'], cwd=/home/rhyan/Exciton_model/X-MACE, stdin=<valid stream>, shell=False, universal_newlines=False)
2025-10-22 08:53:25.270 DEBUG: Current Git commit: 0861c52cf365064d060e006c179e4cc1785b61c2
2025-10-22 08:53:25.270 INFO: 
2025-10-22 08:53:25.270 INFO: ===========LOADING INPUT DATA===========
2025-10-22 08:53:25.714 INFO: Using random 10% of training set for validation with indices saved in: ./valid_indices_123.txt
2025-10-22 08:53:25.714 INFO: Atomic Numbers used: [1, 6, 7, 8]
2025-10-22 08:53:25.714 INFO: Isolated Atomic Energies (E0s) not in training file, using command line argument
2025-10-22 08:53:25.714 INFO: Computing average Atomic Energies using least squares regression
2025-10-22 08:53:25.718 INFO: Atomic Energies used (z: eV): {1: -887.1094175756843, 6: -725.8167961982872, 7: -80.64631068869856, 8: -241.9389320660957}
2025-10-22 08:53:25.741 INFO: 
2025-10-22 08:53:25.741 INFO: ===========MODEL DETAILS===========
2025-10-22 08:53:25.863 INFO: Average number of neighbors: 6.4
2025-10-22 08:53:25.863 INFO: During training the following quantities will be reported: energy, forces, dipoles, nacs
2025-10-22 08:53:25.874 INFO: Building model
2025-10-22 08:53:25.874 INFO: Message passing with 128 channels and max_L=1 (128x0e + 128x1o)
2025-10-22 08:53:25.874 INFO: 2 layers, each with correlation order: 3 (body order: 4) and spherical harmonics up to: l=3
2025-10-22 08:53:25.874 INFO: 8 radial and 5 basis functions
2025-10-22 08:53:25.874 INFO: Radial cutoff: 5.0 Å (total receptive field for each atom: 10.0 Å)
2025-10-22 08:53:25.874 INFO: Distance transform for radial basis functions: None
2025-10-22 08:53:26.674 DEBUG: ExcitedMACE(
  (node_embedding): LinearNodeEmbeddingBlock(
    (linear): Linear(4x0e -> 128x0e | 512 weights)
  )
  (radial_embedding): RadialEmbeddingBlock(
    (bessel_fn): BesselBasis(r_max=5.0, num_basis=8, trainable=False)
    (cutoff_fn): PolynomialCutoff(p=5.0, r_max=5.0)
  )
  (spherical_harmonics): SphericalHarmonics()
  (atomic_energies_fn): AtomicEnergiesBlock(energies=[-887.1094, -725.8168, -80.6463, -241.9389])
  (interactions): ModuleList(
    (0): RealAgnosticInteractionBlock(
      (linear_up): Linear(128x0e -> 128x0e | 16384 weights)
      (conv_tp): TensorProduct(128x0e x 1x0e+1x1o+1x2e+1x3o -> 128x0e+128x1o+128x2e+128x3o | 512 paths | 512 weights)
      (conv_tp_weights): FullyConnectedNet[8, 64, 64, 64, 512]
      (linear): Linear(128x0e+128x1o+128x2e+128x3o -> 128x0e+128x1o+128x2e+128x3o | 65536 weights)
      (skip_tp): FullyConnectedTensorProduct(128x0e+128x1o+128x2e+128x3o x 4x0e -> 128x0e+128x1o+128x2e+128x3o | 262144 paths | 262144 weights)
      (reshape): reshape_irreps()
    )
    (1): RealAgnosticResidualInteractionBlock(
      (linear_up): Linear(128x0e+128x1o -> 128x0e+128x1o | 32768 weights)
      (conv_tp): TensorProduct(128x0e+128x1o x 1x0e+1x1o+1x2e+1x3o -> 256x0e+384x1o+384x2e+256x3o | 1280 paths | 1280 weights)
      (conv_tp_weights): FullyConnectedNet[8, 64, 64, 64, 1280]
      (linear): Linear(256x0e+384x1o+384x2e+256x3o -> 128x0e+128x1o+128x2e+128x3o | 163840 weights)
      (skip_tp): FullyConnectedTensorProduct(128x0e+128x1o x 4x0e -> 128x0e | 65536 paths | 65536 weights)
      (reshape): reshape_irreps()
    )
  )
  (products): ModuleList(
    (0): EquivariantProductBasisBlock(
      (symmetric_contractions): SymmetricContraction(
        (contractions): ModuleList(
          (0): Contraction(
            (contractions_weighting): ModuleList(
              (0-1): 2 x GraphModule()
            )
            (contractions_features): ModuleList(
              (0-1): 2 x GraphModule()
            )
            (weights): ParameterList(
                (0): Parameter containing: [torch.float32 of size 4x4x128 (cuda:0)]
                (1): Parameter containing: [torch.float32 of size 4x1x128 (cuda:0)]
            )
            (graph_opt_main): GraphModule()
          )
          (1): Contraction(
            (contractions_weighting): ModuleList(
              (0-1): 2 x GraphModule()
            )
            (contractions_features): ModuleList(
              (0-1): 2 x GraphModule()
            )
            (weights): ParameterList(
                (0): Parameter containing: [torch.float32 of size 4x6x128 (cuda:0)]
                (1): Parameter containing: [torch.float32 of size 4x1x128 (cuda:0)]
            )
            (graph_opt_main): GraphModule()
          )
        )
      )
      (linear): Linear(128x0e+128x1o -> 128x0e+128x1o | 32768 weights)
    )
    (1): EquivariantProductBasisBlock(
      (symmetric_contractions): SymmetricContraction(
        (contractions): ModuleList(
          (0): Contraction(
            (contractions_weighting): ModuleList(
              (0-1): 2 x GraphModule()
            )
            (contractions_features): ModuleList(
              (0-1): 2 x GraphModule()
            )
            (weights): ParameterList(
                (0): Parameter containing: [torch.float32 of size 4x4x128 (cuda:0)]
                (1): Parameter containing: [torch.float32 of size 4x1x128 (cuda:0)]
            )
            (graph_opt_main): GraphModule()
          )
        )
      )
      (linear): Linear(128x0e -> 128x0e | 16384 weights)
    )
  )
  (readouts): ModuleList(
    (0): LinearDipoleReadoutBlock(
      (linear): Linear(128x0e+128x1o -> 13x0e+169x1o | 23296 weights)
    )
    (1): NonLinearDipoleReadoutBlock(
      (equivariant_nonlin): Gate (128x0e -> 128x0e)
      (linear_1): Linear(128x0e -> 128x0e | 16384 weights)
      (linear_2): Linear(128x0e -> 13x0e+169x1o | 1664 weights)
    )
  )
  (socs_readouts): ModuleList(
    (0): LinearSocReadoutBlock(
      (linear): Linear(128x0e+128x1o -> 0x0e | 0 weights)
    )
    (1): NonLinearSocReadoutBlock(
      (equivariant_nonlin): Gate (128x0e -> 128x0e)
      (linear_1): Linear(128x0e -> 128x0e | 16384 weights)
      (linear_2): Linear(128x0e -> 0x0e | 0 weights)
    )
  )
)
2025-10-22 08:53:26.676 INFO: Total number of parameters: 904064
2025-10-22 08:53:26.676 INFO: 
2025-10-22 08:53:26.676 INFO: ===========OPTIMIZER INFORMATION===========
2025-10-22 08:53:26.676 INFO: Using ADAM as parameter optimizer
2025-10-22 08:53:26.676 INFO: Batch size: 10
2025-10-22 08:53:26.676 INFO: Using Exponential Moving Average with decay: 0.99
2025-10-22 08:53:26.676 INFO: Number of gradient updates: 9
2025-10-22 08:53:26.676 INFO: Learning rate: 0.001, weight decay: 5e-07
2025-10-22 08:53:26.676 INFO: WeightedEnergyForcesNacsDipoleLoss(energy_weight=100.000, forces_weight=100.000, dipole_weight=1.000)
2025-10-22 08:53:26.677 INFO: Using gradient clipping with tolerance=10.000
2025-10-22 08:53:26.677 INFO: 
2025-10-22 08:53:26.677 INFO: ===========TRAINING===========
2025-10-22 08:53:26.677 INFO: Started training, reporting errors on validation set
2025-10-22 08:53:26.677 INFO: Loss metrics on validation set
2025-10-22 08:53:27.249 DEBUG: Saving info: ./results/tyrosine_run-123_train.txt
2025-10-22 08:53:28.755 DEBUG: Saving info: ./results/tyrosine_run-123_train.txt
2025-10-22 08:53:30.311 DEBUG: Saving info: ./results/tyrosine_run-123_train.txt
2025-10-22 08:53:32.072 DEBUG: Saving info: ./results/tyrosine_run-123_train.txt
2025-10-22 08:53:32.952 DEBUG: Saving info: ./results/tyrosine_run-123_train.txt
2025-10-22 08:53:33.610 DEBUG: Saving info: ./results/tyrosine_run-123_train.txt
2025-10-22 08:53:34.273 DEBUG: Saving info: ./results/tyrosine_run-123_train.txt
2025-10-22 08:53:34.936 DEBUG: Saving info: ./results/tyrosine_run-123_train.txt
2025-10-22 08:53:35.603 DEBUG: Saving info: ./results/tyrosine_run-123_train.txt
2025-10-22 08:53:36.273 DEBUG: Saving info: ./results/tyrosine_run-123_train.txt
2025-10-22 08:53:36.515 DEBUG: Saving info: ./results/tyrosine_run-123_train.txt
2025-10-22 08:53:36.516 DEBUG: Saving checkpoint: ./checkpoints/tyrosine_run-123_epoch-0.pt
2025-10-22 08:53:36.577 INFO: Training complete
2025-10-22 08:53:36.577 INFO: 
2025-10-22 08:53:36.577 INFO: ===========RESULTS===========
2025-10-22 08:53:36.577 INFO: Computing metrics for training, validation, and test sets
2025-10-22 08:53:36.578 INFO: Loading checkpoint: ./checkpoints/tyrosine_run-123_epoch-9.pt
2025-10-22 08:53:49.726 INFO: ===========VERIFYING SETTINGS===========
2025-10-22 08:53:49.726 INFO: MACE version: 0.3.6
2025-10-22 08:53:49.726 DEBUG: Configuration: Namespace(config=None, name='tyrosine', seed=123, work_dir='.', nacs_key='smooth_nacs', log_dir='./logs', model_dir='.', checkpoints_dir='./checkpoints', results_dir='./results', downloads_dir='./downloads', device='cuda', default_dtype='float32', distributed=False, log_level='INFO', n_energies=13, error_table='EnergyNacsDipoleMAE', model='ExcitedMACE', r_max=5.0, num_permutational_invariant=16, radial_type='bessel', num_radial_basis=8, num_cutoff_basis=5, pair_repulsion=False, distance_transform='None', interaction='RealAgnosticResidualInteractionBlock', interaction_first='RealAgnosticResidualInteractionBlock', max_ell=3, correlation=3, num_interactions=2, MLP_irreps='128x0e', radial_MLP='[64, 64, 64]', hidden_irreps='128x0e + 128x1o', num_channels=128, max_L=1, gate='silu', scaling='rms_forces_scaling', avg_num_neighbors=1, compute_avg_num_neighbors=True, compute_stress=False, compute_forces=True, compute_dipoles=True, compute_nacs=True, compute_socs=True, train_file='tyrosine_correct.xyz', valid_file=None, valid_fraction=0.1, test_file=None, test_dir=None, multi_processed_test=False, num_workers=0, pin_memory=True, atomic_numbers=None, mean=None, std=None, statistics_file=None, E0s='average', keep_isolated_atoms=False, energy_key='REF_energy', forces_key='REF_forces', virials_key='REF_virials', stress_key='REF_stress', dipoles_key='REF_dipoles', charges_key='REF_charges', loss='weighted', forces_weight=100.0, nacs_weight=100.0, socs_weight=0.0, soc_num=812, swa_forces_weight=100.0, energy_weight=100.0, swa_energy_weight=1000.0, virials_weight=1.0, swa_virials_weight=10.0, stress_weight=1.0, swa_stress_weight=10.0, dipoles_weight=1.0, swa_dipole_weight=1.0, config_type_weights='{"Default":1.0}', huber_delta=0.01, optimizer='adam', beta=0.9, batch_size=10, valid_batch_size=10, lr=0.001, swa_lr=0.001, weight_decay=5e-07, amsgrad=True, scheduler='ReduceLROnPlateau', lr_factor=0.8, scheduler_patience=50, lr_scheduler_gamma=0.9993, swa=False, start_swa=None, ema=True, ema_decay=0.99, max_num_epochs=1, patience=2048, foundation_model=None, foundation_model_readout=True, eval_interval=1, keep_checkpoints=False, save_all_checkpoints=False, restart_latest=False, save_cpu=False, clip_grad=10.0, wandb=False, wandb_dir=None, wandb_project='', wandb_entity='', wandb_name='', wandb_log_hypers=['num_channels', 'max_L', 'correlation', 'lr', 'swa_lr', 'weight_decay', 'batch_size', 'max_num_epochs', 'start_swa', 'energy_weight', 'forces_weight'])
2025-10-22 08:53:49.754 INFO: CUDA version: 12.4, CUDA device: 0
2025-10-22 08:53:49.772 DEBUG: Popen(['git', 'version'], cwd=/home/rhyan/Exciton_model/X-MACE, stdin=None, shell=False, universal_newlines=False)
2025-10-22 08:53:49.773 DEBUG: Popen(['git', 'version'], cwd=/home/rhyan/Exciton_model/X-MACE, stdin=None, shell=False, universal_newlines=False)
2025-10-22 08:53:49.774 DEBUG: sys.platform='linux', git_executable='git'
2025-10-22 08:53:49.775 DEBUG: Popen(['git', 'cat-file', '--batch-check'], cwd=/home/rhyan/Exciton_model/X-MACE, stdin=<valid stream>, shell=False, universal_newlines=False)
2025-10-22 08:53:49.776 DEBUG: Current Git commit: 0861c52cf365064d060e006c179e4cc1785b61c2
2025-10-22 08:53:49.776 INFO: 
2025-10-22 08:53:49.776 INFO: ===========LOADING INPUT DATA===========
2025-10-22 08:53:50.220 INFO: Using random 10% of training set for validation with indices saved in: ./valid_indices_123.txt
2025-10-22 08:53:50.220 INFO: Atomic Numbers used: [1, 6, 7, 8]
2025-10-22 08:53:50.220 INFO: Isolated Atomic Energies (E0s) not in training file, using command line argument
2025-10-22 08:53:50.220 INFO: Computing average Atomic Energies using least squares regression
2025-10-22 08:53:50.223 INFO: Atomic Energies used (z: eV): {1: -887.1094175756843, 6: -725.8167961982872, 7: -80.64631068869856, 8: -241.9389320660957}
2025-10-22 08:53:50.246 INFO: 
2025-10-22 08:53:50.246 INFO: ===========MODEL DETAILS===========
2025-10-22 08:53:50.370 INFO: Average number of neighbors: 6.4
2025-10-22 08:53:50.370 INFO: During training the following quantities will be reported: energy, forces, dipoles, nacs
2025-10-22 08:53:50.381 INFO: Building model
2025-10-22 08:53:50.381 INFO: Message passing with 128 channels and max_L=1 (128x0e + 128x1o)
2025-10-22 08:53:50.381 INFO: 2 layers, each with correlation order: 3 (body order: 4) and spherical harmonics up to: l=3
2025-10-22 08:53:50.381 INFO: 8 radial and 5 basis functions
2025-10-22 08:53:50.381 INFO: Radial cutoff: 5.0 Å (total receptive field for each atom: 10.0 Å)
2025-10-22 08:53:50.381 INFO: Distance transform for radial basis functions: None
2025-10-22 08:53:51.199 DEBUG: ExcitedMACE(
  (node_embedding): LinearNodeEmbeddingBlock(
    (linear): Linear(4x0e -> 128x0e | 512 weights)
  )
  (radial_embedding): RadialEmbeddingBlock(
    (bessel_fn): BesselBasis(r_max=5.0, num_basis=8, trainable=False)
    (cutoff_fn): PolynomialCutoff(p=5.0, r_max=5.0)
  )
  (spherical_harmonics): SphericalHarmonics()
  (atomic_energies_fn): AtomicEnergiesBlock(energies=[-887.1094, -725.8168, -80.6463, -241.9389])
  (interactions): ModuleList(
    (0): RealAgnosticInteractionBlock(
      (linear_up): Linear(128x0e -> 128x0e | 16384 weights)
      (conv_tp): TensorProduct(128x0e x 1x0e+1x1o+1x2e+1x3o -> 128x0e+128x1o+128x2e+128x3o | 512 paths | 512 weights)
      (conv_tp_weights): FullyConnectedNet[8, 64, 64, 64, 512]
      (linear): Linear(128x0e+128x1o+128x2e+128x3o -> 128x0e+128x1o+128x2e+128x3o | 65536 weights)
      (skip_tp): FullyConnectedTensorProduct(128x0e+128x1o+128x2e+128x3o x 4x0e -> 128x0e+128x1o+128x2e+128x3o | 262144 paths | 262144 weights)
      (reshape): reshape_irreps()
    )
    (1): RealAgnosticResidualInteractionBlock(
      (linear_up): Linear(128x0e+128x1o -> 128x0e+128x1o | 32768 weights)
      (conv_tp): TensorProduct(128x0e+128x1o x 1x0e+1x1o+1x2e+1x3o -> 256x0e+384x1o+384x2e+256x3o | 1280 paths | 1280 weights)
      (conv_tp_weights): FullyConnectedNet[8, 64, 64, 64, 1280]
      (linear): Linear(256x0e+384x1o+384x2e+256x3o -> 128x0e+128x1o+128x2e+128x3o | 163840 weights)
      (skip_tp): FullyConnectedTensorProduct(128x0e+128x1o x 4x0e -> 128x0e | 65536 paths | 65536 weights)
      (reshape): reshape_irreps()
    )
  )
  (products): ModuleList(
    (0): EquivariantProductBasisBlock(
      (symmetric_contractions): SymmetricContraction(
        (contractions): ModuleList(
          (0): Contraction(
            (contractions_weighting): ModuleList(
              (0-1): 2 x GraphModule()
            )
            (contractions_features): ModuleList(
              (0-1): 2 x GraphModule()
            )
            (weights): ParameterList(
                (0): Parameter containing: [torch.float32 of size 4x4x128 (cuda:0)]
                (1): Parameter containing: [torch.float32 of size 4x1x128 (cuda:0)]
            )
            (graph_opt_main): GraphModule()
          )
          (1): Contraction(
            (contractions_weighting): ModuleList(
              (0-1): 2 x GraphModule()
            )
            (contractions_features): ModuleList(
              (0-1): 2 x GraphModule()
            )
            (weights): ParameterList(
                (0): Parameter containing: [torch.float32 of size 4x6x128 (cuda:0)]
                (1): Parameter containing: [torch.float32 of size 4x1x128 (cuda:0)]
            )
            (graph_opt_main): GraphModule()
          )
        )
      )
      (linear): Linear(128x0e+128x1o -> 128x0e+128x1o | 32768 weights)
    )
    (1): EquivariantProductBasisBlock(
      (symmetric_contractions): SymmetricContraction(
        (contractions): ModuleList(
          (0): Contraction(
            (contractions_weighting): ModuleList(
              (0-1): 2 x GraphModule()
            )
            (contractions_features): ModuleList(
              (0-1): 2 x GraphModule()
            )
            (weights): ParameterList(
                (0): Parameter containing: [torch.float32 of size 4x4x128 (cuda:0)]
                (1): Parameter containing: [torch.float32 of size 4x1x128 (cuda:0)]
            )
            (graph_opt_main): GraphModule()
          )
        )
      )
      (linear): Linear(128x0e -> 128x0e | 16384 weights)
    )
  )
  (readouts): ModuleList(
    (0): LinearDipoleReadoutBlock(
      (linear): Linear(128x0e+128x1o -> 13x0e+169x1o | 23296 weights)
    )
    (1): NonLinearDipoleReadoutBlock(
      (equivariant_nonlin): Gate (128x0e -> 128x0e)
      (linear_1): Linear(128x0e -> 128x0e | 16384 weights)
      (linear_2): Linear(128x0e -> 13x0e+169x1o | 1664 weights)
    )
  )
  (socs_readouts): ModuleList(
    (0): LinearSocReadoutBlock(
      (linear): Linear(128x0e+128x1o -> 812x0e | 103936 weights)
    )
    (1): NonLinearSocReadoutBlock(
      (equivariant_nonlin): Gate (128x0e -> 128x0e)
      (linear_1): Linear(128x0e -> 128x0e | 16384 weights)
      (linear_2): Linear(128x0e -> 812x0e | 103936 weights)
    )
  )
)
2025-10-22 08:53:51.201 INFO: Total number of parameters: 1111936
2025-10-22 08:53:51.201 INFO: 
2025-10-22 08:53:51.201 INFO: ===========OPTIMIZER INFORMATION===========
2025-10-22 08:53:51.201 INFO: Using ADAM as parameter optimizer
2025-10-22 08:53:51.201 INFO: Batch size: 10
2025-10-22 08:53:51.201 INFO: Using Exponential Moving Average with decay: 0.99
2025-10-22 08:53:51.201 INFO: Number of gradient updates: 9
2025-10-22 08:53:51.201 INFO: Learning rate: 0.001, weight decay: 5e-07
2025-10-22 08:53:51.201 INFO: WeightedEnergyForcesNacsDipoleLoss(energy_weight=100.000, forces_weight=100.000, dipole_weight=1.000)
2025-10-22 08:53:51.202 INFO: Using gradient clipping with tolerance=10.000
2025-10-22 08:53:51.202 INFO: 
2025-10-22 08:53:51.202 INFO: ===========TRAINING===========
2025-10-22 08:53:51.202 INFO: Started training, reporting errors on validation set
2025-10-22 08:53:51.202 INFO: Loss metrics on validation set
2025-10-22 08:55:33.141 INFO: ===========VERIFYING SETTINGS===========
2025-10-22 08:55:33.141 INFO: MACE version: 0.3.6
2025-10-22 08:55:33.141 DEBUG: Configuration: Namespace(config=None, name='tyrosine', seed=123, work_dir='.', nacs_key='smooth_nacs', log_dir='./logs', model_dir='.', checkpoints_dir='./checkpoints', results_dir='./results', downloads_dir='./downloads', device='cuda', default_dtype='float32', distributed=False, log_level='INFO', n_energies=13, error_table='EnergyNacsDipoleMAE', model='ExcitedMACE', r_max=5.0, num_permutational_invariant=16, radial_type='bessel', num_radial_basis=8, num_cutoff_basis=5, pair_repulsion=False, distance_transform='None', interaction='RealAgnosticResidualInteractionBlock', interaction_first='RealAgnosticResidualInteractionBlock', max_ell=3, correlation=3, num_interactions=2, MLP_irreps='128x0e', radial_MLP='[64, 64, 64]', hidden_irreps='128x0e + 128x1o', num_channels=128, max_L=1, gate='silu', scaling='rms_forces_scaling', avg_num_neighbors=1, compute_avg_num_neighbors=True, compute_stress=False, compute_forces=True, compute_dipoles=True, compute_nacs=True, compute_socs=True, train_file='tyrosine_correct.xyz', valid_file=None, valid_fraction=0.1, test_file=None, test_dir=None, multi_processed_test=False, num_workers=0, pin_memory=True, atomic_numbers=None, mean=None, std=None, statistics_file=None, E0s='average', keep_isolated_atoms=False, energy_key='REF_energy', forces_key='REF_forces', virials_key='REF_virials', stress_key='REF_stress', dipoles_key='REF_dipoles', charges_key='REF_charges', loss='weighted', forces_weight=100.0, nacs_weight=100.0, socs_weight=0.0, soc_num=812, swa_forces_weight=100.0, energy_weight=100.0, swa_energy_weight=1000.0, virials_weight=1.0, swa_virials_weight=10.0, stress_weight=1.0, swa_stress_weight=10.0, dipoles_weight=1.0, swa_dipole_weight=1.0, config_type_weights='{"Default":1.0}', huber_delta=0.01, optimizer='adam', beta=0.9, batch_size=10, valid_batch_size=10, lr=0.001, swa_lr=0.001, weight_decay=5e-07, amsgrad=True, scheduler='ReduceLROnPlateau', lr_factor=0.8, scheduler_patience=50, lr_scheduler_gamma=0.9993, swa=False, start_swa=None, ema=True, ema_decay=0.99, max_num_epochs=1, patience=2048, foundation_model=None, foundation_model_readout=True, eval_interval=1, keep_checkpoints=False, save_all_checkpoints=False, restart_latest=False, save_cpu=False, clip_grad=10.0, wandb=False, wandb_dir=None, wandb_project='', wandb_entity='', wandb_name='', wandb_log_hypers=['num_channels', 'max_L', 'correlation', 'lr', 'swa_lr', 'weight_decay', 'batch_size', 'max_num_epochs', 'start_swa', 'energy_weight', 'forces_weight'])
2025-10-22 08:55:33.169 INFO: CUDA version: 12.4, CUDA device: 0
2025-10-22 08:55:33.187 DEBUG: Popen(['git', 'version'], cwd=/home/rhyan/Exciton_model/X-MACE, stdin=None, shell=False, universal_newlines=False)
2025-10-22 08:55:33.188 DEBUG: Popen(['git', 'version'], cwd=/home/rhyan/Exciton_model/X-MACE, stdin=None, shell=False, universal_newlines=False)
2025-10-22 08:55:33.189 DEBUG: sys.platform='linux', git_executable='git'
2025-10-22 08:55:33.190 DEBUG: Popen(['git', 'cat-file', '--batch-check'], cwd=/home/rhyan/Exciton_model/X-MACE, stdin=<valid stream>, shell=False, universal_newlines=False)
2025-10-22 08:55:33.191 DEBUG: Current Git commit: 0861c52cf365064d060e006c179e4cc1785b61c2
2025-10-22 08:55:33.191 INFO: 
2025-10-22 08:55:33.191 INFO: ===========LOADING INPUT DATA===========
2025-10-22 08:55:33.633 INFO: Using random 10% of training set for validation with indices saved in: ./valid_indices_123.txt
2025-10-22 08:55:33.633 INFO: Atomic Numbers used: [1, 6, 7, 8]
2025-10-22 08:55:33.633 INFO: Isolated Atomic Energies (E0s) not in training file, using command line argument
2025-10-22 08:55:33.633 INFO: Computing average Atomic Energies using least squares regression
2025-10-22 08:55:33.636 INFO: Atomic Energies used (z: eV): {1: -887.1094175756843, 6: -725.8167961982872, 7: -80.64631068869856, 8: -241.9389320660957}
2025-10-22 08:55:33.659 INFO: 
2025-10-22 08:55:33.659 INFO: ===========MODEL DETAILS===========
2025-10-22 08:55:33.782 INFO: Average number of neighbors: 6.4
2025-10-22 08:55:33.782 INFO: During training the following quantities will be reported: energy, forces, dipoles, nacs
2025-10-22 08:55:33.793 INFO: Building model
2025-10-22 08:55:33.793 INFO: Message passing with 128 channels and max_L=1 (128x0e + 128x1o)
2025-10-22 08:55:33.793 INFO: 2 layers, each with correlation order: 3 (body order: 4) and spherical harmonics up to: l=3
2025-10-22 08:55:33.793 INFO: 8 radial and 5 basis functions
2025-10-22 08:55:33.793 INFO: Radial cutoff: 5.0 Å (total receptive field for each atom: 10.0 Å)
2025-10-22 08:55:33.793 INFO: Distance transform for radial basis functions: None
2025-10-22 08:55:34.611 DEBUG: ExcitedMACE(
  (node_embedding): LinearNodeEmbeddingBlock(
    (linear): Linear(4x0e -> 128x0e | 512 weights)
  )
  (radial_embedding): RadialEmbeddingBlock(
    (bessel_fn): BesselBasis(r_max=5.0, num_basis=8, trainable=False)
    (cutoff_fn): PolynomialCutoff(p=5.0, r_max=5.0)
  )
  (spherical_harmonics): SphericalHarmonics()
  (atomic_energies_fn): AtomicEnergiesBlock(energies=[-887.1094, -725.8168, -80.6463, -241.9389])
  (interactions): ModuleList(
    (0): RealAgnosticInteractionBlock(
      (linear_up): Linear(128x0e -> 128x0e | 16384 weights)
      (conv_tp): TensorProduct(128x0e x 1x0e+1x1o+1x2e+1x3o -> 128x0e+128x1o+128x2e+128x3o | 512 paths | 512 weights)
      (conv_tp_weights): FullyConnectedNet[8, 64, 64, 64, 512]
      (linear): Linear(128x0e+128x1o+128x2e+128x3o -> 128x0e+128x1o+128x2e+128x3o | 65536 weights)
      (skip_tp): FullyConnectedTensorProduct(128x0e+128x1o+128x2e+128x3o x 4x0e -> 128x0e+128x1o+128x2e+128x3o | 262144 paths | 262144 weights)
      (reshape): reshape_irreps()
    )
    (1): RealAgnosticResidualInteractionBlock(
      (linear_up): Linear(128x0e+128x1o -> 128x0e+128x1o | 32768 weights)
      (conv_tp): TensorProduct(128x0e+128x1o x 1x0e+1x1o+1x2e+1x3o -> 256x0e+384x1o+384x2e+256x3o | 1280 paths | 1280 weights)
      (conv_tp_weights): FullyConnectedNet[8, 64, 64, 64, 1280]
      (linear): Linear(256x0e+384x1o+384x2e+256x3o -> 128x0e+128x1o+128x2e+128x3o | 163840 weights)
      (skip_tp): FullyConnectedTensorProduct(128x0e+128x1o x 4x0e -> 128x0e | 65536 paths | 65536 weights)
      (reshape): reshape_irreps()
    )
  )
  (products): ModuleList(
    (0): EquivariantProductBasisBlock(
      (symmetric_contractions): SymmetricContraction(
        (contractions): ModuleList(
          (0): Contraction(
            (contractions_weighting): ModuleList(
              (0-1): 2 x GraphModule()
            )
            (contractions_features): ModuleList(
              (0-1): 2 x GraphModule()
            )
            (weights): ParameterList(
                (0): Parameter containing: [torch.float32 of size 4x4x128 (cuda:0)]
                (1): Parameter containing: [torch.float32 of size 4x1x128 (cuda:0)]
            )
            (graph_opt_main): GraphModule()
          )
          (1): Contraction(
            (contractions_weighting): ModuleList(
              (0-1): 2 x GraphModule()
            )
            (contractions_features): ModuleList(
              (0-1): 2 x GraphModule()
            )
            (weights): ParameterList(
                (0): Parameter containing: [torch.float32 of size 4x6x128 (cuda:0)]
                (1): Parameter containing: [torch.float32 of size 4x1x128 (cuda:0)]
            )
            (graph_opt_main): GraphModule()
          )
        )
      )
      (linear): Linear(128x0e+128x1o -> 128x0e+128x1o | 32768 weights)
    )
    (1): EquivariantProductBasisBlock(
      (symmetric_contractions): SymmetricContraction(
        (contractions): ModuleList(
          (0): Contraction(
            (contractions_weighting): ModuleList(
              (0-1): 2 x GraphModule()
            )
            (contractions_features): ModuleList(
              (0-1): 2 x GraphModule()
            )
            (weights): ParameterList(
                (0): Parameter containing: [torch.float32 of size 4x4x128 (cuda:0)]
                (1): Parameter containing: [torch.float32 of size 4x1x128 (cuda:0)]
            )
            (graph_opt_main): GraphModule()
          )
        )
      )
      (linear): Linear(128x0e -> 128x0e | 16384 weights)
    )
  )
  (readouts): ModuleList(
    (0): LinearDipoleReadoutBlock(
      (linear): Linear(128x0e+128x1o -> 13x0e+169x1o | 23296 weights)
    )
    (1): NonLinearDipoleReadoutBlock(
      (equivariant_nonlin): Gate (128x0e -> 128x0e)
      (linear_1): Linear(128x0e -> 128x0e | 16384 weights)
      (linear_2): Linear(128x0e -> 13x0e+169x1o | 1664 weights)
    )
  )
  (socs_readouts): ModuleList(
    (0): LinearSocReadoutBlock(
      (linear): Linear(128x0e+128x1o -> 812x0e | 103936 weights)
    )
    (1): NonLinearSocReadoutBlock(
      (equivariant_nonlin): Gate (128x0e -> 128x0e)
      (linear_1): Linear(128x0e -> 128x0e | 16384 weights)
      (linear_2): Linear(128x0e -> 812x0e | 103936 weights)
    )
  )
)
2025-10-22 08:55:34.612 INFO: Total number of parameters: 1111936
2025-10-22 08:55:34.612 INFO: 
2025-10-22 08:55:34.612 INFO: ===========OPTIMIZER INFORMATION===========
2025-10-22 08:55:34.612 INFO: Using ADAM as parameter optimizer
2025-10-22 08:55:34.612 INFO: Batch size: 10
2025-10-22 08:55:34.612 INFO: Using Exponential Moving Average with decay: 0.99
2025-10-22 08:55:34.612 INFO: Number of gradient updates: 9
2025-10-22 08:55:34.612 INFO: Learning rate: 0.001, weight decay: 5e-07
2025-10-22 08:55:34.612 INFO: WeightedEnergyForcesNacsDipoleLoss(energy_weight=100.000, forces_weight=100.000, dipole_weight=1.000)
2025-10-22 08:55:34.613 INFO: Using gradient clipping with tolerance=10.000
2025-10-22 08:55:34.613 INFO: 
2025-10-22 08:55:34.613 INFO: ===========TRAINING===========
2025-10-22 08:55:34.613 INFO: Started training, reporting errors on validation set
2025-10-22 08:55:34.613 INFO: Loss metrics on validation set
2025-10-22 09:05:53.738 INFO: ===========VERIFYING SETTINGS===========
2025-10-22 09:05:53.738 INFO: MACE version: 0.3.6
2025-10-22 09:05:53.739 DEBUG: Configuration: Namespace(config=None, name='tyrosine', seed=123, work_dir='.', nacs_key='smooth_nacs', log_dir='./logs', model_dir='.', checkpoints_dir='./checkpoints', results_dir='./results', downloads_dir='./downloads', device='cuda', default_dtype='float32', distributed=False, log_level='INFO', n_energies=13, error_table='EnergyNacsDipoleMAE', model='ExcitedMACE', r_max=5.0, num_permutational_invariant=16, radial_type='bessel', num_radial_basis=8, num_cutoff_basis=5, pair_repulsion=False, distance_transform='None', interaction='RealAgnosticResidualInteractionBlock', interaction_first='RealAgnosticResidualInteractionBlock', max_ell=3, correlation=3, num_interactions=2, MLP_irreps='128x0e', radial_MLP='[64, 64, 64]', hidden_irreps='128x0e + 128x1o', num_channels=128, max_L=1, gate='silu', scaling='rms_forces_scaling', avg_num_neighbors=1, compute_avg_num_neighbors=True, compute_stress=False, compute_forces=True, compute_dipoles=True, compute_nacs=True, compute_socs=True, train_file='tyrosine_correct.xyz', valid_file=None, valid_fraction=0.1, test_file=None, test_dir=None, multi_processed_test=False, num_workers=0, pin_memory=True, atomic_numbers=None, mean=None, std=None, statistics_file=None, E0s='average', keep_isolated_atoms=False, energy_key='REF_energy', forces_key='REF_forces', virials_key='REF_virials', stress_key='REF_stress', dipoles_key='REF_dipoles', charges_key='REF_charges', loss='weighted', forces_weight=100.0, nacs_weight=100.0, socs_weight=0.0, soc_num=0, swa_forces_weight=100.0, energy_weight=100.0, swa_energy_weight=1000.0, virials_weight=1.0, swa_virials_weight=10.0, stress_weight=1.0, swa_stress_weight=10.0, dipoles_weight=1.0, swa_dipole_weight=1.0, config_type_weights='{"Default":1.0}', huber_delta=0.01, optimizer='adam', beta=0.9, batch_size=10, valid_batch_size=10, lr=0.001, swa_lr=0.001, weight_decay=5e-07, amsgrad=True, scheduler='ReduceLROnPlateau', lr_factor=0.8, scheduler_patience=50, lr_scheduler_gamma=0.9993, swa=False, start_swa=None, ema=True, ema_decay=0.99, max_num_epochs=1, patience=2048, foundation_model=None, foundation_model_readout=True, eval_interval=1, keep_checkpoints=False, save_all_checkpoints=False, restart_latest=False, save_cpu=False, clip_grad=10.0, wandb=False, wandb_dir=None, wandb_project='', wandb_entity='', wandb_name='', wandb_log_hypers=['num_channels', 'max_L', 'correlation', 'lr', 'swa_lr', 'weight_decay', 'batch_size', 'max_num_epochs', 'start_swa', 'energy_weight', 'forces_weight'])
2025-10-22 09:05:53.766 INFO: CUDA version: 12.4, CUDA device: 0
2025-10-22 09:05:53.784 DEBUG: Popen(['git', 'version'], cwd=/home/rhyan/Exciton_model/X-MACE, stdin=None, shell=False, universal_newlines=False)
2025-10-22 09:05:53.785 DEBUG: Popen(['git', 'version'], cwd=/home/rhyan/Exciton_model/X-MACE, stdin=None, shell=False, universal_newlines=False)
2025-10-22 09:05:53.786 DEBUG: sys.platform='linux', git_executable='git'
2025-10-22 09:05:53.787 DEBUG: Popen(['git', 'cat-file', '--batch-check'], cwd=/home/rhyan/Exciton_model/X-MACE, stdin=<valid stream>, shell=False, universal_newlines=False)
2025-10-22 09:05:53.788 DEBUG: Current Git commit: 0861c52cf365064d060e006c179e4cc1785b61c2
2025-10-22 09:05:53.788 INFO: 
2025-10-22 09:05:53.788 INFO: ===========LOADING INPUT DATA===========
2025-10-22 09:05:54.230 INFO: Using random 10% of training set for validation with indices saved in: ./valid_indices_123.txt
2025-10-22 09:05:54.230 INFO: Atomic Numbers used: [1, 6, 7, 8]
2025-10-22 09:05:54.230 INFO: Isolated Atomic Energies (E0s) not in training file, using command line argument
2025-10-22 09:05:54.230 INFO: Computing average Atomic Energies using least squares regression
2025-10-22 09:05:54.233 INFO: Atomic Energies used (z: eV): {1: -887.1094175756843, 6: -725.8167961982872, 7: -80.64631068869856, 8: -241.9389320660957}
2025-10-22 09:05:54.257 INFO: 
2025-10-22 09:05:54.257 INFO: ===========MODEL DETAILS===========
2025-10-22 09:05:54.380 INFO: Average number of neighbors: 6.4
2025-10-22 09:05:54.380 INFO: During training the following quantities will be reported: energy, forces, dipoles, nacs
2025-10-22 09:05:54.391 INFO: Building model
2025-10-22 09:05:54.391 INFO: Message passing with 128 channels and max_L=1 (128x0e + 128x1o)
2025-10-22 09:05:54.391 INFO: 2 layers, each with correlation order: 3 (body order: 4) and spherical harmonics up to: l=3
2025-10-22 09:05:54.391 INFO: 8 radial and 5 basis functions
2025-10-22 09:05:54.391 INFO: Radial cutoff: 5.0 Å (total receptive field for each atom: 10.0 Å)
2025-10-22 09:05:54.391 INFO: Distance transform for radial basis functions: None
2025-10-22 09:05:55.189 DEBUG: ExcitedMACE(
  (node_embedding): LinearNodeEmbeddingBlock(
    (linear): Linear(4x0e -> 128x0e | 512 weights)
  )
  (radial_embedding): RadialEmbeddingBlock(
    (bessel_fn): BesselBasis(r_max=5.0, num_basis=8, trainable=False)
    (cutoff_fn): PolynomialCutoff(p=5.0, r_max=5.0)
  )
  (spherical_harmonics): SphericalHarmonics()
  (atomic_energies_fn): AtomicEnergiesBlock(energies=[-887.1094, -725.8168, -80.6463, -241.9389])
  (interactions): ModuleList(
    (0): RealAgnosticInteractionBlock(
      (linear_up): Linear(128x0e -> 128x0e | 16384 weights)
      (conv_tp): TensorProduct(128x0e x 1x0e+1x1o+1x2e+1x3o -> 128x0e+128x1o+128x2e+128x3o | 512 paths | 512 weights)
      (conv_tp_weights): FullyConnectedNet[8, 64, 64, 64, 512]
      (linear): Linear(128x0e+128x1o+128x2e+128x3o -> 128x0e+128x1o+128x2e+128x3o | 65536 weights)
      (skip_tp): FullyConnectedTensorProduct(128x0e+128x1o+128x2e+128x3o x 4x0e -> 128x0e+128x1o+128x2e+128x3o | 262144 paths | 262144 weights)
      (reshape): reshape_irreps()
    )
    (1): RealAgnosticResidualInteractionBlock(
      (linear_up): Linear(128x0e+128x1o -> 128x0e+128x1o | 32768 weights)
      (conv_tp): TensorProduct(128x0e+128x1o x 1x0e+1x1o+1x2e+1x3o -> 256x0e+384x1o+384x2e+256x3o | 1280 paths | 1280 weights)
      (conv_tp_weights): FullyConnectedNet[8, 64, 64, 64, 1280]
      (linear): Linear(256x0e+384x1o+384x2e+256x3o -> 128x0e+128x1o+128x2e+128x3o | 163840 weights)
      (skip_tp): FullyConnectedTensorProduct(128x0e+128x1o x 4x0e -> 128x0e | 65536 paths | 65536 weights)
      (reshape): reshape_irreps()
    )
  )
  (products): ModuleList(
    (0): EquivariantProductBasisBlock(
      (symmetric_contractions): SymmetricContraction(
        (contractions): ModuleList(
          (0): Contraction(
            (contractions_weighting): ModuleList(
              (0-1): 2 x GraphModule()
            )
            (contractions_features): ModuleList(
              (0-1): 2 x GraphModule()
            )
            (weights): ParameterList(
                (0): Parameter containing: [torch.float32 of size 4x4x128 (cuda:0)]
                (1): Parameter containing: [torch.float32 of size 4x1x128 (cuda:0)]
            )
            (graph_opt_main): GraphModule()
          )
          (1): Contraction(
            (contractions_weighting): ModuleList(
              (0-1): 2 x GraphModule()
            )
            (contractions_features): ModuleList(
              (0-1): 2 x GraphModule()
            )
            (weights): ParameterList(
                (0): Parameter containing: [torch.float32 of size 4x6x128 (cuda:0)]
                (1): Parameter containing: [torch.float32 of size 4x1x128 (cuda:0)]
            )
            (graph_opt_main): GraphModule()
          )
        )
      )
      (linear): Linear(128x0e+128x1o -> 128x0e+128x1o | 32768 weights)
    )
    (1): EquivariantProductBasisBlock(
      (symmetric_contractions): SymmetricContraction(
        (contractions): ModuleList(
          (0): Contraction(
            (contractions_weighting): ModuleList(
              (0-1): 2 x GraphModule()
            )
            (contractions_features): ModuleList(
              (0-1): 2 x GraphModule()
            )
            (weights): ParameterList(
                (0): Parameter containing: [torch.float32 of size 4x4x128 (cuda:0)]
                (1): Parameter containing: [torch.float32 of size 4x1x128 (cuda:0)]
            )
            (graph_opt_main): GraphModule()
          )
        )
      )
      (linear): Linear(128x0e -> 128x0e | 16384 weights)
    )
  )
  (readouts): ModuleList(
    (0): LinearDipoleReadoutBlock(
      (linear): Linear(128x0e+128x1o -> 13x0e+169x1o | 23296 weights)
    )
    (1): NonLinearDipoleReadoutBlock(
      (equivariant_nonlin): Gate (128x0e -> 128x0e)
      (linear_1): Linear(128x0e -> 128x0e | 16384 weights)
      (linear_2): Linear(128x0e -> 13x0e+169x1o | 1664 weights)
    )
  )
  (socs_readouts): ModuleList(
    (0): LinearSocReadoutBlock(
      (linear): Linear(128x0e+128x1o -> 0x0e | 0 weights)
    )
    (1): NonLinearSocReadoutBlock(
      (equivariant_nonlin): Gate (128x0e -> 128x0e)
      (linear_1): Linear(128x0e -> 128x0e | 16384 weights)
      (linear_2): Linear(128x0e -> 0x0e | 0 weights)
    )
  )
)
2025-10-22 09:05:55.190 INFO: Total number of parameters: 904064
2025-10-22 09:05:55.191 INFO: 
2025-10-22 09:05:55.191 INFO: ===========OPTIMIZER INFORMATION===========
2025-10-22 09:05:55.191 INFO: Using ADAM as parameter optimizer
2025-10-22 09:05:55.191 INFO: Batch size: 10
2025-10-22 09:05:55.191 INFO: Using Exponential Moving Average with decay: 0.99
2025-10-22 09:05:55.191 INFO: Number of gradient updates: 9
2025-10-22 09:05:55.191 INFO: Learning rate: 0.001, weight decay: 5e-07
2025-10-22 09:05:55.191 INFO: WeightedEnergyForcesNacsDipoleLoss(energy_weight=100.000, forces_weight=100.000, dipole_weight=1.000)
2025-10-22 09:05:55.192 INFO: Using gradient clipping with tolerance=10.000
2025-10-22 09:05:55.192 INFO: 
2025-10-22 09:05:55.192 INFO: ===========TRAINING===========
2025-10-22 09:05:55.192 INFO: Started training, reporting errors on validation set
2025-10-22 09:05:55.192 INFO: Loss metrics on validation set
2025-10-22 09:05:55.731 DEBUG: Saving info: ./results/tyrosine_run-123_train.txt
2025-10-22 09:05:57.238 DEBUG: Saving info: ./results/tyrosine_run-123_train.txt
2025-10-22 09:05:58.797 DEBUG: Saving info: ./results/tyrosine_run-123_train.txt
2025-10-22 09:07:30.728 INFO: ===========VERIFYING SETTINGS===========
2025-10-22 09:07:30.728 INFO: MACE version: 0.3.6
2025-10-22 09:07:30.728 DEBUG: Configuration: Namespace(config=None, name='tyrosine', seed=123, work_dir='.', nacs_key='smooth_nacs', log_dir='./logs', model_dir='.', checkpoints_dir='./checkpoints', results_dir='./results', downloads_dir='./downloads', device='cuda', default_dtype='float32', distributed=False, log_level='INFO', n_energies=13, error_table='EnergyNacsDipoleMAE', model='ExcitedMACE', r_max=5.0, num_permutational_invariant=16, radial_type='bessel', num_radial_basis=8, num_cutoff_basis=5, pair_repulsion=False, distance_transform='None', interaction='RealAgnosticResidualInteractionBlock', interaction_first='RealAgnosticResidualInteractionBlock', max_ell=3, correlation=3, num_interactions=2, MLP_irreps='128x0e', radial_MLP='[64, 64, 64]', hidden_irreps='128x0e + 128x1o', num_channels=128, max_L=1, gate='silu', scaling='rms_forces_scaling', avg_num_neighbors=1, compute_avg_num_neighbors=True, compute_stress=False, compute_forces=True, compute_dipoles=True, compute_nacs=False, compute_socs=False, train_file='tyrosine_correct.xyz', valid_file=None, valid_fraction=0.1, test_file=None, test_dir=None, multi_processed_test=False, num_workers=0, pin_memory=True, atomic_numbers=None, mean=None, std=None, statistics_file=None, E0s='average', keep_isolated_atoms=False, energy_key='REF_energy', forces_key='REF_forces', virials_key='REF_virials', stress_key='REF_stress', dipoles_key='REF_dipoles', charges_key='REF_charges', loss='weighted', forces_weight=100.0, nacs_weight=100.0, socs_weight=0.0, soc_num=0, swa_forces_weight=100.0, energy_weight=100.0, swa_energy_weight=1000.0, virials_weight=1.0, swa_virials_weight=10.0, stress_weight=1.0, swa_stress_weight=10.0, dipoles_weight=1.0, swa_dipole_weight=1.0, config_type_weights='{"Default":1.0}', huber_delta=0.01, optimizer='adam', beta=0.9, batch_size=10, valid_batch_size=10, lr=0.001, swa_lr=0.001, weight_decay=5e-07, amsgrad=True, scheduler='ReduceLROnPlateau', lr_factor=0.8, scheduler_patience=50, lr_scheduler_gamma=0.9993, swa=False, start_swa=None, ema=True, ema_decay=0.99, max_num_epochs=1, patience=2048, foundation_model=None, foundation_model_readout=True, eval_interval=1, keep_checkpoints=False, save_all_checkpoints=False, restart_latest=False, save_cpu=False, clip_grad=10.0, wandb=False, wandb_dir=None, wandb_project='', wandb_entity='', wandb_name='', wandb_log_hypers=['num_channels', 'max_L', 'correlation', 'lr', 'swa_lr', 'weight_decay', 'batch_size', 'max_num_epochs', 'start_swa', 'energy_weight', 'forces_weight'])
2025-10-22 09:07:30.887 INFO: CUDA version: 12.4, CUDA device: 0
2025-10-22 09:07:30.905 DEBUG: Popen(['git', 'version'], cwd=/home/rhyan/Exciton_model/X-MACE, stdin=None, shell=False, universal_newlines=False)
2025-10-22 09:07:30.906 DEBUG: Popen(['git', 'version'], cwd=/home/rhyan/Exciton_model/X-MACE, stdin=None, shell=False, universal_newlines=False)
2025-10-22 09:07:30.907 DEBUG: sys.platform='linux', git_executable='git'
2025-10-22 09:07:30.908 DEBUG: Popen(['git', 'cat-file', '--batch-check'], cwd=/home/rhyan/Exciton_model/X-MACE, stdin=<valid stream>, shell=False, universal_newlines=False)
2025-10-22 09:07:30.909 DEBUG: Current Git commit: 0861c52cf365064d060e006c179e4cc1785b61c2
2025-10-22 09:07:30.909 INFO: 
2025-10-22 09:07:30.909 INFO: ===========LOADING INPUT DATA===========
2025-10-22 09:07:31.353 INFO: Using random 10% of training set for validation with indices saved in: ./valid_indices_123.txt
2025-10-22 09:07:31.353 INFO: Atomic Numbers used: [1, 6, 7, 8]
2025-10-22 09:07:31.353 INFO: Isolated Atomic Energies (E0s) not in training file, using command line argument
2025-10-22 09:07:31.353 INFO: Computing average Atomic Energies using least squares regression
2025-10-22 09:07:31.357 INFO: Atomic Energies used (z: eV): {1: -887.1094175756843, 6: -725.8167961982872, 7: -80.64631068869856, 8: -241.9389320660957}
2025-10-22 09:07:31.380 INFO: 
2025-10-22 09:07:31.381 INFO: ===========MODEL DETAILS===========
2025-10-22 09:07:31.500 INFO: Average number of neighbors: 6.4
2025-10-22 09:07:31.500 INFO: During training the following quantities will be reported: energy, forces, dipoles, nacs
2025-10-22 09:07:31.511 INFO: Building model
2025-10-22 09:07:31.511 INFO: Message passing with 128 channels and max_L=1 (128x0e + 128x1o)
2025-10-22 09:07:31.511 INFO: 2 layers, each with correlation order: 3 (body order: 4) and spherical harmonics up to: l=3
2025-10-22 09:07:31.511 INFO: 8 radial and 5 basis functions
2025-10-22 09:07:31.512 INFO: Radial cutoff: 5.0 Å (total receptive field for each atom: 10.0 Å)
2025-10-22 09:07:31.512 INFO: Distance transform for radial basis functions: None
2025-10-22 09:07:32.242 DEBUG: ExcitedMACE(
  (node_embedding): LinearNodeEmbeddingBlock(
    (linear): Linear(4x0e -> 128x0e | 512 weights)
  )
  (radial_embedding): RadialEmbeddingBlock(
    (bessel_fn): BesselBasis(r_max=5.0, num_basis=8, trainable=False)
    (cutoff_fn): PolynomialCutoff(p=5.0, r_max=5.0)
  )
  (spherical_harmonics): SphericalHarmonics()
  (atomic_energies_fn): AtomicEnergiesBlock(energies=[-887.1094, -725.8168, -80.6463, -241.9389])
  (interactions): ModuleList(
    (0): RealAgnosticInteractionBlock(
      (linear_up): Linear(128x0e -> 128x0e | 16384 weights)
      (conv_tp): TensorProduct(128x0e x 1x0e+1x1o+1x2e+1x3o -> 128x0e+128x1o+128x2e+128x3o | 512 paths | 512 weights)
      (conv_tp_weights): FullyConnectedNet[8, 64, 64, 64, 512]
      (linear): Linear(128x0e+128x1o+128x2e+128x3o -> 128x0e+128x1o+128x2e+128x3o | 65536 weights)
      (skip_tp): FullyConnectedTensorProduct(128x0e+128x1o+128x2e+128x3o x 4x0e -> 128x0e+128x1o+128x2e+128x3o | 262144 paths | 262144 weights)
      (reshape): reshape_irreps()
    )
    (1): RealAgnosticResidualInteractionBlock(
      (linear_up): Linear(128x0e+128x1o -> 128x0e+128x1o | 32768 weights)
      (conv_tp): TensorProduct(128x0e+128x1o x 1x0e+1x1o+1x2e+1x3o -> 256x0e+384x1o+384x2e+256x3o | 1280 paths | 1280 weights)
      (conv_tp_weights): FullyConnectedNet[8, 64, 64, 64, 1280]
      (linear): Linear(256x0e+384x1o+384x2e+256x3o -> 128x0e+128x1o+128x2e+128x3o | 163840 weights)
      (skip_tp): FullyConnectedTensorProduct(128x0e+128x1o x 4x0e -> 128x0e | 65536 paths | 65536 weights)
      (reshape): reshape_irreps()
    )
  )
  (products): ModuleList(
    (0): EquivariantProductBasisBlock(
      (symmetric_contractions): SymmetricContraction(
        (contractions): ModuleList(
          (0): Contraction(
            (contractions_weighting): ModuleList(
              (0-1): 2 x GraphModule()
            )
            (contractions_features): ModuleList(
              (0-1): 2 x GraphModule()
            )
            (weights): ParameterList(
                (0): Parameter containing: [torch.float32 of size 4x4x128 (cuda:0)]
                (1): Parameter containing: [torch.float32 of size 4x1x128 (cuda:0)]
            )
            (graph_opt_main): GraphModule()
          )
          (1): Contraction(
            (contractions_weighting): ModuleList(
              (0-1): 2 x GraphModule()
            )
            (contractions_features): ModuleList(
              (0-1): 2 x GraphModule()
            )
            (weights): ParameterList(
                (0): Parameter containing: [torch.float32 of size 4x6x128 (cuda:0)]
                (1): Parameter containing: [torch.float32 of size 4x1x128 (cuda:0)]
            )
            (graph_opt_main): GraphModule()
          )
        )
      )
      (linear): Linear(128x0e+128x1o -> 128x0e+128x1o | 32768 weights)
    )
    (1): EquivariantProductBasisBlock(
      (symmetric_contractions): SymmetricContraction(
        (contractions): ModuleList(
          (0): Contraction(
            (contractions_weighting): ModuleList(
              (0-1): 2 x GraphModule()
            )
            (contractions_features): ModuleList(
              (0-1): 2 x GraphModule()
            )
            (weights): ParameterList(
                (0): Parameter containing: [torch.float32 of size 4x4x128 (cuda:0)]
                (1): Parameter containing: [torch.float32 of size 4x1x128 (cuda:0)]
            )
            (graph_opt_main): GraphModule()
          )
        )
      )
      (linear): Linear(128x0e -> 128x0e | 16384 weights)
    )
  )
  (readouts): ModuleList(
    (0): LinearDipoleReadoutBlock(
      (linear): Linear(128x0e+128x1o -> 13x0e+91x1o | 13312 weights)
    )
    (1): NonLinearDipoleReadoutBlock(
      (equivariant_nonlin): Gate (128x0e -> 128x0e)
      (linear_1): Linear(128x0e -> 128x0e | 16384 weights)
      (linear_2): Linear(128x0e -> 13x0e+91x1o | 1664 weights)
    )
  )
)
2025-10-22 09:07:32.243 INFO: Total number of parameters: 877696
2025-10-22 09:07:32.243 INFO: 
2025-10-22 09:07:32.243 INFO: ===========OPTIMIZER INFORMATION===========
2025-10-22 09:07:32.243 INFO: Using ADAM as parameter optimizer
2025-10-22 09:07:32.243 INFO: Batch size: 10
2025-10-22 09:07:32.244 INFO: Using Exponential Moving Average with decay: 0.99
2025-10-22 09:07:32.244 INFO: Number of gradient updates: 9
2025-10-22 09:07:32.244 INFO: Learning rate: 0.001, weight decay: 5e-07
2025-10-22 09:07:32.244 INFO: WeightedEnergyForcesNacsDipoleLoss(energy_weight=100.000, forces_weight=100.000, dipole_weight=1.000)
2025-10-22 09:07:32.244 INFO: Using gradient clipping with tolerance=10.000
2025-10-22 09:07:32.244 INFO: 
2025-10-22 09:07:32.244 INFO: ===========TRAINING===========
2025-10-22 09:07:32.245 INFO: Started training, reporting errors on validation set
2025-10-22 09:07:32.245 INFO: Loss metrics on validation set
2025-10-22 09:08:09.984 INFO: ===========VERIFYING SETTINGS===========
2025-10-22 09:08:09.984 INFO: MACE version: 0.3.6
2025-10-22 09:08:09.984 DEBUG: Configuration: Namespace(config=None, name='tyrosine', seed=123, work_dir='.', nacs_key='smooth_nacs', log_dir='./logs', model_dir='.', checkpoints_dir='./checkpoints', results_dir='./results', downloads_dir='./downloads', device='cuda', default_dtype='float32', distributed=False, log_level='INFO', n_energies=13, error_table='EnergyNacsDipoleMAE', model='ExcitedMACE', r_max=5.0, num_permutational_invariant=16, radial_type='bessel', num_radial_basis=8, num_cutoff_basis=5, pair_repulsion=False, distance_transform='None', interaction='RealAgnosticResidualInteractionBlock', interaction_first='RealAgnosticResidualInteractionBlock', max_ell=3, correlation=3, num_interactions=2, MLP_irreps='128x0e', radial_MLP='[64, 64, 64]', hidden_irreps='128x0e + 128x1o', num_channels=128, max_L=1, gate='silu', scaling='rms_forces_scaling', avg_num_neighbors=1, compute_avg_num_neighbors=True, compute_stress=False, compute_forces=True, compute_dipoles=True, compute_nacs=False, compute_socs=False, train_file='tyrosine_correct.xyz', valid_file=None, valid_fraction=0.1, test_file=None, test_dir=None, multi_processed_test=False, num_workers=0, pin_memory=True, atomic_numbers=None, mean=None, std=None, statistics_file=None, E0s='average', keep_isolated_atoms=False, energy_key='REF_energy', forces_key='REF_forces', virials_key='REF_virials', stress_key='REF_stress', dipoles_key='REF_dipoles', charges_key='REF_charges', loss='weighted', forces_weight=100.0, nacs_weight=100.0, socs_weight=0.0, soc_num=0, swa_forces_weight=100.0, energy_weight=100.0, swa_energy_weight=1000.0, virials_weight=1.0, swa_virials_weight=10.0, stress_weight=1.0, swa_stress_weight=10.0, dipoles_weight=1.0, swa_dipole_weight=1.0, config_type_weights='{"Default":1.0}', huber_delta=0.01, optimizer='adam', beta=0.9, batch_size=10, valid_batch_size=10, lr=0.001, swa_lr=0.001, weight_decay=5e-07, amsgrad=True, scheduler='ReduceLROnPlateau', lr_factor=0.8, scheduler_patience=50, lr_scheduler_gamma=0.9993, swa=False, start_swa=None, ema=True, ema_decay=0.99, max_num_epochs=1, patience=2048, foundation_model=None, foundation_model_readout=True, eval_interval=1, keep_checkpoints=False, save_all_checkpoints=False, restart_latest=False, save_cpu=False, clip_grad=10.0, wandb=False, wandb_dir=None, wandb_project='', wandb_entity='', wandb_name='', wandb_log_hypers=['num_channels', 'max_L', 'correlation', 'lr', 'swa_lr', 'weight_decay', 'batch_size', 'max_num_epochs', 'start_swa', 'energy_weight', 'forces_weight'])
2025-10-22 09:08:10.156 INFO: CUDA version: 12.4, CUDA device: 0
2025-10-22 09:08:10.174 DEBUG: Popen(['git', 'version'], cwd=/home/rhyan/Exciton_model/X-MACE, stdin=None, shell=False, universal_newlines=False)
2025-10-22 09:08:10.175 DEBUG: Popen(['git', 'version'], cwd=/home/rhyan/Exciton_model/X-MACE, stdin=None, shell=False, universal_newlines=False)
2025-10-22 09:08:10.176 DEBUG: sys.platform='linux', git_executable='git'
2025-10-22 09:08:10.177 DEBUG: Popen(['git', 'cat-file', '--batch-check'], cwd=/home/rhyan/Exciton_model/X-MACE, stdin=<valid stream>, shell=False, universal_newlines=False)
2025-10-22 09:08:10.178 DEBUG: Current Git commit: 0861c52cf365064d060e006c179e4cc1785b61c2
2025-10-22 09:08:10.178 INFO: 
2025-10-22 09:08:10.178 INFO: ===========LOADING INPUT DATA===========
2025-10-22 09:08:10.621 INFO: Using random 10% of training set for validation with indices saved in: ./valid_indices_123.txt
2025-10-22 09:08:10.622 INFO: Atomic Numbers used: [1, 6, 7, 8]
2025-10-22 09:08:10.622 INFO: Isolated Atomic Energies (E0s) not in training file, using command line argument
2025-10-22 09:08:10.622 INFO: Computing average Atomic Energies using least squares regression
2025-10-22 09:08:10.625 INFO: Atomic Energies used (z: eV): {1: -887.1094175756843, 6: -725.8167961982872, 7: -80.64631068869856, 8: -241.9389320660957}
2025-10-22 09:08:10.649 INFO: 
2025-10-22 09:08:10.649 INFO: ===========MODEL DETAILS===========
2025-10-22 09:08:10.768 INFO: Average number of neighbors: 6.4
2025-10-22 09:08:10.768 INFO: During training the following quantities will be reported: energy, forces, dipoles, nacs
2025-10-22 09:08:10.779 INFO: Building model
2025-10-22 09:08:10.779 INFO: Message passing with 128 channels and max_L=1 (128x0e + 128x1o)
2025-10-22 09:08:10.779 INFO: 2 layers, each with correlation order: 3 (body order: 4) and spherical harmonics up to: l=3
2025-10-22 09:08:10.779 INFO: 8 radial and 5 basis functions
2025-10-22 09:08:10.779 INFO: Radial cutoff: 5.0 Å (total receptive field for each atom: 10.0 Å)
2025-10-22 09:08:10.779 INFO: Distance transform for radial basis functions: None
2025-10-22 09:08:11.507 DEBUG: ExcitedMACE(
  (node_embedding): LinearNodeEmbeddingBlock(
    (linear): Linear(4x0e -> 128x0e | 512 weights)
  )
  (radial_embedding): RadialEmbeddingBlock(
    (bessel_fn): BesselBasis(r_max=5.0, num_basis=8, trainable=False)
    (cutoff_fn): PolynomialCutoff(p=5.0, r_max=5.0)
  )
  (spherical_harmonics): SphericalHarmonics()
  (atomic_energies_fn): AtomicEnergiesBlock(energies=[-887.1094, -725.8168, -80.6463, -241.9389])
  (interactions): ModuleList(
    (0): RealAgnosticInteractionBlock(
      (linear_up): Linear(128x0e -> 128x0e | 16384 weights)
      (conv_tp): TensorProduct(128x0e x 1x0e+1x1o+1x2e+1x3o -> 128x0e+128x1o+128x2e+128x3o | 512 paths | 512 weights)
      (conv_tp_weights): FullyConnectedNet[8, 64, 64, 64, 512]
      (linear): Linear(128x0e+128x1o+128x2e+128x3o -> 128x0e+128x1o+128x2e+128x3o | 65536 weights)
      (skip_tp): FullyConnectedTensorProduct(128x0e+128x1o+128x2e+128x3o x 4x0e -> 128x0e+128x1o+128x2e+128x3o | 262144 paths | 262144 weights)
      (reshape): reshape_irreps()
    )
    (1): RealAgnosticResidualInteractionBlock(
      (linear_up): Linear(128x0e+128x1o -> 128x0e+128x1o | 32768 weights)
      (conv_tp): TensorProduct(128x0e+128x1o x 1x0e+1x1o+1x2e+1x3o -> 256x0e+384x1o+384x2e+256x3o | 1280 paths | 1280 weights)
      (conv_tp_weights): FullyConnectedNet[8, 64, 64, 64, 1280]
      (linear): Linear(256x0e+384x1o+384x2e+256x3o -> 128x0e+128x1o+128x2e+128x3o | 163840 weights)
      (skip_tp): FullyConnectedTensorProduct(128x0e+128x1o x 4x0e -> 128x0e | 65536 paths | 65536 weights)
      (reshape): reshape_irreps()
    )
  )
  (products): ModuleList(
    (0): EquivariantProductBasisBlock(
      (symmetric_contractions): SymmetricContraction(
        (contractions): ModuleList(
          (0): Contraction(
            (contractions_weighting): ModuleList(
              (0-1): 2 x GraphModule()
            )
            (contractions_features): ModuleList(
              (0-1): 2 x GraphModule()
            )
            (weights): ParameterList(
                (0): Parameter containing: [torch.float32 of size 4x4x128 (cuda:0)]
                (1): Parameter containing: [torch.float32 of size 4x1x128 (cuda:0)]
            )
            (graph_opt_main): GraphModule()
          )
          (1): Contraction(
            (contractions_weighting): ModuleList(
              (0-1): 2 x GraphModule()
            )
            (contractions_features): ModuleList(
              (0-1): 2 x GraphModule()
            )
            (weights): ParameterList(
                (0): Parameter containing: [torch.float32 of size 4x6x128 (cuda:0)]
                (1): Parameter containing: [torch.float32 of size 4x1x128 (cuda:0)]
            )
            (graph_opt_main): GraphModule()
          )
        )
      )
      (linear): Linear(128x0e+128x1o -> 128x0e+128x1o | 32768 weights)
    )
    (1): EquivariantProductBasisBlock(
      (symmetric_contractions): SymmetricContraction(
        (contractions): ModuleList(
          (0): Contraction(
            (contractions_weighting): ModuleList(
              (0-1): 2 x GraphModule()
            )
            (contractions_features): ModuleList(
              (0-1): 2 x GraphModule()
            )
            (weights): ParameterList(
                (0): Parameter containing: [torch.float32 of size 4x4x128 (cuda:0)]
                (1): Parameter containing: [torch.float32 of size 4x1x128 (cuda:0)]
            )
            (graph_opt_main): GraphModule()
          )
        )
      )
      (linear): Linear(128x0e -> 128x0e | 16384 weights)
    )
  )
  (readouts): ModuleList(
    (0): LinearDipoleReadoutBlock(
      (linear): Linear(128x0e+128x1o -> 13x0e+91x1o | 13312 weights)
    )
    (1): NonLinearDipoleReadoutBlock(
      (equivariant_nonlin): Gate (128x0e -> 128x0e)
      (linear_1): Linear(128x0e -> 128x0e | 16384 weights)
      (linear_2): Linear(128x0e -> 13x0e+91x1o | 1664 weights)
    )
  )
)
2025-10-22 09:08:11.509 INFO: Total number of parameters: 877696
2025-10-22 09:08:11.509 INFO: 
2025-10-22 09:08:11.509 INFO: ===========OPTIMIZER INFORMATION===========
2025-10-22 09:08:11.509 INFO: Using ADAM as parameter optimizer
2025-10-22 09:08:11.509 INFO: Batch size: 10
2025-10-22 09:08:11.509 INFO: Using Exponential Moving Average with decay: 0.99
2025-10-22 09:08:11.509 INFO: Number of gradient updates: 9
2025-10-22 09:08:11.509 INFO: Learning rate: 0.001, weight decay: 5e-07
2025-10-22 09:08:11.509 INFO: WeightedEnergyForcesNacsDipoleLoss(energy_weight=100.000, forces_weight=100.000, dipole_weight=1.000)
2025-10-22 09:08:11.510 INFO: Using gradient clipping with tolerance=10.000
2025-10-22 09:08:11.510 INFO: 
2025-10-22 09:08:11.510 INFO: ===========TRAINING===========
2025-10-22 09:08:11.510 INFO: Started training, reporting errors on validation set
2025-10-22 09:08:11.510 INFO: Loss metrics on validation set
2025-10-22 09:08:58.347 INFO: ===========VERIFYING SETTINGS===========
2025-10-22 09:08:58.347 INFO: MACE version: 0.3.6
2025-10-22 09:08:58.347 DEBUG: Configuration: Namespace(config=None, name='tyrosine', seed=123, work_dir='.', nacs_key='smooth_nacs', log_dir='./logs', model_dir='.', checkpoints_dir='./checkpoints', results_dir='./results', downloads_dir='./downloads', device='cuda', default_dtype='float32', distributed=False, log_level='INFO', n_energies=13, error_table='EnergyNacsDipoleMAE', model='ExcitedMACE', r_max=5.0, num_permutational_invariant=16, radial_type='bessel', num_radial_basis=8, num_cutoff_basis=5, pair_repulsion=False, distance_transform='None', interaction='RealAgnosticResidualInteractionBlock', interaction_first='RealAgnosticResidualInteractionBlock', max_ell=3, correlation=3, num_interactions=2, MLP_irreps='128x0e', radial_MLP='[64, 64, 64]', hidden_irreps='128x0e + 128x1o', num_channels=128, max_L=1, gate='silu', scaling='rms_forces_scaling', avg_num_neighbors=1, compute_avg_num_neighbors=True, compute_stress=False, compute_forces=True, compute_dipoles=True, compute_nacs=False, compute_socs=False, train_file='tyrosine_correct.xyz', valid_file=None, valid_fraction=0.1, test_file=None, test_dir=None, multi_processed_test=False, num_workers=0, pin_memory=True, atomic_numbers=None, mean=None, std=None, statistics_file=None, E0s='average', keep_isolated_atoms=False, energy_key='REF_energy', forces_key='REF_forces', virials_key='REF_virials', stress_key='REF_stress', dipoles_key='REF_dipoles', charges_key='REF_charges', loss='weighted', forces_weight=100.0, nacs_weight=100.0, socs_weight=0.0, soc_num=0, swa_forces_weight=100.0, energy_weight=100.0, swa_energy_weight=1000.0, virials_weight=1.0, swa_virials_weight=10.0, stress_weight=1.0, swa_stress_weight=10.0, dipoles_weight=1.0, swa_dipole_weight=1.0, config_type_weights='{"Default":1.0}', huber_delta=0.01, optimizer='adam', beta=0.9, batch_size=10, valid_batch_size=10, lr=0.001, swa_lr=0.001, weight_decay=5e-07, amsgrad=True, scheduler='ReduceLROnPlateau', lr_factor=0.8, scheduler_patience=50, lr_scheduler_gamma=0.9993, swa=False, start_swa=None, ema=True, ema_decay=0.99, max_num_epochs=1, patience=2048, foundation_model=None, foundation_model_readout=True, eval_interval=1, keep_checkpoints=False, save_all_checkpoints=False, restart_latest=False, save_cpu=False, clip_grad=10.0, wandb=False, wandb_dir=None, wandb_project='', wandb_entity='', wandb_name='', wandb_log_hypers=['num_channels', 'max_L', 'correlation', 'lr', 'swa_lr', 'weight_decay', 'batch_size', 'max_num_epochs', 'start_swa', 'energy_weight', 'forces_weight'])
2025-10-22 09:08:58.507 INFO: CUDA version: 12.4, CUDA device: 0
2025-10-22 09:08:58.526 DEBUG: Popen(['git', 'version'], cwd=/home/rhyan/Exciton_model/X-MACE, stdin=None, shell=False, universal_newlines=False)
2025-10-22 09:08:58.527 DEBUG: Popen(['git', 'version'], cwd=/home/rhyan/Exciton_model/X-MACE, stdin=None, shell=False, universal_newlines=False)
2025-10-22 09:08:58.528 DEBUG: sys.platform='linux', git_executable='git'
2025-10-22 09:08:58.529 DEBUG: Popen(['git', 'cat-file', '--batch-check'], cwd=/home/rhyan/Exciton_model/X-MACE, stdin=<valid stream>, shell=False, universal_newlines=False)
2025-10-22 09:08:58.530 DEBUG: Current Git commit: 0861c52cf365064d060e006c179e4cc1785b61c2
2025-10-22 09:08:58.530 INFO: 
2025-10-22 09:08:58.530 INFO: ===========LOADING INPUT DATA===========
2025-10-22 09:08:58.972 INFO: Using random 10% of training set for validation with indices saved in: ./valid_indices_123.txt
2025-10-22 09:08:58.972 INFO: Atomic Numbers used: [1, 6, 7, 8]
2025-10-22 09:08:58.972 INFO: Isolated Atomic Energies (E0s) not in training file, using command line argument
2025-10-22 09:08:58.972 INFO: Computing average Atomic Energies using least squares regression
2025-10-22 09:08:58.975 INFO: Atomic Energies used (z: eV): {1: -887.1094175756843, 6: -725.8167961982872, 7: -80.64631068869856, 8: -241.9389320660957}
2025-10-22 09:08:58.998 INFO: 
2025-10-22 09:08:58.998 INFO: ===========MODEL DETAILS===========
2025-10-22 09:08:59.117 INFO: Average number of neighbors: 6.4
2025-10-22 09:08:59.117 INFO: During training the following quantities will be reported: energy, forces, dipoles, nacs
2025-10-22 09:08:59.128 INFO: Building model
2025-10-22 09:08:59.128 INFO: Message passing with 128 channels and max_L=1 (128x0e + 128x1o)
2025-10-22 09:08:59.128 INFO: 2 layers, each with correlation order: 3 (body order: 4) and spherical harmonics up to: l=3
2025-10-22 09:08:59.128 INFO: 8 radial and 5 basis functions
2025-10-22 09:08:59.128 INFO: Radial cutoff: 5.0 Å (total receptive field for each atom: 10.0 Å)
2025-10-22 09:08:59.128 INFO: Distance transform for radial basis functions: None
2025-10-22 09:08:59.857 DEBUG: ExcitedMACE(
  (node_embedding): LinearNodeEmbeddingBlock(
    (linear): Linear(4x0e -> 128x0e | 512 weights)
  )
  (radial_embedding): RadialEmbeddingBlock(
    (bessel_fn): BesselBasis(r_max=5.0, num_basis=8, trainable=False)
    (cutoff_fn): PolynomialCutoff(p=5.0, r_max=5.0)
  )
  (spherical_harmonics): SphericalHarmonics()
  (atomic_energies_fn): AtomicEnergiesBlock(energies=[-887.1094, -725.8168, -80.6463, -241.9389])
  (interactions): ModuleList(
    (0): RealAgnosticInteractionBlock(
      (linear_up): Linear(128x0e -> 128x0e | 16384 weights)
      (conv_tp): TensorProduct(128x0e x 1x0e+1x1o+1x2e+1x3o -> 128x0e+128x1o+128x2e+128x3o | 512 paths | 512 weights)
      (conv_tp_weights): FullyConnectedNet[8, 64, 64, 64, 512]
      (linear): Linear(128x0e+128x1o+128x2e+128x3o -> 128x0e+128x1o+128x2e+128x3o | 65536 weights)
      (skip_tp): FullyConnectedTensorProduct(128x0e+128x1o+128x2e+128x3o x 4x0e -> 128x0e+128x1o+128x2e+128x3o | 262144 paths | 262144 weights)
      (reshape): reshape_irreps()
    )
    (1): RealAgnosticResidualInteractionBlock(
      (linear_up): Linear(128x0e+128x1o -> 128x0e+128x1o | 32768 weights)
      (conv_tp): TensorProduct(128x0e+128x1o x 1x0e+1x1o+1x2e+1x3o -> 256x0e+384x1o+384x2e+256x3o | 1280 paths | 1280 weights)
      (conv_tp_weights): FullyConnectedNet[8, 64, 64, 64, 1280]
      (linear): Linear(256x0e+384x1o+384x2e+256x3o -> 128x0e+128x1o+128x2e+128x3o | 163840 weights)
      (skip_tp): FullyConnectedTensorProduct(128x0e+128x1o x 4x0e -> 128x0e | 65536 paths | 65536 weights)
      (reshape): reshape_irreps()
    )
  )
  (products): ModuleList(
    (0): EquivariantProductBasisBlock(
      (symmetric_contractions): SymmetricContraction(
        (contractions): ModuleList(
          (0): Contraction(
            (contractions_weighting): ModuleList(
              (0-1): 2 x GraphModule()
            )
            (contractions_features): ModuleList(
              (0-1): 2 x GraphModule()
            )
            (weights): ParameterList(
                (0): Parameter containing: [torch.float32 of size 4x4x128 (cuda:0)]
                (1): Parameter containing: [torch.float32 of size 4x1x128 (cuda:0)]
            )
            (graph_opt_main): GraphModule()
          )
          (1): Contraction(
            (contractions_weighting): ModuleList(
              (0-1): 2 x GraphModule()
            )
            (contractions_features): ModuleList(
              (0-1): 2 x GraphModule()
            )
            (weights): ParameterList(
                (0): Parameter containing: [torch.float32 of size 4x6x128 (cuda:0)]
                (1): Parameter containing: [torch.float32 of size 4x1x128 (cuda:0)]
            )
            (graph_opt_main): GraphModule()
          )
        )
      )
      (linear): Linear(128x0e+128x1o -> 128x0e+128x1o | 32768 weights)
    )
    (1): EquivariantProductBasisBlock(
      (symmetric_contractions): SymmetricContraction(
        (contractions): ModuleList(
          (0): Contraction(
            (contractions_weighting): ModuleList(
              (0-1): 2 x GraphModule()
            )
            (contractions_features): ModuleList(
              (0-1): 2 x GraphModule()
            )
            (weights): ParameterList(
                (0): Parameter containing: [torch.float32 of size 4x4x128 (cuda:0)]
                (1): Parameter containing: [torch.float32 of size 4x1x128 (cuda:0)]
            )
            (graph_opt_main): GraphModule()
          )
        )
      )
      (linear): Linear(128x0e -> 128x0e | 16384 weights)
    )
  )
  (readouts): ModuleList(
    (0): LinearDipoleReadoutBlock(
      (linear): Linear(128x0e+128x1o -> 13x0e+91x1o | 13312 weights)
    )
    (1): NonLinearDipoleReadoutBlock(
      (equivariant_nonlin): Gate (128x0e -> 128x0e)
      (linear_1): Linear(128x0e -> 128x0e | 16384 weights)
      (linear_2): Linear(128x0e -> 13x0e+91x1o | 1664 weights)
    )
  )
)
2025-10-22 09:08:59.858 INFO: Total number of parameters: 877696
2025-10-22 09:08:59.858 INFO: 
2025-10-22 09:08:59.858 INFO: ===========OPTIMIZER INFORMATION===========
2025-10-22 09:08:59.858 INFO: Using ADAM as parameter optimizer
2025-10-22 09:08:59.858 INFO: Batch size: 10
2025-10-22 09:08:59.858 INFO: Using Exponential Moving Average with decay: 0.99
2025-10-22 09:08:59.858 INFO: Number of gradient updates: 9
2025-10-22 09:08:59.858 INFO: Learning rate: 0.001, weight decay: 5e-07
2025-10-22 09:08:59.858 INFO: WeightedEnergyForcesNacsDipoleLoss(energy_weight=100.000, forces_weight=100.000, dipole_weight=1.000)
2025-10-22 09:08:59.859 INFO: Using gradient clipping with tolerance=10.000
2025-10-22 09:08:59.859 INFO: 
2025-10-22 09:08:59.859 INFO: ===========TRAINING===========
2025-10-22 09:08:59.859 INFO: Started training, reporting errors on validation set
2025-10-22 09:08:59.859 INFO: Loss metrics on validation set
2025-10-22 09:10:03.937 INFO: ===========VERIFYING SETTINGS===========
2025-10-22 09:10:03.938 INFO: MACE version: 0.3.6
2025-10-22 09:10:03.938 DEBUG: Configuration: Namespace(config=None, name='tyrosine', seed=123, work_dir='.', nacs_key='smooth_nacs', log_dir='./logs', model_dir='.', checkpoints_dir='./checkpoints', results_dir='./results', downloads_dir='./downloads', device='cuda', default_dtype='float32', distributed=False, log_level='INFO', n_energies=13, error_table='EnergyNacsDipoleMAE', model='ExcitedMACE', r_max=5.0, num_permutational_invariant=16, radial_type='bessel', num_radial_basis=8, num_cutoff_basis=5, pair_repulsion=False, distance_transform='None', interaction='RealAgnosticResidualInteractionBlock', interaction_first='RealAgnosticResidualInteractionBlock', max_ell=3, correlation=3, num_interactions=2, MLP_irreps='128x0e', radial_MLP='[64, 64, 64]', hidden_irreps='128x0e + 128x1o', num_channels=128, max_L=1, gate='silu', scaling='rms_forces_scaling', avg_num_neighbors=1, compute_avg_num_neighbors=True, compute_stress=False, compute_forces=True, compute_dipoles=True, compute_nacs=False, compute_socs=False, train_file='tyrosine_correct.xyz', valid_file=None, valid_fraction=0.1, test_file=None, test_dir=None, multi_processed_test=False, num_workers=0, pin_memory=True, atomic_numbers=None, mean=None, std=None, statistics_file=None, E0s='average', keep_isolated_atoms=False, energy_key='REF_energy', forces_key='REF_forces', virials_key='REF_virials', stress_key='REF_stress', dipoles_key='REF_dipoles', charges_key='REF_charges', loss='weighted', forces_weight=100.0, nacs_weight=100.0, socs_weight=0.0, soc_num=0, swa_forces_weight=100.0, energy_weight=100.0, swa_energy_weight=1000.0, virials_weight=1.0, swa_virials_weight=10.0, stress_weight=1.0, swa_stress_weight=10.0, dipoles_weight=1.0, swa_dipole_weight=1.0, config_type_weights='{"Default":1.0}', huber_delta=0.01, optimizer='adam', beta=0.9, batch_size=10, valid_batch_size=10, lr=0.001, swa_lr=0.001, weight_decay=5e-07, amsgrad=True, scheduler='ReduceLROnPlateau', lr_factor=0.8, scheduler_patience=50, lr_scheduler_gamma=0.9993, swa=False, start_swa=None, ema=True, ema_decay=0.99, max_num_epochs=1, patience=2048, foundation_model=None, foundation_model_readout=True, eval_interval=1, keep_checkpoints=False, save_all_checkpoints=False, restart_latest=False, save_cpu=False, clip_grad=10.0, wandb=False, wandb_dir=None, wandb_project='', wandb_entity='', wandb_name='', wandb_log_hypers=['num_channels', 'max_L', 'correlation', 'lr', 'swa_lr', 'weight_decay', 'batch_size', 'max_num_epochs', 'start_swa', 'energy_weight', 'forces_weight'])
2025-10-22 09:10:04.103 INFO: CUDA version: 12.4, CUDA device: 0
2025-10-22 09:10:04.122 DEBUG: Popen(['git', 'version'], cwd=/home/rhyan/Exciton_model/X-MACE, stdin=None, shell=False, universal_newlines=False)
2025-10-22 09:10:04.123 DEBUG: Popen(['git', 'version'], cwd=/home/rhyan/Exciton_model/X-MACE, stdin=None, shell=False, universal_newlines=False)
2025-10-22 09:10:04.124 DEBUG: sys.platform='linux', git_executable='git'
2025-10-22 09:10:04.125 DEBUG: Popen(['git', 'cat-file', '--batch-check'], cwd=/home/rhyan/Exciton_model/X-MACE, stdin=<valid stream>, shell=False, universal_newlines=False)
2025-10-22 09:10:04.126 DEBUG: Current Git commit: 0861c52cf365064d060e006c179e4cc1785b61c2
2025-10-22 09:10:04.126 INFO: 
2025-10-22 09:10:04.126 INFO: ===========LOADING INPUT DATA===========
2025-10-22 09:10:04.568 INFO: Using random 10% of training set for validation with indices saved in: ./valid_indices_123.txt
2025-10-22 09:10:04.568 INFO: Atomic Numbers used: [1, 6, 7, 8]
2025-10-22 09:10:04.568 INFO: Isolated Atomic Energies (E0s) not in training file, using command line argument
2025-10-22 09:10:04.568 INFO: Computing average Atomic Energies using least squares regression
2025-10-22 09:10:04.571 INFO: Atomic Energies used (z: eV): {1: -887.1094175756843, 6: -725.8167961982872, 7: -80.64631068869856, 8: -241.9389320660957}
2025-10-22 09:10:04.598 INFO: 
2025-10-22 09:10:04.598 INFO: ===========MODEL DETAILS===========
2025-10-22 09:10:04.717 INFO: Average number of neighbors: 6.4
2025-10-22 09:10:04.717 INFO: During training the following quantities will be reported: energy, forces, dipoles, nacs
2025-10-22 09:10:04.728 INFO: Building model
2025-10-22 09:10:04.728 INFO: Message passing with 128 channels and max_L=1 (128x0e + 128x1o)
2025-10-22 09:10:04.728 INFO: 2 layers, each with correlation order: 3 (body order: 4) and spherical harmonics up to: l=3
2025-10-22 09:10:04.728 INFO: 8 radial and 5 basis functions
2025-10-22 09:10:04.728 INFO: Radial cutoff: 5.0 Å (total receptive field for each atom: 10.0 Å)
2025-10-22 09:10:04.728 INFO: Distance transform for radial basis functions: None
2025-10-22 09:10:05.459 DEBUG: ExcitedMACE(
  (node_embedding): LinearNodeEmbeddingBlock(
    (linear): Linear(4x0e -> 128x0e | 512 weights)
  )
  (radial_embedding): RadialEmbeddingBlock(
    (bessel_fn): BesselBasis(r_max=5.0, num_basis=8, trainable=False)
    (cutoff_fn): PolynomialCutoff(p=5.0, r_max=5.0)
  )
  (spherical_harmonics): SphericalHarmonics()
  (atomic_energies_fn): AtomicEnergiesBlock(energies=[-887.1094, -725.8168, -80.6463, -241.9389])
  (interactions): ModuleList(
    (0): RealAgnosticInteractionBlock(
      (linear_up): Linear(128x0e -> 128x0e | 16384 weights)
      (conv_tp): TensorProduct(128x0e x 1x0e+1x1o+1x2e+1x3o -> 128x0e+128x1o+128x2e+128x3o | 512 paths | 512 weights)
      (conv_tp_weights): FullyConnectedNet[8, 64, 64, 64, 512]
      (linear): Linear(128x0e+128x1o+128x2e+128x3o -> 128x0e+128x1o+128x2e+128x3o | 65536 weights)
      (skip_tp): FullyConnectedTensorProduct(128x0e+128x1o+128x2e+128x3o x 4x0e -> 128x0e+128x1o+128x2e+128x3o | 262144 paths | 262144 weights)
      (reshape): reshape_irreps()
    )
    (1): RealAgnosticResidualInteractionBlock(
      (linear_up): Linear(128x0e+128x1o -> 128x0e+128x1o | 32768 weights)
      (conv_tp): TensorProduct(128x0e+128x1o x 1x0e+1x1o+1x2e+1x3o -> 256x0e+384x1o+384x2e+256x3o | 1280 paths | 1280 weights)
      (conv_tp_weights): FullyConnectedNet[8, 64, 64, 64, 1280]
      (linear): Linear(256x0e+384x1o+384x2e+256x3o -> 128x0e+128x1o+128x2e+128x3o | 163840 weights)
      (skip_tp): FullyConnectedTensorProduct(128x0e+128x1o x 4x0e -> 128x0e | 65536 paths | 65536 weights)
      (reshape): reshape_irreps()
    )
  )
  (products): ModuleList(
    (0): EquivariantProductBasisBlock(
      (symmetric_contractions): SymmetricContraction(
        (contractions): ModuleList(
          (0): Contraction(
            (contractions_weighting): ModuleList(
              (0-1): 2 x GraphModule()
            )
            (contractions_features): ModuleList(
              (0-1): 2 x GraphModule()
            )
            (weights): ParameterList(
                (0): Parameter containing: [torch.float32 of size 4x4x128 (cuda:0)]
                (1): Parameter containing: [torch.float32 of size 4x1x128 (cuda:0)]
            )
            (graph_opt_main): GraphModule()
          )
          (1): Contraction(
            (contractions_weighting): ModuleList(
              (0-1): 2 x GraphModule()
            )
            (contractions_features): ModuleList(
              (0-1): 2 x GraphModule()
            )
            (weights): ParameterList(
                (0): Parameter containing: [torch.float32 of size 4x6x128 (cuda:0)]
                (1): Parameter containing: [torch.float32 of size 4x1x128 (cuda:0)]
            )
            (graph_opt_main): GraphModule()
          )
        )
      )
      (linear): Linear(128x0e+128x1o -> 128x0e+128x1o | 32768 weights)
    )
    (1): EquivariantProductBasisBlock(
      (symmetric_contractions): SymmetricContraction(
        (contractions): ModuleList(
          (0): Contraction(
            (contractions_weighting): ModuleList(
              (0-1): 2 x GraphModule()
            )
            (contractions_features): ModuleList(
              (0-1): 2 x GraphModule()
            )
            (weights): ParameterList(
                (0): Parameter containing: [torch.float32 of size 4x4x128 (cuda:0)]
                (1): Parameter containing: [torch.float32 of size 4x1x128 (cuda:0)]
            )
            (graph_opt_main): GraphModule()
          )
        )
      )
      (linear): Linear(128x0e -> 128x0e | 16384 weights)
    )
  )
  (readouts): ModuleList(
    (0): LinearDipoleReadoutBlock(
      (linear): Linear(128x0e+128x1o -> 13x0e+91x1o | 13312 weights)
    )
    (1): NonLinearDipoleReadoutBlock(
      (equivariant_nonlin): Gate (128x0e -> 128x0e)
      (linear_1): Linear(128x0e -> 128x0e | 16384 weights)
      (linear_2): Linear(128x0e -> 13x0e+91x1o | 1664 weights)
    )
  )
  (socs_readouts): ModuleList(
    (0): None
  )
)
2025-10-22 09:10:05.461 INFO: Total number of parameters: 877696
2025-10-22 09:10:05.461 INFO: 
2025-10-22 09:10:05.461 INFO: ===========OPTIMIZER INFORMATION===========
2025-10-22 09:10:05.461 INFO: Using ADAM as parameter optimizer
2025-10-22 09:10:05.461 INFO: Batch size: 10
2025-10-22 09:10:05.461 INFO: Using Exponential Moving Average with decay: 0.99
2025-10-22 09:10:05.461 INFO: Number of gradient updates: 9
2025-10-22 09:10:05.461 INFO: Learning rate: 0.001, weight decay: 5e-07
2025-10-22 09:10:05.461 INFO: WeightedEnergyForcesNacsDipoleLoss(energy_weight=100.000, forces_weight=100.000, dipole_weight=1.000)
2025-10-22 09:10:05.462 INFO: Using gradient clipping with tolerance=10.000
2025-10-22 09:10:05.462 INFO: 
2025-10-22 09:10:05.462 INFO: ===========TRAINING===========
2025-10-22 09:10:05.462 INFO: Started training, reporting errors on validation set
2025-10-22 09:10:05.462 INFO: Loss metrics on validation set
2025-10-22 09:11:38.590 INFO: ===========VERIFYING SETTINGS===========
2025-10-22 09:11:38.590 INFO: MACE version: 0.3.6
2025-10-22 09:11:38.590 DEBUG: Configuration: Namespace(config=None, name='tyrosine', seed=123, work_dir='.', nacs_key='smooth_nacs', log_dir='./logs', model_dir='.', checkpoints_dir='./checkpoints', results_dir='./results', downloads_dir='./downloads', device='cuda', default_dtype='float32', distributed=False, log_level='INFO', n_energies=13, error_table='EnergyNacsDipoleMAE', model='ExcitedMACE', r_max=5.0, num_permutational_invariant=16, radial_type='bessel', num_radial_basis=8, num_cutoff_basis=5, pair_repulsion=False, distance_transform='None', interaction='RealAgnosticResidualInteractionBlock', interaction_first='RealAgnosticResidualInteractionBlock', max_ell=3, correlation=3, num_interactions=2, MLP_irreps='128x0e', radial_MLP='[64, 64, 64]', hidden_irreps='128x0e + 128x1o', num_channels=128, max_L=1, gate='silu', scaling='rms_forces_scaling', avg_num_neighbors=1, compute_avg_num_neighbors=True, compute_stress=False, compute_forces=True, compute_dipoles=True, compute_nacs=False, compute_socs=False, train_file='tyrosine_correct.xyz', valid_file=None, valid_fraction=0.1, test_file=None, test_dir=None, multi_processed_test=False, num_workers=0, pin_memory=True, atomic_numbers=None, mean=None, std=None, statistics_file=None, E0s='average', keep_isolated_atoms=False, energy_key='REF_energy', forces_key='REF_forces', virials_key='REF_virials', stress_key='REF_stress', dipoles_key='REF_dipoles', charges_key='REF_charges', loss='weighted', forces_weight=100.0, nacs_weight=100.0, socs_weight=0.0, soc_num=0, swa_forces_weight=100.0, energy_weight=100.0, swa_energy_weight=1000.0, virials_weight=1.0, swa_virials_weight=10.0, stress_weight=1.0, swa_stress_weight=10.0, dipoles_weight=1.0, swa_dipole_weight=1.0, config_type_weights='{"Default":1.0}', huber_delta=0.01, optimizer='adam', beta=0.9, batch_size=10, valid_batch_size=10, lr=0.001, swa_lr=0.001, weight_decay=5e-07, amsgrad=True, scheduler='ReduceLROnPlateau', lr_factor=0.8, scheduler_patience=50, lr_scheduler_gamma=0.9993, swa=False, start_swa=None, ema=True, ema_decay=0.99, max_num_epochs=1, patience=2048, foundation_model=None, foundation_model_readout=True, eval_interval=1, keep_checkpoints=False, save_all_checkpoints=False, restart_latest=False, save_cpu=False, clip_grad=10.0, wandb=False, wandb_dir=None, wandb_project='', wandb_entity='', wandb_name='', wandb_log_hypers=['num_channels', 'max_L', 'correlation', 'lr', 'swa_lr', 'weight_decay', 'batch_size', 'max_num_epochs', 'start_swa', 'energy_weight', 'forces_weight'])
2025-10-22 09:11:38.752 INFO: CUDA version: 12.4, CUDA device: 0
2025-10-22 09:11:38.770 DEBUG: Popen(['git', 'version'], cwd=/home/rhyan/Exciton_model/X-MACE, stdin=None, shell=False, universal_newlines=False)
2025-10-22 09:11:38.771 DEBUG: Popen(['git', 'version'], cwd=/home/rhyan/Exciton_model/X-MACE, stdin=None, shell=False, universal_newlines=False)
2025-10-22 09:11:38.772 DEBUG: sys.platform='linux', git_executable='git'
2025-10-22 09:11:38.772 DEBUG: Popen(['git', 'cat-file', '--batch-check'], cwd=/home/rhyan/Exciton_model/X-MACE, stdin=<valid stream>, shell=False, universal_newlines=False)
2025-10-22 09:11:38.774 DEBUG: Current Git commit: 0861c52cf365064d060e006c179e4cc1785b61c2
2025-10-22 09:11:38.774 INFO: 
2025-10-22 09:11:38.774 INFO: ===========LOADING INPUT DATA===========
2025-10-22 09:11:39.218 INFO: Using random 10% of training set for validation with indices saved in: ./valid_indices_123.txt
2025-10-22 09:11:39.218 INFO: Atomic Numbers used: [1, 6, 7, 8]
2025-10-22 09:11:39.218 INFO: Isolated Atomic Energies (E0s) not in training file, using command line argument
2025-10-22 09:11:39.218 INFO: Computing average Atomic Energies using least squares regression
2025-10-22 09:11:39.221 INFO: Atomic Energies used (z: eV): {1: -887.1094175756843, 6: -725.8167961982872, 7: -80.64631068869856, 8: -241.9389320660957}
2025-10-22 09:11:39.248 INFO: 
2025-10-22 09:11:39.248 INFO: ===========MODEL DETAILS===========
2025-10-22 09:11:39.369 INFO: Average number of neighbors: 6.4
2025-10-22 09:11:39.369 INFO: During training the following quantities will be reported: energy, forces, dipoles, nacs
2025-10-22 09:11:39.380 INFO: Building model
2025-10-22 09:11:39.380 INFO: Message passing with 128 channels and max_L=1 (128x0e + 128x1o)
2025-10-22 09:11:39.380 INFO: 2 layers, each with correlation order: 3 (body order: 4) and spherical harmonics up to: l=3
2025-10-22 09:11:39.380 INFO: 8 radial and 5 basis functions
2025-10-22 09:11:39.380 INFO: Radial cutoff: 5.0 Å (total receptive field for each atom: 10.0 Å)
2025-10-22 09:11:39.380 INFO: Distance transform for radial basis functions: None
2025-10-22 09:11:40.114 DEBUG: ExcitedMACE(
  (node_embedding): LinearNodeEmbeddingBlock(
    (linear): Linear(4x0e -> 128x0e | 512 weights)
  )
  (radial_embedding): RadialEmbeddingBlock(
    (bessel_fn): BesselBasis(r_max=5.0, num_basis=8, trainable=False)
    (cutoff_fn): PolynomialCutoff(p=5.0, r_max=5.0)
  )
  (spherical_harmonics): SphericalHarmonics()
  (atomic_energies_fn): AtomicEnergiesBlock(energies=[-887.1094, -725.8168, -80.6463, -241.9389])
  (interactions): ModuleList(
    (0): RealAgnosticInteractionBlock(
      (linear_up): Linear(128x0e -> 128x0e | 16384 weights)
      (conv_tp): TensorProduct(128x0e x 1x0e+1x1o+1x2e+1x3o -> 128x0e+128x1o+128x2e+128x3o | 512 paths | 512 weights)
      (conv_tp_weights): FullyConnectedNet[8, 64, 64, 64, 512]
      (linear): Linear(128x0e+128x1o+128x2e+128x3o -> 128x0e+128x1o+128x2e+128x3o | 65536 weights)
      (skip_tp): FullyConnectedTensorProduct(128x0e+128x1o+128x2e+128x3o x 4x0e -> 128x0e+128x1o+128x2e+128x3o | 262144 paths | 262144 weights)
      (reshape): reshape_irreps()
    )
    (1): RealAgnosticResidualInteractionBlock(
      (linear_up): Linear(128x0e+128x1o -> 128x0e+128x1o | 32768 weights)
      (conv_tp): TensorProduct(128x0e+128x1o x 1x0e+1x1o+1x2e+1x3o -> 256x0e+384x1o+384x2e+256x3o | 1280 paths | 1280 weights)
      (conv_tp_weights): FullyConnectedNet[8, 64, 64, 64, 1280]
      (linear): Linear(256x0e+384x1o+384x2e+256x3o -> 128x0e+128x1o+128x2e+128x3o | 163840 weights)
      (skip_tp): FullyConnectedTensorProduct(128x0e+128x1o x 4x0e -> 128x0e | 65536 paths | 65536 weights)
      (reshape): reshape_irreps()
    )
  )
  (products): ModuleList(
    (0): EquivariantProductBasisBlock(
      (symmetric_contractions): SymmetricContraction(
        (contractions): ModuleList(
          (0): Contraction(
            (contractions_weighting): ModuleList(
              (0-1): 2 x GraphModule()
            )
            (contractions_features): ModuleList(
              (0-1): 2 x GraphModule()
            )
            (weights): ParameterList(
                (0): Parameter containing: [torch.float32 of size 4x4x128 (cuda:0)]
                (1): Parameter containing: [torch.float32 of size 4x1x128 (cuda:0)]
            )
            (graph_opt_main): GraphModule()
          )
          (1): Contraction(
            (contractions_weighting): ModuleList(
              (0-1): 2 x GraphModule()
            )
            (contractions_features): ModuleList(
              (0-1): 2 x GraphModule()
            )
            (weights): ParameterList(
                (0): Parameter containing: [torch.float32 of size 4x6x128 (cuda:0)]
                (1): Parameter containing: [torch.float32 of size 4x1x128 (cuda:0)]
            )
            (graph_opt_main): GraphModule()
          )
        )
      )
      (linear): Linear(128x0e+128x1o -> 128x0e+128x1o | 32768 weights)
    )
    (1): EquivariantProductBasisBlock(
      (symmetric_contractions): SymmetricContraction(
        (contractions): ModuleList(
          (0): Contraction(
            (contractions_weighting): ModuleList(
              (0-1): 2 x GraphModule()
            )
            (contractions_features): ModuleList(
              (0-1): 2 x GraphModule()
            )
            (weights): ParameterList(
                (0): Parameter containing: [torch.float32 of size 4x4x128 (cuda:0)]
                (1): Parameter containing: [torch.float32 of size 4x1x128 (cuda:0)]
            )
            (graph_opt_main): GraphModule()
          )
        )
      )
      (linear): Linear(128x0e -> 128x0e | 16384 weights)
    )
  )
  (readouts): ModuleList(
    (0): LinearDipoleReadoutBlock(
      (linear): Linear(128x0e+128x1o -> 13x0e+91x1o | 13312 weights)
    )
    (1): NonLinearDipoleReadoutBlock(
      (equivariant_nonlin): Gate (128x0e -> 128x0e)
      (linear_1): Linear(128x0e -> 128x0e | 16384 weights)
      (linear_2): Linear(128x0e -> 13x0e+91x1o | 1664 weights)
    )
  )
  (socs_readouts): ModuleList(
    (0): None
  )
)
2025-10-22 09:11:40.115 INFO: Total number of parameters: 877696
2025-10-22 09:11:40.115 INFO: 
2025-10-22 09:11:40.115 INFO: ===========OPTIMIZER INFORMATION===========
2025-10-22 09:11:40.116 INFO: Using ADAM as parameter optimizer
2025-10-22 09:11:40.116 INFO: Batch size: 10
2025-10-22 09:11:40.116 INFO: Using Exponential Moving Average with decay: 0.99
2025-10-22 09:11:40.116 INFO: Number of gradient updates: 9
2025-10-22 09:11:40.116 INFO: Learning rate: 0.001, weight decay: 5e-07
2025-10-22 09:11:40.116 INFO: WeightedEnergyForcesNacsDipoleLoss(energy_weight=100.000, forces_weight=100.000, dipole_weight=1.000)
2025-10-22 09:11:40.116 INFO: Using gradient clipping with tolerance=10.000
2025-10-22 09:11:40.117 INFO: 
2025-10-22 09:11:40.117 INFO: ===========TRAINING===========
2025-10-22 09:11:40.117 INFO: Started training, reporting errors on validation set
2025-10-22 09:11:40.117 INFO: Loss metrics on validation set
2025-10-22 09:12:05.383 INFO: ===========VERIFYING SETTINGS===========
2025-10-22 09:12:05.383 INFO: MACE version: 0.3.6
2025-10-22 09:12:05.383 DEBUG: Configuration: Namespace(config=None, name='tyrosine', seed=123, work_dir='.', nacs_key='smooth_nacs', log_dir='./logs', model_dir='.', checkpoints_dir='./checkpoints', results_dir='./results', downloads_dir='./downloads', device='cuda', default_dtype='float32', distributed=False, log_level='INFO', n_energies=13, error_table='EnergyNacsDipoleMAE', model='ExcitedMACE', r_max=5.0, num_permutational_invariant=16, radial_type='bessel', num_radial_basis=8, num_cutoff_basis=5, pair_repulsion=False, distance_transform='None', interaction='RealAgnosticResidualInteractionBlock', interaction_first='RealAgnosticResidualInteractionBlock', max_ell=3, correlation=3, num_interactions=2, MLP_irreps='128x0e', radial_MLP='[64, 64, 64]', hidden_irreps='128x0e + 128x1o', num_channels=128, max_L=1, gate='silu', scaling='rms_forces_scaling', avg_num_neighbors=1, compute_avg_num_neighbors=True, compute_stress=False, compute_forces=True, compute_dipoles=True, compute_nacs=False, compute_socs=False, train_file='tyrosine_correct.xyz', valid_file=None, valid_fraction=0.1, test_file=None, test_dir=None, multi_processed_test=False, num_workers=0, pin_memory=True, atomic_numbers=None, mean=None, std=None, statistics_file=None, E0s='average', keep_isolated_atoms=False, energy_key='REF_energy', forces_key='REF_forces', virials_key='REF_virials', stress_key='REF_stress', dipoles_key='REF_dipoles', charges_key='REF_charges', loss='weighted', forces_weight=100.0, nacs_weight=100.0, socs_weight=0.0, soc_num=0, swa_forces_weight=100.0, energy_weight=100.0, swa_energy_weight=1000.0, virials_weight=1.0, swa_virials_weight=10.0, stress_weight=1.0, swa_stress_weight=10.0, dipoles_weight=1.0, swa_dipole_weight=1.0, config_type_weights='{"Default":1.0}', huber_delta=0.01, optimizer='adam', beta=0.9, batch_size=10, valid_batch_size=10, lr=0.001, swa_lr=0.001, weight_decay=5e-07, amsgrad=True, scheduler='ReduceLROnPlateau', lr_factor=0.8, scheduler_patience=50, lr_scheduler_gamma=0.9993, swa=False, start_swa=None, ema=True, ema_decay=0.99, max_num_epochs=1, patience=2048, foundation_model=None, foundation_model_readout=True, eval_interval=1, keep_checkpoints=False, save_all_checkpoints=False, restart_latest=False, save_cpu=False, clip_grad=10.0, wandb=False, wandb_dir=None, wandb_project='', wandb_entity='', wandb_name='', wandb_log_hypers=['num_channels', 'max_L', 'correlation', 'lr', 'swa_lr', 'weight_decay', 'batch_size', 'max_num_epochs', 'start_swa', 'energy_weight', 'forces_weight'])
2025-10-22 09:12:05.548 INFO: CUDA version: 12.4, CUDA device: 0
2025-10-22 09:12:05.566 DEBUG: Popen(['git', 'version'], cwd=/home/rhyan/Exciton_model/X-MACE, stdin=None, shell=False, universal_newlines=False)
2025-10-22 09:12:05.567 DEBUG: Popen(['git', 'version'], cwd=/home/rhyan/Exciton_model/X-MACE, stdin=None, shell=False, universal_newlines=False)
2025-10-22 09:12:05.568 DEBUG: sys.platform='linux', git_executable='git'
2025-10-22 09:12:05.569 DEBUG: Popen(['git', 'cat-file', '--batch-check'], cwd=/home/rhyan/Exciton_model/X-MACE, stdin=<valid stream>, shell=False, universal_newlines=False)
2025-10-22 09:12:05.570 DEBUG: Current Git commit: 0861c52cf365064d060e006c179e4cc1785b61c2
2025-10-22 09:12:05.570 INFO: 
2025-10-22 09:12:05.570 INFO: ===========LOADING INPUT DATA===========
2025-10-22 09:12:06.011 INFO: Using random 10% of training set for validation with indices saved in: ./valid_indices_123.txt
2025-10-22 09:12:06.012 INFO: Atomic Numbers used: [1, 6, 7, 8]
2025-10-22 09:12:06.012 INFO: Isolated Atomic Energies (E0s) not in training file, using command line argument
2025-10-22 09:12:06.012 INFO: Computing average Atomic Energies using least squares regression
2025-10-22 09:12:06.015 INFO: Atomic Energies used (z: eV): {1: -887.1094175756843, 6: -725.8167961982872, 7: -80.64631068869856, 8: -241.9389320660957}
2025-10-22 09:12:06.038 INFO: 
2025-10-22 09:12:06.038 INFO: ===========MODEL DETAILS===========
2025-10-22 09:12:06.156 INFO: Average number of neighbors: 6.4
2025-10-22 09:12:06.156 INFO: During training the following quantities will be reported: energy, forces, dipoles, nacs
2025-10-22 09:12:06.167 INFO: Building model
2025-10-22 09:12:06.167 INFO: Message passing with 128 channels and max_L=1 (128x0e + 128x1o)
2025-10-22 09:12:06.167 INFO: 2 layers, each with correlation order: 3 (body order: 4) and spherical harmonics up to: l=3
2025-10-22 09:12:06.167 INFO: 8 radial and 5 basis functions
2025-10-22 09:12:06.167 INFO: Radial cutoff: 5.0 Å (total receptive field for each atom: 10.0 Å)
2025-10-22 09:12:06.167 INFO: Distance transform for radial basis functions: None
2025-10-22 09:12:06.897 DEBUG: ExcitedMACE(
  (node_embedding): LinearNodeEmbeddingBlock(
    (linear): Linear(4x0e -> 128x0e | 512 weights)
  )
  (radial_embedding): RadialEmbeddingBlock(
    (bessel_fn): BesselBasis(r_max=5.0, num_basis=8, trainable=False)
    (cutoff_fn): PolynomialCutoff(p=5.0, r_max=5.0)
  )
  (spherical_harmonics): SphericalHarmonics()
  (atomic_energies_fn): AtomicEnergiesBlock(energies=[-887.1094, -725.8168, -80.6463, -241.9389])
  (interactions): ModuleList(
    (0): RealAgnosticInteractionBlock(
      (linear_up): Linear(128x0e -> 128x0e | 16384 weights)
      (conv_tp): TensorProduct(128x0e x 1x0e+1x1o+1x2e+1x3o -> 128x0e+128x1o+128x2e+128x3o | 512 paths | 512 weights)
      (conv_tp_weights): FullyConnectedNet[8, 64, 64, 64, 512]
      (linear): Linear(128x0e+128x1o+128x2e+128x3o -> 128x0e+128x1o+128x2e+128x3o | 65536 weights)
      (skip_tp): FullyConnectedTensorProduct(128x0e+128x1o+128x2e+128x3o x 4x0e -> 128x0e+128x1o+128x2e+128x3o | 262144 paths | 262144 weights)
      (reshape): reshape_irreps()
    )
    (1): RealAgnosticResidualInteractionBlock(
      (linear_up): Linear(128x0e+128x1o -> 128x0e+128x1o | 32768 weights)
      (conv_tp): TensorProduct(128x0e+128x1o x 1x0e+1x1o+1x2e+1x3o -> 256x0e+384x1o+384x2e+256x3o | 1280 paths | 1280 weights)
      (conv_tp_weights): FullyConnectedNet[8, 64, 64, 64, 1280]
      (linear): Linear(256x0e+384x1o+384x2e+256x3o -> 128x0e+128x1o+128x2e+128x3o | 163840 weights)
      (skip_tp): FullyConnectedTensorProduct(128x0e+128x1o x 4x0e -> 128x0e | 65536 paths | 65536 weights)
      (reshape): reshape_irreps()
    )
  )
  (products): ModuleList(
    (0): EquivariantProductBasisBlock(
      (symmetric_contractions): SymmetricContraction(
        (contractions): ModuleList(
          (0): Contraction(
            (contractions_weighting): ModuleList(
              (0-1): 2 x GraphModule()
            )
            (contractions_features): ModuleList(
              (0-1): 2 x GraphModule()
            )
            (weights): ParameterList(
                (0): Parameter containing: [torch.float32 of size 4x4x128 (cuda:0)]
                (1): Parameter containing: [torch.float32 of size 4x1x128 (cuda:0)]
            )
            (graph_opt_main): GraphModule()
          )
          (1): Contraction(
            (contractions_weighting): ModuleList(
              (0-1): 2 x GraphModule()
            )
            (contractions_features): ModuleList(
              (0-1): 2 x GraphModule()
            )
            (weights): ParameterList(
                (0): Parameter containing: [torch.float32 of size 4x6x128 (cuda:0)]
                (1): Parameter containing: [torch.float32 of size 4x1x128 (cuda:0)]
            )
            (graph_opt_main): GraphModule()
          )
        )
      )
      (linear): Linear(128x0e+128x1o -> 128x0e+128x1o | 32768 weights)
    )
    (1): EquivariantProductBasisBlock(
      (symmetric_contractions): SymmetricContraction(
        (contractions): ModuleList(
          (0): Contraction(
            (contractions_weighting): ModuleList(
              (0-1): 2 x GraphModule()
            )
            (contractions_features): ModuleList(
              (0-1): 2 x GraphModule()
            )
            (weights): ParameterList(
                (0): Parameter containing: [torch.float32 of size 4x4x128 (cuda:0)]
                (1): Parameter containing: [torch.float32 of size 4x1x128 (cuda:0)]
            )
            (graph_opt_main): GraphModule()
          )
        )
      )
      (linear): Linear(128x0e -> 128x0e | 16384 weights)
    )
  )
  (readouts): ModuleList(
    (0): LinearDipoleReadoutBlock(
      (linear): Linear(128x0e+128x1o -> 13x0e+91x1o | 13312 weights)
    )
    (1): NonLinearDipoleReadoutBlock(
      (equivariant_nonlin): Gate (128x0e -> 128x0e)
      (linear_1): Linear(128x0e -> 128x0e | 16384 weights)
      (linear_2): Linear(128x0e -> 13x0e+91x1o | 1664 weights)
    )
  )
  (socs_readouts): ModuleList(
    (0): None
  )
)
2025-10-22 09:12:06.898 INFO: Total number of parameters: 877696
2025-10-22 09:12:06.898 INFO: 
2025-10-22 09:12:06.898 INFO: ===========OPTIMIZER INFORMATION===========
2025-10-22 09:12:06.898 INFO: Using ADAM as parameter optimizer
2025-10-22 09:12:06.898 INFO: Batch size: 10
2025-10-22 09:12:06.898 INFO: Using Exponential Moving Average with decay: 0.99
2025-10-22 09:12:06.898 INFO: Number of gradient updates: 9
2025-10-22 09:12:06.898 INFO: Learning rate: 0.001, weight decay: 5e-07
2025-10-22 09:12:06.898 INFO: WeightedEnergyForcesNacsDipoleLoss(energy_weight=100.000, forces_weight=100.000, dipole_weight=1.000)
2025-10-22 09:12:06.899 INFO: Using gradient clipping with tolerance=10.000
2025-10-22 09:12:06.899 INFO: 
2025-10-22 09:12:06.899 INFO: ===========TRAINING===========
2025-10-22 09:12:06.899 INFO: Started training, reporting errors on validation set
2025-10-22 09:12:06.899 INFO: Loss metrics on validation set
2025-10-22 09:13:25.994 INFO: ===========VERIFYING SETTINGS===========
2025-10-22 09:13:25.994 INFO: MACE version: 0.3.6
2025-10-22 09:13:25.994 DEBUG: Configuration: Namespace(config=None, name='tyrosine', seed=123, work_dir='.', nacs_key='smooth_nacs', log_dir='./logs', model_dir='.', checkpoints_dir='./checkpoints', results_dir='./results', downloads_dir='./downloads', device='cuda', default_dtype='float32', distributed=False, log_level='INFO', n_energies=13, error_table='EnergyNacsDipoleMAE', model='ExcitedMACE', r_max=5.0, num_permutational_invariant=16, radial_type='bessel', num_radial_basis=8, num_cutoff_basis=5, pair_repulsion=False, distance_transform='None', interaction='RealAgnosticResidualInteractionBlock', interaction_first='RealAgnosticResidualInteractionBlock', max_ell=3, correlation=3, num_interactions=2, MLP_irreps='128x0e', radial_MLP='[64, 64, 64]', hidden_irreps='128x0e + 128x1o', num_channels=128, max_L=1, gate='silu', scaling='rms_forces_scaling', avg_num_neighbors=1, compute_avg_num_neighbors=True, compute_stress=False, compute_forces=True, compute_dipoles=True, compute_nacs=False, compute_socs=False, train_file='tyrosine_correct.xyz', valid_file=None, valid_fraction=0.1, test_file=None, test_dir=None, multi_processed_test=False, num_workers=0, pin_memory=True, atomic_numbers=None, mean=None, std=None, statistics_file=None, E0s='average', keep_isolated_atoms=False, energy_key='REF_energy', forces_key='REF_forces', virials_key='REF_virials', stress_key='REF_stress', dipoles_key='REF_dipoles', charges_key='REF_charges', loss='weighted', forces_weight=100.0, nacs_weight=100.0, socs_weight=0.0, soc_num=0, swa_forces_weight=100.0, energy_weight=100.0, swa_energy_weight=1000.0, virials_weight=1.0, swa_virials_weight=10.0, stress_weight=1.0, swa_stress_weight=10.0, dipoles_weight=1.0, swa_dipole_weight=1.0, config_type_weights='{"Default":1.0}', huber_delta=0.01, optimizer='adam', beta=0.9, batch_size=10, valid_batch_size=10, lr=0.001, swa_lr=0.001, weight_decay=5e-07, amsgrad=True, scheduler='ReduceLROnPlateau', lr_factor=0.8, scheduler_patience=50, lr_scheduler_gamma=0.9993, swa=False, start_swa=None, ema=True, ema_decay=0.99, max_num_epochs=1, patience=2048, foundation_model=None, foundation_model_readout=True, eval_interval=1, keep_checkpoints=False, save_all_checkpoints=False, restart_latest=False, save_cpu=False, clip_grad=10.0, wandb=False, wandb_dir=None, wandb_project='', wandb_entity='', wandb_name='', wandb_log_hypers=['num_channels', 'max_L', 'correlation', 'lr', 'swa_lr', 'weight_decay', 'batch_size', 'max_num_epochs', 'start_swa', 'energy_weight', 'forces_weight'])
2025-10-22 09:13:26.155 INFO: CUDA version: 12.4, CUDA device: 0
2025-10-22 09:13:26.173 DEBUG: Popen(['git', 'version'], cwd=/home/rhyan/Exciton_model/X-MACE, stdin=None, shell=False, universal_newlines=False)
2025-10-22 09:13:26.174 DEBUG: Popen(['git', 'version'], cwd=/home/rhyan/Exciton_model/X-MACE, stdin=None, shell=False, universal_newlines=False)
2025-10-22 09:13:26.175 DEBUG: sys.platform='linux', git_executable='git'
2025-10-22 09:13:26.176 DEBUG: Popen(['git', 'cat-file', '--batch-check'], cwd=/home/rhyan/Exciton_model/X-MACE, stdin=<valid stream>, shell=False, universal_newlines=False)
2025-10-22 09:13:26.177 DEBUG: Current Git commit: 0861c52cf365064d060e006c179e4cc1785b61c2
2025-10-22 09:13:26.177 INFO: 
2025-10-22 09:13:26.177 INFO: ===========LOADING INPUT DATA===========
2025-10-22 09:13:26.618 INFO: Using random 10% of training set for validation with indices saved in: ./valid_indices_123.txt
2025-10-22 09:13:26.618 INFO: Atomic Numbers used: [1, 6, 7, 8]
2025-10-22 09:13:26.619 INFO: Isolated Atomic Energies (E0s) not in training file, using command line argument
2025-10-22 09:13:26.619 INFO: Computing average Atomic Energies using least squares regression
2025-10-22 09:13:26.622 INFO: Atomic Energies used (z: eV): {1: -887.1094175756843, 6: -725.8167961982872, 7: -80.64631068869856, 8: -241.9389320660957}
2025-10-22 09:13:26.646 INFO: 
2025-10-22 09:13:26.646 INFO: ===========MODEL DETAILS===========
2025-10-22 09:13:26.766 INFO: Average number of neighbors: 6.4
2025-10-22 09:13:26.766 INFO: During training the following quantities will be reported: energy, forces, dipoles, nacs
2025-10-22 09:13:26.777 INFO: Building model
2025-10-22 09:13:26.777 INFO: Message passing with 128 channels and max_L=1 (128x0e + 128x1o)
2025-10-22 09:13:26.778 INFO: 2 layers, each with correlation order: 3 (body order: 4) and spherical harmonics up to: l=3
2025-10-22 09:13:26.778 INFO: 8 radial and 5 basis functions
2025-10-22 09:13:26.778 INFO: Radial cutoff: 5.0 Å (total receptive field for each atom: 10.0 Å)
2025-10-22 09:13:26.778 INFO: Distance transform for radial basis functions: None
2025-10-22 09:13:27.504 DEBUG: ExcitedMACE(
  (node_embedding): LinearNodeEmbeddingBlock(
    (linear): Linear(4x0e -> 128x0e | 512 weights)
  )
  (radial_embedding): RadialEmbeddingBlock(
    (bessel_fn): BesselBasis(r_max=5.0, num_basis=8, trainable=False)
    (cutoff_fn): PolynomialCutoff(p=5.0, r_max=5.0)
  )
  (spherical_harmonics): SphericalHarmonics()
  (atomic_energies_fn): AtomicEnergiesBlock(energies=[-887.1094, -725.8168, -80.6463, -241.9389])
  (interactions): ModuleList(
    (0): RealAgnosticInteractionBlock(
      (linear_up): Linear(128x0e -> 128x0e | 16384 weights)
      (conv_tp): TensorProduct(128x0e x 1x0e+1x1o+1x2e+1x3o -> 128x0e+128x1o+128x2e+128x3o | 512 paths | 512 weights)
      (conv_tp_weights): FullyConnectedNet[8, 64, 64, 64, 512]
      (linear): Linear(128x0e+128x1o+128x2e+128x3o -> 128x0e+128x1o+128x2e+128x3o | 65536 weights)
      (skip_tp): FullyConnectedTensorProduct(128x0e+128x1o+128x2e+128x3o x 4x0e -> 128x0e+128x1o+128x2e+128x3o | 262144 paths | 262144 weights)
      (reshape): reshape_irreps()
    )
    (1): RealAgnosticResidualInteractionBlock(
      (linear_up): Linear(128x0e+128x1o -> 128x0e+128x1o | 32768 weights)
      (conv_tp): TensorProduct(128x0e+128x1o x 1x0e+1x1o+1x2e+1x3o -> 256x0e+384x1o+384x2e+256x3o | 1280 paths | 1280 weights)
      (conv_tp_weights): FullyConnectedNet[8, 64, 64, 64, 1280]
      (linear): Linear(256x0e+384x1o+384x2e+256x3o -> 128x0e+128x1o+128x2e+128x3o | 163840 weights)
      (skip_tp): FullyConnectedTensorProduct(128x0e+128x1o x 4x0e -> 128x0e | 65536 paths | 65536 weights)
      (reshape): reshape_irreps()
    )
  )
  (products): ModuleList(
    (0): EquivariantProductBasisBlock(
      (symmetric_contractions): SymmetricContraction(
        (contractions): ModuleList(
          (0): Contraction(
            (contractions_weighting): ModuleList(
              (0-1): 2 x GraphModule()
            )
            (contractions_features): ModuleList(
              (0-1): 2 x GraphModule()
            )
            (weights): ParameterList(
                (0): Parameter containing: [torch.float32 of size 4x4x128 (cuda:0)]
                (1): Parameter containing: [torch.float32 of size 4x1x128 (cuda:0)]
            )
            (graph_opt_main): GraphModule()
          )
          (1): Contraction(
            (contractions_weighting): ModuleList(
              (0-1): 2 x GraphModule()
            )
            (contractions_features): ModuleList(
              (0-1): 2 x GraphModule()
            )
            (weights): ParameterList(
                (0): Parameter containing: [torch.float32 of size 4x6x128 (cuda:0)]
                (1): Parameter containing: [torch.float32 of size 4x1x128 (cuda:0)]
            )
            (graph_opt_main): GraphModule()
          )
        )
      )
      (linear): Linear(128x0e+128x1o -> 128x0e+128x1o | 32768 weights)
    )
    (1): EquivariantProductBasisBlock(
      (symmetric_contractions): SymmetricContraction(
        (contractions): ModuleList(
          (0): Contraction(
            (contractions_weighting): ModuleList(
              (0-1): 2 x GraphModule()
            )
            (contractions_features): ModuleList(
              (0-1): 2 x GraphModule()
            )
            (weights): ParameterList(
                (0): Parameter containing: [torch.float32 of size 4x4x128 (cuda:0)]
                (1): Parameter containing: [torch.float32 of size 4x1x128 (cuda:0)]
            )
            (graph_opt_main): GraphModule()
          )
        )
      )
      (linear): Linear(128x0e -> 128x0e | 16384 weights)
    )
  )
  (readouts): ModuleList(
    (0): LinearDipoleReadoutBlock(
      (linear): Linear(128x0e+128x1o -> 13x0e+91x1o | 13312 weights)
    )
    (1): NonLinearDipoleReadoutBlock(
      (equivariant_nonlin): Gate (128x0e -> 128x0e)
      (linear_1): Linear(128x0e -> 128x0e | 16384 weights)
      (linear_2): Linear(128x0e -> 13x0e+91x1o | 1664 weights)
    )
  )
  (socs_readouts): ModuleList(
    (0): None
  )
)
2025-10-22 09:13:27.506 INFO: Total number of parameters: 877696
2025-10-22 09:13:27.506 INFO: 
2025-10-22 09:13:27.506 INFO: ===========OPTIMIZER INFORMATION===========
2025-10-22 09:13:27.506 INFO: Using ADAM as parameter optimizer
2025-10-22 09:13:27.506 INFO: Batch size: 10
2025-10-22 09:13:27.506 INFO: Using Exponential Moving Average with decay: 0.99
2025-10-22 09:13:27.506 INFO: Number of gradient updates: 9
2025-10-22 09:13:27.506 INFO: Learning rate: 0.001, weight decay: 5e-07
2025-10-22 09:13:27.506 INFO: WeightedEnergyForcesNacsDipoleLoss(energy_weight=100.000, forces_weight=100.000, dipole_weight=1.000)
2025-10-22 09:13:27.507 INFO: Using gradient clipping with tolerance=10.000
2025-10-22 09:13:27.507 INFO: 
2025-10-22 09:13:27.507 INFO: ===========TRAINING===========
2025-10-22 09:13:27.507 INFO: Started training, reporting errors on validation set
2025-10-22 09:13:27.507 INFO: Loss metrics on validation set
2025-10-22 09:14:59.018 INFO: ===========VERIFYING SETTINGS===========
2025-10-22 09:14:59.018 INFO: MACE version: 0.3.6
2025-10-22 09:14:59.018 DEBUG: Configuration: Namespace(config=None, name='tyrosine', seed=123, work_dir='.', nacs_key='smooth_nacs', log_dir='./logs', model_dir='.', checkpoints_dir='./checkpoints', results_dir='./results', downloads_dir='./downloads', device='cuda', default_dtype='float32', distributed=False, log_level='INFO', n_energies=13, error_table='EnergyNacsDipoleMAE', model='ExcitedMACE', r_max=5.0, num_permutational_invariant=16, radial_type='bessel', num_radial_basis=8, num_cutoff_basis=5, pair_repulsion=False, distance_transform='None', interaction='RealAgnosticResidualInteractionBlock', interaction_first='RealAgnosticResidualInteractionBlock', max_ell=3, correlation=3, num_interactions=2, MLP_irreps='128x0e', radial_MLP='[64, 64, 64]', hidden_irreps='128x0e + 128x1o', num_channels=128, max_L=1, gate='silu', scaling='rms_forces_scaling', avg_num_neighbors=1, compute_avg_num_neighbors=True, compute_stress=False, compute_forces=True, compute_dipoles=True, compute_nacs=False, compute_socs=False, train_file='tyrosine_correct.xyz', valid_file=None, valid_fraction=0.1, test_file=None, test_dir=None, multi_processed_test=False, num_workers=0, pin_memory=True, atomic_numbers=None, mean=None, std=None, statistics_file=None, E0s='average', keep_isolated_atoms=False, energy_key='REF_energy', forces_key='REF_forces', virials_key='REF_virials', stress_key='REF_stress', dipoles_key='REF_dipoles', charges_key='REF_charges', loss='weighted', forces_weight=100.0, nacs_weight=100.0, socs_weight=0.0, soc_num=0, swa_forces_weight=100.0, energy_weight=100.0, swa_energy_weight=1000.0, virials_weight=1.0, swa_virials_weight=10.0, stress_weight=1.0, swa_stress_weight=10.0, dipoles_weight=1.0, swa_dipole_weight=1.0, config_type_weights='{"Default":1.0}', huber_delta=0.01, optimizer='adam', beta=0.9, batch_size=10, valid_batch_size=10, lr=0.001, swa_lr=0.001, weight_decay=5e-07, amsgrad=True, scheduler='ReduceLROnPlateau', lr_factor=0.8, scheduler_patience=50, lr_scheduler_gamma=0.9993, swa=False, start_swa=None, ema=True, ema_decay=0.99, max_num_epochs=1, patience=2048, foundation_model=None, foundation_model_readout=True, eval_interval=1, keep_checkpoints=False, save_all_checkpoints=False, restart_latest=False, save_cpu=False, clip_grad=10.0, wandb=False, wandb_dir=None, wandb_project='', wandb_entity='', wandb_name='', wandb_log_hypers=['num_channels', 'max_L', 'correlation', 'lr', 'swa_lr', 'weight_decay', 'batch_size', 'max_num_epochs', 'start_swa', 'energy_weight', 'forces_weight'])
2025-10-22 09:14:59.180 INFO: CUDA version: 12.4, CUDA device: 0
2025-10-22 09:14:59.197 DEBUG: Popen(['git', 'version'], cwd=/home/rhyan/Exciton_model/X-MACE, stdin=None, shell=False, universal_newlines=False)
2025-10-22 09:14:59.199 DEBUG: Popen(['git', 'version'], cwd=/home/rhyan/Exciton_model/X-MACE, stdin=None, shell=False, universal_newlines=False)
2025-10-22 09:14:59.200 DEBUG: sys.platform='linux', git_executable='git'
2025-10-22 09:14:59.201 DEBUG: Popen(['git', 'cat-file', '--batch-check'], cwd=/home/rhyan/Exciton_model/X-MACE, stdin=<valid stream>, shell=False, universal_newlines=False)
2025-10-22 09:14:59.202 DEBUG: Current Git commit: 0861c52cf365064d060e006c179e4cc1785b61c2
2025-10-22 09:14:59.202 INFO: 
2025-10-22 09:14:59.202 INFO: ===========LOADING INPUT DATA===========
2025-10-22 09:15:29.918 INFO: ===========VERIFYING SETTINGS===========
2025-10-22 09:15:29.918 INFO: MACE version: 0.3.6
2025-10-22 09:15:29.918 DEBUG: Configuration: Namespace(config=None, name='tyrosine', seed=123, work_dir='.', nacs_key='smooth_nacs', log_dir='./logs', model_dir='.', checkpoints_dir='./checkpoints', results_dir='./results', downloads_dir='./downloads', device='cuda', default_dtype='float32', distributed=False, log_level='INFO', n_energies=13, error_table='EnergyNacsDipoleMAE', model='ExcitedMACE', r_max=5.0, num_permutational_invariant=16, radial_type='bessel', num_radial_basis=8, num_cutoff_basis=5, pair_repulsion=False, distance_transform='None', interaction='RealAgnosticResidualInteractionBlock', interaction_first='RealAgnosticResidualInteractionBlock', max_ell=3, correlation=3, num_interactions=2, MLP_irreps='128x0e', radial_MLP='[64, 64, 64]', hidden_irreps='128x0e + 128x1o', num_channels=128, max_L=1, gate='silu', scaling='rms_forces_scaling', avg_num_neighbors=1, compute_avg_num_neighbors=True, compute_stress=False, compute_forces=True, compute_dipoles=True, compute_nacs=False, compute_socs=False, train_file='tyrosine_correct.xyz', valid_file=None, valid_fraction=0.1, test_file=None, test_dir=None, multi_processed_test=False, num_workers=0, pin_memory=True, atomic_numbers=None, mean=None, std=None, statistics_file=None, E0s='average', keep_isolated_atoms=False, energy_key='REF_energy', forces_key='REF_forces', virials_key='REF_virials', stress_key='REF_stress', dipoles_key='REF_dipoles', charges_key='REF_charges', loss='weighted', forces_weight=100.0, nacs_weight=100.0, socs_weight=0.0, soc_num=0, swa_forces_weight=100.0, energy_weight=100.0, swa_energy_weight=1000.0, virials_weight=1.0, swa_virials_weight=10.0, stress_weight=1.0, swa_stress_weight=10.0, dipoles_weight=1.0, swa_dipole_weight=1.0, config_type_weights='{"Default":1.0}', huber_delta=0.01, optimizer='adam', beta=0.9, batch_size=10, valid_batch_size=10, lr=0.001, swa_lr=0.001, weight_decay=5e-07, amsgrad=True, scheduler='ReduceLROnPlateau', lr_factor=0.8, scheduler_patience=50, lr_scheduler_gamma=0.9993, swa=False, start_swa=None, ema=True, ema_decay=0.99, max_num_epochs=1, patience=2048, foundation_model=None, foundation_model_readout=True, eval_interval=1, keep_checkpoints=False, save_all_checkpoints=False, restart_latest=False, save_cpu=False, clip_grad=10.0, wandb=False, wandb_dir=None, wandb_project='', wandb_entity='', wandb_name='', wandb_log_hypers=['num_channels', 'max_L', 'correlation', 'lr', 'swa_lr', 'weight_decay', 'batch_size', 'max_num_epochs', 'start_swa', 'energy_weight', 'forces_weight'])
2025-10-22 09:15:29.954 INFO: CUDA version: 12.4, CUDA device: 0
2025-10-22 09:15:29.972 DEBUG: Popen(['git', 'version'], cwd=/home/rhyan/Exciton_model/X-MACE, stdin=None, shell=False, universal_newlines=False)
2025-10-22 09:15:29.973 DEBUG: Popen(['git', 'version'], cwd=/home/rhyan/Exciton_model/X-MACE, stdin=None, shell=False, universal_newlines=False)
2025-10-22 09:15:29.975 DEBUG: sys.platform='linux', git_executable='git'
2025-10-22 09:15:29.975 DEBUG: Popen(['git', 'cat-file', '--batch-check'], cwd=/home/rhyan/Exciton_model/X-MACE, stdin=<valid stream>, shell=False, universal_newlines=False)
2025-10-22 09:15:29.976 DEBUG: Current Git commit: 0861c52cf365064d060e006c179e4cc1785b61c2
2025-10-22 09:15:29.976 INFO: 
2025-10-22 09:15:29.976 INFO: ===========LOADING INPUT DATA===========
2025-10-22 09:15:30.420 INFO: Using random 10% of training set for validation with indices saved in: ./valid_indices_123.txt
2025-10-22 09:15:30.421 INFO: Atomic Numbers used: [1, 6, 7, 8]
2025-10-22 09:15:30.421 INFO: Isolated Atomic Energies (E0s) not in training file, using command line argument
2025-10-22 09:15:30.421 INFO: Computing average Atomic Energies using least squares regression
2025-10-22 09:15:30.423 INFO: Atomic Energies used (z: eV): {1: -887.1094175756843, 6: -725.8167961982872, 7: -80.64631068869856, 8: -241.9389320660957}
2025-10-22 09:15:30.447 INFO: 
2025-10-22 09:15:30.447 INFO: ===========MODEL DETAILS===========
2025-10-22 09:15:30.569 INFO: Average number of neighbors: 6.4
2025-10-22 09:15:30.569 INFO: During training the following quantities will be reported: energy, forces, dipoles, nacs
2025-10-22 09:15:30.581 INFO: Building model
2025-10-22 09:15:30.581 INFO: Message passing with 128 channels and max_L=1 (128x0e + 128x1o)
2025-10-22 09:15:30.581 INFO: 2 layers, each with correlation order: 3 (body order: 4) and spherical harmonics up to: l=3
2025-10-22 09:15:30.581 INFO: 8 radial and 5 basis functions
2025-10-22 09:15:30.581 INFO: Radial cutoff: 5.0 Å (total receptive field for each atom: 10.0 Å)
2025-10-22 09:15:30.581 INFO: Distance transform for radial basis functions: None
2025-10-22 09:15:31.323 DEBUG: ExcitedMACE(
  (node_embedding): LinearNodeEmbeddingBlock(
    (linear): Linear(4x0e -> 128x0e | 512 weights)
  )
  (radial_embedding): RadialEmbeddingBlock(
    (bessel_fn): BesselBasis(r_max=5.0, num_basis=8, trainable=False)
    (cutoff_fn): PolynomialCutoff(p=5.0, r_max=5.0)
  )
  (spherical_harmonics): SphericalHarmonics()
  (atomic_energies_fn): AtomicEnergiesBlock(energies=[-887.1094, -725.8168, -80.6463, -241.9389])
  (interactions): ModuleList(
    (0): RealAgnosticInteractionBlock(
      (linear_up): Linear(128x0e -> 128x0e | 16384 weights)
      (conv_tp): TensorProduct(128x0e x 1x0e+1x1o+1x2e+1x3o -> 128x0e+128x1o+128x2e+128x3o | 512 paths | 512 weights)
      (conv_tp_weights): FullyConnectedNet[8, 64, 64, 64, 512]
      (linear): Linear(128x0e+128x1o+128x2e+128x3o -> 128x0e+128x1o+128x2e+128x3o | 65536 weights)
      (skip_tp): FullyConnectedTensorProduct(128x0e+128x1o+128x2e+128x3o x 4x0e -> 128x0e+128x1o+128x2e+128x3o | 262144 paths | 262144 weights)
      (reshape): reshape_irreps()
    )
    (1): RealAgnosticResidualInteractionBlock(
      (linear_up): Linear(128x0e+128x1o -> 128x0e+128x1o | 32768 weights)
      (conv_tp): TensorProduct(128x0e+128x1o x 1x0e+1x1o+1x2e+1x3o -> 256x0e+384x1o+384x2e+256x3o | 1280 paths | 1280 weights)
      (conv_tp_weights): FullyConnectedNet[8, 64, 64, 64, 1280]
      (linear): Linear(256x0e+384x1o+384x2e+256x3o -> 128x0e+128x1o+128x2e+128x3o | 163840 weights)
      (skip_tp): FullyConnectedTensorProduct(128x0e+128x1o x 4x0e -> 128x0e | 65536 paths | 65536 weights)
      (reshape): reshape_irreps()
    )
  )
  (products): ModuleList(
    (0): EquivariantProductBasisBlock(
      (symmetric_contractions): SymmetricContraction(
        (contractions): ModuleList(
          (0): Contraction(
            (contractions_weighting): ModuleList(
              (0-1): 2 x GraphModule()
            )
            (contractions_features): ModuleList(
              (0-1): 2 x GraphModule()
            )
            (weights): ParameterList(
                (0): Parameter containing: [torch.float32 of size 4x4x128 (cuda:0)]
                (1): Parameter containing: [torch.float32 of size 4x1x128 (cuda:0)]
            )
            (graph_opt_main): GraphModule()
          )
          (1): Contraction(
            (contractions_weighting): ModuleList(
              (0-1): 2 x GraphModule()
            )
            (contractions_features): ModuleList(
              (0-1): 2 x GraphModule()
            )
            (weights): ParameterList(
                (0): Parameter containing: [torch.float32 of size 4x6x128 (cuda:0)]
                (1): Parameter containing: [torch.float32 of size 4x1x128 (cuda:0)]
            )
            (graph_opt_main): GraphModule()
          )
        )
      )
      (linear): Linear(128x0e+128x1o -> 128x0e+128x1o | 32768 weights)
    )
    (1): EquivariantProductBasisBlock(
      (symmetric_contractions): SymmetricContraction(
        (contractions): ModuleList(
          (0): Contraction(
            (contractions_weighting): ModuleList(
              (0-1): 2 x GraphModule()
            )
            (contractions_features): ModuleList(
              (0-1): 2 x GraphModule()
            )
            (weights): ParameterList(
                (0): Parameter containing: [torch.float32 of size 4x4x128 (cuda:0)]
                (1): Parameter containing: [torch.float32 of size 4x1x128 (cuda:0)]
            )
            (graph_opt_main): GraphModule()
          )
        )
      )
      (linear): Linear(128x0e -> 128x0e | 16384 weights)
    )
  )
  (readouts): ModuleList(
    (0): LinearDipoleReadoutBlock(
      (linear): Linear(128x0e+128x1o -> 13x0e+91x1o | 13312 weights)
    )
    (1): NonLinearDipoleReadoutBlock(
      (equivariant_nonlin): Gate (128x0e -> 128x0e)
      (linear_1): Linear(128x0e -> 128x0e | 16384 weights)
      (linear_2): Linear(128x0e -> 13x0e+91x1o | 1664 weights)
    )
  )
  (socs_readouts): ModuleList(
    (0): None
  )
)
2025-10-22 09:15:31.324 INFO: Total number of parameters: 877696
2025-10-22 09:15:31.324 INFO: 
2025-10-22 09:15:31.324 INFO: ===========OPTIMIZER INFORMATION===========
2025-10-22 09:15:31.324 INFO: Using ADAM as parameter optimizer
2025-10-22 09:15:31.325 INFO: Batch size: 10
2025-10-22 09:15:31.325 INFO: Using Exponential Moving Average with decay: 0.99
2025-10-22 09:15:31.325 INFO: Number of gradient updates: 9
2025-10-22 09:15:31.325 INFO: Learning rate: 0.001, weight decay: 5e-07
2025-10-22 09:15:31.325 INFO: WeightedEnergyForcesNacsDipoleLoss(energy_weight=100.000, forces_weight=100.000, dipole_weight=1.000)
2025-10-22 09:15:31.325 INFO: Using gradient clipping with tolerance=10.000
2025-10-22 09:15:31.325 INFO: 
2025-10-22 09:15:31.325 INFO: ===========TRAINING===========
2025-10-22 09:15:31.325 INFO: Started training, reporting errors on validation set
2025-10-22 09:15:31.326 INFO: Loss metrics on validation set
2025-10-22 09:15:31.742 DEBUG: Saving info: ./results/tyrosine_run-123_train.txt
2025-10-22 09:15:32.916 DEBUG: Saving info: ./results/tyrosine_run-123_train.txt
2025-10-22 09:15:34.147 DEBUG: Saving info: ./results/tyrosine_run-123_train.txt
2025-10-22 09:15:35.585 DEBUG: Saving info: ./results/tyrosine_run-123_train.txt
2025-10-22 09:15:36.108 DEBUG: Saving info: ./results/tyrosine_run-123_train.txt
2025-10-22 09:15:36.415 DEBUG: Saving info: ./results/tyrosine_run-123_train.txt
2025-10-22 09:15:36.722 DEBUG: Saving info: ./results/tyrosine_run-123_train.txt
2025-10-22 09:15:37.029 DEBUG: Saving info: ./results/tyrosine_run-123_train.txt
2025-10-22 09:15:37.336 DEBUG: Saving info: ./results/tyrosine_run-123_train.txt
2025-10-22 09:15:37.643 DEBUG: Saving info: ./results/tyrosine_run-123_train.txt
2025-10-22 09:15:37.759 DEBUG: Saving info: ./results/tyrosine_run-123_train.txt
2025-10-22 09:15:37.760 DEBUG: Saving checkpoint: ./checkpoints/tyrosine_run-123_epoch-0.pt
2025-10-22 09:15:37.814 INFO: Training complete
2025-10-22 09:15:37.814 INFO: 
2025-10-22 09:15:37.814 INFO: ===========RESULTS===========
2025-10-22 09:15:37.814 INFO: Computing metrics for training, validation, and test sets
2025-10-22 09:15:37.815 INFO: Loading checkpoint: ./checkpoints/tyrosine_run-123_epoch-9.pt
2025-10-22 09:15:59.029 INFO: ===========VERIFYING SETTINGS===========
2025-10-22 09:15:59.029 INFO: MACE version: 0.3.6
2025-10-22 09:15:59.029 DEBUG: Configuration: Namespace(config=None, name='tyrosine', seed=123, work_dir='.', nacs_key='smooth_nacs', log_dir='./logs', model_dir='.', checkpoints_dir='./checkpoints', results_dir='./results', downloads_dir='./downloads', device='cuda', default_dtype='float32', distributed=False, log_level='INFO', n_energies=13, error_table='EnergyNacsDipoleMAE', model='ExcitedMACE', r_max=5.0, num_permutational_invariant=16, radial_type='bessel', num_radial_basis=8, num_cutoff_basis=5, pair_repulsion=False, distance_transform='None', interaction='RealAgnosticResidualInteractionBlock', interaction_first='RealAgnosticResidualInteractionBlock', max_ell=3, correlation=3, num_interactions=2, MLP_irreps='128x0e', radial_MLP='[64, 64, 64]', hidden_irreps='128x0e + 128x1o', num_channels=128, max_L=1, gate='silu', scaling='rms_forces_scaling', avg_num_neighbors=1, compute_avg_num_neighbors=True, compute_stress=False, compute_forces=True, compute_dipoles=True, compute_nacs=False, compute_socs=False, train_file='tyrosine_correct.xyz', valid_file=None, valid_fraction=0.1, test_file=None, test_dir=None, multi_processed_test=False, num_workers=0, pin_memory=True, atomic_numbers=None, mean=None, std=None, statistics_file=None, E0s='average', keep_isolated_atoms=False, energy_key='REF_energy', forces_key='REF_forces', virials_key='REF_virials', stress_key='REF_stress', dipoles_key='REF_dipoles', charges_key='REF_charges', loss='weighted', forces_weight=100.0, nacs_weight=100.0, socs_weight=0.0, soc_num=0, swa_forces_weight=100.0, energy_weight=100.0, swa_energy_weight=1000.0, virials_weight=1.0, swa_virials_weight=10.0, stress_weight=1.0, swa_stress_weight=10.0, dipoles_weight=1.0, swa_dipole_weight=1.0, config_type_weights='{"Default":1.0}', huber_delta=0.01, optimizer='adam', beta=0.9, batch_size=10, valid_batch_size=10, lr=0.001, swa_lr=0.001, weight_decay=5e-07, amsgrad=True, scheduler='ReduceLROnPlateau', lr_factor=0.8, scheduler_patience=50, lr_scheduler_gamma=0.9993, swa=False, start_swa=None, ema=True, ema_decay=0.99, max_num_epochs=1, patience=2048, foundation_model=None, foundation_model_readout=True, eval_interval=1, keep_checkpoints=False, save_all_checkpoints=False, restart_latest=False, save_cpu=False, clip_grad=10.0, wandb=False, wandb_dir=None, wandb_project='', wandb_entity='', wandb_name='', wandb_log_hypers=['num_channels', 'max_L', 'correlation', 'lr', 'swa_lr', 'weight_decay', 'batch_size', 'max_num_epochs', 'start_swa', 'energy_weight', 'forces_weight'])
2025-10-22 09:15:59.071 INFO: CUDA version: 12.4, CUDA device: 0
2025-10-22 09:15:59.089 DEBUG: Popen(['git', 'version'], cwd=/home/rhyan/Exciton_model/X-MACE, stdin=None, shell=False, universal_newlines=False)
2025-10-22 09:15:59.090 DEBUG: Popen(['git', 'version'], cwd=/home/rhyan/Exciton_model/X-MACE, stdin=None, shell=False, universal_newlines=False)
2025-10-22 09:15:59.092 DEBUG: sys.platform='linux', git_executable='git'
2025-10-22 09:15:59.092 DEBUG: Popen(['git', 'cat-file', '--batch-check'], cwd=/home/rhyan/Exciton_model/X-MACE, stdin=<valid stream>, shell=False, universal_newlines=False)
2025-10-22 09:15:59.093 DEBUG: Current Git commit: 0861c52cf365064d060e006c179e4cc1785b61c2
2025-10-22 09:15:59.093 INFO: 
2025-10-22 09:15:59.094 INFO: ===========LOADING INPUT DATA===========
2025-10-22 09:15:59.535 INFO: Using random 10% of training set for validation with indices saved in: ./valid_indices_123.txt
2025-10-22 09:15:59.535 INFO: Atomic Numbers used: [1, 6, 7, 8]
2025-10-22 09:15:59.535 INFO: Isolated Atomic Energies (E0s) not in training file, using command line argument
2025-10-22 09:15:59.535 INFO: Computing average Atomic Energies using least squares regression
2025-10-22 09:15:59.538 INFO: Atomic Energies used (z: eV): {1: -887.1094175756843, 6: -725.8167961982872, 7: -80.64631068869856, 8: -241.9389320660957}
2025-10-22 09:15:59.562 INFO: 
2025-10-22 09:15:59.562 INFO: ===========MODEL DETAILS===========
2025-10-22 09:15:59.682 INFO: Average number of neighbors: 6.4
2025-10-22 09:15:59.682 INFO: During training the following quantities will be reported: energy, forces, dipoles, nacs
2025-10-22 09:15:59.693 INFO: Building model
2025-10-22 09:15:59.693 INFO: Message passing with 128 channels and max_L=1 (128x0e + 128x1o)
2025-10-22 09:15:59.694 INFO: 2 layers, each with correlation order: 3 (body order: 4) and spherical harmonics up to: l=3
2025-10-22 09:15:59.694 INFO: 8 radial and 5 basis functions
2025-10-22 09:15:59.694 INFO: Radial cutoff: 5.0 Å (total receptive field for each atom: 10.0 Å)
2025-10-22 09:15:59.694 INFO: Distance transform for radial basis functions: None
2025-10-22 09:16:00.422 DEBUG: ExcitedMACE(
  (node_embedding): LinearNodeEmbeddingBlock(
    (linear): Linear(4x0e -> 128x0e | 512 weights)
  )
  (radial_embedding): RadialEmbeddingBlock(
    (bessel_fn): BesselBasis(r_max=5.0, num_basis=8, trainable=False)
    (cutoff_fn): PolynomialCutoff(p=5.0, r_max=5.0)
  )
  (spherical_harmonics): SphericalHarmonics()
  (atomic_energies_fn): AtomicEnergiesBlock(energies=[-887.1094, -725.8168, -80.6463, -241.9389])
  (interactions): ModuleList(
    (0): RealAgnosticInteractionBlock(
      (linear_up): Linear(128x0e -> 128x0e | 16384 weights)
      (conv_tp): TensorProduct(128x0e x 1x0e+1x1o+1x2e+1x3o -> 128x0e+128x1o+128x2e+128x3o | 512 paths | 512 weights)
      (conv_tp_weights): FullyConnectedNet[8, 64, 64, 64, 512]
      (linear): Linear(128x0e+128x1o+128x2e+128x3o -> 128x0e+128x1o+128x2e+128x3o | 65536 weights)
      (skip_tp): FullyConnectedTensorProduct(128x0e+128x1o+128x2e+128x3o x 4x0e -> 128x0e+128x1o+128x2e+128x3o | 262144 paths | 262144 weights)
      (reshape): reshape_irreps()
    )
    (1): RealAgnosticResidualInteractionBlock(
      (linear_up): Linear(128x0e+128x1o -> 128x0e+128x1o | 32768 weights)
      (conv_tp): TensorProduct(128x0e+128x1o x 1x0e+1x1o+1x2e+1x3o -> 256x0e+384x1o+384x2e+256x3o | 1280 paths | 1280 weights)
      (conv_tp_weights): FullyConnectedNet[8, 64, 64, 64, 1280]
      (linear): Linear(256x0e+384x1o+384x2e+256x3o -> 128x0e+128x1o+128x2e+128x3o | 163840 weights)
      (skip_tp): FullyConnectedTensorProduct(128x0e+128x1o x 4x0e -> 128x0e | 65536 paths | 65536 weights)
      (reshape): reshape_irreps()
    )
  )
  (products): ModuleList(
    (0): EquivariantProductBasisBlock(
      (symmetric_contractions): SymmetricContraction(
        (contractions): ModuleList(
          (0): Contraction(
            (contractions_weighting): ModuleList(
              (0-1): 2 x GraphModule()
            )
            (contractions_features): ModuleList(
              (0-1): 2 x GraphModule()
            )
            (weights): ParameterList(
                (0): Parameter containing: [torch.float32 of size 4x4x128 (cuda:0)]
                (1): Parameter containing: [torch.float32 of size 4x1x128 (cuda:0)]
            )
            (graph_opt_main): GraphModule()
          )
          (1): Contraction(
            (contractions_weighting): ModuleList(
              (0-1): 2 x GraphModule()
            )
            (contractions_features): ModuleList(
              (0-1): 2 x GraphModule()
            )
            (weights): ParameterList(
                (0): Parameter containing: [torch.float32 of size 4x6x128 (cuda:0)]
                (1): Parameter containing: [torch.float32 of size 4x1x128 (cuda:0)]
            )
            (graph_opt_main): GraphModule()
          )
        )
      )
      (linear): Linear(128x0e+128x1o -> 128x0e+128x1o | 32768 weights)
    )
    (1): EquivariantProductBasisBlock(
      (symmetric_contractions): SymmetricContraction(
        (contractions): ModuleList(
          (0): Contraction(
            (contractions_weighting): ModuleList(
              (0-1): 2 x GraphModule()
            )
            (contractions_features): ModuleList(
              (0-1): 2 x GraphModule()
            )
            (weights): ParameterList(
                (0): Parameter containing: [torch.float32 of size 4x4x128 (cuda:0)]
                (1): Parameter containing: [torch.float32 of size 4x1x128 (cuda:0)]
            )
            (graph_opt_main): GraphModule()
          )
        )
      )
      (linear): Linear(128x0e -> 128x0e | 16384 weights)
    )
  )
  (readouts): ModuleList(
    (0): LinearDipoleReadoutBlock(
      (linear): Linear(128x0e+128x1o -> 13x0e+91x1o | 13312 weights)
    )
    (1): NonLinearDipoleReadoutBlock(
      (equivariant_nonlin): Gate (128x0e -> 128x0e)
      (linear_1): Linear(128x0e -> 128x0e | 16384 weights)
      (linear_2): Linear(128x0e -> 13x0e+91x1o | 1664 weights)
    )
  )
  (socs_readouts): ModuleList(
    (0): None
  )
)
2025-10-22 09:16:00.423 INFO: Total number of parameters: 877696
2025-10-22 09:16:00.423 INFO: 
2025-10-22 09:16:00.423 INFO: ===========OPTIMIZER INFORMATION===========
2025-10-22 09:16:00.423 INFO: Using ADAM as parameter optimizer
2025-10-22 09:16:00.423 INFO: Batch size: 10
2025-10-22 09:16:00.423 INFO: Using Exponential Moving Average with decay: 0.99
2025-10-22 09:16:00.423 INFO: Number of gradient updates: 9
2025-10-22 09:16:00.423 INFO: Learning rate: 0.001, weight decay: 5e-07
2025-10-22 09:16:00.423 INFO: WeightedEnergyForcesNacsDipoleLoss(energy_weight=100.000, forces_weight=100.000, dipole_weight=1.000)
2025-10-22 09:16:00.424 INFO: Using gradient clipping with tolerance=10.000
2025-10-22 09:16:00.424 INFO: 
2025-10-22 09:16:00.424 INFO: ===========TRAINING===========
2025-10-22 09:16:00.424 INFO: Started training, reporting errors on validation set
2025-10-22 09:16:00.424 INFO: Loss metrics on validation set
2025-10-22 09:16:00.842 DEBUG: Saving info: ./results/tyrosine_run-123_train.txt
2025-10-22 09:16:01.996 DEBUG: Saving info: ./results/tyrosine_run-123_train.txt
2025-10-22 09:16:03.224 DEBUG: Saving info: ./results/tyrosine_run-123_train.txt
2025-10-22 09:16:04.646 DEBUG: Saving info: ./results/tyrosine_run-123_train.txt
2025-10-22 09:16:05.170 DEBUG: Saving info: ./results/tyrosine_run-123_train.txt
2025-10-22 09:16:05.476 DEBUG: Saving info: ./results/tyrosine_run-123_train.txt
2025-10-22 09:16:05.783 DEBUG: Saving info: ./results/tyrosine_run-123_train.txt
2025-10-22 09:16:06.089 DEBUG: Saving info: ./results/tyrosine_run-123_train.txt
2025-10-22 09:16:06.396 DEBUG: Saving info: ./results/tyrosine_run-123_train.txt
2025-10-22 09:16:06.705 DEBUG: Saving info: ./results/tyrosine_run-123_train.txt
2025-10-22 09:16:06.819 DEBUG: Saving info: ./results/tyrosine_run-123_train.txt
2025-10-22 09:16:06.820 DEBUG: Saving checkpoint: ./checkpoints/tyrosine_run-123_epoch-0.pt
2025-10-22 09:16:06.872 INFO: Training complete
2025-10-22 09:16:06.872 INFO: 
2025-10-22 09:16:06.872 INFO: ===========RESULTS===========
2025-10-22 09:16:06.872 INFO: Computing metrics for training, validation, and test sets
2025-10-22 09:16:06.872 INFO: Loading checkpoint: ./checkpoints/tyrosine_run-123_epoch-0.pt
2025-10-22 09:16:06.888 INFO: Loaded Stage one model from epoch 0 for evaluation
2025-10-22 09:16:06.888 INFO: Saving model to checkpoints/tyrosine_run-123.model
2025-10-22 09:16:06.941 INFO: Compiling model, saving metadata to tyrosine_compiled.model
2025-10-22 09:16:07.302 INFO: Done
