2025-09-25 10:30:57.768 INFO: ===========VERIFYING SETTINGS===========
2025-09-25 10:30:57.768 INFO: MACE version: 0.3.6
2025-09-25 10:30:58.113 INFO: CUDA version: 12.4, CUDA device: 0
2025-09-25 10:30:58.145 INFO: 
2025-09-25 10:30:58.145 INFO: ===========LOADING INPUT DATA===========
2025-09-25 10:30:58.590 INFO: Using random 10% of training set for validation with indices saved in: ./valid_indices_123.txt
2025-09-25 10:30:58.590 INFO: Atomic Numbers used: [1, 6, 7, 8]
2025-09-25 10:30:58.590 INFO: Isolated Atomic Energies (E0s) not in training file, using command line argument
2025-09-25 10:30:58.590 INFO: Computing average Atomic Energies using least squares regression
2025-09-25 10:30:58.594 INFO: Atomic Energies used (z: eV): {1: -887.1094175756843, 6: -725.8167961982872, 7: -80.64631068869856, 8: -241.9389320660957}
2025-09-25 10:30:58.623 INFO: 
2025-09-25 10:30:58.623 INFO: ===========MODEL DETAILS===========
2025-09-25 10:30:58.747 INFO: Average number of neighbors: 6.4
2025-09-25 10:30:58.748 INFO: During training the following quantities will be reported: energy, forces, dipoles, nacs
2025-09-25 10:30:58.759 INFO: Building model
2025-09-25 10:30:58.759 INFO: Message passing with 128 channels and max_L=1 (128x0e + 128x1o)
2025-09-25 10:30:58.759 INFO: 2 layers, each with correlation order: 3 (body order: 4) and spherical harmonics up to: l=3
2025-09-25 10:30:58.759 INFO: 8 radial and 5 basis functions
2025-09-25 10:30:58.759 INFO: Radial cutoff: 5.0 Å (total receptive field for each atom: 10.0 Å)
2025-09-25 10:30:58.759 INFO: Distance transform for radial basis functions: None
2025-09-25 10:30:59.551 INFO: Total number of parameters: 991616
2025-09-25 10:30:59.551 INFO: 
2025-09-25 10:30:59.551 INFO: ===========OPTIMIZER INFORMATION===========
2025-09-25 10:30:59.551 INFO: Using ADAM as parameter optimizer
2025-09-25 10:30:59.551 INFO: Batch size: 10
2025-09-25 10:30:59.551 INFO: Using Exponential Moving Average with decay: 0.99
2025-09-25 10:30:59.551 INFO: Number of gradient updates: 90
2025-09-25 10:30:59.551 INFO: Learning rate: 0.001, weight decay: 5e-07
2025-09-25 10:30:59.551 INFO: WeightedEnergyForcesNacsDipoleLoss(energy_weight=100.000, forces_weight=100.000, dipole_weight=1.000)
2025-09-25 10:30:59.552 INFO: Using gradient clipping with tolerance=10.000
2025-09-25 10:30:59.552 INFO: 
2025-09-25 10:30:59.552 INFO: ===========TRAINING===========
2025-09-25 10:30:59.552 INFO: Started training, reporting errors on validation set
2025-09-25 10:30:59.552 INFO: Loss metrics on validation set
2025-09-25 10:31:51.466 INFO: ===========VERIFYING SETTINGS===========
2025-09-25 10:31:51.466 INFO: MACE version: 0.3.6
2025-09-25 10:31:51.645 INFO: CUDA version: 12.4, CUDA device: 0
2025-09-25 10:31:51.667 INFO: 
2025-09-25 10:31:51.667 INFO: ===========LOADING INPUT DATA===========
2025-09-25 10:31:52.111 INFO: Using random 10% of training set for validation with indices saved in: ./valid_indices_123.txt
2025-09-25 10:31:52.111 INFO: Atomic Numbers used: [1, 6, 7, 8]
2025-09-25 10:31:52.111 INFO: Isolated Atomic Energies (E0s) not in training file, using command line argument
2025-09-25 10:31:52.111 INFO: Computing average Atomic Energies using least squares regression
2025-09-25 10:31:52.114 INFO: Atomic Energies used (z: eV): {1: -887.1094175756843, 6: -725.8167961982872, 7: -80.64631068869856, 8: -241.9389320660957}
2025-09-25 10:31:52.137 INFO: 
2025-09-25 10:31:52.137 INFO: ===========MODEL DETAILS===========
2025-09-25 10:31:52.257 INFO: Average number of neighbors: 6.4
2025-09-25 10:31:52.257 INFO: During training the following quantities will be reported: energy, forces, dipoles, nacs
2025-09-25 10:31:52.268 INFO: Building model
2025-09-25 10:31:52.268 INFO: Message passing with 128 channels and max_L=1 (128x0e + 128x1o)
2025-09-25 10:31:52.268 INFO: 2 layers, each with correlation order: 3 (body order: 4) and spherical harmonics up to: l=3
2025-09-25 10:31:52.268 INFO: 8 radial and 5 basis functions
2025-09-25 10:31:52.268 INFO: Radial cutoff: 5.0 Å (total receptive field for each atom: 10.0 Å)
2025-09-25 10:31:52.268 INFO: Distance transform for radial basis functions: None
2025-09-25 10:31:53.058 INFO: Total number of parameters: 991616
2025-09-25 10:31:53.058 INFO: 
2025-09-25 10:31:53.058 INFO: ===========OPTIMIZER INFORMATION===========
2025-09-25 10:31:53.058 INFO: Using ADAM as parameter optimizer
2025-09-25 10:31:53.058 INFO: Batch size: 10
2025-09-25 10:31:53.058 INFO: Using Exponential Moving Average with decay: 0.99
2025-09-25 10:31:53.058 INFO: Number of gradient updates: 90
2025-09-25 10:31:53.058 INFO: Learning rate: 0.001, weight decay: 5e-07
2025-09-25 10:31:53.058 INFO: WeightedEnergyForcesNacsDipoleLoss(energy_weight=100.000, forces_weight=100.000, dipole_weight=1.000)
2025-09-25 10:31:53.059 INFO: Using gradient clipping with tolerance=10.000
2025-09-25 10:31:53.059 INFO: 
2025-09-25 10:31:53.059 INFO: ===========TRAINING===========
2025-09-25 10:31:53.059 INFO: Started training, reporting errors on validation set
2025-09-25 10:31:53.059 INFO: Loss metrics on validation set
2025-09-25 10:32:47.611 INFO: ===========VERIFYING SETTINGS===========
2025-09-25 10:32:47.611 INFO: MACE version: 0.3.6
2025-09-25 10:32:47.775 INFO: CUDA version: 12.4, CUDA device: 0
2025-09-25 10:32:47.798 INFO: 
2025-09-25 10:32:47.798 INFO: ===========LOADING INPUT DATA===========
2025-09-25 10:32:48.240 INFO: Using random 10% of training set for validation with indices saved in: ./valid_indices_123.txt
2025-09-25 10:32:48.240 INFO: Atomic Numbers used: [1, 6, 7, 8]
2025-09-25 10:32:48.240 INFO: Isolated Atomic Energies (E0s) not in training file, using command line argument
2025-09-25 10:32:48.240 INFO: Computing average Atomic Energies using least squares regression
2025-09-25 10:32:48.243 INFO: Atomic Energies used (z: eV): {1: -887.1094175756843, 6: -725.8167961982872, 7: -80.64631068869856, 8: -241.9389320660957}
2025-09-25 10:32:48.266 INFO: 
2025-09-25 10:32:48.266 INFO: ===========MODEL DETAILS===========
2025-09-25 10:32:48.391 INFO: Average number of neighbors: 6.4
2025-09-25 10:32:48.391 INFO: During training the following quantities will be reported: energy, forces, dipoles, nacs
2025-09-25 10:32:48.402 INFO: Building model
2025-09-25 10:32:48.402 INFO: Message passing with 128 channels and max_L=1 (128x0e + 128x1o)
2025-09-25 10:32:48.402 INFO: 2 layers, each with correlation order: 3 (body order: 4) and spherical harmonics up to: l=3
2025-09-25 10:32:48.402 INFO: 8 radial and 5 basis functions
2025-09-25 10:32:48.402 INFO: Radial cutoff: 5.0 Å (total receptive field for each atom: 10.0 Å)
2025-09-25 10:32:48.402 INFO: Distance transform for radial basis functions: None
2025-09-25 10:32:49.189 INFO: Total number of parameters: 991616
2025-09-25 10:32:49.189 INFO: 
2025-09-25 10:32:49.189 INFO: ===========OPTIMIZER INFORMATION===========
2025-09-25 10:32:49.189 INFO: Using ADAM as parameter optimizer
2025-09-25 10:32:49.189 INFO: Batch size: 10
2025-09-25 10:32:49.189 INFO: Using Exponential Moving Average with decay: 0.99
2025-09-25 10:32:49.189 INFO: Number of gradient updates: 90
2025-09-25 10:32:49.189 INFO: Learning rate: 0.001, weight decay: 5e-07
2025-09-25 10:32:49.189 INFO: WeightedEnergyForcesNacsDipoleLoss(energy_weight=100.000, forces_weight=100.000, dipole_weight=1.000)
2025-09-25 10:32:49.190 INFO: Using gradient clipping with tolerance=10.000
2025-09-25 10:32:49.190 INFO: 
2025-09-25 10:32:49.190 INFO: ===========TRAINING===========
2025-09-25 10:32:49.190 INFO: Started training, reporting errors on validation set
2025-09-25 10:32:49.190 INFO: Loss metrics on validation set
2025-09-25 10:33:11.043 INFO: ===========VERIFYING SETTINGS===========
2025-09-25 10:33:11.043 INFO: MACE version: 0.3.6
2025-09-25 10:33:11.207 INFO: CUDA version: 12.4, CUDA device: 0
2025-09-25 10:33:11.230 INFO: 
2025-09-25 10:33:11.230 INFO: ===========LOADING INPUT DATA===========
2025-09-25 10:33:11.672 INFO: Using random 10% of training set for validation with indices saved in: ./valid_indices_123.txt
2025-09-25 10:33:11.672 INFO: Atomic Numbers used: [1, 6, 7, 8]
2025-09-25 10:33:11.672 INFO: Isolated Atomic Energies (E0s) not in training file, using command line argument
2025-09-25 10:33:11.672 INFO: Computing average Atomic Energies using least squares regression
2025-09-25 10:33:11.675 INFO: Atomic Energies used (z: eV): {1: -887.1094175756843, 6: -725.8167961982872, 7: -80.64631068869856, 8: -241.9389320660957}
2025-09-25 10:33:11.698 INFO: 
2025-09-25 10:33:11.698 INFO: ===========MODEL DETAILS===========
2025-09-25 10:33:11.822 INFO: Average number of neighbors: 6.4
2025-09-25 10:33:11.822 INFO: During training the following quantities will be reported: energy, forces, dipoles, nacs
2025-09-25 10:33:11.834 INFO: Building model
2025-09-25 10:33:11.834 INFO: Message passing with 128 channels and max_L=1 (128x0e + 128x1o)
2025-09-25 10:33:11.834 INFO: 2 layers, each with correlation order: 3 (body order: 4) and spherical harmonics up to: l=3
2025-09-25 10:33:11.834 INFO: 8 radial and 5 basis functions
2025-09-25 10:33:11.834 INFO: Radial cutoff: 5.0 Å (total receptive field for each atom: 10.0 Å)
2025-09-25 10:33:11.834 INFO: Distance transform for radial basis functions: None
2025-09-25 10:33:12.613 INFO: Total number of parameters: 991616
2025-09-25 10:33:12.613 INFO: 
2025-09-25 10:33:12.613 INFO: ===========OPTIMIZER INFORMATION===========
2025-09-25 10:33:12.613 INFO: Using ADAM as parameter optimizer
2025-09-25 10:33:12.613 INFO: Batch size: 10
2025-09-25 10:33:12.613 INFO: Using Exponential Moving Average with decay: 0.99
2025-09-25 10:33:12.613 INFO: Number of gradient updates: 90
2025-09-25 10:33:12.613 INFO: Learning rate: 0.001, weight decay: 5e-07
2025-09-25 10:33:12.613 INFO: WeightedEnergyForcesNacsDipoleLoss(energy_weight=100.000, forces_weight=100.000, dipole_weight=1.000)
2025-09-25 10:33:12.614 INFO: Using gradient clipping with tolerance=10.000
2025-09-25 10:33:12.614 INFO: 
2025-09-25 10:33:12.614 INFO: ===========TRAINING===========
2025-09-25 10:33:12.614 INFO: Started training, reporting errors on validation set
2025-09-25 10:33:12.614 INFO: Loss metrics on validation set
2025-09-25 10:35:19.980 INFO: ===========VERIFYING SETTINGS===========
2025-09-25 10:35:19.980 INFO: MACE version: 0.3.6
2025-09-25 10:35:20.143 INFO: CUDA version: 12.4, CUDA device: 0
2025-09-25 10:35:20.165 INFO: 
2025-09-25 10:35:20.165 INFO: ===========LOADING INPUT DATA===========
2025-09-25 10:35:20.608 INFO: Using random 10% of training set for validation with indices saved in: ./valid_indices_123.txt
2025-09-25 10:35:20.608 INFO: Atomic Numbers used: [1, 6, 7, 8]
2025-09-25 10:35:20.608 INFO: Isolated Atomic Energies (E0s) not in training file, using command line argument
2025-09-25 10:35:20.608 INFO: Computing average Atomic Energies using least squares regression
2025-09-25 10:35:20.610 INFO: Atomic Energies used (z: eV): {1: -887.1094175756843, 6: -725.8167961982872, 7: -80.64631068869856, 8: -241.9389320660957}
2025-09-25 10:35:20.633 INFO: 
2025-09-25 10:35:20.633 INFO: ===========MODEL DETAILS===========
2025-09-25 10:35:20.753 INFO: Average number of neighbors: 6.4
2025-09-25 10:35:20.754 INFO: During training the following quantities will be reported: energy, forces, dipoles, nacs
2025-09-25 10:35:20.765 INFO: Building model
2025-09-25 10:35:20.765 INFO: Message passing with 128 channels and max_L=1 (128x0e + 128x1o)
2025-09-25 10:35:20.765 INFO: 2 layers, each with correlation order: 3 (body order: 4) and spherical harmonics up to: l=3
2025-09-25 10:35:20.765 INFO: 8 radial and 5 basis functions
2025-09-25 10:35:20.765 INFO: Radial cutoff: 5.0 Å (total receptive field for each atom: 10.0 Å)
2025-09-25 10:35:20.765 INFO: Distance transform for radial basis functions: None
2025-09-25 10:35:21.549 INFO: Total number of parameters: 991616
2025-09-25 10:35:21.549 INFO: 
2025-09-25 10:35:21.549 INFO: ===========OPTIMIZER INFORMATION===========
2025-09-25 10:35:21.549 INFO: Using ADAM as parameter optimizer
2025-09-25 10:35:21.549 INFO: Batch size: 10
2025-09-25 10:35:21.549 INFO: Using Exponential Moving Average with decay: 0.99
2025-09-25 10:35:21.549 INFO: Number of gradient updates: 90
2025-09-25 10:35:21.549 INFO: Learning rate: 0.001, weight decay: 5e-07
2025-09-25 10:35:21.549 INFO: WeightedEnergyForcesNacsDipoleLoss(energy_weight=100.000, forces_weight=100.000, dipole_weight=1.000)
2025-09-25 10:35:21.550 INFO: Using gradient clipping with tolerance=10.000
2025-09-25 10:35:21.550 INFO: 
2025-09-25 10:35:21.550 INFO: ===========TRAINING===========
2025-09-25 10:35:21.550 INFO: Started training, reporting errors on validation set
2025-09-25 10:35:21.550 INFO: Loss metrics on validation set
2025-09-25 10:36:54.550 INFO: ===========VERIFYING SETTINGS===========
2025-09-25 10:36:54.550 INFO: MACE version: 0.3.6
2025-09-25 10:36:54.714 INFO: CUDA version: 12.4, CUDA device: 0
2025-09-25 10:36:54.737 INFO: 
2025-09-25 10:36:54.738 INFO: ===========LOADING INPUT DATA===========
2025-09-25 10:36:55.179 INFO: Using random 10% of training set for validation with indices saved in: ./valid_indices_123.txt
2025-09-25 10:36:55.180 INFO: Atomic Numbers used: [1, 6, 7, 8]
2025-09-25 10:36:55.180 INFO: Isolated Atomic Energies (E0s) not in training file, using command line argument
2025-09-25 10:36:55.180 INFO: Computing average Atomic Energies using least squares regression
2025-09-25 10:36:55.183 INFO: Atomic Energies used (z: eV): {1: -887.1094175756843, 6: -725.8167961982872, 7: -80.64631068869856, 8: -241.9389320660957}
2025-09-25 10:36:55.207 INFO: 
2025-09-25 10:36:55.207 INFO: ===========MODEL DETAILS===========
2025-09-25 10:36:55.332 INFO: Average number of neighbors: 6.4
2025-09-25 10:36:55.332 INFO: During training the following quantities will be reported: energy, forces, dipoles, nacs
2025-09-25 10:36:55.343 INFO: Building model
2025-09-25 10:36:55.343 INFO: Message passing with 128 channels and max_L=1 (128x0e + 128x1o)
2025-09-25 10:36:55.343 INFO: 2 layers, each with correlation order: 3 (body order: 4) and spherical harmonics up to: l=3
2025-09-25 10:36:55.343 INFO: 8 radial and 5 basis functions
2025-09-25 10:36:55.343 INFO: Radial cutoff: 5.0 Å (total receptive field for each atom: 10.0 Å)
2025-09-25 10:36:55.344 INFO: Distance transform for radial basis functions: None
2025-09-25 10:36:56.162 INFO: Total number of parameters: 1111936
2025-09-25 10:36:56.163 INFO: 
2025-09-25 10:36:56.163 INFO: ===========OPTIMIZER INFORMATION===========
2025-09-25 10:36:56.163 INFO: Using ADAM as parameter optimizer
2025-09-25 10:36:56.163 INFO: Batch size: 10
2025-09-25 10:36:56.163 INFO: Using Exponential Moving Average with decay: 0.99
2025-09-25 10:36:56.163 INFO: Number of gradient updates: 90
2025-09-25 10:36:56.163 INFO: Learning rate: 0.001, weight decay: 5e-07
2025-09-25 10:36:56.163 INFO: WeightedEnergyForcesNacsDipoleLoss(energy_weight=100.000, forces_weight=100.000, dipole_weight=1.000)
2025-09-25 10:36:56.164 INFO: Using gradient clipping with tolerance=10.000
2025-09-25 10:36:56.164 INFO: 
2025-09-25 10:36:56.164 INFO: ===========TRAINING===========
2025-09-25 10:36:56.164 INFO: Started training, reporting errors on validation set
2025-09-25 10:36:56.164 INFO: Loss metrics on validation set
2025-09-25 10:37:08.915 INFO: ===========VERIFYING SETTINGS===========
2025-09-25 10:37:08.915 INFO: MACE version: 0.3.6
2025-09-25 10:37:09.080 INFO: CUDA version: 12.4, CUDA device: 0
2025-09-25 10:37:09.102 INFO: 
2025-09-25 10:37:09.102 INFO: ===========LOADING INPUT DATA===========
2025-09-25 10:37:09.544 INFO: Using random 10% of training set for validation with indices saved in: ./valid_indices_123.txt
2025-09-25 10:37:09.544 INFO: Atomic Numbers used: [1, 6, 7, 8]
2025-09-25 10:37:09.544 INFO: Isolated Atomic Energies (E0s) not in training file, using command line argument
2025-09-25 10:37:09.544 INFO: Computing average Atomic Energies using least squares regression
2025-09-25 10:37:09.547 INFO: Atomic Energies used (z: eV): {1: -887.1094175756843, 6: -725.8167961982872, 7: -80.64631068869856, 8: -241.9389320660957}
2025-09-25 10:37:09.572 INFO: 
2025-09-25 10:37:09.572 INFO: ===========MODEL DETAILS===========
2025-09-25 10:37:09.693 INFO: Average number of neighbors: 6.4
2025-09-25 10:37:09.694 INFO: During training the following quantities will be reported: energy, forces, dipoles, nacs
2025-09-25 10:37:09.705 INFO: Building model
2025-09-25 10:37:09.705 INFO: Message passing with 128 channels and max_L=1 (128x0e + 128x1o)
2025-09-25 10:37:09.705 INFO: 2 layers, each with correlation order: 3 (body order: 4) and spherical harmonics up to: l=3
2025-09-25 10:37:09.705 INFO: 8 radial and 5 basis functions
2025-09-25 10:37:09.705 INFO: Radial cutoff: 5.0 Å (total receptive field for each atom: 10.0 Å)
2025-09-25 10:37:09.705 INFO: Distance transform for radial basis functions: None
2025-09-25 10:37:10.515 INFO: Total number of parameters: 1111936
2025-09-25 10:37:10.515 INFO: 
2025-09-25 10:37:10.515 INFO: ===========OPTIMIZER INFORMATION===========
2025-09-25 10:37:10.515 INFO: Using ADAM as parameter optimizer
2025-09-25 10:37:10.515 INFO: Batch size: 10
2025-09-25 10:37:10.515 INFO: Using Exponential Moving Average with decay: 0.99
2025-09-25 10:37:10.515 INFO: Number of gradient updates: 90
2025-09-25 10:37:10.515 INFO: Learning rate: 0.001, weight decay: 5e-07
2025-09-25 10:37:10.515 INFO: WeightedEnergyForcesNacsDipoleLoss(energy_weight=100.000, forces_weight=100.000, dipole_weight=1.000)
2025-09-25 10:37:10.516 INFO: Using gradient clipping with tolerance=10.000
2025-09-25 10:37:10.516 INFO: 
2025-09-25 10:37:10.516 INFO: ===========TRAINING===========
2025-09-25 10:37:10.516 INFO: Started training, reporting errors on validation set
2025-09-25 10:37:10.516 INFO: Loss metrics on validation set
2025-09-25 10:37:39.886 INFO: ===========VERIFYING SETTINGS===========
2025-09-25 10:37:39.886 INFO: MACE version: 0.3.6
2025-09-25 10:37:40.048 INFO: CUDA version: 12.4, CUDA device: 0
2025-09-25 10:37:40.070 INFO: 
2025-09-25 10:37:40.070 INFO: ===========LOADING INPUT DATA===========
2025-09-25 10:37:40.512 INFO: Using random 10% of training set for validation with indices saved in: ./valid_indices_123.txt
2025-09-25 10:37:40.512 INFO: Atomic Numbers used: [1, 6, 7, 8]
2025-09-25 10:37:40.512 INFO: Isolated Atomic Energies (E0s) not in training file, using command line argument
2025-09-25 10:37:40.513 INFO: Computing average Atomic Energies using least squares regression
2025-09-25 10:37:40.515 INFO: Atomic Energies used (z: eV): {1: -887.1094175756843, 6: -725.8167961982872, 7: -80.64631068869856, 8: -241.9389320660957}
2025-09-25 10:37:40.539 INFO: 
2025-09-25 10:37:40.539 INFO: ===========MODEL DETAILS===========
2025-09-25 10:37:40.662 INFO: Average number of neighbors: 6.4
2025-09-25 10:37:40.662 INFO: During training the following quantities will be reported: energy, forces, dipoles, nacs
2025-09-25 10:37:40.673 INFO: Building model
2025-09-25 10:37:40.673 INFO: Message passing with 128 channels and max_L=1 (128x0e + 128x1o)
2025-09-25 10:37:40.673 INFO: 2 layers, each with correlation order: 3 (body order: 4) and spherical harmonics up to: l=3
2025-09-25 10:37:40.673 INFO: 8 radial and 5 basis functions
2025-09-25 10:37:40.673 INFO: Radial cutoff: 5.0 Å (total receptive field for each atom: 10.0 Å)
2025-09-25 10:37:40.673 INFO: Distance transform for radial basis functions: None
2025-09-25 10:37:41.489 INFO: Total number of parameters: 1111936
2025-09-25 10:37:41.489 INFO: 
2025-09-25 10:37:41.489 INFO: ===========OPTIMIZER INFORMATION===========
2025-09-25 10:37:41.489 INFO: Using ADAM as parameter optimizer
2025-09-25 10:37:41.489 INFO: Batch size: 10
2025-09-25 10:37:41.489 INFO: Using Exponential Moving Average with decay: 0.99
2025-09-25 10:37:41.489 INFO: Number of gradient updates: 90
2025-09-25 10:37:41.489 INFO: Learning rate: 0.001, weight decay: 5e-07
2025-09-25 10:37:41.489 INFO: WeightedEnergyForcesNacsDipoleLoss(energy_weight=100.000, forces_weight=100.000, dipole_weight=1.000)
2025-09-25 10:37:41.490 INFO: Using gradient clipping with tolerance=10.000
2025-09-25 10:37:41.490 INFO: 
2025-09-25 10:37:41.490 INFO: ===========TRAINING===========
2025-09-25 10:37:41.490 INFO: Started training, reporting errors on validation set
2025-09-25 10:37:41.490 INFO: Loss metrics on validation set
2025-09-25 10:38:27.980 INFO: ===========VERIFYING SETTINGS===========
2025-09-25 10:38:27.980 INFO: MACE version: 0.3.6
2025-09-25 10:38:28.142 INFO: CUDA version: 12.4, CUDA device: 0
2025-09-25 10:38:28.165 INFO: 
2025-09-25 10:38:28.165 INFO: ===========LOADING INPUT DATA===========
2025-09-25 10:38:28.607 INFO: Using random 10% of training set for validation with indices saved in: ./valid_indices_123.txt
2025-09-25 10:38:28.607 INFO: Atomic Numbers used: [1, 6, 7, 8]
2025-09-25 10:38:28.607 INFO: Isolated Atomic Energies (E0s) not in training file, using command line argument
2025-09-25 10:38:28.607 INFO: Computing average Atomic Energies using least squares regression
2025-09-25 10:38:28.610 INFO: Atomic Energies used (z: eV): {1: -887.1094175756843, 6: -725.8167961982872, 7: -80.64631068869856, 8: -241.9389320660957}
2025-09-25 10:38:28.633 INFO: 
2025-09-25 10:38:28.633 INFO: ===========MODEL DETAILS===========
2025-09-25 10:38:28.753 INFO: Average number of neighbors: 6.4
2025-09-25 10:38:28.753 INFO: During training the following quantities will be reported: energy, forces, dipoles, nacs
2025-09-25 10:38:28.764 INFO: Building model
2025-09-25 10:38:28.764 INFO: Message passing with 128 channels and max_L=1 (128x0e + 128x1o)
2025-09-25 10:38:28.764 INFO: 2 layers, each with correlation order: 3 (body order: 4) and spherical harmonics up to: l=3
2025-09-25 10:38:28.764 INFO: 8 radial and 5 basis functions
2025-09-25 10:38:28.764 INFO: Radial cutoff: 5.0 Å (total receptive field for each atom: 10.0 Å)
2025-09-25 10:38:28.764 INFO: Distance transform for radial basis functions: None
2025-09-25 10:38:29.571 INFO: Total number of parameters: 1111936
2025-09-25 10:38:29.571 INFO: 
2025-09-25 10:38:29.571 INFO: ===========OPTIMIZER INFORMATION===========
2025-09-25 10:38:29.571 INFO: Using ADAM as parameter optimizer
2025-09-25 10:38:29.571 INFO: Batch size: 10
2025-09-25 10:38:29.571 INFO: Using Exponential Moving Average with decay: 0.99
2025-09-25 10:38:29.571 INFO: Number of gradient updates: 90
2025-09-25 10:38:29.571 INFO: Learning rate: 0.001, weight decay: 5e-07
2025-09-25 10:38:29.571 INFO: WeightedEnergyForcesNacsDipoleLoss(energy_weight=100.000, forces_weight=100.000, dipole_weight=1.000)
2025-09-25 10:38:29.572 INFO: Using gradient clipping with tolerance=10.000
2025-09-25 10:38:29.572 INFO: 
2025-09-25 10:38:29.572 INFO: ===========TRAINING===========
2025-09-25 10:38:29.572 INFO: Started training, reporting errors on validation set
2025-09-25 10:38:29.572 INFO: Loss metrics on validation set
2025-09-25 10:38:58.531 INFO: ===========VERIFYING SETTINGS===========
2025-09-25 10:38:58.531 INFO: MACE version: 0.3.6
2025-09-25 10:38:58.693 INFO: CUDA version: 12.4, CUDA device: 0
2025-09-25 10:38:58.715 INFO: 
2025-09-25 10:38:58.715 INFO: ===========LOADING INPUT DATA===========
2025-09-25 10:38:59.156 INFO: Using random 10% of training set for validation with indices saved in: ./valid_indices_123.txt
2025-09-25 10:38:59.157 INFO: Atomic Numbers used: [1, 6, 7, 8]
2025-09-25 10:38:59.157 INFO: Isolated Atomic Energies (E0s) not in training file, using command line argument
2025-09-25 10:38:59.157 INFO: Computing average Atomic Energies using least squares regression
2025-09-25 10:38:59.159 INFO: Atomic Energies used (z: eV): {1: -887.1094175756843, 6: -725.8167961982872, 7: -80.64631068869856, 8: -241.9389320660957}
2025-09-25 10:38:59.183 INFO: 
2025-09-25 10:38:59.183 INFO: ===========MODEL DETAILS===========
2025-09-25 10:38:59.302 INFO: Average number of neighbors: 6.4
2025-09-25 10:38:59.302 INFO: During training the following quantities will be reported: energy, forces, dipoles, nacs
2025-09-25 10:38:59.313 INFO: Building model
2025-09-25 10:38:59.313 INFO: Message passing with 128 channels and max_L=1 (128x0e + 128x1o)
2025-09-25 10:38:59.313 INFO: 2 layers, each with correlation order: 3 (body order: 4) and spherical harmonics up to: l=3
2025-09-25 10:38:59.313 INFO: 8 radial and 5 basis functions
2025-09-25 10:38:59.313 INFO: Radial cutoff: 5.0 Å (total receptive field for each atom: 10.0 Å)
2025-09-25 10:38:59.313 INFO: Distance transform for radial basis functions: None
2025-09-25 10:39:00.122 INFO: Total number of parameters: 1111936
2025-09-25 10:39:00.122 INFO: 
2025-09-25 10:39:00.122 INFO: ===========OPTIMIZER INFORMATION===========
2025-09-25 10:39:00.122 INFO: Using ADAM as parameter optimizer
2025-09-25 10:39:00.123 INFO: Batch size: 10
2025-09-25 10:39:00.123 INFO: Using Exponential Moving Average with decay: 0.99
2025-09-25 10:39:00.123 INFO: Number of gradient updates: 90
2025-09-25 10:39:00.123 INFO: Learning rate: 0.001, weight decay: 5e-07
2025-09-25 10:39:00.123 INFO: WeightedEnergyForcesNacsDipoleLoss(energy_weight=100.000, forces_weight=100.000, dipole_weight=1.000)
2025-09-25 10:39:00.123 INFO: Using gradient clipping with tolerance=10.000
2025-09-25 10:39:00.124 INFO: 
2025-09-25 10:39:00.124 INFO: ===========TRAINING===========
2025-09-25 10:39:00.124 INFO: Started training, reporting errors on validation set
2025-09-25 10:39:00.124 INFO: Loss metrics on validation set
2025-09-25 10:39:20.829 INFO: ===========VERIFYING SETTINGS===========
2025-09-25 10:39:20.829 INFO: MACE version: 0.3.6
2025-09-25 10:39:20.991 INFO: CUDA version: 12.4, CUDA device: 0
2025-09-25 10:39:21.014 INFO: 
2025-09-25 10:39:21.014 INFO: ===========LOADING INPUT DATA===========
2025-09-25 10:39:21.456 INFO: Using random 10% of training set for validation with indices saved in: ./valid_indices_123.txt
2025-09-25 10:39:21.456 INFO: Atomic Numbers used: [1, 6, 7, 8]
2025-09-25 10:39:21.456 INFO: Isolated Atomic Energies (E0s) not in training file, using command line argument
2025-09-25 10:39:21.456 INFO: Computing average Atomic Energies using least squares regression
2025-09-25 10:39:21.459 INFO: Atomic Energies used (z: eV): {1: -887.1094175756843, 6: -725.8167961982872, 7: -80.64631068869856, 8: -241.9389320660957}
2025-09-25 10:39:21.483 INFO: 
2025-09-25 10:39:21.483 INFO: ===========MODEL DETAILS===========
2025-09-25 10:39:21.606 INFO: Average number of neighbors: 6.4
2025-09-25 10:39:21.606 INFO: During training the following quantities will be reported: energy, forces, dipoles, nacs
2025-09-25 10:39:21.618 INFO: Building model
2025-09-25 10:39:21.618 INFO: Message passing with 128 channels and max_L=1 (128x0e + 128x1o)
2025-09-25 10:39:21.618 INFO: 2 layers, each with correlation order: 3 (body order: 4) and spherical harmonics up to: l=3
2025-09-25 10:39:21.618 INFO: 8 radial and 5 basis functions
2025-09-25 10:39:21.618 INFO: Radial cutoff: 5.0 Å (total receptive field for each atom: 10.0 Å)
2025-09-25 10:39:21.618 INFO: Distance transform for radial basis functions: None
2025-09-25 10:39:22.428 INFO: Total number of parameters: 1111936
2025-09-25 10:39:22.428 INFO: 
2025-09-25 10:39:22.428 INFO: ===========OPTIMIZER INFORMATION===========
2025-09-25 10:39:22.428 INFO: Using ADAM as parameter optimizer
2025-09-25 10:39:22.428 INFO: Batch size: 10
2025-09-25 10:39:22.428 INFO: Using Exponential Moving Average with decay: 0.99
2025-09-25 10:39:22.428 INFO: Number of gradient updates: 90
2025-09-25 10:39:22.428 INFO: Learning rate: 0.001, weight decay: 5e-07
2025-09-25 10:39:22.428 INFO: WeightedEnergyForcesNacsDipoleLoss(energy_weight=100.000, forces_weight=100.000, dipole_weight=1.000)
2025-09-25 10:39:22.429 INFO: Using gradient clipping with tolerance=10.000
2025-09-25 10:39:22.429 INFO: 
2025-09-25 10:39:22.429 INFO: ===========TRAINING===========
2025-09-25 10:39:22.429 INFO: Started training, reporting errors on validation set
2025-09-25 10:39:22.429 INFO: Loss metrics on validation set
2025-09-25 10:49:35.651 INFO: ===========VERIFYING SETTINGS===========
2025-09-25 10:49:35.651 INFO: MACE version: 0.3.6
2025-09-25 10:49:35.679 INFO: CUDA version: 12.4, CUDA device: 0
2025-09-25 10:49:35.701 INFO: 
2025-09-25 10:49:35.701 INFO: ===========LOADING INPUT DATA===========
2025-09-25 10:49:36.144 INFO: Using random 10% of training set for validation with indices saved in: ./valid_indices_123.txt
2025-09-25 10:49:36.144 INFO: Atomic Numbers used: [1, 6, 7, 8]
2025-09-25 10:49:36.144 INFO: Isolated Atomic Energies (E0s) not in training file, using command line argument
2025-09-25 10:49:36.144 INFO: Computing average Atomic Energies using least squares regression
2025-09-25 10:49:36.147 INFO: Atomic Energies used (z: eV): {1: -887.1094175756843, 6: -725.8167961982872, 7: -80.64631068869856, 8: -241.9389320660957}
2025-09-25 10:49:36.171 INFO: 
2025-09-25 10:49:36.171 INFO: ===========MODEL DETAILS===========
2025-09-25 10:49:36.294 INFO: Average number of neighbors: 6.4
2025-09-25 10:49:36.294 INFO: During training the following quantities will be reported: energy, forces, dipoles, nacs
2025-09-25 10:49:36.306 INFO: Building model
2025-09-25 10:49:36.306 INFO: Message passing with 128 channels and max_L=1 (128x0e + 128x1o)
2025-09-25 10:49:36.306 INFO: 2 layers, each with correlation order: 3 (body order: 4) and spherical harmonics up to: l=3
2025-09-25 10:49:36.306 INFO: 8 radial and 5 basis functions
2025-09-25 10:49:36.306 INFO: Radial cutoff: 5.0 Å (total receptive field for each atom: 10.0 Å)
2025-09-25 10:49:36.306 INFO: Distance transform for radial basis functions: None
2025-09-25 10:49:37.122 INFO: Total number of parameters: 1111936
2025-09-25 10:49:37.122 INFO: 
2025-09-25 10:49:37.122 INFO: ===========OPTIMIZER INFORMATION===========
2025-09-25 10:49:37.122 INFO: Using ADAM as parameter optimizer
2025-09-25 10:49:37.122 INFO: Batch size: 10
2025-09-25 10:49:37.122 INFO: Using Exponential Moving Average with decay: 0.99
2025-09-25 10:49:37.122 INFO: Number of gradient updates: 90
2025-09-25 10:49:37.122 INFO: Learning rate: 0.001, weight decay: 5e-07
2025-09-25 10:49:37.122 INFO: WeightedEnergyForcesNacsDipoleLoss(energy_weight=100.000, forces_weight=100.000, dipole_weight=1.000)
2025-09-25 10:49:37.123 INFO: Using gradient clipping with tolerance=10.000
2025-09-25 10:49:37.123 INFO: 
2025-09-25 10:49:37.123 INFO: ===========TRAINING===========
2025-09-25 10:49:37.123 INFO: Started training, reporting errors on validation set
2025-09-25 10:49:37.123 INFO: Loss metrics on validation set
2025-09-25 10:50:43.791 INFO: Training complete
2025-09-25 10:50:43.791 INFO: 
2025-09-25 10:50:43.791 INFO: ===========RESULTS===========
2025-09-25 10:50:43.791 INFO: Computing metrics for training, validation, and test sets
2025-09-25 10:50:43.792 INFO: Loading checkpoint: ./checkpoints/tyrosine_run-123_epoch-9.pt
2025-09-25 10:50:43.814 INFO: Loaded Stage one model from epoch 9 for evaluation
2025-09-25 10:50:43.814 INFO: Evaluating train ...
2025-09-25 10:52:50.152 INFO: ===========VERIFYING SETTINGS===========
2025-09-25 10:52:50.152 INFO: MACE version: 0.3.6
2025-09-25 10:52:50.180 INFO: CUDA version: 12.4, CUDA device: 0
2025-09-25 10:52:50.202 INFO: 
2025-09-25 10:52:50.202 INFO: ===========LOADING INPUT DATA===========
2025-09-25 10:53:11.447 INFO: Using random 10% of training set for validation with indices saved in: ./valid_indices_123.txt
2025-09-25 10:53:11.458 INFO: Atomic Numbers used: [1, 6, 7, 8]
2025-09-25 10:53:11.458 INFO: Isolated Atomic Energies (E0s) not in training file, using command line argument
2025-09-25 10:53:11.458 INFO: Computing average Atomic Energies using least squares regression
2025-09-25 10:53:11.490 INFO: Atomic Energies used (z: eV): {1: -887.026872656073, 6: -725.7492594458778, 7: -80.63880660509754, 8: -241.91641981529267}
2025-09-25 10:53:13.264 INFO: 
2025-09-25 10:53:13.264 INFO: ===========MODEL DETAILS===========
2025-09-25 10:53:13.879 INFO: Average number of neighbors: 6.7
2025-09-25 10:53:13.879 INFO: During training the following quantities will be reported: energy, forces, dipoles, nacs
2025-09-25 10:53:14.385 INFO: Building model
2025-09-25 10:53:14.385 INFO: Message passing with 128 channels and max_L=1 (128x0e + 128x1o)
2025-09-25 10:53:14.385 INFO: 2 layers, each with correlation order: 3 (body order: 4) and spherical harmonics up to: l=3
2025-09-25 10:53:14.385 INFO: 8 radial and 5 basis functions
2025-09-25 10:53:14.385 INFO: Radial cutoff: 5.0 Å (total receptive field for each atom: 10.0 Å)
2025-09-25 10:53:14.386 INFO: Distance transform for radial basis functions: None
2025-09-25 10:53:15.207 INFO: Total number of parameters: 1111936
2025-09-25 10:53:15.207 INFO: 
2025-09-25 10:53:15.207 INFO: ===========OPTIMIZER INFORMATION===========
2025-09-25 10:53:15.207 INFO: Using ADAM as parameter optimizer
2025-09-25 10:53:15.207 INFO: Batch size: 10
2025-09-25 10:53:15.207 INFO: Using Exponential Moving Average with decay: 0.99
2025-09-25 10:53:15.207 INFO: Number of gradient updates: 45000
2025-09-25 10:53:15.207 INFO: Learning rate: 0.001, weight decay: 5e-07
2025-09-25 10:53:15.207 INFO: WeightedEnergyForcesNacsDipoleLoss(energy_weight=100.000, forces_weight=100.000, dipole_weight=1.000)
2025-09-25 10:53:15.208 INFO: Using gradient clipping with tolerance=10.000
2025-09-25 10:53:15.208 INFO: 
2025-09-25 10:53:15.208 INFO: ===========TRAINING===========
2025-09-25 10:53:15.208 INFO: Started training, reporting errors on validation set
2025-09-25 10:53:15.208 INFO: Loss metrics on validation set
2025-09-25 10:56:53.440 INFO: ===========VERIFYING SETTINGS===========
2025-09-25 10:56:53.440 INFO: MACE version: 0.3.6
2025-09-25 10:56:53.468 INFO: CUDA version: 12.4, CUDA device: 0
2025-09-25 10:56:53.491 INFO: 
2025-09-25 10:56:53.491 INFO: ===========LOADING INPUT DATA===========
2025-09-25 10:57:14.754 INFO: Using random 10% of training set for validation with indices saved in: ./valid_indices_123.txt
2025-09-25 10:57:14.765 INFO: Atomic Numbers used: [1, 6, 7, 8]
2025-09-25 10:57:14.765 INFO: Isolated Atomic Energies (E0s) not in training file, using command line argument
2025-09-25 10:57:14.765 INFO: Computing average Atomic Energies using least squares regression
2025-09-25 10:57:14.798 INFO: Atomic Energies used (z: eV): {1: -887.026872656073, 6: -725.7492594458778, 7: -80.63880660509754, 8: -241.91641981529267}
2025-09-25 10:57:16.604 INFO: 
2025-09-25 10:57:16.604 INFO: ===========MODEL DETAILS===========
2025-09-25 10:57:17.244 INFO: Average number of neighbors: 6.7
2025-09-25 10:57:17.244 INFO: During training the following quantities will be reported: energy, forces, dipoles, nacs
2025-09-25 10:57:17.754 INFO: Building model
2025-09-25 10:57:17.755 INFO: Message passing with 128 channels and max_L=1 (128x0e + 128x1o)
2025-09-25 10:57:17.755 INFO: 2 layers, each with correlation order: 3 (body order: 4) and spherical harmonics up to: l=3
2025-09-25 10:57:17.755 INFO: 8 radial and 5 basis functions
2025-09-25 10:57:17.755 INFO: Radial cutoff: 5.0 Å (total receptive field for each atom: 10.0 Å)
2025-09-25 10:57:17.755 INFO: Distance transform for radial basis functions: None
2025-09-25 10:57:18.564 INFO: Total number of parameters: 904064
2025-09-25 10:57:18.564 INFO: 
2025-09-25 10:57:18.564 INFO: ===========OPTIMIZER INFORMATION===========
2025-09-25 10:57:18.564 INFO: Using ADAM as parameter optimizer
2025-09-25 10:57:18.564 INFO: Batch size: 10
2025-09-25 10:57:18.564 INFO: Using Exponential Moving Average with decay: 0.99
2025-09-25 10:57:18.564 INFO: Number of gradient updates: 45000
2025-09-25 10:57:18.564 INFO: Learning rate: 0.001, weight decay: 5e-07
2025-09-25 10:57:18.564 INFO: WeightedEnergyForcesNacsDipoleLoss(energy_weight=100.000, forces_weight=100.000, dipole_weight=1.000)
2025-09-25 10:57:18.565 INFO: Using gradient clipping with tolerance=10.000
2025-09-25 10:57:18.565 INFO: 
2025-09-25 10:57:18.565 INFO: ===========TRAINING===========
2025-09-25 10:57:18.565 INFO: Started training, reporting errors on validation set
2025-09-25 10:57:18.565 INFO: Loss metrics on validation set
2025-09-25 10:57:35.302 INFO: ===========VERIFYING SETTINGS===========
2025-09-25 10:57:35.302 INFO: MACE version: 0.3.6
2025-09-25 10:57:35.464 INFO: CUDA version: 12.4, CUDA device: 0
2025-09-25 10:57:35.487 INFO: 
2025-09-25 10:57:35.487 INFO: ===========LOADING INPUT DATA===========
2025-09-25 10:57:56.709 INFO: Using random 10% of training set for validation with indices saved in: ./valid_indices_123.txt
2025-09-25 10:57:56.720 INFO: Atomic Numbers used: [1, 6, 7, 8]
2025-09-25 10:57:56.721 INFO: Isolated Atomic Energies (E0s) not in training file, using command line argument
2025-09-25 10:57:56.721 INFO: Computing average Atomic Energies using least squares regression
2025-09-25 10:57:56.752 INFO: Atomic Energies used (z: eV): {1: -887.026872656073, 6: -725.7492594458778, 7: -80.63880660509754, 8: -241.91641981529267}
2025-09-25 10:57:58.529 INFO: 
2025-09-25 10:57:58.529 INFO: ===========MODEL DETAILS===========
2025-09-25 10:57:59.150 INFO: Average number of neighbors: 6.7
2025-09-25 10:57:59.150 INFO: During training the following quantities will be reported: energy, forces, dipoles, nacs
2025-09-25 10:57:59.658 INFO: Building model
2025-09-25 10:57:59.659 INFO: Message passing with 128 channels and max_L=1 (128x0e + 128x1o)
2025-09-25 10:57:59.659 INFO: 2 layers, each with correlation order: 3 (body order: 4) and spherical harmonics up to: l=3
2025-09-25 10:57:59.659 INFO: 8 radial and 5 basis functions
2025-09-25 10:57:59.659 INFO: Radial cutoff: 5.0 Å (total receptive field for each atom: 10.0 Å)
2025-09-25 10:57:59.659 INFO: Distance transform for radial basis functions: None
2025-09-25 10:58:00.467 INFO: Total number of parameters: 904064
2025-09-25 10:58:00.467 INFO: 
2025-09-25 10:58:00.468 INFO: ===========OPTIMIZER INFORMATION===========
2025-09-25 10:58:00.468 INFO: Using ADAM as parameter optimizer
2025-09-25 10:58:00.468 INFO: Batch size: 10
2025-09-25 10:58:00.468 INFO: Using Exponential Moving Average with decay: 0.99
2025-09-25 10:58:00.468 INFO: Number of gradient updates: 45000
2025-09-25 10:58:00.468 INFO: Learning rate: 0.001, weight decay: 5e-07
2025-09-25 10:58:00.468 INFO: WeightedEnergyForcesNacsDipoleLoss(energy_weight=100.000, forces_weight=100.000, dipole_weight=1.000)
2025-09-25 10:58:00.469 INFO: Using gradient clipping with tolerance=10.000
2025-09-25 10:58:00.469 INFO: 
2025-09-25 10:58:00.469 INFO: ===========TRAINING===========
2025-09-25 10:58:00.469 INFO: Started training, reporting errors on validation set
2025-09-25 10:58:00.469 INFO: Loss metrics on validation set
2025-09-25 10:58:15.540 INFO: ===========VERIFYING SETTINGS===========
2025-09-25 10:58:15.540 INFO: MACE version: 0.3.6
2025-09-25 10:58:15.704 INFO: CUDA version: 12.4, CUDA device: 0
2025-09-25 10:58:15.726 INFO: 
2025-09-25 10:58:15.726 INFO: ===========LOADING INPUT DATA===========
2025-09-25 10:58:36.924 INFO: Using random 10% of training set for validation with indices saved in: ./valid_indices_123.txt
2025-09-25 10:58:36.935 INFO: Atomic Numbers used: [1, 6, 7, 8]
2025-09-25 10:58:36.935 INFO: Isolated Atomic Energies (E0s) not in training file, using command line argument
2025-09-25 10:58:36.935 INFO: Computing average Atomic Energies using least squares regression
2025-09-25 10:58:36.966 INFO: Atomic Energies used (z: eV): {1: -887.026872656073, 6: -725.7492594458778, 7: -80.63880660509754, 8: -241.91641981529267}
2025-09-25 10:58:38.751 INFO: 
2025-09-25 10:58:38.751 INFO: ===========MODEL DETAILS===========
2025-09-25 10:58:39.380 INFO: Average number of neighbors: 6.7
2025-09-25 10:58:39.380 INFO: During training the following quantities will be reported: energy, forces, dipoles, nacs
2025-09-25 10:58:39.898 INFO: Building model
2025-09-25 10:58:39.899 INFO: Message passing with 128 channels and max_L=1 (128x0e + 128x1o)
2025-09-25 10:58:39.899 INFO: 2 layers, each with correlation order: 3 (body order: 4) and spherical harmonics up to: l=3
2025-09-25 10:58:39.899 INFO: 8 radial and 5 basis functions
2025-09-25 10:58:39.899 INFO: Radial cutoff: 5.0 Å (total receptive field for each atom: 10.0 Å)
2025-09-25 10:58:39.899 INFO: Distance transform for radial basis functions: None
2025-09-25 10:58:40.704 INFO: Total number of parameters: 904064
2025-09-25 10:58:40.704 INFO: 
2025-09-25 10:58:40.704 INFO: ===========OPTIMIZER INFORMATION===========
2025-09-25 10:58:40.704 INFO: Using ADAM as parameter optimizer
2025-09-25 10:58:40.704 INFO: Batch size: 10
2025-09-25 10:58:40.704 INFO: Using Exponential Moving Average with decay: 0.99
2025-09-25 10:58:40.704 INFO: Number of gradient updates: 45000
2025-09-25 10:58:40.704 INFO: Learning rate: 0.001, weight decay: 5e-07
2025-09-25 10:58:40.704 INFO: WeightedEnergyForcesNacsDipoleLoss(energy_weight=100.000, forces_weight=100.000, dipole_weight=1.000)
2025-09-25 10:58:40.705 INFO: Using gradient clipping with tolerance=10.000
2025-09-25 10:58:40.705 INFO: 
2025-09-25 10:58:40.705 INFO: ===========TRAINING===========
2025-09-25 10:58:40.705 INFO: Started training, reporting errors on validation set
2025-09-25 10:58:40.705 INFO: Loss metrics on validation set
2025-09-25 10:59:16.482 INFO: ===========VERIFYING SETTINGS===========
2025-09-25 10:59:16.482 INFO: MACE version: 0.3.6
2025-09-25 10:59:16.643 INFO: CUDA version: 12.4, CUDA device: 0
2025-09-25 10:59:16.666 INFO: 
2025-09-25 10:59:16.666 INFO: ===========LOADING INPUT DATA===========
2025-09-25 10:59:37.929 INFO: Using random 10% of training set for validation with indices saved in: ./valid_indices_123.txt
2025-09-25 10:59:37.940 INFO: Atomic Numbers used: [1, 6, 7, 8]
2025-09-25 10:59:37.940 INFO: Isolated Atomic Energies (E0s) not in training file, using command line argument
2025-09-25 10:59:37.940 INFO: Computing average Atomic Energies using least squares regression
2025-09-25 10:59:37.971 INFO: Atomic Energies used (z: eV): {1: -887.026872656073, 6: -725.7492594458778, 7: -80.63880660509754, 8: -241.91641981529267}
2025-09-25 10:59:39.745 INFO: 
2025-09-25 10:59:39.745 INFO: ===========MODEL DETAILS===========
2025-09-25 10:59:40.374 INFO: Average number of neighbors: 6.7
2025-09-25 10:59:40.374 INFO: During training the following quantities will be reported: energy, forces, dipoles, nacs
2025-09-25 10:59:40.892 INFO: Building model
2025-09-25 10:59:40.893 INFO: Message passing with 128 channels and max_L=1 (128x0e + 128x1o)
2025-09-25 10:59:40.893 INFO: 2 layers, each with correlation order: 3 (body order: 4) and spherical harmonics up to: l=3
2025-09-25 10:59:40.893 INFO: 8 radial and 5 basis functions
2025-09-25 10:59:40.893 INFO: Radial cutoff: 5.0 Å (total receptive field for each atom: 10.0 Å)
2025-09-25 10:59:40.893 INFO: Distance transform for radial basis functions: None
2025-09-25 10:59:41.704 INFO: Total number of parameters: 904064
2025-09-25 10:59:41.704 INFO: 
2025-09-25 10:59:41.704 INFO: ===========OPTIMIZER INFORMATION===========
2025-09-25 10:59:41.704 INFO: Using ADAM as parameter optimizer
2025-09-25 10:59:41.704 INFO: Batch size: 10
2025-09-25 10:59:41.704 INFO: Using Exponential Moving Average with decay: 0.99
2025-09-25 10:59:41.704 INFO: Number of gradient updates: 45000
2025-09-25 10:59:41.704 INFO: Learning rate: 0.001, weight decay: 5e-07
2025-09-25 10:59:41.704 INFO: WeightedEnergyForcesNacsDipoleLoss(energy_weight=100.000, forces_weight=100.000, dipole_weight=1.000)
2025-09-25 10:59:41.705 INFO: Using gradient clipping with tolerance=10.000
2025-09-25 10:59:41.705 INFO: 
2025-09-25 10:59:41.705 INFO: ===========TRAINING===========
2025-09-25 10:59:41.705 INFO: Started training, reporting errors on validation set
2025-09-25 10:59:41.705 INFO: Loss metrics on validation set
2025-10-22 08:32:58.888 INFO: ===========VERIFYING SETTINGS===========
2025-10-22 08:32:58.888 INFO: MACE version: 0.3.6
2025-10-22 08:32:59.055 INFO: CUDA version: 12.4, CUDA device: 0
2025-10-22 08:32:59.077 INFO: 
2025-10-22 08:32:59.077 INFO: ===========LOADING INPUT DATA===========
2025-10-22 08:32:59.519 INFO: Using random 10% of training set for validation with indices saved in: ./valid_indices_123.txt
2025-10-22 08:32:59.519 INFO: Atomic Numbers used: [1, 6, 7, 8]
2025-10-22 08:32:59.520 INFO: Isolated Atomic Energies (E0s) not in training file, using command line argument
2025-10-22 08:32:59.520 INFO: Computing average Atomic Energies using least squares regression
2025-10-22 08:32:59.524 INFO: Atomic Energies used (z: eV): {1: -887.1094175756843, 6: -725.8167961982872, 7: -80.64631068869856, 8: -241.9389320660957}
2025-10-22 08:32:59.547 INFO: 
2025-10-22 08:32:59.547 INFO: ===========MODEL DETAILS===========
2025-10-22 08:32:59.666 INFO: Average number of neighbors: 6.4
2025-10-22 08:32:59.667 INFO: During training the following quantities will be reported: energy, forces, dipoles, nacs
2025-10-22 08:32:59.678 INFO: Building model
2025-10-22 08:32:59.678 INFO: Message passing with 128 channels and max_L=1 (128x0e + 128x1o)
2025-10-22 08:32:59.678 INFO: 2 layers, each with correlation order: 3 (body order: 4) and spherical harmonics up to: l=3
2025-10-22 08:32:59.678 INFO: 8 radial and 5 basis functions
2025-10-22 08:32:59.678 INFO: Radial cutoff: 5.0 Å (total receptive field for each atom: 10.0 Å)
2025-10-22 08:32:59.678 INFO: Distance transform for radial basis functions: None
2025-10-22 08:33:00.494 INFO: Total number of parameters: 1111936
2025-10-22 08:33:00.494 INFO: 
2025-10-22 08:33:00.494 INFO: ===========OPTIMIZER INFORMATION===========
2025-10-22 08:33:00.494 INFO: Using ADAM as parameter optimizer
2025-10-22 08:33:00.494 INFO: Batch size: 10
2025-10-22 08:33:00.494 INFO: Using Exponential Moving Average with decay: 0.99
2025-10-22 08:33:00.494 INFO: Number of gradient updates: 900
2025-10-22 08:33:00.494 INFO: Learning rate: 0.001, weight decay: 5e-07
2025-10-22 08:33:00.494 INFO: WeightedEnergyForcesNacsDipoleLoss(energy_weight=100.000, forces_weight=100.000, dipole_weight=1.000)
2025-10-22 08:33:00.495 INFO: Using gradient clipping with tolerance=10.000
2025-10-22 08:33:00.495 INFO: 
2025-10-22 08:33:00.495 INFO: ===========TRAINING===========
2025-10-22 08:33:00.495 INFO: Started training, reporting errors on validation set
2025-10-22 08:33:00.495 INFO: Loss metrics on validation set
2025-10-22 08:34:15.286 INFO: ===========VERIFYING SETTINGS===========
2025-10-22 08:34:15.286 INFO: MACE version: 0.3.6
2025-10-22 08:34:15.315 INFO: CUDA version: 12.4, CUDA device: 0
2025-10-22 08:34:15.337 INFO: 
2025-10-22 08:34:15.337 INFO: ===========LOADING INPUT DATA===========
2025-10-22 08:34:15.779 INFO: Using random 10% of training set for validation with indices saved in: ./valid_indices_123.txt
2025-10-22 08:34:15.779 INFO: Atomic Numbers used: [1, 6, 7, 8]
2025-10-22 08:34:15.779 INFO: Isolated Atomic Energies (E0s) not in training file, using command line argument
2025-10-22 08:34:15.779 INFO: Computing average Atomic Energies using least squares regression
2025-10-22 08:34:15.782 INFO: Atomic Energies used (z: eV): {1: -887.1094175756843, 6: -725.8167961982872, 7: -80.64631068869856, 8: -241.9389320660957}
2025-10-22 08:34:15.805 INFO: 
2025-10-22 08:34:15.805 INFO: ===========MODEL DETAILS===========
2025-10-22 08:34:15.926 INFO: Average number of neighbors: 6.4
2025-10-22 08:34:15.926 INFO: During training the following quantities will be reported: energy, forces, dipoles, nacs
2025-10-22 08:34:15.938 INFO: Building model
2025-10-22 08:34:15.938 INFO: Message passing with 128 channels and max_L=1 (128x0e + 128x1o)
2025-10-22 08:34:15.938 INFO: 2 layers, each with correlation order: 3 (body order: 4) and spherical harmonics up to: l=3
2025-10-22 08:34:15.938 INFO: 8 radial and 5 basis functions
2025-10-22 08:34:15.938 INFO: Radial cutoff: 5.0 Å (total receptive field for each atom: 10.0 Å)
2025-10-22 08:34:15.938 INFO: Distance transform for radial basis functions: None
2025-10-22 08:34:16.740 INFO: Total number of parameters: 904064
2025-10-22 08:34:16.740 INFO: 
2025-10-22 08:34:16.740 INFO: ===========OPTIMIZER INFORMATION===========
2025-10-22 08:34:16.740 INFO: Using ADAM as parameter optimizer
2025-10-22 08:34:16.740 INFO: Batch size: 10
2025-10-22 08:34:16.740 INFO: Using Exponential Moving Average with decay: 0.99
2025-10-22 08:34:16.740 INFO: Number of gradient updates: 900
2025-10-22 08:34:16.740 INFO: Learning rate: 0.001, weight decay: 5e-07
2025-10-22 08:34:16.741 INFO: WeightedEnergyForcesNacsDipoleLoss(energy_weight=100.000, forces_weight=100.000, dipole_weight=1.000)
2025-10-22 08:34:16.741 INFO: Using gradient clipping with tolerance=10.000
2025-10-22 08:34:16.741 INFO: 
2025-10-22 08:34:16.741 INFO: ===========TRAINING===========
2025-10-22 08:34:16.741 INFO: Started training, reporting errors on validation set
2025-10-22 08:34:16.741 INFO: Loss metrics on validation set
2025-10-22 08:37:49.814 INFO: ===========VERIFYING SETTINGS===========
2025-10-22 08:37:49.814 INFO: MACE version: 0.3.6
2025-10-22 08:37:49.842 INFO: CUDA version: 12.4, CUDA device: 0
2025-10-22 08:37:49.864 INFO: 
2025-10-22 08:37:49.864 INFO: ===========LOADING INPUT DATA===========
2025-10-22 08:37:50.306 INFO: Using random 10% of training set for validation with indices saved in: ./valid_indices_123.txt
2025-10-22 08:37:50.307 INFO: Atomic Numbers used: [1, 6, 7, 8]
2025-10-22 08:37:50.307 INFO: Isolated Atomic Energies (E0s) not in training file, using command line argument
2025-10-22 08:37:50.307 INFO: Computing average Atomic Energies using least squares regression
2025-10-22 08:37:50.310 INFO: Atomic Energies used (z: eV): {1: -887.1094175756843, 6: -725.8167961982872, 7: -80.64631068869856, 8: -241.9389320660957}
2025-10-22 08:37:50.333 INFO: 
2025-10-22 08:37:50.333 INFO: ===========MODEL DETAILS===========
2025-10-22 08:37:50.461 INFO: Average number of neighbors: 6.4
2025-10-22 08:37:50.461 INFO: During training the following quantities will be reported: energy, forces, dipoles, nacs
2025-10-22 08:37:50.472 INFO: Building model
2025-10-22 08:37:50.472 INFO: Message passing with 128 channels and max_L=1 (128x0e + 128x1o)
2025-10-22 08:37:50.472 INFO: 2 layers, each with correlation order: 3 (body order: 4) and spherical harmonics up to: l=3
2025-10-22 08:37:50.472 INFO: 8 radial and 5 basis functions
2025-10-22 08:37:50.472 INFO: Radial cutoff: 5.0 Å (total receptive field for each atom: 10.0 Å)
2025-10-22 08:37:50.472 INFO: Distance transform for radial basis functions: None
2025-10-22 08:38:09.133 INFO: ===========VERIFYING SETTINGS===========
2025-10-22 08:38:09.133 INFO: MACE version: 0.3.6
2025-10-22 08:38:09.161 INFO: CUDA version: 12.4, CUDA device: 0
2025-10-22 08:38:09.183 INFO: 
2025-10-22 08:38:09.183 INFO: ===========LOADING INPUT DATA===========
2025-10-22 08:38:09.625 INFO: Using random 10% of training set for validation with indices saved in: ./valid_indices_123.txt
2025-10-22 08:38:09.625 INFO: Atomic Numbers used: [1, 6, 7, 8]
2025-10-22 08:38:09.625 INFO: Isolated Atomic Energies (E0s) not in training file, using command line argument
2025-10-22 08:38:09.625 INFO: Computing average Atomic Energies using least squares regression
2025-10-22 08:38:09.628 INFO: Atomic Energies used (z: eV): {1: -887.1094175756843, 6: -725.8167961982872, 7: -80.64631068869856, 8: -241.9389320660957}
2025-10-22 08:38:09.652 INFO: 
2025-10-22 08:38:09.652 INFO: ===========MODEL DETAILS===========
2025-10-22 08:38:09.784 INFO: Average number of neighbors: 6.4
2025-10-22 08:38:09.784 INFO: During training the following quantities will be reported: energy, forces, dipoles, nacs
2025-10-22 08:38:09.795 INFO: Building model
2025-10-22 08:38:09.795 INFO: Message passing with 128 channels and max_L=1 (128x0e + 128x1o)
2025-10-22 08:38:09.795 INFO: 2 layers, each with correlation order: 3 (body order: 4) and spherical harmonics up to: l=3
2025-10-22 08:38:09.795 INFO: 8 radial and 5 basis functions
2025-10-22 08:38:09.795 INFO: Radial cutoff: 5.0 Å (total receptive field for each atom: 10.0 Å)
2025-10-22 08:38:09.795 INFO: Distance transform for radial basis functions: None
2025-10-22 08:38:17.727 INFO: ===========VERIFYING SETTINGS===========
2025-10-22 08:38:17.727 INFO: MACE version: 0.3.6
2025-10-22 08:38:17.755 INFO: CUDA version: 12.4, CUDA device: 0
2025-10-22 08:38:17.777 INFO: 
2025-10-22 08:38:17.777 INFO: ===========LOADING INPUT DATA===========
2025-10-22 08:38:18.219 INFO: Using random 10% of training set for validation with indices saved in: ./valid_indices_123.txt
2025-10-22 08:38:18.220 INFO: Atomic Numbers used: [1, 6, 7, 8]
2025-10-22 08:38:18.220 INFO: Isolated Atomic Energies (E0s) not in training file, using command line argument
2025-10-22 08:38:18.220 INFO: Computing average Atomic Energies using least squares regression
2025-10-22 08:38:18.223 INFO: Atomic Energies used (z: eV): {1: -887.1094175756843, 6: -725.8167961982872, 7: -80.64631068869856, 8: -241.9389320660957}
2025-10-22 08:38:18.246 INFO: 
2025-10-22 08:38:18.246 INFO: ===========MODEL DETAILS===========
2025-10-22 08:38:18.387 INFO: Average number of neighbors: 6.4
2025-10-22 08:38:18.387 INFO: During training the following quantities will be reported: energy, forces, dipoles, nacs
2025-10-22 08:38:18.398 INFO: Building model
2025-10-22 08:38:18.398 INFO: Message passing with 128 channels and max_L=1 (128x0e + 128x1o)
2025-10-22 08:38:18.398 INFO: 2 layers, each with correlation order: 3 (body order: 4) and spherical harmonics up to: l=3
2025-10-22 08:38:18.398 INFO: 8 radial and 5 basis functions
2025-10-22 08:38:18.398 INFO: Radial cutoff: 5.0 Å (total receptive field for each atom: 10.0 Å)
2025-10-22 08:38:18.398 INFO: Distance transform for radial basis functions: None
2025-10-22 08:39:21.980 INFO: ===========VERIFYING SETTINGS===========
2025-10-22 08:39:21.980 INFO: MACE version: 0.3.6
2025-10-22 08:39:22.009 INFO: CUDA version: 12.4, CUDA device: 0
2025-10-22 08:39:22.031 INFO: 
2025-10-22 08:39:22.031 INFO: ===========LOADING INPUT DATA===========
2025-10-22 08:39:22.474 INFO: Using random 10% of training set for validation with indices saved in: ./valid_indices_123.txt
2025-10-22 08:39:22.475 INFO: Atomic Numbers used: [1, 6, 7, 8]
2025-10-22 08:39:22.475 INFO: Isolated Atomic Energies (E0s) not in training file, using command line argument
2025-10-22 08:39:22.475 INFO: Computing average Atomic Energies using least squares regression
2025-10-22 08:39:22.478 INFO: Atomic Energies used (z: eV): {1: -887.1094175756843, 6: -725.8167961982872, 7: -80.64631068869856, 8: -241.9389320660957}
2025-10-22 08:39:22.502 INFO: 
2025-10-22 08:39:22.502 INFO: ===========MODEL DETAILS===========
2025-10-22 08:39:22.647 INFO: Average number of neighbors: 6.4
2025-10-22 08:39:22.647 INFO: During training the following quantities will be reported: energy, forces, dipoles, nacs
2025-10-22 08:39:22.658 INFO: Building model
2025-10-22 08:39:22.659 INFO: Message passing with 128 channels and max_L=1 (128x0e + 128x1o)
2025-10-22 08:39:22.659 INFO: 2 layers, each with correlation order: 3 (body order: 4) and spherical harmonics up to: l=3
2025-10-22 08:39:22.659 INFO: 8 radial and 5 basis functions
2025-10-22 08:39:22.659 INFO: Radial cutoff: 5.0 Å (total receptive field for each atom: 10.0 Å)
2025-10-22 08:39:22.659 INFO: Distance transform for radial basis functions: None
2025-10-22 08:51:12.052 INFO: ===========VERIFYING SETTINGS===========
2025-10-22 08:51:12.053 INFO: MACE version: 0.3.6
2025-10-22 08:51:12.081 INFO: CUDA version: 12.4, CUDA device: 0
2025-10-22 08:51:12.103 INFO: 
2025-10-22 08:51:12.104 INFO: ===========LOADING INPUT DATA===========
2025-10-22 08:51:12.545 INFO: Using random 10% of training set for validation with indices saved in: ./valid_indices_123.txt
2025-10-22 08:51:12.545 INFO: Atomic Numbers used: [1, 6, 7, 8]
2025-10-22 08:51:12.545 INFO: Isolated Atomic Energies (E0s) not in training file, using command line argument
2025-10-22 08:51:12.546 INFO: Computing average Atomic Energies using least squares regression
2025-10-22 08:51:12.549 INFO: Atomic Energies used (z: eV): {1: -887.1094175756843, 6: -725.8167961982872, 7: -80.64631068869856, 8: -241.9389320660957}
2025-10-22 08:51:12.572 INFO: 
2025-10-22 08:51:12.572 INFO: ===========MODEL DETAILS===========
2025-10-22 08:51:12.726 INFO: Average number of neighbors: 6.4
2025-10-22 08:51:12.727 INFO: During training the following quantities will be reported: energy, forces, dipoles, nacs
2025-10-22 08:51:12.738 INFO: Building model
2025-10-22 08:51:12.738 INFO: Message passing with 128 channels and max_L=1 (128x0e + 128x1o)
2025-10-22 08:51:12.738 INFO: 2 layers, each with correlation order: 3 (body order: 4) and spherical harmonics up to: l=3
2025-10-22 08:51:12.738 INFO: 8 radial and 5 basis functions
2025-10-22 08:51:12.738 INFO: Radial cutoff: 5.0 Å (total receptive field for each atom: 10.0 Å)
2025-10-22 08:51:12.738 INFO: Distance transform for radial basis functions: None
2025-10-22 08:51:13.471 INFO: Total number of parameters: 877696
2025-10-22 08:51:13.471 INFO: 
2025-10-22 08:51:13.471 INFO: ===========OPTIMIZER INFORMATION===========
2025-10-22 08:51:13.471 INFO: Using ADAM as parameter optimizer
2025-10-22 08:51:13.471 INFO: Batch size: 10
2025-10-22 08:51:13.471 INFO: Using Exponential Moving Average with decay: 0.99
2025-10-22 08:51:13.471 INFO: Number of gradient updates: 900
2025-10-22 08:51:13.471 INFO: Learning rate: 0.001, weight decay: 5e-07
2025-10-22 08:51:13.471 INFO: WeightedEnergyForcesNacsDipoleLoss(energy_weight=100.000, forces_weight=100.000, dipole_weight=1.000)
2025-10-22 08:51:13.472 INFO: Using gradient clipping with tolerance=10.000
2025-10-22 08:51:13.472 INFO: 
2025-10-22 08:51:13.472 INFO: ===========TRAINING===========
2025-10-22 08:51:13.472 INFO: Started training, reporting errors on validation set
2025-10-22 08:51:13.472 INFO: Loss metrics on validation set
2025-10-22 08:51:30.495 INFO: ===========VERIFYING SETTINGS===========
2025-10-22 08:51:30.495 INFO: MACE version: 0.3.6
2025-10-22 08:51:30.522 INFO: CUDA version: 12.4, CUDA device: 0
2025-10-22 08:51:30.544 INFO: 
2025-10-22 08:51:30.544 INFO: ===========LOADING INPUT DATA===========
2025-10-22 08:51:30.986 INFO: Using random 10% of training set for validation with indices saved in: ./valid_indices_123.txt
2025-10-22 08:51:30.987 INFO: Atomic Numbers used: [1, 6, 7, 8]
2025-10-22 08:51:30.987 INFO: Isolated Atomic Energies (E0s) not in training file, using command line argument
2025-10-22 08:51:30.987 INFO: Computing average Atomic Energies using least squares regression
2025-10-22 08:51:30.990 INFO: Atomic Energies used (z: eV): {1: -887.1094175756843, 6: -725.8167961982872, 7: -80.64631068869856, 8: -241.9389320660957}
2025-10-22 08:51:31.013 INFO: 
2025-10-22 08:51:31.013 INFO: ===========MODEL DETAILS===========
2025-10-22 08:51:31.148 INFO: Average number of neighbors: 6.4
2025-10-22 08:51:31.149 INFO: During training the following quantities will be reported: energy, forces, dipoles, nacs
2025-10-22 08:51:31.160 INFO: Building model
2025-10-22 08:51:31.160 INFO: Message passing with 128 channels and max_L=1 (128x0e + 128x1o)
2025-10-22 08:51:31.160 INFO: 2 layers, each with correlation order: 3 (body order: 4) and spherical harmonics up to: l=3
2025-10-22 08:51:31.160 INFO: 8 radial and 5 basis functions
2025-10-22 08:51:31.160 INFO: Radial cutoff: 5.0 Å (total receptive field for each atom: 10.0 Å)
2025-10-22 08:51:31.160 INFO: Distance transform for radial basis functions: None
2025-10-22 08:51:31.885 INFO: Total number of parameters: 887680
2025-10-22 08:51:31.885 INFO: 
2025-10-22 08:51:31.885 INFO: ===========OPTIMIZER INFORMATION===========
2025-10-22 08:51:31.885 INFO: Using ADAM as parameter optimizer
2025-10-22 08:51:31.885 INFO: Batch size: 10
2025-10-22 08:51:31.885 INFO: Using Exponential Moving Average with decay: 0.99
2025-10-22 08:51:31.885 INFO: Number of gradient updates: 900
2025-10-22 08:51:31.885 INFO: Learning rate: 0.001, weight decay: 5e-07
2025-10-22 08:51:31.885 INFO: WeightedEnergyForcesNacsDipoleLoss(energy_weight=100.000, forces_weight=100.000, dipole_weight=1.000)
2025-10-22 08:51:31.886 INFO: Using gradient clipping with tolerance=10.000
2025-10-22 08:51:31.886 INFO: 
2025-10-22 08:51:31.886 INFO: ===========TRAINING===========
2025-10-22 08:51:31.886 INFO: Started training, reporting errors on validation set
2025-10-22 08:51:31.886 INFO: Loss metrics on validation set
2025-10-22 08:51:37.565 INFO: ===========VERIFYING SETTINGS===========
2025-10-22 08:51:37.565 INFO: MACE version: 0.3.6
2025-10-22 08:51:37.593 INFO: CUDA version: 12.4, CUDA device: 0
2025-10-22 08:51:37.615 INFO: 
2025-10-22 08:51:37.615 INFO: ===========LOADING INPUT DATA===========
2025-10-22 08:51:38.057 INFO: Using random 10% of training set for validation with indices saved in: ./valid_indices_123.txt
2025-10-22 08:51:38.058 INFO: Atomic Numbers used: [1, 6, 7, 8]
2025-10-22 08:51:38.058 INFO: Isolated Atomic Energies (E0s) not in training file, using command line argument
2025-10-22 08:51:38.058 INFO: Computing average Atomic Energies using least squares regression
2025-10-22 08:51:38.061 INFO: Atomic Energies used (z: eV): {1: -887.1094175756843, 6: -725.8167961982872, 7: -80.64631068869856, 8: -241.9389320660957}
2025-10-22 08:51:38.084 INFO: 
2025-10-22 08:51:38.084 INFO: ===========MODEL DETAILS===========
2025-10-22 08:51:38.219 INFO: Average number of neighbors: 6.4
2025-10-22 08:51:38.220 INFO: During training the following quantities will be reported: energy, forces, dipoles, nacs
2025-10-22 08:51:38.231 INFO: Building model
2025-10-22 08:51:38.231 INFO: Message passing with 128 channels and max_L=1 (128x0e + 128x1o)
2025-10-22 08:51:38.231 INFO: 2 layers, each with correlation order: 3 (body order: 4) and spherical harmonics up to: l=3
2025-10-22 08:51:38.231 INFO: 8 radial and 5 basis functions
2025-10-22 08:51:38.231 INFO: Radial cutoff: 5.0 Å (total receptive field for each atom: 10.0 Å)
2025-10-22 08:51:38.231 INFO: Distance transform for radial basis functions: None
2025-10-22 08:51:39.032 INFO: Total number of parameters: 894080
2025-10-22 08:51:39.032 INFO: 
2025-10-22 08:51:39.032 INFO: ===========OPTIMIZER INFORMATION===========
2025-10-22 08:51:39.033 INFO: Using ADAM as parameter optimizer
2025-10-22 08:51:39.033 INFO: Batch size: 10
2025-10-22 08:51:39.033 INFO: Using Exponential Moving Average with decay: 0.99
2025-10-22 08:51:39.033 INFO: Number of gradient updates: 900
2025-10-22 08:51:39.033 INFO: Learning rate: 0.001, weight decay: 5e-07
2025-10-22 08:51:39.033 INFO: WeightedEnergyForcesNacsDipoleLoss(energy_weight=100.000, forces_weight=100.000, dipole_weight=1.000)
2025-10-22 08:51:39.034 INFO: Using gradient clipping with tolerance=10.000
2025-10-22 08:51:39.034 INFO: 
2025-10-22 08:51:39.034 INFO: ===========TRAINING===========
2025-10-22 08:51:39.034 INFO: Started training, reporting errors on validation set
2025-10-22 08:51:39.034 INFO: Loss metrics on validation set
2025-10-22 08:51:53.024 INFO: ===========VERIFYING SETTINGS===========
2025-10-22 08:51:53.025 INFO: MACE version: 0.3.6
2025-10-22 08:51:53.053 INFO: CUDA version: 12.4, CUDA device: 0
2025-10-22 08:51:53.076 INFO: 
2025-10-22 08:51:53.076 INFO: ===========LOADING INPUT DATA===========
2025-10-22 08:51:53.518 INFO: Using random 10% of training set for validation with indices saved in: ./valid_indices_123.txt
2025-10-22 08:51:53.519 INFO: Atomic Numbers used: [1, 6, 7, 8]
2025-10-22 08:51:53.519 INFO: Isolated Atomic Energies (E0s) not in training file, using command line argument
2025-10-22 08:51:53.519 INFO: Computing average Atomic Energies using least squares regression
2025-10-22 08:51:53.523 INFO: Atomic Energies used (z: eV): {1: -887.1094175756843, 6: -725.8167961982872, 7: -80.64631068869856, 8: -241.9389320660957}
2025-10-22 08:51:53.546 INFO: 
2025-10-22 08:51:53.546 INFO: ===========MODEL DETAILS===========
2025-10-22 08:51:53.681 INFO: Average number of neighbors: 6.4
2025-10-22 08:51:53.681 INFO: During training the following quantities will be reported: energy, forces, dipoles, nacs
2025-10-22 08:51:53.693 INFO: Building model
2025-10-22 08:51:53.693 INFO: Message passing with 128 channels and max_L=1 (128x0e + 128x1o)
2025-10-22 08:51:53.693 INFO: 2 layers, each with correlation order: 3 (body order: 4) and spherical harmonics up to: l=3
2025-10-22 08:51:53.693 INFO: 8 radial and 5 basis functions
2025-10-22 08:51:53.693 INFO: Radial cutoff: 5.0 Å (total receptive field for each atom: 10.0 Å)
2025-10-22 08:51:53.693 INFO: Distance transform for radial basis functions: None
2025-10-22 08:51:54.503 INFO: Total number of parameters: 904064
2025-10-22 08:51:54.503 INFO: 
2025-10-22 08:51:54.503 INFO: ===========OPTIMIZER INFORMATION===========
2025-10-22 08:51:54.503 INFO: Using ADAM as parameter optimizer
2025-10-22 08:51:54.503 INFO: Batch size: 10
2025-10-22 08:51:54.503 INFO: Using Exponential Moving Average with decay: 0.99
2025-10-22 08:51:54.503 INFO: Number of gradient updates: 900
2025-10-22 08:51:54.503 INFO: Learning rate: 0.001, weight decay: 5e-07
2025-10-22 08:51:54.503 INFO: WeightedEnergyForcesNacsDipoleLoss(energy_weight=100.000, forces_weight=100.000, dipole_weight=1.000)
2025-10-22 08:51:54.504 INFO: Using gradient clipping with tolerance=10.000
2025-10-22 08:51:54.504 INFO: 
2025-10-22 08:51:54.504 INFO: ===========TRAINING===========
2025-10-22 08:51:54.504 INFO: Started training, reporting errors on validation set
2025-10-22 08:51:54.504 INFO: Loss metrics on validation set
2025-10-22 08:52:14.643 INFO: ===========VERIFYING SETTINGS===========
2025-10-22 08:52:14.643 INFO: MACE version: 0.3.6
2025-10-22 08:52:14.671 INFO: CUDA version: 12.4, CUDA device: 0
2025-10-22 08:52:14.692 INFO: 
2025-10-22 08:52:14.692 INFO: ===========LOADING INPUT DATA===========
2025-10-22 08:52:15.134 INFO: Using random 10% of training set for validation with indices saved in: ./valid_indices_123.txt
2025-10-22 08:52:15.134 INFO: Atomic Numbers used: [1, 6, 7, 8]
2025-10-22 08:52:15.134 INFO: Isolated Atomic Energies (E0s) not in training file, using command line argument
2025-10-22 08:52:15.134 INFO: Computing average Atomic Energies using least squares regression
2025-10-22 08:52:15.137 INFO: Atomic Energies used (z: eV): {1: -887.1094175756843, 6: -725.8167961982872, 7: -80.64631068869856, 8: -241.9389320660957}
2025-10-22 08:52:15.161 INFO: 
2025-10-22 08:52:15.161 INFO: ===========MODEL DETAILS===========
2025-10-22 08:52:15.284 INFO: Average number of neighbors: 6.4
2025-10-22 08:52:15.284 INFO: During training the following quantities will be reported: energy, forces, dipoles, nacs
2025-10-22 08:52:15.295 INFO: Building model
2025-10-22 08:52:15.295 INFO: Message passing with 128 channels and max_L=1 (128x0e + 128x1o)
2025-10-22 08:52:15.296 INFO: 2 layers, each with correlation order: 3 (body order: 4) and spherical harmonics up to: l=3
2025-10-22 08:52:15.296 INFO: 8 radial and 5 basis functions
2025-10-22 08:52:15.296 INFO: Radial cutoff: 5.0 Å (total receptive field for each atom: 10.0 Å)
2025-10-22 08:52:15.296 INFO: Distance transform for radial basis functions: None
2025-10-22 08:52:16.096 INFO: Total number of parameters: 904064
2025-10-22 08:52:16.096 INFO: 
2025-10-22 08:52:16.096 INFO: ===========OPTIMIZER INFORMATION===========
2025-10-22 08:52:16.096 INFO: Using ADAM as parameter optimizer
2025-10-22 08:52:16.096 INFO: Batch size: 10
2025-10-22 08:52:16.096 INFO: Using Exponential Moving Average with decay: 0.99
2025-10-22 08:52:16.096 INFO: Number of gradient updates: 900
2025-10-22 08:52:16.096 INFO: Learning rate: 0.001, weight decay: 5e-07
2025-10-22 08:52:16.096 INFO: WeightedEnergyForcesNacsDipoleLoss(energy_weight=100.000, forces_weight=100.000, dipole_weight=1.000)
2025-10-22 08:52:16.097 INFO: Using gradient clipping with tolerance=10.000
2025-10-22 08:52:16.097 INFO: 
2025-10-22 08:52:16.097 INFO: ===========TRAINING===========
2025-10-22 08:52:16.097 INFO: Started training, reporting errors on validation set
2025-10-22 08:52:16.097 INFO: Loss metrics on validation set
2025-10-22 08:52:50.890 INFO: ===========VERIFYING SETTINGS===========
2025-10-22 08:52:50.890 INFO: MACE version: 0.3.6
2025-10-22 08:52:50.918 INFO: CUDA version: 12.4, CUDA device: 0
2025-10-22 08:52:50.940 INFO: 
2025-10-22 08:52:50.940 INFO: ===========LOADING INPUT DATA===========
2025-10-22 08:52:51.381 INFO: Using random 10% of training set for validation with indices saved in: ./valid_indices_123.txt
2025-10-22 08:52:51.382 INFO: Atomic Numbers used: [1, 6, 7, 8]
2025-10-22 08:52:51.382 INFO: Isolated Atomic Energies (E0s) not in training file, using command line argument
2025-10-22 08:52:51.382 INFO: Computing average Atomic Energies using least squares regression
2025-10-22 08:52:51.385 INFO: Atomic Energies used (z: eV): {1: -887.1094175756843, 6: -725.8167961982872, 7: -80.64631068869856, 8: -241.9389320660957}
2025-10-22 08:52:51.409 INFO: 
2025-10-22 08:52:51.409 INFO: ===========MODEL DETAILS===========
2025-10-22 08:52:51.534 INFO: Average number of neighbors: 6.4
2025-10-22 08:52:51.534 INFO: During training the following quantities will be reported: energy, forces, dipoles, nacs
2025-10-22 08:52:51.546 INFO: Building model
2025-10-22 08:52:51.546 INFO: Message passing with 128 channels and max_L=1 (128x0e + 128x1o)
2025-10-22 08:52:51.546 INFO: 2 layers, each with correlation order: 3 (body order: 4) and spherical harmonics up to: l=3
2025-10-22 08:52:51.546 INFO: 8 radial and 5 basis functions
2025-10-22 08:52:51.546 INFO: Radial cutoff: 5.0 Å (total receptive field for each atom: 10.0 Å)
2025-10-22 08:52:51.546 INFO: Distance transform for radial basis functions: None
2025-10-22 08:52:52.383 INFO: Total number of parameters: 904064
2025-10-22 08:52:52.383 INFO: 
2025-10-22 08:52:52.383 INFO: ===========OPTIMIZER INFORMATION===========
2025-10-22 08:52:52.383 INFO: Using ADAM as parameter optimizer
2025-10-22 08:52:52.383 INFO: Batch size: 10
2025-10-22 08:52:52.383 INFO: Using Exponential Moving Average with decay: 0.99
2025-10-22 08:52:52.383 INFO: Number of gradient updates: 9
2025-10-22 08:52:52.383 INFO: Learning rate: 0.001, weight decay: 5e-07
2025-10-22 08:52:52.383 INFO: WeightedEnergyForcesNacsDipoleLoss(energy_weight=100.000, forces_weight=100.000, dipole_weight=1.000)
2025-10-22 08:52:52.384 INFO: Using gradient clipping with tolerance=10.000
2025-10-22 08:52:52.384 INFO: 
2025-10-22 08:52:52.384 INFO: ===========TRAINING===========
2025-10-22 08:52:52.384 INFO: Started training, reporting errors on validation set
2025-10-22 08:52:52.384 INFO: Loss metrics on validation set
2025-10-22 08:53:02.292 INFO: Training complete
2025-10-22 08:53:02.292 INFO: 
2025-10-22 08:53:02.292 INFO: ===========RESULTS===========
2025-10-22 08:53:02.292 INFO: Computing metrics for training, validation, and test sets
2025-10-22 08:53:02.292 INFO: Loading checkpoint: ./checkpoints/tyrosine_run-123_epoch-9.pt
2025-10-22 08:53:25.217 INFO: ===========VERIFYING SETTINGS===========
2025-10-22 08:53:25.217 INFO: MACE version: 0.3.6
2025-10-22 08:53:25.245 INFO: CUDA version: 12.4, CUDA device: 0
2025-10-22 08:53:25.270 INFO: 
2025-10-22 08:53:25.270 INFO: ===========LOADING INPUT DATA===========
2025-10-22 08:53:25.714 INFO: Using random 10% of training set for validation with indices saved in: ./valid_indices_123.txt
2025-10-22 08:53:25.714 INFO: Atomic Numbers used: [1, 6, 7, 8]
2025-10-22 08:53:25.714 INFO: Isolated Atomic Energies (E0s) not in training file, using command line argument
2025-10-22 08:53:25.714 INFO: Computing average Atomic Energies using least squares regression
2025-10-22 08:53:25.718 INFO: Atomic Energies used (z: eV): {1: -887.1094175756843, 6: -725.8167961982872, 7: -80.64631068869856, 8: -241.9389320660957}
2025-10-22 08:53:25.741 INFO: 
2025-10-22 08:53:25.741 INFO: ===========MODEL DETAILS===========
2025-10-22 08:53:25.863 INFO: Average number of neighbors: 6.4
2025-10-22 08:53:25.863 INFO: During training the following quantities will be reported: energy, forces, dipoles, nacs
2025-10-22 08:53:25.874 INFO: Building model
2025-10-22 08:53:25.874 INFO: Message passing with 128 channels and max_L=1 (128x0e + 128x1o)
2025-10-22 08:53:25.874 INFO: 2 layers, each with correlation order: 3 (body order: 4) and spherical harmonics up to: l=3
2025-10-22 08:53:25.874 INFO: 8 radial and 5 basis functions
2025-10-22 08:53:25.874 INFO: Radial cutoff: 5.0 Å (total receptive field for each atom: 10.0 Å)
2025-10-22 08:53:25.874 INFO: Distance transform for radial basis functions: None
2025-10-22 08:53:26.676 INFO: Total number of parameters: 904064
2025-10-22 08:53:26.676 INFO: 
2025-10-22 08:53:26.676 INFO: ===========OPTIMIZER INFORMATION===========
2025-10-22 08:53:26.676 INFO: Using ADAM as parameter optimizer
2025-10-22 08:53:26.676 INFO: Batch size: 10
2025-10-22 08:53:26.676 INFO: Using Exponential Moving Average with decay: 0.99
2025-10-22 08:53:26.676 INFO: Number of gradient updates: 9
2025-10-22 08:53:26.676 INFO: Learning rate: 0.001, weight decay: 5e-07
2025-10-22 08:53:26.676 INFO: WeightedEnergyForcesNacsDipoleLoss(energy_weight=100.000, forces_weight=100.000, dipole_weight=1.000)
2025-10-22 08:53:26.677 INFO: Using gradient clipping with tolerance=10.000
2025-10-22 08:53:26.677 INFO: 
2025-10-22 08:53:26.677 INFO: ===========TRAINING===========
2025-10-22 08:53:26.677 INFO: Started training, reporting errors on validation set
2025-10-22 08:53:26.677 INFO: Loss metrics on validation set
2025-10-22 08:53:36.577 INFO: Training complete
2025-10-22 08:53:36.577 INFO: 
2025-10-22 08:53:36.577 INFO: ===========RESULTS===========
2025-10-22 08:53:36.577 INFO: Computing metrics for training, validation, and test sets
2025-10-22 08:53:36.578 INFO: Loading checkpoint: ./checkpoints/tyrosine_run-123_epoch-9.pt
2025-10-22 08:53:49.726 INFO: ===========VERIFYING SETTINGS===========
2025-10-22 08:53:49.726 INFO: MACE version: 0.3.6
2025-10-22 08:53:49.754 INFO: CUDA version: 12.4, CUDA device: 0
2025-10-22 08:53:49.776 INFO: 
2025-10-22 08:53:49.776 INFO: ===========LOADING INPUT DATA===========
2025-10-22 08:53:50.220 INFO: Using random 10% of training set for validation with indices saved in: ./valid_indices_123.txt
2025-10-22 08:53:50.220 INFO: Atomic Numbers used: [1, 6, 7, 8]
2025-10-22 08:53:50.220 INFO: Isolated Atomic Energies (E0s) not in training file, using command line argument
2025-10-22 08:53:50.220 INFO: Computing average Atomic Energies using least squares regression
2025-10-22 08:53:50.223 INFO: Atomic Energies used (z: eV): {1: -887.1094175756843, 6: -725.8167961982872, 7: -80.64631068869856, 8: -241.9389320660957}
2025-10-22 08:53:50.246 INFO: 
2025-10-22 08:53:50.246 INFO: ===========MODEL DETAILS===========
2025-10-22 08:53:50.370 INFO: Average number of neighbors: 6.4
2025-10-22 08:53:50.370 INFO: During training the following quantities will be reported: energy, forces, dipoles, nacs
2025-10-22 08:53:50.381 INFO: Building model
2025-10-22 08:53:50.381 INFO: Message passing with 128 channels and max_L=1 (128x0e + 128x1o)
2025-10-22 08:53:50.381 INFO: 2 layers, each with correlation order: 3 (body order: 4) and spherical harmonics up to: l=3
2025-10-22 08:53:50.381 INFO: 8 radial and 5 basis functions
2025-10-22 08:53:50.381 INFO: Radial cutoff: 5.0 Å (total receptive field for each atom: 10.0 Å)
2025-10-22 08:53:50.381 INFO: Distance transform for radial basis functions: None
2025-10-22 08:53:51.201 INFO: Total number of parameters: 1111936
2025-10-22 08:53:51.201 INFO: 
2025-10-22 08:53:51.201 INFO: ===========OPTIMIZER INFORMATION===========
2025-10-22 08:53:51.201 INFO: Using ADAM as parameter optimizer
2025-10-22 08:53:51.201 INFO: Batch size: 10
2025-10-22 08:53:51.201 INFO: Using Exponential Moving Average with decay: 0.99
2025-10-22 08:53:51.201 INFO: Number of gradient updates: 9
2025-10-22 08:53:51.201 INFO: Learning rate: 0.001, weight decay: 5e-07
2025-10-22 08:53:51.201 INFO: WeightedEnergyForcesNacsDipoleLoss(energy_weight=100.000, forces_weight=100.000, dipole_weight=1.000)
2025-10-22 08:53:51.202 INFO: Using gradient clipping with tolerance=10.000
2025-10-22 08:53:51.202 INFO: 
2025-10-22 08:53:51.202 INFO: ===========TRAINING===========
2025-10-22 08:53:51.202 INFO: Started training, reporting errors on validation set
2025-10-22 08:53:51.202 INFO: Loss metrics on validation set
2025-10-22 08:55:33.141 INFO: ===========VERIFYING SETTINGS===========
2025-10-22 08:55:33.141 INFO: MACE version: 0.3.6
2025-10-22 08:55:33.169 INFO: CUDA version: 12.4, CUDA device: 0
2025-10-22 08:55:33.191 INFO: 
2025-10-22 08:55:33.191 INFO: ===========LOADING INPUT DATA===========
2025-10-22 08:55:33.633 INFO: Using random 10% of training set for validation with indices saved in: ./valid_indices_123.txt
2025-10-22 08:55:33.633 INFO: Atomic Numbers used: [1, 6, 7, 8]
2025-10-22 08:55:33.633 INFO: Isolated Atomic Energies (E0s) not in training file, using command line argument
2025-10-22 08:55:33.633 INFO: Computing average Atomic Energies using least squares regression
2025-10-22 08:55:33.636 INFO: Atomic Energies used (z: eV): {1: -887.1094175756843, 6: -725.8167961982872, 7: -80.64631068869856, 8: -241.9389320660957}
2025-10-22 08:55:33.659 INFO: 
2025-10-22 08:55:33.659 INFO: ===========MODEL DETAILS===========
2025-10-22 08:55:33.782 INFO: Average number of neighbors: 6.4
2025-10-22 08:55:33.782 INFO: During training the following quantities will be reported: energy, forces, dipoles, nacs
2025-10-22 08:55:33.793 INFO: Building model
2025-10-22 08:55:33.793 INFO: Message passing with 128 channels and max_L=1 (128x0e + 128x1o)
2025-10-22 08:55:33.793 INFO: 2 layers, each with correlation order: 3 (body order: 4) and spherical harmonics up to: l=3
2025-10-22 08:55:33.793 INFO: 8 radial and 5 basis functions
2025-10-22 08:55:33.793 INFO: Radial cutoff: 5.0 Å (total receptive field for each atom: 10.0 Å)
2025-10-22 08:55:33.793 INFO: Distance transform for radial basis functions: None
2025-10-22 08:55:34.612 INFO: Total number of parameters: 1111936
2025-10-22 08:55:34.612 INFO: 
2025-10-22 08:55:34.612 INFO: ===========OPTIMIZER INFORMATION===========
2025-10-22 08:55:34.612 INFO: Using ADAM as parameter optimizer
2025-10-22 08:55:34.612 INFO: Batch size: 10
2025-10-22 08:55:34.612 INFO: Using Exponential Moving Average with decay: 0.99
2025-10-22 08:55:34.612 INFO: Number of gradient updates: 9
2025-10-22 08:55:34.612 INFO: Learning rate: 0.001, weight decay: 5e-07
2025-10-22 08:55:34.612 INFO: WeightedEnergyForcesNacsDipoleLoss(energy_weight=100.000, forces_weight=100.000, dipole_weight=1.000)
2025-10-22 08:55:34.613 INFO: Using gradient clipping with tolerance=10.000
2025-10-22 08:55:34.613 INFO: 
2025-10-22 08:55:34.613 INFO: ===========TRAINING===========
2025-10-22 08:55:34.613 INFO: Started training, reporting errors on validation set
2025-10-22 08:55:34.613 INFO: Loss metrics on validation set
2025-10-22 09:05:53.738 INFO: ===========VERIFYING SETTINGS===========
2025-10-22 09:05:53.738 INFO: MACE version: 0.3.6
2025-10-22 09:05:53.766 INFO: CUDA version: 12.4, CUDA device: 0
2025-10-22 09:05:53.788 INFO: 
2025-10-22 09:05:53.788 INFO: ===========LOADING INPUT DATA===========
2025-10-22 09:05:54.230 INFO: Using random 10% of training set for validation with indices saved in: ./valid_indices_123.txt
2025-10-22 09:05:54.230 INFO: Atomic Numbers used: [1, 6, 7, 8]
2025-10-22 09:05:54.230 INFO: Isolated Atomic Energies (E0s) not in training file, using command line argument
2025-10-22 09:05:54.230 INFO: Computing average Atomic Energies using least squares regression
2025-10-22 09:05:54.233 INFO: Atomic Energies used (z: eV): {1: -887.1094175756843, 6: -725.8167961982872, 7: -80.64631068869856, 8: -241.9389320660957}
2025-10-22 09:05:54.257 INFO: 
2025-10-22 09:05:54.257 INFO: ===========MODEL DETAILS===========
2025-10-22 09:05:54.380 INFO: Average number of neighbors: 6.4
2025-10-22 09:05:54.380 INFO: During training the following quantities will be reported: energy, forces, dipoles, nacs
2025-10-22 09:05:54.391 INFO: Building model
2025-10-22 09:05:54.391 INFO: Message passing with 128 channels and max_L=1 (128x0e + 128x1o)
2025-10-22 09:05:54.391 INFO: 2 layers, each with correlation order: 3 (body order: 4) and spherical harmonics up to: l=3
2025-10-22 09:05:54.391 INFO: 8 radial and 5 basis functions
2025-10-22 09:05:54.391 INFO: Radial cutoff: 5.0 Å (total receptive field for each atom: 10.0 Å)
2025-10-22 09:05:54.391 INFO: Distance transform for radial basis functions: None
2025-10-22 09:05:55.190 INFO: Total number of parameters: 904064
2025-10-22 09:05:55.191 INFO: 
2025-10-22 09:05:55.191 INFO: ===========OPTIMIZER INFORMATION===========
2025-10-22 09:05:55.191 INFO: Using ADAM as parameter optimizer
2025-10-22 09:05:55.191 INFO: Batch size: 10
2025-10-22 09:05:55.191 INFO: Using Exponential Moving Average with decay: 0.99
2025-10-22 09:05:55.191 INFO: Number of gradient updates: 9
2025-10-22 09:05:55.191 INFO: Learning rate: 0.001, weight decay: 5e-07
2025-10-22 09:05:55.191 INFO: WeightedEnergyForcesNacsDipoleLoss(energy_weight=100.000, forces_weight=100.000, dipole_weight=1.000)
2025-10-22 09:05:55.192 INFO: Using gradient clipping with tolerance=10.000
2025-10-22 09:05:55.192 INFO: 
2025-10-22 09:05:55.192 INFO: ===========TRAINING===========
2025-10-22 09:05:55.192 INFO: Started training, reporting errors on validation set
2025-10-22 09:05:55.192 INFO: Loss metrics on validation set
2025-10-22 09:07:30.728 INFO: ===========VERIFYING SETTINGS===========
2025-10-22 09:07:30.728 INFO: MACE version: 0.3.6
2025-10-22 09:07:30.887 INFO: CUDA version: 12.4, CUDA device: 0
2025-10-22 09:07:30.909 INFO: 
2025-10-22 09:07:30.909 INFO: ===========LOADING INPUT DATA===========
2025-10-22 09:07:31.353 INFO: Using random 10% of training set for validation with indices saved in: ./valid_indices_123.txt
2025-10-22 09:07:31.353 INFO: Atomic Numbers used: [1, 6, 7, 8]
2025-10-22 09:07:31.353 INFO: Isolated Atomic Energies (E0s) not in training file, using command line argument
2025-10-22 09:07:31.353 INFO: Computing average Atomic Energies using least squares regression
2025-10-22 09:07:31.357 INFO: Atomic Energies used (z: eV): {1: -887.1094175756843, 6: -725.8167961982872, 7: -80.64631068869856, 8: -241.9389320660957}
2025-10-22 09:07:31.380 INFO: 
2025-10-22 09:07:31.381 INFO: ===========MODEL DETAILS===========
2025-10-22 09:07:31.500 INFO: Average number of neighbors: 6.4
2025-10-22 09:07:31.500 INFO: During training the following quantities will be reported: energy, forces, dipoles, nacs
2025-10-22 09:07:31.511 INFO: Building model
2025-10-22 09:07:31.511 INFO: Message passing with 128 channels and max_L=1 (128x0e + 128x1o)
2025-10-22 09:07:31.511 INFO: 2 layers, each with correlation order: 3 (body order: 4) and spherical harmonics up to: l=3
2025-10-22 09:07:31.511 INFO: 8 radial and 5 basis functions
2025-10-22 09:07:31.512 INFO: Radial cutoff: 5.0 Å (total receptive field for each atom: 10.0 Å)
2025-10-22 09:07:31.512 INFO: Distance transform for radial basis functions: None
2025-10-22 09:07:32.243 INFO: Total number of parameters: 877696
2025-10-22 09:07:32.243 INFO: 
2025-10-22 09:07:32.243 INFO: ===========OPTIMIZER INFORMATION===========
2025-10-22 09:07:32.243 INFO: Using ADAM as parameter optimizer
2025-10-22 09:07:32.243 INFO: Batch size: 10
2025-10-22 09:07:32.244 INFO: Using Exponential Moving Average with decay: 0.99
2025-10-22 09:07:32.244 INFO: Number of gradient updates: 9
2025-10-22 09:07:32.244 INFO: Learning rate: 0.001, weight decay: 5e-07
2025-10-22 09:07:32.244 INFO: WeightedEnergyForcesNacsDipoleLoss(energy_weight=100.000, forces_weight=100.000, dipole_weight=1.000)
2025-10-22 09:07:32.244 INFO: Using gradient clipping with tolerance=10.000
2025-10-22 09:07:32.244 INFO: 
2025-10-22 09:07:32.244 INFO: ===========TRAINING===========
2025-10-22 09:07:32.245 INFO: Started training, reporting errors on validation set
2025-10-22 09:07:32.245 INFO: Loss metrics on validation set
2025-10-22 09:08:09.984 INFO: ===========VERIFYING SETTINGS===========
2025-10-22 09:08:09.984 INFO: MACE version: 0.3.6
2025-10-22 09:08:10.156 INFO: CUDA version: 12.4, CUDA device: 0
2025-10-22 09:08:10.178 INFO: 
2025-10-22 09:08:10.178 INFO: ===========LOADING INPUT DATA===========
2025-10-22 09:08:10.621 INFO: Using random 10% of training set for validation with indices saved in: ./valid_indices_123.txt
2025-10-22 09:08:10.622 INFO: Atomic Numbers used: [1, 6, 7, 8]
2025-10-22 09:08:10.622 INFO: Isolated Atomic Energies (E0s) not in training file, using command line argument
2025-10-22 09:08:10.622 INFO: Computing average Atomic Energies using least squares regression
2025-10-22 09:08:10.625 INFO: Atomic Energies used (z: eV): {1: -887.1094175756843, 6: -725.8167961982872, 7: -80.64631068869856, 8: -241.9389320660957}
2025-10-22 09:08:10.649 INFO: 
2025-10-22 09:08:10.649 INFO: ===========MODEL DETAILS===========
2025-10-22 09:08:10.768 INFO: Average number of neighbors: 6.4
2025-10-22 09:08:10.768 INFO: During training the following quantities will be reported: energy, forces, dipoles, nacs
2025-10-22 09:08:10.779 INFO: Building model
2025-10-22 09:08:10.779 INFO: Message passing with 128 channels and max_L=1 (128x0e + 128x1o)
2025-10-22 09:08:10.779 INFO: 2 layers, each with correlation order: 3 (body order: 4) and spherical harmonics up to: l=3
2025-10-22 09:08:10.779 INFO: 8 radial and 5 basis functions
2025-10-22 09:08:10.779 INFO: Radial cutoff: 5.0 Å (total receptive field for each atom: 10.0 Å)
2025-10-22 09:08:10.779 INFO: Distance transform for radial basis functions: None
2025-10-22 09:08:11.509 INFO: Total number of parameters: 877696
2025-10-22 09:08:11.509 INFO: 
2025-10-22 09:08:11.509 INFO: ===========OPTIMIZER INFORMATION===========
2025-10-22 09:08:11.509 INFO: Using ADAM as parameter optimizer
2025-10-22 09:08:11.509 INFO: Batch size: 10
2025-10-22 09:08:11.509 INFO: Using Exponential Moving Average with decay: 0.99
2025-10-22 09:08:11.509 INFO: Number of gradient updates: 9
2025-10-22 09:08:11.509 INFO: Learning rate: 0.001, weight decay: 5e-07
2025-10-22 09:08:11.509 INFO: WeightedEnergyForcesNacsDipoleLoss(energy_weight=100.000, forces_weight=100.000, dipole_weight=1.000)
2025-10-22 09:08:11.510 INFO: Using gradient clipping with tolerance=10.000
2025-10-22 09:08:11.510 INFO: 
2025-10-22 09:08:11.510 INFO: ===========TRAINING===========
2025-10-22 09:08:11.510 INFO: Started training, reporting errors on validation set
2025-10-22 09:08:11.510 INFO: Loss metrics on validation set
2025-10-22 09:08:58.347 INFO: ===========VERIFYING SETTINGS===========
2025-10-22 09:08:58.347 INFO: MACE version: 0.3.6
2025-10-22 09:08:58.507 INFO: CUDA version: 12.4, CUDA device: 0
2025-10-22 09:08:58.530 INFO: 
2025-10-22 09:08:58.530 INFO: ===========LOADING INPUT DATA===========
2025-10-22 09:08:58.972 INFO: Using random 10% of training set for validation with indices saved in: ./valid_indices_123.txt
2025-10-22 09:08:58.972 INFO: Atomic Numbers used: [1, 6, 7, 8]
2025-10-22 09:08:58.972 INFO: Isolated Atomic Energies (E0s) not in training file, using command line argument
2025-10-22 09:08:58.972 INFO: Computing average Atomic Energies using least squares regression
2025-10-22 09:08:58.975 INFO: Atomic Energies used (z: eV): {1: -887.1094175756843, 6: -725.8167961982872, 7: -80.64631068869856, 8: -241.9389320660957}
2025-10-22 09:08:58.998 INFO: 
2025-10-22 09:08:58.998 INFO: ===========MODEL DETAILS===========
2025-10-22 09:08:59.117 INFO: Average number of neighbors: 6.4
2025-10-22 09:08:59.117 INFO: During training the following quantities will be reported: energy, forces, dipoles, nacs
2025-10-22 09:08:59.128 INFO: Building model
2025-10-22 09:08:59.128 INFO: Message passing with 128 channels and max_L=1 (128x0e + 128x1o)
2025-10-22 09:08:59.128 INFO: 2 layers, each with correlation order: 3 (body order: 4) and spherical harmonics up to: l=3
2025-10-22 09:08:59.128 INFO: 8 radial and 5 basis functions
2025-10-22 09:08:59.128 INFO: Radial cutoff: 5.0 Å (total receptive field for each atom: 10.0 Å)
2025-10-22 09:08:59.128 INFO: Distance transform for radial basis functions: None
2025-10-22 09:08:59.858 INFO: Total number of parameters: 877696
2025-10-22 09:08:59.858 INFO: 
2025-10-22 09:08:59.858 INFO: ===========OPTIMIZER INFORMATION===========
2025-10-22 09:08:59.858 INFO: Using ADAM as parameter optimizer
2025-10-22 09:08:59.858 INFO: Batch size: 10
2025-10-22 09:08:59.858 INFO: Using Exponential Moving Average with decay: 0.99
2025-10-22 09:08:59.858 INFO: Number of gradient updates: 9
2025-10-22 09:08:59.858 INFO: Learning rate: 0.001, weight decay: 5e-07
2025-10-22 09:08:59.858 INFO: WeightedEnergyForcesNacsDipoleLoss(energy_weight=100.000, forces_weight=100.000, dipole_weight=1.000)
2025-10-22 09:08:59.859 INFO: Using gradient clipping with tolerance=10.000
2025-10-22 09:08:59.859 INFO: 
2025-10-22 09:08:59.859 INFO: ===========TRAINING===========
2025-10-22 09:08:59.859 INFO: Started training, reporting errors on validation set
2025-10-22 09:08:59.859 INFO: Loss metrics on validation set
2025-10-22 09:10:03.937 INFO: ===========VERIFYING SETTINGS===========
2025-10-22 09:10:03.938 INFO: MACE version: 0.3.6
2025-10-22 09:10:04.103 INFO: CUDA version: 12.4, CUDA device: 0
2025-10-22 09:10:04.126 INFO: 
2025-10-22 09:10:04.126 INFO: ===========LOADING INPUT DATA===========
2025-10-22 09:10:04.568 INFO: Using random 10% of training set for validation with indices saved in: ./valid_indices_123.txt
2025-10-22 09:10:04.568 INFO: Atomic Numbers used: [1, 6, 7, 8]
2025-10-22 09:10:04.568 INFO: Isolated Atomic Energies (E0s) not in training file, using command line argument
2025-10-22 09:10:04.568 INFO: Computing average Atomic Energies using least squares regression
2025-10-22 09:10:04.571 INFO: Atomic Energies used (z: eV): {1: -887.1094175756843, 6: -725.8167961982872, 7: -80.64631068869856, 8: -241.9389320660957}
2025-10-22 09:10:04.598 INFO: 
2025-10-22 09:10:04.598 INFO: ===========MODEL DETAILS===========
2025-10-22 09:10:04.717 INFO: Average number of neighbors: 6.4
2025-10-22 09:10:04.717 INFO: During training the following quantities will be reported: energy, forces, dipoles, nacs
2025-10-22 09:10:04.728 INFO: Building model
2025-10-22 09:10:04.728 INFO: Message passing with 128 channels and max_L=1 (128x0e + 128x1o)
2025-10-22 09:10:04.728 INFO: 2 layers, each with correlation order: 3 (body order: 4) and spherical harmonics up to: l=3
2025-10-22 09:10:04.728 INFO: 8 radial and 5 basis functions
2025-10-22 09:10:04.728 INFO: Radial cutoff: 5.0 Å (total receptive field for each atom: 10.0 Å)
2025-10-22 09:10:04.728 INFO: Distance transform for radial basis functions: None
2025-10-22 09:10:05.461 INFO: Total number of parameters: 877696
2025-10-22 09:10:05.461 INFO: 
2025-10-22 09:10:05.461 INFO: ===========OPTIMIZER INFORMATION===========
2025-10-22 09:10:05.461 INFO: Using ADAM as parameter optimizer
2025-10-22 09:10:05.461 INFO: Batch size: 10
2025-10-22 09:10:05.461 INFO: Using Exponential Moving Average with decay: 0.99
2025-10-22 09:10:05.461 INFO: Number of gradient updates: 9
2025-10-22 09:10:05.461 INFO: Learning rate: 0.001, weight decay: 5e-07
2025-10-22 09:10:05.461 INFO: WeightedEnergyForcesNacsDipoleLoss(energy_weight=100.000, forces_weight=100.000, dipole_weight=1.000)
2025-10-22 09:10:05.462 INFO: Using gradient clipping with tolerance=10.000
2025-10-22 09:10:05.462 INFO: 
2025-10-22 09:10:05.462 INFO: ===========TRAINING===========
2025-10-22 09:10:05.462 INFO: Started training, reporting errors on validation set
2025-10-22 09:10:05.462 INFO: Loss metrics on validation set
2025-10-22 09:11:38.590 INFO: ===========VERIFYING SETTINGS===========
2025-10-22 09:11:38.590 INFO: MACE version: 0.3.6
2025-10-22 09:11:38.752 INFO: CUDA version: 12.4, CUDA device: 0
2025-10-22 09:11:38.774 INFO: 
2025-10-22 09:11:38.774 INFO: ===========LOADING INPUT DATA===========
2025-10-22 09:11:39.218 INFO: Using random 10% of training set for validation with indices saved in: ./valid_indices_123.txt
2025-10-22 09:11:39.218 INFO: Atomic Numbers used: [1, 6, 7, 8]
2025-10-22 09:11:39.218 INFO: Isolated Atomic Energies (E0s) not in training file, using command line argument
2025-10-22 09:11:39.218 INFO: Computing average Atomic Energies using least squares regression
2025-10-22 09:11:39.221 INFO: Atomic Energies used (z: eV): {1: -887.1094175756843, 6: -725.8167961982872, 7: -80.64631068869856, 8: -241.9389320660957}
2025-10-22 09:11:39.248 INFO: 
2025-10-22 09:11:39.248 INFO: ===========MODEL DETAILS===========
2025-10-22 09:11:39.369 INFO: Average number of neighbors: 6.4
2025-10-22 09:11:39.369 INFO: During training the following quantities will be reported: energy, forces, dipoles, nacs
2025-10-22 09:11:39.380 INFO: Building model
2025-10-22 09:11:39.380 INFO: Message passing with 128 channels and max_L=1 (128x0e + 128x1o)
2025-10-22 09:11:39.380 INFO: 2 layers, each with correlation order: 3 (body order: 4) and spherical harmonics up to: l=3
2025-10-22 09:11:39.380 INFO: 8 radial and 5 basis functions
2025-10-22 09:11:39.380 INFO: Radial cutoff: 5.0 Å (total receptive field for each atom: 10.0 Å)
2025-10-22 09:11:39.380 INFO: Distance transform for radial basis functions: None
2025-10-22 09:11:40.115 INFO: Total number of parameters: 877696
2025-10-22 09:11:40.115 INFO: 
2025-10-22 09:11:40.115 INFO: ===========OPTIMIZER INFORMATION===========
2025-10-22 09:11:40.116 INFO: Using ADAM as parameter optimizer
2025-10-22 09:11:40.116 INFO: Batch size: 10
2025-10-22 09:11:40.116 INFO: Using Exponential Moving Average with decay: 0.99
2025-10-22 09:11:40.116 INFO: Number of gradient updates: 9
2025-10-22 09:11:40.116 INFO: Learning rate: 0.001, weight decay: 5e-07
2025-10-22 09:11:40.116 INFO: WeightedEnergyForcesNacsDipoleLoss(energy_weight=100.000, forces_weight=100.000, dipole_weight=1.000)
2025-10-22 09:11:40.116 INFO: Using gradient clipping with tolerance=10.000
2025-10-22 09:11:40.117 INFO: 
2025-10-22 09:11:40.117 INFO: ===========TRAINING===========
2025-10-22 09:11:40.117 INFO: Started training, reporting errors on validation set
2025-10-22 09:11:40.117 INFO: Loss metrics on validation set
2025-10-22 09:12:05.383 INFO: ===========VERIFYING SETTINGS===========
2025-10-22 09:12:05.383 INFO: MACE version: 0.3.6
2025-10-22 09:12:05.548 INFO: CUDA version: 12.4, CUDA device: 0
2025-10-22 09:12:05.570 INFO: 
2025-10-22 09:12:05.570 INFO: ===========LOADING INPUT DATA===========
2025-10-22 09:12:06.011 INFO: Using random 10% of training set for validation with indices saved in: ./valid_indices_123.txt
2025-10-22 09:12:06.012 INFO: Atomic Numbers used: [1, 6, 7, 8]
2025-10-22 09:12:06.012 INFO: Isolated Atomic Energies (E0s) not in training file, using command line argument
2025-10-22 09:12:06.012 INFO: Computing average Atomic Energies using least squares regression
2025-10-22 09:12:06.015 INFO: Atomic Energies used (z: eV): {1: -887.1094175756843, 6: -725.8167961982872, 7: -80.64631068869856, 8: -241.9389320660957}
2025-10-22 09:12:06.038 INFO: 
2025-10-22 09:12:06.038 INFO: ===========MODEL DETAILS===========
2025-10-22 09:12:06.156 INFO: Average number of neighbors: 6.4
2025-10-22 09:12:06.156 INFO: During training the following quantities will be reported: energy, forces, dipoles, nacs
2025-10-22 09:12:06.167 INFO: Building model
2025-10-22 09:12:06.167 INFO: Message passing with 128 channels and max_L=1 (128x0e + 128x1o)
2025-10-22 09:12:06.167 INFO: 2 layers, each with correlation order: 3 (body order: 4) and spherical harmonics up to: l=3
2025-10-22 09:12:06.167 INFO: 8 radial and 5 basis functions
2025-10-22 09:12:06.167 INFO: Radial cutoff: 5.0 Å (total receptive field for each atom: 10.0 Å)
2025-10-22 09:12:06.167 INFO: Distance transform for radial basis functions: None
2025-10-22 09:12:06.898 INFO: Total number of parameters: 877696
2025-10-22 09:12:06.898 INFO: 
2025-10-22 09:12:06.898 INFO: ===========OPTIMIZER INFORMATION===========
2025-10-22 09:12:06.898 INFO: Using ADAM as parameter optimizer
2025-10-22 09:12:06.898 INFO: Batch size: 10
2025-10-22 09:12:06.898 INFO: Using Exponential Moving Average with decay: 0.99
2025-10-22 09:12:06.898 INFO: Number of gradient updates: 9
2025-10-22 09:12:06.898 INFO: Learning rate: 0.001, weight decay: 5e-07
2025-10-22 09:12:06.898 INFO: WeightedEnergyForcesNacsDipoleLoss(energy_weight=100.000, forces_weight=100.000, dipole_weight=1.000)
2025-10-22 09:12:06.899 INFO: Using gradient clipping with tolerance=10.000
2025-10-22 09:12:06.899 INFO: 
2025-10-22 09:12:06.899 INFO: ===========TRAINING===========
2025-10-22 09:12:06.899 INFO: Started training, reporting errors on validation set
2025-10-22 09:12:06.899 INFO: Loss metrics on validation set
2025-10-22 09:13:25.994 INFO: ===========VERIFYING SETTINGS===========
2025-10-22 09:13:25.994 INFO: MACE version: 0.3.6
2025-10-22 09:13:26.155 INFO: CUDA version: 12.4, CUDA device: 0
2025-10-22 09:13:26.177 INFO: 
2025-10-22 09:13:26.177 INFO: ===========LOADING INPUT DATA===========
2025-10-22 09:13:26.618 INFO: Using random 10% of training set for validation with indices saved in: ./valid_indices_123.txt
2025-10-22 09:13:26.618 INFO: Atomic Numbers used: [1, 6, 7, 8]
2025-10-22 09:13:26.619 INFO: Isolated Atomic Energies (E0s) not in training file, using command line argument
2025-10-22 09:13:26.619 INFO: Computing average Atomic Energies using least squares regression
2025-10-22 09:13:26.622 INFO: Atomic Energies used (z: eV): {1: -887.1094175756843, 6: -725.8167961982872, 7: -80.64631068869856, 8: -241.9389320660957}
2025-10-22 09:13:26.646 INFO: 
2025-10-22 09:13:26.646 INFO: ===========MODEL DETAILS===========
2025-10-22 09:13:26.766 INFO: Average number of neighbors: 6.4
2025-10-22 09:13:26.766 INFO: During training the following quantities will be reported: energy, forces, dipoles, nacs
2025-10-22 09:13:26.777 INFO: Building model
2025-10-22 09:13:26.777 INFO: Message passing with 128 channels and max_L=1 (128x0e + 128x1o)
2025-10-22 09:13:26.778 INFO: 2 layers, each with correlation order: 3 (body order: 4) and spherical harmonics up to: l=3
2025-10-22 09:13:26.778 INFO: 8 radial and 5 basis functions
2025-10-22 09:13:26.778 INFO: Radial cutoff: 5.0 Å (total receptive field for each atom: 10.0 Å)
2025-10-22 09:13:26.778 INFO: Distance transform for radial basis functions: None
2025-10-22 09:13:27.506 INFO: Total number of parameters: 877696
2025-10-22 09:13:27.506 INFO: 
2025-10-22 09:13:27.506 INFO: ===========OPTIMIZER INFORMATION===========
2025-10-22 09:13:27.506 INFO: Using ADAM as parameter optimizer
2025-10-22 09:13:27.506 INFO: Batch size: 10
2025-10-22 09:13:27.506 INFO: Using Exponential Moving Average with decay: 0.99
2025-10-22 09:13:27.506 INFO: Number of gradient updates: 9
2025-10-22 09:13:27.506 INFO: Learning rate: 0.001, weight decay: 5e-07
2025-10-22 09:13:27.506 INFO: WeightedEnergyForcesNacsDipoleLoss(energy_weight=100.000, forces_weight=100.000, dipole_weight=1.000)
2025-10-22 09:13:27.507 INFO: Using gradient clipping with tolerance=10.000
2025-10-22 09:13:27.507 INFO: 
2025-10-22 09:13:27.507 INFO: ===========TRAINING===========
2025-10-22 09:13:27.507 INFO: Started training, reporting errors on validation set
2025-10-22 09:13:27.507 INFO: Loss metrics on validation set
2025-10-22 09:14:59.018 INFO: ===========VERIFYING SETTINGS===========
2025-10-22 09:14:59.018 INFO: MACE version: 0.3.6
2025-10-22 09:14:59.180 INFO: CUDA version: 12.4, CUDA device: 0
2025-10-22 09:14:59.202 INFO: 
2025-10-22 09:14:59.202 INFO: ===========LOADING INPUT DATA===========
2025-10-22 09:15:29.918 INFO: ===========VERIFYING SETTINGS===========
2025-10-22 09:15:29.918 INFO: MACE version: 0.3.6
2025-10-22 09:15:29.954 INFO: CUDA version: 12.4, CUDA device: 0
2025-10-22 09:15:29.976 INFO: 
2025-10-22 09:15:29.976 INFO: ===========LOADING INPUT DATA===========
2025-10-22 09:15:30.420 INFO: Using random 10% of training set for validation with indices saved in: ./valid_indices_123.txt
2025-10-22 09:15:30.421 INFO: Atomic Numbers used: [1, 6, 7, 8]
2025-10-22 09:15:30.421 INFO: Isolated Atomic Energies (E0s) not in training file, using command line argument
2025-10-22 09:15:30.421 INFO: Computing average Atomic Energies using least squares regression
2025-10-22 09:15:30.423 INFO: Atomic Energies used (z: eV): {1: -887.1094175756843, 6: -725.8167961982872, 7: -80.64631068869856, 8: -241.9389320660957}
2025-10-22 09:15:30.447 INFO: 
2025-10-22 09:15:30.447 INFO: ===========MODEL DETAILS===========
2025-10-22 09:15:30.569 INFO: Average number of neighbors: 6.4
2025-10-22 09:15:30.569 INFO: During training the following quantities will be reported: energy, forces, dipoles, nacs
2025-10-22 09:15:30.581 INFO: Building model
2025-10-22 09:15:30.581 INFO: Message passing with 128 channels and max_L=1 (128x0e + 128x1o)
2025-10-22 09:15:30.581 INFO: 2 layers, each with correlation order: 3 (body order: 4) and spherical harmonics up to: l=3
2025-10-22 09:15:30.581 INFO: 8 radial and 5 basis functions
2025-10-22 09:15:30.581 INFO: Radial cutoff: 5.0 Å (total receptive field for each atom: 10.0 Å)
2025-10-22 09:15:30.581 INFO: Distance transform for radial basis functions: None
2025-10-22 09:15:31.324 INFO: Total number of parameters: 877696
2025-10-22 09:15:31.324 INFO: 
2025-10-22 09:15:31.324 INFO: ===========OPTIMIZER INFORMATION===========
2025-10-22 09:15:31.324 INFO: Using ADAM as parameter optimizer
2025-10-22 09:15:31.325 INFO: Batch size: 10
2025-10-22 09:15:31.325 INFO: Using Exponential Moving Average with decay: 0.99
2025-10-22 09:15:31.325 INFO: Number of gradient updates: 9
2025-10-22 09:15:31.325 INFO: Learning rate: 0.001, weight decay: 5e-07
2025-10-22 09:15:31.325 INFO: WeightedEnergyForcesNacsDipoleLoss(energy_weight=100.000, forces_weight=100.000, dipole_weight=1.000)
2025-10-22 09:15:31.325 INFO: Using gradient clipping with tolerance=10.000
2025-10-22 09:15:31.325 INFO: 
2025-10-22 09:15:31.325 INFO: ===========TRAINING===========
2025-10-22 09:15:31.325 INFO: Started training, reporting errors on validation set
2025-10-22 09:15:31.326 INFO: Loss metrics on validation set
2025-10-22 09:15:37.814 INFO: Training complete
2025-10-22 09:15:37.814 INFO: 
2025-10-22 09:15:37.814 INFO: ===========RESULTS===========
2025-10-22 09:15:37.814 INFO: Computing metrics for training, validation, and test sets
2025-10-22 09:15:37.815 INFO: Loading checkpoint: ./checkpoints/tyrosine_run-123_epoch-9.pt
2025-10-22 09:15:59.029 INFO: ===========VERIFYING SETTINGS===========
2025-10-22 09:15:59.029 INFO: MACE version: 0.3.6
2025-10-22 09:15:59.071 INFO: CUDA version: 12.4, CUDA device: 0
2025-10-22 09:15:59.093 INFO: 
2025-10-22 09:15:59.094 INFO: ===========LOADING INPUT DATA===========
2025-10-22 09:15:59.535 INFO: Using random 10% of training set for validation with indices saved in: ./valid_indices_123.txt
2025-10-22 09:15:59.535 INFO: Atomic Numbers used: [1, 6, 7, 8]
2025-10-22 09:15:59.535 INFO: Isolated Atomic Energies (E0s) not in training file, using command line argument
2025-10-22 09:15:59.535 INFO: Computing average Atomic Energies using least squares regression
2025-10-22 09:15:59.538 INFO: Atomic Energies used (z: eV): {1: -887.1094175756843, 6: -725.8167961982872, 7: -80.64631068869856, 8: -241.9389320660957}
2025-10-22 09:15:59.562 INFO: 
2025-10-22 09:15:59.562 INFO: ===========MODEL DETAILS===========
2025-10-22 09:15:59.682 INFO: Average number of neighbors: 6.4
2025-10-22 09:15:59.682 INFO: During training the following quantities will be reported: energy, forces, dipoles, nacs
2025-10-22 09:15:59.693 INFO: Building model
2025-10-22 09:15:59.693 INFO: Message passing with 128 channels and max_L=1 (128x0e + 128x1o)
2025-10-22 09:15:59.694 INFO: 2 layers, each with correlation order: 3 (body order: 4) and spherical harmonics up to: l=3
2025-10-22 09:15:59.694 INFO: 8 radial and 5 basis functions
2025-10-22 09:15:59.694 INFO: Radial cutoff: 5.0 Å (total receptive field for each atom: 10.0 Å)
2025-10-22 09:15:59.694 INFO: Distance transform for radial basis functions: None
2025-10-22 09:16:00.423 INFO: Total number of parameters: 877696
2025-10-22 09:16:00.423 INFO: 
2025-10-22 09:16:00.423 INFO: ===========OPTIMIZER INFORMATION===========
2025-10-22 09:16:00.423 INFO: Using ADAM as parameter optimizer
2025-10-22 09:16:00.423 INFO: Batch size: 10
2025-10-22 09:16:00.423 INFO: Using Exponential Moving Average with decay: 0.99
2025-10-22 09:16:00.423 INFO: Number of gradient updates: 9
2025-10-22 09:16:00.423 INFO: Learning rate: 0.001, weight decay: 5e-07
2025-10-22 09:16:00.423 INFO: WeightedEnergyForcesNacsDipoleLoss(energy_weight=100.000, forces_weight=100.000, dipole_weight=1.000)
2025-10-22 09:16:00.424 INFO: Using gradient clipping with tolerance=10.000
2025-10-22 09:16:00.424 INFO: 
2025-10-22 09:16:00.424 INFO: ===========TRAINING===========
2025-10-22 09:16:00.424 INFO: Started training, reporting errors on validation set
2025-10-22 09:16:00.424 INFO: Loss metrics on validation set
2025-10-22 09:16:06.872 INFO: Training complete
2025-10-22 09:16:06.872 INFO: 
2025-10-22 09:16:06.872 INFO: ===========RESULTS===========
2025-10-22 09:16:06.872 INFO: Computing metrics for training, validation, and test sets
2025-10-22 09:16:06.872 INFO: Loading checkpoint: ./checkpoints/tyrosine_run-123_epoch-0.pt
2025-10-22 09:16:06.888 INFO: Loaded Stage one model from epoch 0 for evaluation
2025-10-22 09:16:06.888 INFO: Saving model to checkpoints/tyrosine_run-123.model
2025-10-22 09:16:06.941 INFO: Compiling model, saving metadata to tyrosine_compiled.model
2025-10-22 09:16:07.302 INFO: Done
